frequency_hz,snr_db,repeat_id,seed,reference_arrival_sample,reference_arrival_ms,common_reference_arrival_sample,aic_pick_sample,aic_signed_error_samples,aic_error_samples,aic_signed_error_ms,aic_error_ms,aic_success,noise_type,noise_source_id,noise_start_sample
100,-10.0,0,130883009,213,213.0,213,396.0,183.0,183.0,183.0,183.0,True,WGN,-1,-1
100,-10.0,1,2848563235,213,213.0,213,416.0,203.0,203.0,203.0,203.0,True,WGN,-1,-1
100,-10.0,2,3136500927,213,213.0,213,5.0,-208.0,208.0,-208.00000000000003,208.00000000000003,True,WGN,-1,-1
100,-10.0,3,1826782195,213,213.0,213,229.0,16.0,16.0,16.0,16.0,True,WGN,-1,-1
100,-10.0,4,664763852,213,213.0,213,280.0,67.0,67.0,67.0,67.0,True,WGN,-1,-1
100,-10.0,5,2415822091,213,213.0,213,447.0,234.0,234.0,234.0,234.0,True,WGN,-1,-1
100,-10.0,6,1456147836,213,213.0,213,272.0,59.0,59.0,59.00000000000001,59.00000000000001,True,WGN,-1,-1
100,-10.0,7,3470723315,213,213.0,213,38.0,-175.0,175.0,-175.00000000000003,175.00000000000003,True,WGN,-1,-1
100,-10.0,8,615595807,213,213.0,213,109.0,-104.0,104.0,-104.00000000000001,104.00000000000001,True,WGN,-1,-1
100,-10.0,9,3126019678,213,213.0,213,241.0,28.0,28.0,28.0,28.0,True,WGN,-1,-1
100,-10.0,10,4003367977,213,213.0,213,447.0,234.0,234.0,234.0,234.0,True,WGN,-1,-1
100,-10.0,11,2366640082,213,213.0,213,128.0,-85.0,85.0,-85.0,85.0,True,WGN,-1,-1
100,-10.0,12,2038635433,213,213.0,213,430.0,217.0,217.0,217.0,217.0,True,WGN,-1,-1
100,-10.0,13,3249556868,213,213.0,213,233.0,20.0,20.0,20.0,20.0,True,WGN,-1,-1
100,-10.0,14,3295871950,213,213.0,213,230.0,17.0,17.0,17.0,17.0,True,WGN,-1,-1
100,-10.0,15,1297074382,213,213.0,213,203.0,-10.0,10.0,-10.0,10.0,True,WGN,-1,-1
100,-10.0,16,3215563385,213,213.0,213,16.0,-197.0,197.0,-197.0,197.0,True,WGN,-1,-1
100,-10.0,17,1307110349,213,213.0,213,2.0,-211.0,211.0,-211.0,211.0,True,WGN,-1,-1
100,-10.0,18,610128799,213,213.0,213,27.0,-186.0,186.0,-186.0,186.0,True,WGN,-1,-1
100,-10.0,19,264955535,213,213.0,213,415.0,202.0,202.0,202.0,202.0,True,WGN,-1,-1
100,-10.0,20,1585617531,213,213.0,213,215.0,2.0,2.0,2.0,2.0,True,WGN,-1,-1
100,-10.0,21,3523706142,213,213.0,213,112.0,-101.0,101.0,-101.0,101.0,True,WGN,-1,-1
100,-10.0,22,3021360988,213,213.0,213,2.0,-211.0,211.0,-211.0,211.0,True,WGN,-1,-1
100,-10.0,23,2605615079,213,213.0,213,2.0,-211.0,211.0,-211.0,211.0,True,WGN,-1,-1
100,-10.0,24,1117262687,213,213.0,213,258.0,45.0,45.0,45.0,45.0,True,WGN,-1,-1
100,-10.0,25,1982082693,213,213.0,213,431.0,218.0,218.0,218.0,218.0,True,WGN,-1,-1
100,-10.0,26,725104754,213,213.0,213,25.0,-188.0,188.0,-188.0,188.0,True,WGN,-1,-1
100,-10.0,27,2017918315,213,213.0,213,2.0,-211.0,211.0,-211.0,211.0,True,WGN,-1,-1
100,-10.0,28,2512306136,213,213.0,213,231.0,18.0,18.0,18.000000000000004,18.000000000000004,True,WGN,-1,-1
100,-10.0,29,3734087972,213,213.0,213,425.0,212.0,212.0,212.0,212.0,True,WGN,-1,-1
100,-10.0,30,2031677799,213,213.0,213,112.0,-101.0,101.0,-101.0,101.0,True,WGN,-1,-1
100,-10.0,31,1529033994,213,213.0,213,268.0,55.0,55.0,55.0,55.0,True,WGN,-1,-1
100,-10.0,32,1054904213,213,213.0,213,96.0,-117.0,117.0,-117.0,117.0,True,WGN,-1,-1
100,-10.0,33,3770052635,213,213.0,213,445.0,232.0,232.0,232.0,232.0,True,WGN,-1,-1
100,-10.0,34,3304252083,213,213.0,213,227.0,14.0,14.0,14.0,14.0,True,WGN,-1,-1
100,-10.0,35,3000241809,213,213.0,213,26.0,-187.0,187.0,-187.0,187.0,True,WGN,-1,-1
100,-10.0,36,439964667,213,213.0,213,237.0,24.0,24.0,24.0,24.0,True,WGN,-1,-1
100,-10.0,37,8738977,213,213.0,213,18.0,-195.0,195.0,-195.0,195.0,True,WGN,-1,-1
100,-10.0,38,395446981,213,213.0,213,446.0,233.0,233.0,233.0,233.0,True,WGN,-1,-1
100,-10.0,39,1178773752,213,213.0,213,2.0,-211.0,211.0,-211.0,211.0,True,WGN,-1,-1
100,-10.0,40,3152229494,213,213.0,213,440.0,227.0,227.0,227.0,227.0,True,WGN,-1,-1
100,-10.0,41,3821989113,213,213.0,213,232.0,19.0,19.0,19.0,19.0,True,WGN,-1,-1
100,-10.0,42,2918812666,213,213.0,213,8.0,-205.0,205.0,-205.00000000000003,205.00000000000003,True,WGN,-1,-1
100,-10.0,43,3414978100,213,213.0,213,224.0,11.0,11.0,11.0,11.0,True,WGN,-1,-1
100,-10.0,44,210888858,213,213.0,213,6.0,-207.0,207.0,-207.00000000000003,207.00000000000003,True,WGN,-1,-1
100,-10.0,45,774945823,213,213.0,213,61.0,-152.0,152.0,-152.0,152.0,True,WGN,-1,-1
100,-10.0,46,2812292110,213,213.0,213,79.0,-134.0,134.0,-134.0,134.0,True,WGN,-1,-1
100,-10.0,47,1331285179,213,213.0,213,242.0,29.0,29.0,29.0,29.0,True,WGN,-1,-1
100,-10.0,48,2041249878,213,213.0,213,76.0,-137.0,137.0,-137.0,137.0,True,WGN,-1,-1
100,-10.0,49,3999033554,213,213.0,213,11.0,-202.0,202.0,-202.0,202.0,True,WGN,-1,-1
100,-10.0,50,1313789035,213,213.0,213,178.0,-35.0,35.0,-35.0,35.0,True,WGN,-1,-1
100,-10.0,51,1482074987,213,213.0,213,278.0,65.0,65.0,65.0,65.0,True,WGN,-1,-1
100,-10.0,52,143048269,213,213.0,213,443.0,230.0,230.0,230.0,230.0,True,WGN,-1,-1
100,-10.0,53,1066684088,213,213.0,213,415.0,202.0,202.0,202.0,202.0,True,WGN,-1,-1
100,-10.0,54,3100572967,213,213.0,213,2.0,-211.0,211.0,-211.0,211.0,True,WGN,-1,-1
100,-10.0,55,1746997072,213,213.0,213,203.0,-10.0,10.0,-10.0,10.0,True,WGN,-1,-1
100,-10.0,56,3597157218,213,213.0,213,432.0,219.0,219.0,219.0,219.0,True,WGN,-1,-1
100,-10.0,57,1418217191,213,213.0,213,6.0,-207.0,207.0,-207.00000000000003,207.00000000000003,True,WGN,-1,-1
100,-10.0,58,3821503720,213,213.0,213,58.0,-155.0,155.0,-155.0,155.0,True,WGN,-1,-1
100,-10.0,59,3737741894,213,213.0,213,3.0,-210.0,210.0,-210.0,210.0,True,WGN,-1,-1
100,-10.0,60,765798204,213,213.0,213,4.0,-209.0,209.0,-209.0,209.0,True,WGN,-1,-1
100,-10.0,61,2828013663,213,213.0,213,446.0,233.0,233.0,233.0,233.0,True,WGN,-1,-1
100,-10.0,62,3723051137,213,213.0,213,193.0,-20.0,20.0,-20.0,20.0,True,WGN,-1,-1
100,-10.0,63,2647062579,213,213.0,213,360.0,147.0,147.0,147.0,147.0,True,WGN,-1,-1
100,-10.0,64,2326735196,213,213.0,213,276.0,63.0,63.0,63.0,63.0,True,WGN,-1,-1
100,-10.0,65,2281912710,213,213.0,213,442.0,229.0,229.0,229.0,229.0,True,WGN,-1,-1
100,-10.0,66,3616425042,213,213.0,213,123.0,-90.0,90.0,-90.0,90.0,True,WGN,-1,-1
100,-10.0,67,3850661378,213,213.0,213,446.0,233.0,233.0,233.0,233.0,True,WGN,-1,-1
100,-10.0,68,486693484,213,213.0,213,54.0,-159.0,159.0,-159.0,159.0,True,WGN,-1,-1
100,-10.0,69,3378628463,213,213.0,213,202.0,-11.0,11.0,-11.0,11.0,True,WGN,-1,-1
100,-10.0,70,3087754340,213,213.0,213,211.0,-2.0,2.0,-2.0,2.0,True,WGN,-1,-1
100,-10.0,71,2765805392,213,213.0,213,197.0,-16.0,16.0,-16.0,16.0,True,WGN,-1,-1
100,-10.0,72,2256829030,213,213.0,213,176.0,-37.0,37.0,-37.0,37.0,True,WGN,-1,-1
100,-10.0,73,2051966371,213,213.0,213,35.0,-178.0,178.0,-178.0,178.0,True,WGN,-1,-1
100,-10.0,74,3454165393,213,213.0,213,2.0,-211.0,211.0,-211.0,211.0,True,WGN,-1,-1
100,-10.0,75,380484544,213,213.0,213,16.0,-197.0,197.0,-197.0,197.0,True,WGN,-1,-1
100,-10.0,76,3534593648,213,213.0,213,259.0,46.0,46.0,46.0,46.0,True,WGN,-1,-1
100,-10.0,77,4013433817,213,213.0,213,6.0,-207.0,207.0,-207.00000000000003,207.00000000000003,True,WGN,-1,-1
100,-10.0,78,2813003284,213,213.0,213,209.0,-4.0,4.0,-4.0,4.0,True,WGN,-1,-1
100,-10.0,79,1750226781,213,213.0,213,298.0,85.0,85.0,85.0,85.0,True,WGN,-1,-1
100,-10.0,80,3067354628,213,213.0,213,17.0,-196.0,196.0,-196.0,196.0,True,WGN,-1,-1
100,-10.0,81,109686842,213,213.0,213,447.0,234.0,234.0,234.0,234.0,True,WGN,-1,-1
100,-10.0,82,3884049539,213,213.0,213,447.0,234.0,234.0,234.0,234.0,True,WGN,-1,-1
100,-10.0,83,2419132615,213,213.0,213,359.0,146.0,146.0,146.0,146.0,True,WGN,-1,-1
100,-10.0,84,572901189,213,213.0,213,232.0,19.0,19.0,19.0,19.0,True,WGN,-1,-1
100,-10.0,85,3322371372,213,213.0,213,177.0,-36.0,36.0,-36.00000000000001,36.00000000000001,True,WGN,-1,-1
100,-10.0,86,800172406,213,213.0,213,18.0,-195.0,195.0,-195.0,195.0,True,WGN,-1,-1
100,-10.0,87,4219936306,213,213.0,213,211.0,-2.0,2.0,-2.0,2.0,True,WGN,-1,-1
100,-10.0,88,848721859,213,213.0,213,440.0,227.0,227.0,227.0,227.0,True,WGN,-1,-1
100,-10.0,89,662912106,213,213.0,213,446.0,233.0,233.0,233.0,233.0,True,WGN,-1,-1
100,-10.0,90,590301241,213,213.0,213,3.0,-210.0,210.0,-210.0,210.0,True,WGN,-1,-1
100,-10.0,91,2939827334,213,213.0,213,233.0,20.0,20.0,20.0,20.0,True,WGN,-1,-1
100,-10.0,92,3732336685,213,213.0,213,233.0,20.0,20.0,20.0,20.0,True,WGN,-1,-1
100,-10.0,93,3652567467,213,213.0,213,16.0,-197.0,197.0,-197.0,197.0,True,WGN,-1,-1
100,-10.0,94,2408787008,213,213.0,213,14.0,-199.0,199.0,-199.0,199.0,True,WGN,-1,-1
100,-10.0,95,3306774511,213,213.0,213,2.0,-211.0,211.0,-211.0,211.0,True,WGN,-1,-1
100,-10.0,96,2089175742,213,213.0,213,378.0,165.0,165.0,165.0,165.0,True,WGN,-1,-1
100,-10.0,97,1560035470,213,213.0,213,222.0,9.0,9.0,9.000000000000002,9.000000000000002,True,WGN,-1,-1
100,-10.0,98,546098383,213,213.0,213,22.0,-191.0,191.0,-191.0,191.0,True,WGN,-1,-1
100,-10.0,99,2932588314,213,213.0,213,213.0,0.0,0.0,0.0,0.0,True,WGN,-1,-1
100,-10.0,100,2878908735,213,213.0,213,33.0,-180.0,180.0,-180.0,180.0,True,WGN,-1,-1
100,-10.0,101,3142588963,213,213.0,213,273.0,60.0,60.0,60.0,60.0,True,WGN,-1,-1
100,-10.0,102,2026769271,213,213.0,213,2.0,-211.0,211.0,-211.0,211.0,True,WGN,-1,-1
100,-10.0,103,587418126,213,213.0,213,443.0,230.0,230.0,230.0,230.0,True,WGN,-1,-1
100,-10.0,104,2713249438,213,213.0,213,220.0,7.0,7.0,7.0,7.0,True,WGN,-1,-1
100,-10.0,105,3755388573,213,213.0,213,430.0,217.0,217.0,217.0,217.0,True,WGN,-1,-1
100,-10.0,106,4045411826,213,213.0,213,249.0,36.0,36.0,36.00000000000001,36.00000000000001,True,WGN,-1,-1
100,-10.0,107,3784361447,213,213.0,213,132.0,-81.0,81.0,-81.0,81.0,True,WGN,-1,-1
100,-10.0,108,3584800043,213,213.0,213,251.0,38.0,38.0,38.0,38.0,True,WGN,-1,-1
100,-10.0,109,4207719658,213,213.0,213,11.0,-202.0,202.0,-202.0,202.0,True,WGN,-1,-1
100,-10.0,110,1630275797,213,213.0,213,5.0,-208.0,208.0,-208.00000000000003,208.00000000000003,True,WGN,-1,-1
100,-10.0,111,498653751,213,213.0,213,423.0,210.0,210.0,210.0,210.0,True,WGN,-1,-1
100,-10.0,112,3269380911,213,213.0,213,165.0,-48.0,48.0,-48.0,48.0,True,WGN,-1,-1
100,-10.0,113,1176345268,213,213.0,213,2.0,-211.0,211.0,-211.0,211.0,True,WGN,-1,-1
100,-10.0,114,3859113008,213,213.0,213,2.0,-211.0,211.0,-211.0,211.0,True,WGN,-1,-1
100,-10.0,115,2225383257,213,213.0,213,6.0,-207.0,207.0,-207.00000000000003,207.00000000000003,True,WGN,-1,-1
100,-10.0,116,1351422511,213,213.0,213,283.0,70.0,70.0,70.0,70.0,True,WGN,-1,-1
100,-10.0,117,3174758376,213,213.0,213,223.0,10.0,10.0,10.0,10.0,True,WGN,-1,-1
100,-10.0,118,1853399382,213,213.0,213,79.0,-134.0,134.0,-134.0,134.0,True,WGN,-1,-1
100,-10.0,119,2420725757,213,213.0,213,6.0,-207.0,207.0,-207.00000000000003,207.00000000000003,True,WGN,-1,-1
100,-10.0,120,2740824243,213,213.0,213,111.0,-102.0,102.0,-102.00000000000001,102.00000000000001,True,WGN,-1,-1
100,-10.0,121,182487068,213,213.0,213,200.0,-13.0,13.0,-13.000000000000002,13.000000000000002,True,WGN,-1,-1
100,-10.0,122,1906250693,213,213.0,213,156.0,-57.0,57.0,-57.0,57.0,True,WGN,-1,-1
100,-10.0,123,2603485835,213,213.0,213,13.0,-200.0,200.0,-200.0,200.0,True,WGN,-1,-1
100,-10.0,124,2806507646,213,213.0,213,345.0,132.0,132.0,132.0,132.0,True,WGN,-1,-1
100,-10.0,125,3175017470,213,213.0,213,6.0,-207.0,207.0,-207.00000000000003,207.00000000000003,True,WGN,-1,-1
100,-10.0,126,394417196,213,213.0,213,8.0,-205.0,205.0,-205.00000000000003,205.00000000000003,True,WGN,-1,-1
100,-10.0,127,1404900548,213,213.0,213,291.0,78.0,78.0,78.0,78.0,True,WGN,-1,-1
100,-10.0,128,1432619754,213,213.0,213,197.0,-16.0,16.0,-16.0,16.0,True,WGN,-1,-1
100,-10.0,129,2445824448,213,213.0,213,261.0,48.0,48.0,48.0,48.0,True,WGN,-1,-1
100,-10.0,130,383875380,213,213.0,213,447.0,234.0,234.0,234.0,234.0,True,WGN,-1,-1
100,-10.0,131,2145501049,213,213.0,213,436.0,223.0,223.0,223.0,223.0,True,WGN,-1,-1
100,-10.0,132,4035281190,213,213.0,213,423.0,210.0,210.0,210.0,210.0,True,WGN,-1,-1
100,-10.0,133,3900368896,213,213.0,213,2.0,-211.0,211.0,-211.0,211.0,True,WGN,-1,-1
100,-10.0,134,2201865683,213,213.0,213,13.0,-200.0,200.0,-200.0,200.0,True,WGN,-1,-1
100,-10.0,135,2198129785,213,213.0,213,7.0,-206.0,206.0,-206.00000000000003,206.00000000000003,True,WGN,-1,-1
100,-10.0,136,3395645279,213,213.0,213,278.0,65.0,65.0,65.0,65.0,True,WGN,-1,-1
100,-10.0,137,3702406461,213,213.0,213,230.0,17.0,17.0,17.0,17.0,True,WGN,-1,-1
100,-10.0,138,720375782,213,213.0,213,236.0,23.0,23.0,23.0,23.0,True,WGN,-1,-1
100,-10.0,139,31076656,213,213.0,213,238.0,25.0,25.0,25.0,25.0,True,WGN,-1,-1
100,-10.0,140,962833270,213,213.0,213,441.0,228.0,228.0,228.0,228.0,True,WGN,-1,-1
100,-10.0,141,2381575004,213,213.0,213,55.0,-158.0,158.0,-158.0,158.0,True,WGN,-1,-1
100,-10.0,142,2263386588,213,213.0,213,230.0,17.0,17.0,17.0,17.0,True,WGN,-1,-1
100,-10.0,143,2150170252,213,213.0,213,144.0,-69.0,69.0,-69.0,69.0,True,WGN,-1,-1
100,-10.0,144,585458417,213,213.0,213,318.0,105.0,105.0,105.0,105.0,True,WGN,-1,-1
100,-10.0,145,4163351050,213,213.0,213,103.0,-110.0,110.0,-110.0,110.0,True,WGN,-1,-1
100,-10.0,146,1731236627,213,213.0,213,23.0,-190.0,190.0,-190.0,190.0,True,WGN,-1,-1
100,-10.0,147,1418255223,213,213.0,213,4.0,-209.0,209.0,-209.0,209.0,True,WGN,-1,-1
100,-10.0,148,2202686156,213,213.0,213,8.0,-205.0,205.0,-205.00000000000003,205.00000000000003,True,WGN,-1,-1
100,-10.0,149,572174628,213,213.0,213,217.0,4.0,4.0,4.0,4.0,True,WGN,-1,-1
100,-10.0,150,1242203937,213,213.0,213,4.0,-209.0,209.0,-209.0,209.0,True,WGN,-1,-1
100,-10.0,151,374196752,213,213.0,213,28.0,-185.0,185.0,-185.0,185.0,True,WGN,-1,-1
100,-10.0,152,2073157370,213,213.0,213,4.0,-209.0,209.0,-209.0,209.0,True,WGN,-1,-1
100,-10.0,153,2635885312,213,213.0,213,218.0,5.0,5.0,5.0,5.0,True,WGN,-1,-1
100,-10.0,154,4246402726,213,213.0,213,5.0,-208.0,208.0,-208.00000000000003,208.00000000000003,True,WGN,-1,-1
100,-10.0,155,2906460057,213,213.0,213,147.0,-66.0,66.0,-66.0,66.0,True,WGN,-1,-1
100,-10.0,156,3970279792,213,213.0,213,444.0,231.0,231.0,231.0,231.0,True,WGN,-1,-1
100,-10.0,157,204314111,213,213.0,213,43.0,-170.0,170.0,-170.0,170.0,True,WGN,-1,-1
100,-10.0,158,941226867,213,213.0,213,339.0,126.0,126.0,126.0,126.0,True,WGN,-1,-1
100,-10.0,159,3420228552,213,213.0,213,2.0,-211.0,211.0,-211.0,211.0,True,WGN,-1,-1
100,-10.0,160,117710113,213,213.0,213,212.0,-1.0,1.0,-1.0,1.0,True,WGN,-1,-1
100,-10.0,161,641614394,213,213.0,213,219.0,6.0,6.0,6.0,6.0,True,WGN,-1,-1
100,-10.0,162,1286239673,213,213.0,213,247.0,34.0,34.0,34.0,34.0,True,WGN,-1,-1
100,-10.0,163,267932417,213,213.0,213,235.0,22.0,22.0,22.0,22.0,True,WGN,-1,-1
100,-10.0,164,2397872863,213,213.0,213,447.0,234.0,234.0,234.0,234.0,True,WGN,-1,-1
100,-10.0,165,275403186,213,213.0,213,2.0,-211.0,211.0,-211.0,211.0,True,WGN,-1,-1
100,-10.0,166,2982519875,213,213.0,213,178.0,-35.0,35.0,-35.0,35.0,True,WGN,-1,-1
100,-10.0,167,3814917092,213,213.0,213,12.0,-201.0,201.0,-201.0,201.0,True,WGN,-1,-1
100,-10.0,168,1882817902,213,213.0,213,364.0,151.0,151.0,151.0,151.0,True,WGN,-1,-1
100,-10.0,169,3806575640,213,213.0,213,444.0,231.0,231.0,231.0,231.0,True,WGN,-1,-1
100,-10.0,170,1094719995,213,213.0,213,414.0,201.0,201.0,201.0,201.0,True,WGN,-1,-1
100,-10.0,171,2957062953,213,213.0,213,427.0,214.0,214.0,214.0,214.0,True,WGN,-1,-1
100,-10.0,172,1792803682,213,213.0,213,381.0,168.0,168.0,168.0,168.0,True,WGN,-1,-1
100,-10.0,173,4144364308,213,213.0,213,240.0,27.0,27.0,27.0,27.0,True,WGN,-1,-1
100,-10.0,174,1979437507,213,213.0,213,21.0,-192.0,192.0,-192.0,192.0,True,WGN,-1,-1
100,-10.0,175,826289542,213,213.0,213,443.0,230.0,230.0,230.0,230.0,True,WGN,-1,-1
100,-10.0,176,166136247,213,213.0,213,440.0,227.0,227.0,227.0,227.0,True,WGN,-1,-1
100,-10.0,177,407182186,213,213.0,213,34.0,-179.0,179.0,-179.0,179.0,True,WGN,-1,-1
100,-10.0,178,859178632,213,213.0,213,399.0,186.0,186.0,186.0,186.0,True,WGN,-1,-1
100,-10.0,179,260283771,213,213.0,213,119.0,-94.0,94.0,-94.0,94.0,True,WGN,-1,-1
100,-10.0,180,3981594696,213,213.0,213,231.0,18.0,18.0,18.000000000000004,18.000000000000004,True,WGN,-1,-1
100,-10.0,181,531369000,213,213.0,213,447.0,234.0,234.0,234.0,234.0,True,WGN,-1,-1
100,-10.0,182,286641290,213,213.0,213,274.0,61.0,61.0,61.0,61.0,True,WGN,-1,-1
100,-10.0,183,1395267905,213,213.0,213,446.0,233.0,233.0,233.0,233.0,True,WGN,-1,-1
100,-10.0,184,3188772216,213,213.0,213,203.0,-10.0,10.0,-10.0,10.0,True,WGN,-1,-1
100,-10.0,185,409557222,213,213.0,213,419.0,206.0,206.0,206.00000000000003,206.00000000000003,True,WGN,-1,-1
100,-10.0,186,700869476,213,213.0,213,2.0,-211.0,211.0,-211.0,211.0,True,WGN,-1,-1
100,-10.0,187,3191037099,213,213.0,213,214.0,1.0,1.0,1.0,1.0,True,WGN,-1,-1
100,-10.0,188,928743561,213,213.0,213,178.0,-35.0,35.0,-35.0,35.0,True,WGN,-1,-1
100,-10.0,189,1773660385,213,213.0,213,96.0,-117.0,117.0,-117.0,117.0,True,WGN,-1,-1
100,-10.0,190,2371450893,213,213.0,213,5.0,-208.0,208.0,-208.00000000000003,208.00000000000003,True,WGN,-1,-1
100,-10.0,191,3995748765,213,213.0,213,5.0,-208.0,208.0,-208.00000000000003,208.00000000000003,True,WGN,-1,-1
100,-10.0,192,2158655975,213,213.0,213,55.0,-158.0,158.0,-158.0,158.0,True,WGN,-1,-1
100,-10.0,193,1711968832,213,213.0,213,234.0,21.0,21.0,21.0,21.0,True,WGN,-1,-1
100,-10.0,194,2271828372,213,213.0,213,20.0,-193.0,193.0,-193.0,193.0,True,WGN,-1,-1
100,-10.0,195,3542444409,213,213.0,213,447.0,234.0,234.0,234.0,234.0,True,WGN,-1,-1
100,-10.0,196,2011214242,213,213.0,213,2.0,-211.0,211.0,-211.0,211.0,True,WGN,-1,-1
100,-10.0,197,4294428164,213,213.0,213,446.0,233.0,233.0,233.0,233.0,True,WGN,-1,-1
100,-10.0,198,1615770428,213,213.0,213,217.0,4.0,4.0,4.0,4.0,True,WGN,-1,-1
100,-10.0,199,2160392464,213,213.0,213,3.0,-210.0,210.0,-210.0,210.0,True,WGN,-1,-1
100,-8.0,0,2357232997,213,213.0,213,237.0,24.0,24.0,24.0,24.0,True,WGN,-1,-1
100,-8.0,1,2040892247,213,213.0,213,229.0,16.0,16.0,16.0,16.0,True,WGN,-1,-1
100,-8.0,2,3707260784,213,213.0,213,221.0,8.0,8.0,8.0,8.0,True,WGN,-1,-1
100,-8.0,3,2179716031,213,213.0,213,2.0,-211.0,211.0,-211.0,211.0,True,WGN,-1,-1
100,-8.0,4,686919141,213,213.0,213,218.0,5.0,5.0,5.0,5.0,True,WGN,-1,-1
100,-8.0,5,199058619,213,213.0,213,360.0,147.0,147.0,147.0,147.0,True,WGN,-1,-1
100,-8.0,6,1325953565,213,213.0,213,309.0,96.0,96.0,96.0,96.0,True,WGN,-1,-1
100,-8.0,7,637754218,213,213.0,213,173.0,-40.0,40.0,-40.0,40.0,True,WGN,-1,-1
100,-8.0,8,3690193774,213,213.0,213,69.0,-144.0,144.0,-144.00000000000003,144.00000000000003,True,WGN,-1,-1
100,-8.0,9,1557929965,213,213.0,213,267.0,54.0,54.0,54.0,54.0,True,WGN,-1,-1
100,-8.0,10,3361362796,213,213.0,213,56.0,-157.0,157.0,-157.0,157.0,True,WGN,-1,-1
100,-8.0,11,3881400815,213,213.0,213,300.0,87.0,87.0,87.00000000000001,87.00000000000001,True,WGN,-1,-1
100,-8.0,12,3695317744,213,213.0,213,432.0,219.0,219.0,219.0,219.0,True,WGN,-1,-1
100,-8.0,13,4230041053,213,213.0,213,227.0,14.0,14.0,14.0,14.0,True,WGN,-1,-1
100,-8.0,14,1012886615,213,213.0,213,251.0,38.0,38.0,38.0,38.0,True,WGN,-1,-1
100,-8.0,15,813255485,213,213.0,213,2.0,-211.0,211.0,-211.0,211.0,True,WGN,-1,-1
100,-8.0,16,3389486803,213,213.0,213,220.0,7.0,7.0,7.0,7.0,True,WGN,-1,-1
100,-8.0,17,943759129,213,213.0,213,230.0,17.0,17.0,17.0,17.0,True,WGN,-1,-1
100,-8.0,18,1188713580,213,213.0,213,194.0,-19.0,19.0,-19.0,19.0,True,WGN,-1,-1
100,-8.0,19,2073004583,213,213.0,213,232.0,19.0,19.0,19.0,19.0,True,WGN,-1,-1
100,-8.0,20,3825822058,213,213.0,213,295.0,82.0,82.0,82.0,82.0,True,WGN,-1,-1
100,-8.0,21,326683228,213,213.0,213,235.0,22.0,22.0,22.0,22.0,True,WGN,-1,-1
100,-8.0,22,3615393862,213,213.0,213,16.0,-197.0,197.0,-197.0,197.0,True,WGN,-1,-1
100,-8.0,23,2252867402,213,213.0,213,224.0,11.0,11.0,11.0,11.0,True,WGN,-1,-1
100,-8.0,24,2354674886,213,213.0,213,199.0,-14.0,14.0,-14.0,14.0,True,WGN,-1,-1
100,-8.0,25,3224496433,213,213.0,213,219.0,6.0,6.0,6.0,6.0,True,WGN,-1,-1
100,-8.0,26,2734020161,213,213.0,213,438.0,225.0,225.0,225.0,225.0,True,WGN,-1,-1
100,-8.0,27,2915990137,213,213.0,213,2.0,-211.0,211.0,-211.0,211.0,True,WGN,-1,-1
100,-8.0,28,974193578,213,213.0,213,91.0,-122.0,122.0,-122.0,122.0,True,WGN,-1,-1
100,-8.0,29,3115643964,213,213.0,213,236.0,23.0,23.0,23.0,23.0,True,WGN,-1,-1
100,-8.0,30,1909309252,213,213.0,213,217.0,4.0,4.0,4.0,4.0,True,WGN,-1,-1
100,-8.0,31,2618236625,213,213.0,213,221.0,8.0,8.0,8.0,8.0,True,WGN,-1,-1
100,-8.0,32,2747877463,213,213.0,213,220.0,7.0,7.0,7.0,7.0,True,WGN,-1,-1
100,-8.0,33,41647612,213,213.0,213,2.0,-211.0,211.0,-211.0,211.0,True,WGN,-1,-1
100,-8.0,34,2424266028,213,213.0,213,216.0,3.0,3.0,3.0,3.0,True,WGN,-1,-1
100,-8.0,35,2605513104,213,213.0,213,234.0,21.0,21.0,21.0,21.0,True,WGN,-1,-1
100,-8.0,36,2991333408,213,213.0,213,2.0,-211.0,211.0,-211.0,211.0,True,WGN,-1,-1
100,-8.0,37,1173247087,213,213.0,213,11.0,-202.0,202.0,-202.0,202.0,True,WGN,-1,-1
100,-8.0,38,1919321553,213,213.0,213,231.0,18.0,18.0,18.000000000000004,18.000000000000004,True,WGN,-1,-1
100,-8.0,39,3965107672,213,213.0,213,54.0,-159.0,159.0,-159.0,159.0,True,WGN,-1,-1
100,-8.0,40,2599833605,213,213.0,213,277.0,64.0,64.0,64.0,64.0,True,WGN,-1,-1
100,-8.0,41,18796714,213,213.0,213,2.0,-211.0,211.0,-211.0,211.0,True,WGN,-1,-1
100,-8.0,42,205292010,213,213.0,213,121.0,-92.0,92.0,-92.0,92.0,True,WGN,-1,-1
100,-8.0,43,2020130562,213,213.0,213,105.0,-108.0,108.0,-108.0,108.0,True,WGN,-1,-1
100,-8.0,44,1117387837,213,213.0,213,11.0,-202.0,202.0,-202.0,202.0,True,WGN,-1,-1
100,-8.0,45,1494781063,213,213.0,213,442.0,229.0,229.0,229.0,229.0,True,WGN,-1,-1
100,-8.0,46,429576172,213,213.0,213,258.0,45.0,45.0,45.0,45.0,True,WGN,-1,-1
100,-8.0,47,4010807601,213,213.0,213,234.0,21.0,21.0,21.0,21.0,True,WGN,-1,-1
100,-8.0,48,217682754,213,213.0,213,445.0,232.0,232.0,232.0,232.0,True,WGN,-1,-1
100,-8.0,49,3256659502,213,213.0,213,442.0,229.0,229.0,229.0,229.0,True,WGN,-1,-1
100,-8.0,50,1650775113,213,213.0,213,251.0,38.0,38.0,38.0,38.0,True,WGN,-1,-1
100,-8.0,51,399403592,213,213.0,213,220.0,7.0,7.0,7.0,7.0,True,WGN,-1,-1
100,-8.0,52,973275717,213,213.0,213,214.0,1.0,1.0,1.0,1.0,True,WGN,-1,-1
100,-8.0,53,1198656986,213,213.0,213,22.0,-191.0,191.0,-191.0,191.0,True,WGN,-1,-1
100,-8.0,54,813383635,213,213.0,213,230.0,17.0,17.0,17.0,17.0,True,WGN,-1,-1
100,-8.0,55,1558450324,213,213.0,213,447.0,234.0,234.0,234.0,234.0,True,WGN,-1,-1
100,-8.0,56,1784679553,213,213.0,213,218.0,5.0,5.0,5.0,5.0,True,WGN,-1,-1
100,-8.0,57,43474442,213,213.0,213,231.0,18.0,18.0,18.000000000000004,18.000000000000004,True,WGN,-1,-1
100,-8.0,58,2700917299,213,213.0,213,256.0,43.0,43.0,43.0,43.0,True,WGN,-1,-1
100,-8.0,59,3410009236,213,213.0,213,99.0,-114.0,114.0,-114.0,114.0,True,WGN,-1,-1
100,-8.0,60,3337823119,213,213.0,213,56.0,-157.0,157.0,-157.0,157.0,True,WGN,-1,-1
100,-8.0,61,4028417876,213,213.0,213,196.0,-17.0,17.0,-17.0,17.0,True,WGN,-1,-1
100,-8.0,62,3194979801,213,213.0,213,216.0,3.0,3.0,3.0,3.0,True,WGN,-1,-1
100,-8.0,63,3915216557,213,213.0,213,194.0,-19.0,19.0,-19.0,19.0,True,WGN,-1,-1
100,-8.0,64,3319996256,213,213.0,213,447.0,234.0,234.0,234.0,234.0,True,WGN,-1,-1
100,-8.0,65,2267918334,213,213.0,213,169.0,-44.0,44.0,-44.0,44.0,True,WGN,-1,-1
100,-8.0,66,2621243693,213,213.0,213,219.0,6.0,6.0,6.0,6.0,True,WGN,-1,-1
100,-8.0,67,3108141501,213,213.0,213,397.0,184.0,184.0,184.0,184.0,True,WGN,-1,-1
100,-8.0,68,124115773,213,213.0,213,2.0,-211.0,211.0,-211.0,211.0,True,WGN,-1,-1
100,-8.0,69,797140130,213,213.0,213,223.0,10.0,10.0,10.0,10.0,True,WGN,-1,-1
100,-8.0,70,171433699,213,213.0,213,9.0,-204.0,204.0,-204.00000000000003,204.00000000000003,True,WGN,-1,-1
100,-8.0,71,40623788,213,213.0,213,365.0,152.0,152.0,152.0,152.0,True,WGN,-1,-1
100,-8.0,72,2480854141,213,213.0,213,434.0,221.0,221.0,221.0,221.0,True,WGN,-1,-1
100,-8.0,73,3966388417,213,213.0,213,436.0,223.0,223.0,223.0,223.0,True,WGN,-1,-1
100,-8.0,74,680740138,213,213.0,213,220.0,7.0,7.0,7.0,7.0,True,WGN,-1,-1
100,-8.0,75,1799777520,213,213.0,213,30.0,-183.0,183.0,-183.0,183.0,True,WGN,-1,-1
100,-8.0,76,3458602932,213,213.0,213,234.0,21.0,21.0,21.0,21.0,True,WGN,-1,-1
100,-8.0,77,52889567,213,213.0,213,311.0,98.0,98.0,98.0,98.0,True,WGN,-1,-1
100,-8.0,78,2859071763,213,213.0,213,223.0,10.0,10.0,10.0,10.0,True,WGN,-1,-1
100,-8.0,79,3302838102,213,213.0,213,213.0,0.0,0.0,0.0,0.0,True,WGN,-1,-1
100,-8.0,80,2713926881,213,213.0,213,305.0,92.0,92.0,92.0,92.0,True,WGN,-1,-1
100,-8.0,81,1470866761,213,213.0,213,230.0,17.0,17.0,17.0,17.0,True,WGN,-1,-1
100,-8.0,82,3869573930,213,213.0,213,2.0,-211.0,211.0,-211.0,211.0,True,WGN,-1,-1
100,-8.0,83,1411907197,213,213.0,213,235.0,22.0,22.0,22.0,22.0,True,WGN,-1,-1
100,-8.0,84,2782467353,213,213.0,213,2.0,-211.0,211.0,-211.0,211.0,True,WGN,-1,-1
100,-8.0,85,3853668971,213,213.0,213,220.0,7.0,7.0,7.0,7.0,True,WGN,-1,-1
100,-8.0,86,3912670882,213,213.0,213,192.0,-21.0,21.0,-21.0,21.0,True,WGN,-1,-1
100,-8.0,87,2451122306,213,213.0,213,324.0,111.0,111.0,111.0,111.0,True,WGN,-1,-1
100,-8.0,88,1983522974,213,213.0,213,206.0,-7.0,7.0,-7.0,7.0,True,WGN,-1,-1
100,-8.0,89,338498517,213,213.0,213,221.0,8.0,8.0,8.0,8.0,True,WGN,-1,-1
100,-8.0,90,2023914702,213,213.0,213,210.0,-3.0,3.0,-3.0,3.0,True,WGN,-1,-1
100,-8.0,91,3131833464,213,213.0,213,244.0,31.0,31.0,31.0,31.0,True,WGN,-1,-1
100,-8.0,92,547755239,213,213.0,213,442.0,229.0,229.0,229.0,229.0,True,WGN,-1,-1
100,-8.0,93,999045126,213,213.0,213,360.0,147.0,147.0,147.0,147.0,True,WGN,-1,-1
100,-8.0,94,2193116238,213,213.0,213,210.0,-3.0,3.0,-3.0,3.0,True,WGN,-1,-1
100,-8.0,95,4153551903,213,213.0,213,229.0,16.0,16.0,16.0,16.0,True,WGN,-1,-1
100,-8.0,96,2449837928,213,213.0,213,237.0,24.0,24.0,24.0,24.0,True,WGN,-1,-1
100,-8.0,97,3481297748,213,213.0,213,368.0,155.0,155.0,155.0,155.0,True,WGN,-1,-1
100,-8.0,98,849339561,213,213.0,213,234.0,21.0,21.0,21.0,21.0,True,WGN,-1,-1
100,-8.0,99,289363546,213,213.0,213,2.0,-211.0,211.0,-211.0,211.0,True,WGN,-1,-1
100,-8.0,100,3234760248,213,213.0,213,231.0,18.0,18.0,18.000000000000004,18.000000000000004,True,WGN,-1,-1
100,-8.0,101,1918831394,213,213.0,213,222.0,9.0,9.0,9.000000000000002,9.000000000000002,True,WGN,-1,-1
100,-8.0,102,3128448454,213,213.0,213,211.0,-2.0,2.0,-2.0,2.0,True,WGN,-1,-1
100,-8.0,103,1709764697,213,213.0,213,237.0,24.0,24.0,24.0,24.0,True,WGN,-1,-1
100,-8.0,104,2062325638,213,213.0,213,300.0,87.0,87.0,87.00000000000001,87.00000000000001,True,WGN,-1,-1
100,-8.0,105,2201197512,213,213.0,213,204.0,-9.0,9.0,-9.000000000000002,9.000000000000002,True,WGN,-1,-1
100,-8.0,106,3089973108,213,213.0,213,432.0,219.0,219.0,219.0,219.0,True,WGN,-1,-1
100,-8.0,107,2702895693,213,213.0,213,136.0,-77.0,77.0,-77.0,77.0,True,WGN,-1,-1
100,-8.0,108,616775881,213,213.0,213,269.0,56.0,56.0,56.0,56.0,True,WGN,-1,-1
100,-8.0,109,2603922431,213,213.0,213,218.0,5.0,5.0,5.0,5.0,True,WGN,-1,-1
100,-8.0,110,769816361,213,213.0,213,447.0,234.0,234.0,234.0,234.0,True,WGN,-1,-1
100,-8.0,111,1717719219,213,213.0,213,2.0,-211.0,211.0,-211.0,211.0,True,WGN,-1,-1
100,-8.0,112,2423076040,213,213.0,213,125.0,-88.0,88.0,-88.0,88.0,True,WGN,-1,-1
100,-8.0,113,1515962046,213,213.0,213,313.0,100.0,100.0,100.0,100.0,True,WGN,-1,-1
100,-8.0,114,1812629169,213,213.0,213,425.0,212.0,212.0,212.0,212.0,True,WGN,-1,-1
100,-8.0,115,4000209027,213,213.0,213,115.0,-98.0,98.0,-98.0,98.0,True,WGN,-1,-1
100,-8.0,116,1381580349,213,213.0,213,3.0,-210.0,210.0,-210.0,210.0,True,WGN,-1,-1
100,-8.0,117,3206042849,213,213.0,213,439.0,226.0,226.0,226.0,226.0,True,WGN,-1,-1
100,-8.0,118,246772131,213,213.0,213,232.0,19.0,19.0,19.0,19.0,True,WGN,-1,-1
100,-8.0,119,2082692987,213,213.0,213,437.0,224.0,224.0,224.0,224.0,True,WGN,-1,-1
100,-8.0,120,199872343,213,213.0,213,2.0,-211.0,211.0,-211.0,211.0,True,WGN,-1,-1
100,-8.0,121,2429122630,213,213.0,213,363.0,150.0,150.0,150.0,150.0,True,WGN,-1,-1
100,-8.0,122,3626060609,213,213.0,213,170.0,-43.0,43.0,-43.0,43.0,True,WGN,-1,-1
100,-8.0,123,740997329,213,213.0,213,266.0,53.0,53.0,53.0,53.0,True,WGN,-1,-1
100,-8.0,124,59782470,213,213.0,213,236.0,23.0,23.0,23.0,23.0,True,WGN,-1,-1
100,-8.0,125,1120687165,213,213.0,213,445.0,232.0,232.0,232.0,232.0,True,WGN,-1,-1
100,-8.0,126,575333454,213,213.0,213,2.0,-211.0,211.0,-211.0,211.0,True,WGN,-1,-1
100,-8.0,127,3565140572,213,213.0,213,443.0,230.0,230.0,230.0,230.0,True,WGN,-1,-1
100,-8.0,128,1803463211,213,213.0,213,227.0,14.0,14.0,14.0,14.0,True,WGN,-1,-1
100,-8.0,129,3727050914,213,213.0,213,181.0,-32.0,32.0,-32.0,32.0,True,WGN,-1,-1
100,-8.0,130,1662429980,213,213.0,213,419.0,206.0,206.0,206.00000000000003,206.00000000000003,True,WGN,-1,-1
100,-8.0,131,396881415,213,213.0,213,186.0,-27.0,27.0,-27.0,27.0,True,WGN,-1,-1
100,-8.0,132,2505764441,213,213.0,213,182.0,-31.0,31.0,-31.0,31.0,True,WGN,-1,-1
100,-8.0,133,389695760,213,213.0,213,3.0,-210.0,210.0,-210.0,210.0,True,WGN,-1,-1
100,-8.0,134,2169842436,213,213.0,213,447.0,234.0,234.0,234.0,234.0,True,WGN,-1,-1
100,-8.0,135,2262180281,213,213.0,213,445.0,232.0,232.0,232.0,232.0,True,WGN,-1,-1
100,-8.0,136,1760264395,213,213.0,213,200.0,-13.0,13.0,-13.000000000000002,13.000000000000002,True,WGN,-1,-1
100,-8.0,137,3603057091,213,213.0,213,255.0,42.0,42.0,42.0,42.0,True,WGN,-1,-1
100,-8.0,138,769001795,213,213.0,213,206.0,-7.0,7.0,-7.0,7.0,True,WGN,-1,-1
100,-8.0,139,3363286668,213,213.0,213,3.0,-210.0,210.0,-210.0,210.0,True,WGN,-1,-1
100,-8.0,140,1386351826,213,213.0,213,382.0,169.0,169.0,169.0,169.0,True,WGN,-1,-1
100,-8.0,141,1799535632,213,213.0,213,4.0,-209.0,209.0,-209.0,209.0,True,WGN,-1,-1
100,-8.0,142,2048634314,213,213.0,213,147.0,-66.0,66.0,-66.0,66.0,True,WGN,-1,-1
100,-8.0,143,1365660620,213,213.0,213,57.0,-156.0,156.0,-156.0,156.0,True,WGN,-1,-1
100,-8.0,144,3097425138,213,213.0,213,2.0,-211.0,211.0,-211.0,211.0,True,WGN,-1,-1
100,-8.0,145,2566226337,213,213.0,213,3.0,-210.0,210.0,-210.0,210.0,True,WGN,-1,-1
100,-8.0,146,4286400466,213,213.0,213,221.0,8.0,8.0,8.0,8.0,True,WGN,-1,-1
100,-8.0,147,4098065394,213,213.0,213,232.0,19.0,19.0,19.0,19.0,True,WGN,-1,-1
100,-8.0,148,1000201648,213,213.0,213,240.0,27.0,27.0,27.0,27.0,True,WGN,-1,-1
100,-8.0,149,2590052912,213,213.0,213,233.0,20.0,20.0,20.0,20.0,True,WGN,-1,-1
100,-8.0,150,2177892183,213,213.0,213,259.0,46.0,46.0,46.0,46.0,True,WGN,-1,-1
100,-8.0,151,1102519241,213,213.0,213,252.0,39.0,39.0,39.0,39.0,True,WGN,-1,-1
100,-8.0,152,2154030295,213,213.0,213,76.0,-137.0,137.0,-137.0,137.0,True,WGN,-1,-1
100,-8.0,153,3358533639,213,213.0,213,7.0,-206.0,206.0,-206.00000000000003,206.00000000000003,True,WGN,-1,-1
100,-8.0,154,932375472,213,213.0,213,224.0,11.0,11.0,11.0,11.0,True,WGN,-1,-1
100,-8.0,155,442956097,213,213.0,213,2.0,-211.0,211.0,-211.0,211.0,True,WGN,-1,-1
100,-8.0,156,2282758860,213,213.0,213,2.0,-211.0,211.0,-211.0,211.0,True,WGN,-1,-1
100,-8.0,157,635801255,213,213.0,213,221.0,8.0,8.0,8.0,8.0,True,WGN,-1,-1
100,-8.0,158,2144709192,213,213.0,213,442.0,229.0,229.0,229.0,229.0,True,WGN,-1,-1
100,-8.0,159,904367618,213,213.0,213,205.0,-8.0,8.0,-8.0,8.0,True,WGN,-1,-1
100,-8.0,160,2475932165,213,213.0,213,258.0,45.0,45.0,45.0,45.0,True,WGN,-1,-1
100,-8.0,161,1220459944,213,213.0,213,274.0,61.0,61.0,61.0,61.0,True,WGN,-1,-1
100,-8.0,162,445890895,213,213.0,213,2.0,-211.0,211.0,-211.0,211.0,True,WGN,-1,-1
100,-8.0,163,223572232,213,213.0,213,244.0,31.0,31.0,31.0,31.0,True,WGN,-1,-1
100,-8.0,164,3113923448,213,213.0,213,20.0,-193.0,193.0,-193.0,193.0,True,WGN,-1,-1
100,-8.0,165,872463962,213,213.0,213,2.0,-211.0,211.0,-211.0,211.0,True,WGN,-1,-1
100,-8.0,166,1955127629,213,213.0,213,232.0,19.0,19.0,19.0,19.0,True,WGN,-1,-1
100,-8.0,167,389091612,213,213.0,213,231.0,18.0,18.0,18.000000000000004,18.000000000000004,True,WGN,-1,-1
100,-8.0,168,736427196,213,213.0,213,308.0,95.0,95.0,95.0,95.0,True,WGN,-1,-1
100,-8.0,169,61189578,213,213.0,213,228.0,15.0,15.0,15.0,15.0,True,WGN,-1,-1
100,-8.0,170,623668050,213,213.0,213,319.0,106.0,106.0,106.0,106.0,True,WGN,-1,-1
100,-8.0,171,2544687126,213,213.0,213,238.0,25.0,25.0,25.0,25.0,True,WGN,-1,-1
100,-8.0,172,1691043958,213,213.0,213,446.0,233.0,233.0,233.0,233.0,True,WGN,-1,-1
100,-8.0,173,2379451777,213,213.0,213,219.0,6.0,6.0,6.0,6.0,True,WGN,-1,-1
100,-8.0,174,1722487685,213,213.0,213,369.0,156.0,156.0,156.0,156.0,True,WGN,-1,-1
100,-8.0,175,2591429767,213,213.0,213,331.0,118.0,118.0,118.00000000000001,118.00000000000001,True,WGN,-1,-1
100,-8.0,176,3392075560,213,213.0,213,231.0,18.0,18.0,18.000000000000004,18.000000000000004,True,WGN,-1,-1
100,-8.0,177,444431041,213,213.0,213,407.0,194.0,194.0,194.0,194.0,True,WGN,-1,-1
100,-8.0,178,3565646313,213,213.0,213,341.0,128.0,128.0,128.0,128.0,True,WGN,-1,-1
100,-8.0,179,2902921793,213,213.0,213,148.0,-65.0,65.0,-65.0,65.0,True,WGN,-1,-1
100,-8.0,180,3959087838,213,213.0,213,126.0,-87.0,87.0,-87.00000000000001,87.00000000000001,True,WGN,-1,-1
100,-8.0,181,3369307198,213,213.0,213,231.0,18.0,18.0,18.000000000000004,18.000000000000004,True,WGN,-1,-1
100,-8.0,182,1274961949,213,213.0,213,7.0,-206.0,206.0,-206.00000000000003,206.00000000000003,True,WGN,-1,-1
100,-8.0,183,3587114917,213,213.0,213,446.0,233.0,233.0,233.0,233.0,True,WGN,-1,-1
100,-8.0,184,1748363552,213,213.0,213,231.0,18.0,18.0,18.000000000000004,18.000000000000004,True,WGN,-1,-1
100,-8.0,185,3007757779,213,213.0,213,5.0,-208.0,208.0,-208.00000000000003,208.00000000000003,True,WGN,-1,-1
100,-8.0,186,437153616,213,213.0,213,2.0,-211.0,211.0,-211.0,211.0,True,WGN,-1,-1
100,-8.0,187,82902234,213,213.0,213,268.0,55.0,55.0,55.0,55.0,True,WGN,-1,-1
100,-8.0,188,365252570,213,213.0,213,342.0,129.0,129.0,129.0,129.0,True,WGN,-1,-1
100,-8.0,189,341178250,213,213.0,213,446.0,233.0,233.0,233.0,233.0,True,WGN,-1,-1
100,-8.0,190,3522551275,213,213.0,213,444.0,231.0,231.0,231.0,231.0,True,WGN,-1,-1
100,-8.0,191,4211725102,213,213.0,213,233.0,20.0,20.0,20.0,20.0,True,WGN,-1,-1
100,-8.0,192,2286634725,213,213.0,213,2.0,-211.0,211.0,-211.0,211.0,True,WGN,-1,-1
100,-8.0,193,4293737669,213,213.0,213,94.0,-119.0,119.0,-119.00000000000001,119.00000000000001,True,WGN,-1,-1
100,-8.0,194,2979375846,213,213.0,213,250.0,37.0,37.0,37.0,37.0,True,WGN,-1,-1
100,-8.0,195,3943703542,213,213.0,213,8.0,-205.0,205.0,-205.00000000000003,205.00000000000003,True,WGN,-1,-1
100,-8.0,196,2011177797,213,213.0,213,443.0,230.0,230.0,230.0,230.0,True,WGN,-1,-1
100,-8.0,197,1270396405,213,213.0,213,442.0,229.0,229.0,229.0,229.0,True,WGN,-1,-1
100,-8.0,198,1203905840,213,213.0,213,447.0,234.0,234.0,234.0,234.0,True,WGN,-1,-1
100,-8.0,199,1061966050,213,213.0,213,235.0,22.0,22.0,22.0,22.0,True,WGN,-1,-1
100,-6.0,0,2856448218,213,213.0,213,268.0,55.0,55.0,55.0,55.0,True,WGN,-1,-1
100,-6.0,1,276354609,213,213.0,213,217.0,4.0,4.0,4.0,4.0,True,WGN,-1,-1
100,-6.0,2,3997231642,213,213.0,213,219.0,6.0,6.0,6.0,6.0,True,WGN,-1,-1
100,-6.0,3,584376160,213,213.0,213,208.0,-5.0,5.0,-5.0,5.0,True,WGN,-1,-1
100,-6.0,4,2610165571,213,213.0,213,231.0,18.0,18.0,18.000000000000004,18.000000000000004,True,WGN,-1,-1
100,-6.0,5,1201913249,213,213.0,213,197.0,-16.0,16.0,-16.0,16.0,True,WGN,-1,-1
100,-6.0,6,3855087774,213,213.0,213,196.0,-17.0,17.0,-17.0,17.0,True,WGN,-1,-1
100,-6.0,7,1029237342,213,213.0,213,213.0,0.0,0.0,0.0,0.0,True,WGN,-1,-1
100,-6.0,8,3959795901,213,213.0,213,206.0,-7.0,7.0,-7.0,7.0,True,WGN,-1,-1
100,-6.0,9,1095587783,213,213.0,213,232.0,19.0,19.0,19.0,19.0,True,WGN,-1,-1
100,-6.0,10,1766022796,213,213.0,213,111.0,-102.0,102.0,-102.00000000000001,102.00000000000001,True,WGN,-1,-1
100,-6.0,11,2628180743,213,213.0,213,219.0,6.0,6.0,6.0,6.0,True,WGN,-1,-1
100,-6.0,12,133433272,213,213.0,213,49.0,-164.0,164.0,-164.0,164.0,True,WGN,-1,-1
100,-6.0,13,1273266049,213,213.0,213,231.0,18.0,18.0,18.000000000000004,18.000000000000004,True,WGN,-1,-1
100,-6.0,14,2805090461,213,213.0,213,179.0,-34.0,34.0,-34.0,34.0,True,WGN,-1,-1
100,-6.0,15,505432245,213,213.0,213,319.0,106.0,106.0,106.0,106.0,True,WGN,-1,-1
100,-6.0,16,3559671874,213,213.0,213,231.0,18.0,18.0,18.000000000000004,18.000000000000004,True,WGN,-1,-1
100,-6.0,17,2160772428,213,213.0,213,219.0,6.0,6.0,6.0,6.0,True,WGN,-1,-1
100,-6.0,18,210658104,213,213.0,213,219.0,6.0,6.0,6.0,6.0,True,WGN,-1,-1
100,-6.0,19,3472651036,213,213.0,213,231.0,18.0,18.0,18.000000000000004,18.000000000000004,True,WGN,-1,-1
100,-6.0,20,1863571560,213,213.0,213,201.0,-12.0,12.0,-12.0,12.0,True,WGN,-1,-1
100,-6.0,21,2003768853,213,213.0,213,247.0,34.0,34.0,34.0,34.0,True,WGN,-1,-1
100,-6.0,22,2614920717,213,213.0,213,180.0,-33.0,33.0,-33.0,33.0,True,WGN,-1,-1
100,-6.0,23,4217848724,213,213.0,213,219.0,6.0,6.0,6.0,6.0,True,WGN,-1,-1
100,-6.0,24,2149005135,213,213.0,213,221.0,8.0,8.0,8.0,8.0,True,WGN,-1,-1
100,-6.0,25,2347890725,213,213.0,213,211.0,-2.0,2.0,-2.0,2.0,True,WGN,-1,-1
100,-6.0,26,3781762504,213,213.0,213,165.0,-48.0,48.0,-48.0,48.0,True,WGN,-1,-1
100,-6.0,27,1599842758,213,213.0,213,207.0,-6.0,6.0,-6.0,6.0,True,WGN,-1,-1
100,-6.0,28,2726706107,213,213.0,213,2.0,-211.0,211.0,-211.0,211.0,True,WGN,-1,-1
100,-6.0,29,2026185950,213,213.0,213,204.0,-9.0,9.0,-9.000000000000002,9.000000000000002,True,WGN,-1,-1
100,-6.0,30,150438976,213,213.0,213,231.0,18.0,18.0,18.000000000000004,18.000000000000004,True,WGN,-1,-1
100,-6.0,31,1058727559,213,213.0,213,150.0,-63.0,63.0,-63.0,63.0,True,WGN,-1,-1
100,-6.0,32,1636430956,213,213.0,213,231.0,18.0,18.0,18.000000000000004,18.000000000000004,True,WGN,-1,-1
100,-6.0,33,664821429,213,213.0,213,222.0,9.0,9.0,9.000000000000002,9.000000000000002,True,WGN,-1,-1
100,-6.0,34,4185149505,213,213.0,213,446.0,233.0,233.0,233.0,233.0,True,WGN,-1,-1
100,-6.0,35,2356390028,213,213.0,213,316.0,103.0,103.0,103.00000000000001,103.00000000000001,True,WGN,-1,-1
100,-6.0,36,3398051013,213,213.0,213,308.0,95.0,95.0,95.0,95.0,True,WGN,-1,-1
100,-6.0,37,3487310037,213,213.0,213,194.0,-19.0,19.0,-19.0,19.0,True,WGN,-1,-1
100,-6.0,38,3495822605,213,213.0,213,173.0,-40.0,40.0,-40.0,40.0,True,WGN,-1,-1
100,-6.0,39,2831647107,213,213.0,213,231.0,18.0,18.0,18.000000000000004,18.000000000000004,True,WGN,-1,-1
100,-6.0,40,2756502606,213,213.0,213,14.0,-199.0,199.0,-199.0,199.0,True,WGN,-1,-1
100,-6.0,41,2697729286,213,213.0,213,265.0,52.0,52.0,52.00000000000001,52.00000000000001,True,WGN,-1,-1
100,-6.0,42,3903336192,213,213.0,213,231.0,18.0,18.0,18.000000000000004,18.000000000000004,True,WGN,-1,-1
100,-6.0,43,1300944496,213,213.0,213,217.0,4.0,4.0,4.0,4.0,True,WGN,-1,-1
100,-6.0,44,3178519331,213,213.0,213,209.0,-4.0,4.0,-4.0,4.0,True,WGN,-1,-1
100,-6.0,45,58009105,213,213.0,213,246.0,33.0,33.0,33.0,33.0,True,WGN,-1,-1
100,-6.0,46,4145210459,213,213.0,213,207.0,-6.0,6.0,-6.0,6.0,True,WGN,-1,-1
100,-6.0,47,3358154297,213,213.0,213,206.0,-7.0,7.0,-7.0,7.0,True,WGN,-1,-1
100,-6.0,48,1074910631,213,213.0,213,231.0,18.0,18.0,18.000000000000004,18.000000000000004,True,WGN,-1,-1
100,-6.0,49,4028633914,213,213.0,213,134.0,-79.0,79.0,-79.0,79.0,True,WGN,-1,-1
100,-6.0,50,2372577001,213,213.0,213,217.0,4.0,4.0,4.0,4.0,True,WGN,-1,-1
100,-6.0,51,3167755390,213,213.0,213,244.0,31.0,31.0,31.0,31.0,True,WGN,-1,-1
100,-6.0,52,1272618668,213,213.0,213,219.0,6.0,6.0,6.0,6.0,True,WGN,-1,-1
100,-6.0,53,3978988168,213,213.0,213,344.0,131.0,131.0,131.0,131.0,True,WGN,-1,-1
100,-6.0,54,3773248473,213,213.0,213,159.0,-54.0,54.0,-54.0,54.0,True,WGN,-1,-1
100,-6.0,55,932928676,213,213.0,213,232.0,19.0,19.0,19.0,19.0,True,WGN,-1,-1
100,-6.0,56,1499435855,213,213.0,213,163.0,-50.0,50.0,-50.0,50.0,True,WGN,-1,-1
100,-6.0,57,3371734393,213,213.0,213,170.0,-43.0,43.0,-43.0,43.0,True,WGN,-1,-1
100,-6.0,58,751817167,213,213.0,213,214.0,1.0,1.0,1.0,1.0,True,WGN,-1,-1
100,-6.0,59,3146001265,213,213.0,213,289.0,76.0,76.0,76.0,76.0,True,WGN,-1,-1
100,-6.0,60,3180978762,213,213.0,213,419.0,206.0,206.0,206.00000000000003,206.00000000000003,True,WGN,-1,-1
100,-6.0,61,1681295055,213,213.0,213,232.0,19.0,19.0,19.0,19.0,True,WGN,-1,-1
100,-6.0,62,329908241,213,213.0,213,239.0,26.0,26.0,26.000000000000004,26.000000000000004,True,WGN,-1,-1
100,-6.0,63,459282562,213,213.0,213,240.0,27.0,27.0,27.0,27.0,True,WGN,-1,-1
100,-6.0,64,1370546568,213,213.0,213,377.0,164.0,164.0,164.0,164.0,True,WGN,-1,-1
100,-6.0,65,3830476132,213,213.0,213,230.0,17.0,17.0,17.0,17.0,True,WGN,-1,-1
100,-6.0,66,198359354,213,213.0,213,212.0,-1.0,1.0,-1.0,1.0,True,WGN,-1,-1
100,-6.0,67,2837480462,213,213.0,213,231.0,18.0,18.0,18.000000000000004,18.000000000000004,True,WGN,-1,-1
100,-6.0,68,991850157,213,213.0,213,218.0,5.0,5.0,5.0,5.0,True,WGN,-1,-1
100,-6.0,69,412896910,213,213.0,213,207.0,-6.0,6.0,-6.0,6.0,True,WGN,-1,-1
100,-6.0,70,1887926487,213,213.0,213,170.0,-43.0,43.0,-43.0,43.0,True,WGN,-1,-1
100,-6.0,71,561624384,213,213.0,213,237.0,24.0,24.0,24.0,24.0,True,WGN,-1,-1
100,-6.0,72,1631124039,213,213.0,213,135.0,-78.0,78.0,-78.0,78.0,True,WGN,-1,-1
100,-6.0,73,2217436201,213,213.0,213,220.0,7.0,7.0,7.0,7.0,True,WGN,-1,-1
100,-6.0,74,3266689895,213,213.0,213,157.0,-56.0,56.0,-56.0,56.0,True,WGN,-1,-1
100,-6.0,75,1307926017,213,213.0,213,217.0,4.0,4.0,4.0,4.0,True,WGN,-1,-1
100,-6.0,76,4135341598,213,213.0,213,21.0,-192.0,192.0,-192.0,192.0,True,WGN,-1,-1
100,-6.0,77,4009935338,213,213.0,213,7.0,-206.0,206.0,-206.00000000000003,206.00000000000003,True,WGN,-1,-1
100,-6.0,78,81661599,213,213.0,213,234.0,21.0,21.0,21.0,21.0,True,WGN,-1,-1
100,-6.0,79,1740964101,213,213.0,213,208.0,-5.0,5.0,-5.0,5.0,True,WGN,-1,-1
100,-6.0,80,4286825925,213,213.0,213,221.0,8.0,8.0,8.0,8.0,True,WGN,-1,-1
100,-6.0,81,1311383635,213,213.0,213,218.0,5.0,5.0,5.0,5.0,True,WGN,-1,-1
100,-6.0,82,1587582110,213,213.0,213,219.0,6.0,6.0,6.0,6.0,True,WGN,-1,-1
100,-6.0,83,1146069761,213,213.0,213,2.0,-211.0,211.0,-211.0,211.0,True,WGN,-1,-1
100,-6.0,84,2174934821,213,213.0,213,36.0,-177.0,177.0,-177.0,177.0,True,WGN,-1,-1
100,-6.0,85,1220037695,213,213.0,213,233.0,20.0,20.0,20.0,20.0,True,WGN,-1,-1
100,-6.0,86,2838888205,213,213.0,213,231.0,18.0,18.0,18.000000000000004,18.000000000000004,True,WGN,-1,-1
100,-6.0,87,2824932979,213,213.0,213,300.0,87.0,87.0,87.00000000000001,87.00000000000001,True,WGN,-1,-1
100,-6.0,88,2887759681,213,213.0,213,393.0,180.0,180.0,180.0,180.0,True,WGN,-1,-1
100,-6.0,89,650952009,213,213.0,213,202.0,-11.0,11.0,-11.0,11.0,True,WGN,-1,-1
100,-6.0,90,1507404033,213,213.0,213,233.0,20.0,20.0,20.0,20.0,True,WGN,-1,-1
100,-6.0,91,88326352,213,213.0,213,231.0,18.0,18.0,18.000000000000004,18.000000000000004,True,WGN,-1,-1
100,-6.0,92,1314910787,213,213.0,213,232.0,19.0,19.0,19.0,19.0,True,WGN,-1,-1
100,-6.0,93,4267370827,213,213.0,213,435.0,222.0,222.0,222.0,222.0,True,WGN,-1,-1
100,-6.0,94,981906631,213,213.0,213,217.0,4.0,4.0,4.0,4.0,True,WGN,-1,-1
100,-6.0,95,4087348259,213,213.0,213,234.0,21.0,21.0,21.0,21.0,True,WGN,-1,-1
100,-6.0,96,3094398446,213,213.0,213,231.0,18.0,18.0,18.000000000000004,18.000000000000004,True,WGN,-1,-1
100,-6.0,97,1737014718,213,213.0,213,41.0,-172.0,172.0,-172.0,172.0,True,WGN,-1,-1
100,-6.0,98,529433274,213,213.0,213,231.0,18.0,18.0,18.000000000000004,18.000000000000004,True,WGN,-1,-1
100,-6.0,99,1896338063,213,213.0,213,168.0,-45.0,45.0,-45.0,45.0,True,WGN,-1,-1
100,-6.0,100,2268963023,213,213.0,213,246.0,33.0,33.0,33.0,33.0,True,WGN,-1,-1
100,-6.0,101,1207654553,213,213.0,213,11.0,-202.0,202.0,-202.0,202.0,True,WGN,-1,-1
100,-6.0,102,3407180015,213,213.0,213,219.0,6.0,6.0,6.0,6.0,True,WGN,-1,-1
100,-6.0,103,3470046498,213,213.0,213,343.0,130.0,130.0,130.0,130.0,True,WGN,-1,-1
100,-6.0,104,1994345376,213,213.0,213,157.0,-56.0,56.0,-56.0,56.0,True,WGN,-1,-1
100,-6.0,105,2978731150,213,213.0,213,215.0,2.0,2.0,2.0,2.0,True,WGN,-1,-1
100,-6.0,106,1315002530,213,213.0,213,270.0,57.0,57.0,57.0,57.0,True,WGN,-1,-1
100,-6.0,107,1543257241,213,213.0,213,268.0,55.0,55.0,55.0,55.0,True,WGN,-1,-1
100,-6.0,108,3387446688,213,213.0,213,215.0,2.0,2.0,2.0,2.0,True,WGN,-1,-1
100,-6.0,109,3277720525,213,213.0,213,233.0,20.0,20.0,20.0,20.0,True,WGN,-1,-1
100,-6.0,110,324952794,213,213.0,213,431.0,218.0,218.0,218.0,218.0,True,WGN,-1,-1
100,-6.0,111,3056597818,213,213.0,213,198.0,-15.0,15.0,-15.0,15.0,True,WGN,-1,-1
100,-6.0,112,2262894711,213,213.0,213,247.0,34.0,34.0,34.0,34.0,True,WGN,-1,-1
100,-6.0,113,2037123642,213,213.0,213,200.0,-13.0,13.0,-13.000000000000002,13.000000000000002,True,WGN,-1,-1
100,-6.0,114,2057260464,213,213.0,213,235.0,22.0,22.0,22.0,22.0,True,WGN,-1,-1
100,-6.0,115,508706206,213,213.0,213,231.0,18.0,18.0,18.000000000000004,18.000000000000004,True,WGN,-1,-1
100,-6.0,116,1565440998,213,213.0,213,279.0,66.0,66.0,66.0,66.0,True,WGN,-1,-1
100,-6.0,117,2521073668,213,213.0,213,231.0,18.0,18.0,18.000000000000004,18.000000000000004,True,WGN,-1,-1
100,-6.0,118,3042884670,213,213.0,213,345.0,132.0,132.0,132.0,132.0,True,WGN,-1,-1
100,-6.0,119,1053678023,213,213.0,213,302.0,89.0,89.0,89.0,89.0,True,WGN,-1,-1
100,-6.0,120,2912832663,213,213.0,213,217.0,4.0,4.0,4.0,4.0,True,WGN,-1,-1
100,-6.0,121,2099448150,213,213.0,213,277.0,64.0,64.0,64.0,64.0,True,WGN,-1,-1
100,-6.0,122,449238984,213,213.0,213,241.0,28.0,28.0,28.0,28.0,True,WGN,-1,-1
100,-6.0,123,3679513473,213,213.0,213,219.0,6.0,6.0,6.0,6.0,True,WGN,-1,-1
100,-6.0,124,3666509692,213,213.0,213,258.0,45.0,45.0,45.0,45.0,True,WGN,-1,-1
100,-6.0,125,914971352,213,213.0,213,446.0,233.0,233.0,233.0,233.0,True,WGN,-1,-1
100,-6.0,126,1224250944,213,213.0,213,219.0,6.0,6.0,6.0,6.0,True,WGN,-1,-1
100,-6.0,127,4252872881,213,213.0,213,219.0,6.0,6.0,6.0,6.0,True,WGN,-1,-1
100,-6.0,128,1795438174,213,213.0,213,54.0,-159.0,159.0,-159.0,159.0,True,WGN,-1,-1
100,-6.0,129,3305628654,213,213.0,213,231.0,18.0,18.0,18.000000000000004,18.000000000000004,True,WGN,-1,-1
100,-6.0,130,3575295782,213,213.0,213,308.0,95.0,95.0,95.0,95.0,True,WGN,-1,-1
100,-6.0,131,3025969980,213,213.0,213,220.0,7.0,7.0,7.0,7.0,True,WGN,-1,-1
100,-6.0,132,2696809738,213,213.0,213,230.0,17.0,17.0,17.0,17.0,True,WGN,-1,-1
100,-6.0,133,1691765400,213,213.0,213,213.0,0.0,0.0,0.0,0.0,True,WGN,-1,-1
100,-6.0,134,1169889798,213,213.0,213,230.0,17.0,17.0,17.0,17.0,True,WGN,-1,-1
100,-6.0,135,321010757,213,213.0,213,208.0,-5.0,5.0,-5.0,5.0,True,WGN,-1,-1
100,-6.0,136,1674891027,213,213.0,213,220.0,7.0,7.0,7.0,7.0,True,WGN,-1,-1
100,-6.0,137,3366785509,213,213.0,213,232.0,19.0,19.0,19.0,19.0,True,WGN,-1,-1
100,-6.0,138,1676178070,213,213.0,213,239.0,26.0,26.0,26.000000000000004,26.000000000000004,True,WGN,-1,-1
100,-6.0,139,2127084987,213,213.0,213,258.0,45.0,45.0,45.0,45.0,True,WGN,-1,-1
100,-6.0,140,3850042897,213,213.0,213,447.0,234.0,234.0,234.0,234.0,True,WGN,-1,-1
100,-6.0,141,1779800579,213,213.0,213,212.0,-1.0,1.0,-1.0,1.0,True,WGN,-1,-1
100,-6.0,142,4232814920,213,213.0,213,433.0,220.0,220.0,220.0,220.0,True,WGN,-1,-1
100,-6.0,143,2558069927,213,213.0,213,172.0,-41.0,41.0,-41.0,41.0,True,WGN,-1,-1
100,-6.0,144,248144209,213,213.0,213,246.0,33.0,33.0,33.0,33.0,True,WGN,-1,-1
100,-6.0,145,2215098004,213,213.0,213,310.0,97.0,97.0,97.0,97.0,True,WGN,-1,-1
100,-6.0,146,1822104239,213,213.0,213,231.0,18.0,18.0,18.000000000000004,18.000000000000004,True,WGN,-1,-1
100,-6.0,147,560535292,213,213.0,213,218.0,5.0,5.0,5.0,5.0,True,WGN,-1,-1
100,-6.0,148,2607113309,213,213.0,213,288.0,75.0,75.0,75.0,75.0,True,WGN,-1,-1
100,-6.0,149,2808874826,213,213.0,213,328.0,115.0,115.0,115.0,115.0,True,WGN,-1,-1
100,-6.0,150,2783571618,213,213.0,213,324.0,111.0,111.0,111.0,111.0,True,WGN,-1,-1
100,-6.0,151,346064403,213,213.0,213,2.0,-211.0,211.0,-211.0,211.0,True,WGN,-1,-1
100,-6.0,152,1141328578,213,213.0,213,83.0,-130.0,130.0,-130.0,130.0,True,WGN,-1,-1
100,-6.0,153,3308060705,213,213.0,213,220.0,7.0,7.0,7.0,7.0,True,WGN,-1,-1
100,-6.0,154,1719358809,213,213.0,213,231.0,18.0,18.0,18.000000000000004,18.000000000000004,True,WGN,-1,-1
100,-6.0,155,3962407954,213,213.0,213,255.0,42.0,42.0,42.0,42.0,True,WGN,-1,-1
100,-6.0,156,3029314219,213,213.0,213,218.0,5.0,5.0,5.0,5.0,True,WGN,-1,-1
100,-6.0,157,189239464,213,213.0,213,324.0,111.0,111.0,111.0,111.0,True,WGN,-1,-1
100,-6.0,158,3912343752,213,213.0,213,339.0,126.0,126.0,126.0,126.0,True,WGN,-1,-1
100,-6.0,159,4225484936,213,213.0,213,230.0,17.0,17.0,17.0,17.0,True,WGN,-1,-1
100,-6.0,160,4131942595,213,213.0,213,206.0,-7.0,7.0,-7.0,7.0,True,WGN,-1,-1
100,-6.0,161,287120384,213,213.0,213,197.0,-16.0,16.0,-16.0,16.0,True,WGN,-1,-1
100,-6.0,162,3325754746,213,213.0,213,242.0,29.0,29.0,29.0,29.0,True,WGN,-1,-1
100,-6.0,163,1105617103,213,213.0,213,224.0,11.0,11.0,11.0,11.0,True,WGN,-1,-1
100,-6.0,164,1472345440,213,213.0,213,444.0,231.0,231.0,231.0,231.0,True,WGN,-1,-1
100,-6.0,165,1135608744,213,213.0,213,218.0,5.0,5.0,5.0,5.0,True,WGN,-1,-1
100,-6.0,166,1784636471,213,213.0,213,263.0,50.0,50.0,50.0,50.0,True,WGN,-1,-1
100,-6.0,167,2772348630,213,213.0,213,16.0,-197.0,197.0,-197.0,197.0,True,WGN,-1,-1
100,-6.0,168,2274841682,213,213.0,213,230.0,17.0,17.0,17.0,17.0,True,WGN,-1,-1
100,-6.0,169,3494804462,213,213.0,213,127.0,-86.0,86.0,-86.0,86.0,True,WGN,-1,-1
100,-6.0,170,2310789015,213,213.0,213,218.0,5.0,5.0,5.0,5.0,True,WGN,-1,-1
100,-6.0,171,2455022567,213,213.0,213,241.0,28.0,28.0,28.0,28.0,True,WGN,-1,-1
100,-6.0,172,3596720564,213,213.0,213,114.0,-99.0,99.0,-99.0,99.0,True,WGN,-1,-1
100,-6.0,173,2520535087,213,213.0,213,231.0,18.0,18.0,18.000000000000004,18.000000000000004,True,WGN,-1,-1
100,-6.0,174,3201450179,213,213.0,213,221.0,8.0,8.0,8.0,8.0,True,WGN,-1,-1
100,-6.0,175,529946343,213,213.0,213,235.0,22.0,22.0,22.0,22.0,True,WGN,-1,-1
100,-6.0,176,2755141294,213,213.0,213,445.0,232.0,232.0,232.0,232.0,True,WGN,-1,-1
100,-6.0,177,1226876024,213,213.0,213,240.0,27.0,27.0,27.0,27.0,True,WGN,-1,-1
100,-6.0,178,1677644302,213,213.0,213,219.0,6.0,6.0,6.0,6.0,True,WGN,-1,-1
100,-6.0,179,3722879014,213,213.0,213,101.0,-112.0,112.0,-112.0,112.0,True,WGN,-1,-1
100,-6.0,180,3193324433,213,213.0,213,210.0,-3.0,3.0,-3.0,3.0,True,WGN,-1,-1
100,-6.0,181,1012469057,213,213.0,213,191.0,-22.0,22.0,-22.0,22.0,True,WGN,-1,-1
100,-6.0,182,110697464,213,213.0,213,235.0,22.0,22.0,22.0,22.0,True,WGN,-1,-1
100,-6.0,183,914257042,213,213.0,213,234.0,21.0,21.0,21.0,21.0,True,WGN,-1,-1
100,-6.0,184,2977889219,213,213.0,213,249.0,36.0,36.0,36.00000000000001,36.00000000000001,True,WGN,-1,-1
100,-6.0,185,4043717013,213,213.0,213,382.0,169.0,169.0,169.0,169.0,True,WGN,-1,-1
100,-6.0,186,433823558,213,213.0,213,254.0,41.0,41.0,41.0,41.0,True,WGN,-1,-1
100,-6.0,187,4208915112,213,213.0,213,233.0,20.0,20.0,20.0,20.0,True,WGN,-1,-1
100,-6.0,188,2770926064,213,213.0,213,175.0,-38.0,38.0,-38.0,38.0,True,WGN,-1,-1
100,-6.0,189,4006467665,213,213.0,213,96.0,-117.0,117.0,-117.0,117.0,True,WGN,-1,-1
100,-6.0,190,1720242440,213,213.0,213,219.0,6.0,6.0,6.0,6.0,True,WGN,-1,-1
100,-6.0,191,1068412360,213,213.0,213,220.0,7.0,7.0,7.0,7.0,True,WGN,-1,-1
100,-6.0,192,903821669,213,213.0,213,233.0,20.0,20.0,20.0,20.0,True,WGN,-1,-1
100,-6.0,193,3290046575,213,213.0,213,444.0,231.0,231.0,231.0,231.0,True,WGN,-1,-1
100,-6.0,194,333440490,213,213.0,213,298.0,85.0,85.0,85.0,85.0,True,WGN,-1,-1
100,-6.0,195,4110961093,213,213.0,213,220.0,7.0,7.0,7.0,7.0,True,WGN,-1,-1
100,-6.0,196,3826939478,213,213.0,213,232.0,19.0,19.0,19.0,19.0,True,WGN,-1,-1
100,-6.0,197,3113698986,213,213.0,213,241.0,28.0,28.0,28.0,28.0,True,WGN,-1,-1
100,-6.0,198,1948511503,213,213.0,213,217.0,4.0,4.0,4.0,4.0,True,WGN,-1,-1
100,-6.0,199,481074518,213,213.0,213,295.0,82.0,82.0,82.0,82.0,True,WGN,-1,-1
100,2.0,0,3443019651,213,213.0,213,233.0,20.0,20.0,20.0,20.0,True,WGN,-1,-1
100,2.0,1,1340224099,213,213.0,213,233.0,20.0,20.0,20.0,20.0,True,WGN,-1,-1
100,2.0,2,4147868363,213,213.0,213,219.0,6.0,6.0,6.0,6.0,True,WGN,-1,-1
100,2.0,3,2388684029,213,213.0,213,217.0,4.0,4.0,4.0,4.0,True,WGN,-1,-1
100,2.0,4,3408842382,213,213.0,213,220.0,7.0,7.0,7.0,7.0,True,WGN,-1,-1
100,2.0,5,936727707,213,213.0,213,219.0,6.0,6.0,6.0,6.0,True,WGN,-1,-1
100,2.0,6,1527000682,213,213.0,213,232.0,19.0,19.0,19.0,19.0,True,WGN,-1,-1
100,2.0,7,4272126332,213,213.0,213,232.0,19.0,19.0,19.0,19.0,True,WGN,-1,-1
100,2.0,8,2713973362,213,213.0,213,234.0,21.0,21.0,21.0,21.0,True,WGN,-1,-1
100,2.0,9,936692203,213,213.0,213,234.0,21.0,21.0,21.0,21.0,True,WGN,-1,-1
100,2.0,10,3936868615,213,213.0,213,238.0,25.0,25.0,25.0,25.0,True,WGN,-1,-1
100,2.0,11,1141640209,213,213.0,213,219.0,6.0,6.0,6.0,6.0,True,WGN,-1,-1
100,2.0,12,1384403372,213,213.0,213,237.0,24.0,24.0,24.0,24.0,True,WGN,-1,-1
100,2.0,13,189451625,213,213.0,213,232.0,19.0,19.0,19.0,19.0,True,WGN,-1,-1
100,2.0,14,279764955,213,213.0,213,217.0,4.0,4.0,4.0,4.0,True,WGN,-1,-1
100,2.0,15,3193208261,213,213.0,213,216.0,3.0,3.0,3.0,3.0,True,WGN,-1,-1
100,2.0,16,1406470400,213,213.0,213,232.0,19.0,19.0,19.0,19.0,True,WGN,-1,-1
100,2.0,17,2992998971,213,213.0,213,208.0,-5.0,5.0,-5.0,5.0,True,WGN,-1,-1
100,2.0,18,2290690541,213,213.0,213,219.0,6.0,6.0,6.0,6.0,True,WGN,-1,-1
100,2.0,19,2568110917,213,213.0,213,218.0,5.0,5.0,5.0,5.0,True,WGN,-1,-1
100,2.0,20,4171691342,213,213.0,213,232.0,19.0,19.0,19.0,19.0,True,WGN,-1,-1
100,2.0,21,208468377,213,213.0,213,232.0,19.0,19.0,19.0,19.0,True,WGN,-1,-1
100,2.0,22,600515348,213,213.0,213,209.0,-4.0,4.0,-4.0,4.0,True,WGN,-1,-1
100,2.0,23,218596316,213,213.0,213,217.0,4.0,4.0,4.0,4.0,True,WGN,-1,-1
100,2.0,24,2291103331,213,213.0,213,219.0,6.0,6.0,6.0,6.0,True,WGN,-1,-1
100,2.0,25,1337737854,213,213.0,213,218.0,5.0,5.0,5.0,5.0,True,WGN,-1,-1
100,2.0,26,3713553827,213,213.0,213,231.0,18.0,18.0,18.000000000000004,18.000000000000004,True,WGN,-1,-1
100,2.0,27,2093669099,213,213.0,213,218.0,5.0,5.0,5.0,5.0,True,WGN,-1,-1
100,2.0,28,2957072468,213,213.0,213,219.0,6.0,6.0,6.0,6.0,True,WGN,-1,-1
100,2.0,29,543055831,213,213.0,213,213.0,0.0,0.0,0.0,0.0,True,WGN,-1,-1
100,2.0,30,2445328429,213,213.0,213,218.0,5.0,5.0,5.0,5.0,True,WGN,-1,-1
100,2.0,31,4232485211,213,213.0,213,239.0,26.0,26.0,26.000000000000004,26.000000000000004,True,WGN,-1,-1
100,2.0,32,4244407630,213,213.0,213,233.0,20.0,20.0,20.0,20.0,True,WGN,-1,-1
100,2.0,33,3694813085,213,213.0,213,232.0,19.0,19.0,19.0,19.0,True,WGN,-1,-1
100,2.0,34,1127788583,213,213.0,213,232.0,19.0,19.0,19.0,19.0,True,WGN,-1,-1
100,2.0,35,3552716490,213,213.0,213,217.0,4.0,4.0,4.0,4.0,True,WGN,-1,-1
100,2.0,36,2043298112,213,213.0,213,218.0,5.0,5.0,5.0,5.0,True,WGN,-1,-1
100,2.0,37,963897114,213,213.0,213,233.0,20.0,20.0,20.0,20.0,True,WGN,-1,-1
100,2.0,38,612168956,213,213.0,213,219.0,6.0,6.0,6.0,6.0,True,WGN,-1,-1
100,2.0,39,2500299771,213,213.0,213,218.0,5.0,5.0,5.0,5.0,True,WGN,-1,-1
100,2.0,40,1397645095,213,213.0,213,219.0,6.0,6.0,6.0,6.0,True,WGN,-1,-1
100,2.0,41,611767315,213,213.0,213,219.0,6.0,6.0,6.0,6.0,True,WGN,-1,-1
100,2.0,42,1858317640,213,213.0,213,232.0,19.0,19.0,19.0,19.0,True,WGN,-1,-1
100,2.0,43,3577578843,213,213.0,213,234.0,21.0,21.0,21.0,21.0,True,WGN,-1,-1
100,2.0,44,1141307058,213,213.0,213,232.0,19.0,19.0,19.0,19.0,True,WGN,-1,-1
100,2.0,45,4100544295,213,213.0,213,231.0,18.0,18.0,18.000000000000004,18.000000000000004,True,WGN,-1,-1
100,2.0,46,2270046241,213,213.0,213,231.0,18.0,18.0,18.000000000000004,18.000000000000004,True,WGN,-1,-1
100,2.0,47,1757775354,213,213.0,213,232.0,19.0,19.0,19.0,19.0,True,WGN,-1,-1
100,2.0,48,1544042475,213,213.0,213,232.0,19.0,19.0,19.0,19.0,True,WGN,-1,-1
100,2.0,49,253477461,213,213.0,213,219.0,6.0,6.0,6.0,6.0,True,WGN,-1,-1
100,2.0,50,2305801146,213,213.0,213,215.0,2.0,2.0,2.0,2.0,True,WGN,-1,-1
100,2.0,51,277308161,213,213.0,213,231.0,18.0,18.0,18.000000000000004,18.000000000000004,True,WGN,-1,-1
100,2.0,52,2751664741,213,213.0,213,233.0,20.0,20.0,20.0,20.0,True,WGN,-1,-1
100,2.0,53,1915287742,213,213.0,213,219.0,6.0,6.0,6.0,6.0,True,WGN,-1,-1
100,2.0,54,3135525329,213,213.0,213,219.0,6.0,6.0,6.0,6.0,True,WGN,-1,-1
100,2.0,55,4053215366,213,213.0,213,219.0,6.0,6.0,6.0,6.0,True,WGN,-1,-1
100,2.0,56,3820769882,213,213.0,213,232.0,19.0,19.0,19.0,19.0,True,WGN,-1,-1
100,2.0,57,2509845594,213,213.0,213,214.0,1.0,1.0,1.0,1.0,True,WGN,-1,-1
100,2.0,58,803885786,213,213.0,213,220.0,7.0,7.0,7.0,7.0,True,WGN,-1,-1
100,2.0,59,1470788523,213,213.0,213,214.0,1.0,1.0,1.0,1.0,True,WGN,-1,-1
100,2.0,60,1715312432,213,213.0,213,219.0,6.0,6.0,6.0,6.0,True,WGN,-1,-1
100,2.0,61,1818528205,213,213.0,213,218.0,5.0,5.0,5.0,5.0,True,WGN,-1,-1
100,2.0,62,2751148136,213,213.0,213,233.0,20.0,20.0,20.0,20.0,True,WGN,-1,-1
100,2.0,63,2405150142,213,213.0,213,216.0,3.0,3.0,3.0,3.0,True,WGN,-1,-1
100,2.0,64,2984148603,213,213.0,213,235.0,22.0,22.0,22.0,22.0,True,WGN,-1,-1
100,2.0,65,2011066831,213,213.0,213,232.0,19.0,19.0,19.0,19.0,True,WGN,-1,-1
100,2.0,66,141744808,213,213.0,213,219.0,6.0,6.0,6.0,6.0,True,WGN,-1,-1
100,2.0,67,668148192,213,213.0,213,232.0,19.0,19.0,19.0,19.0,True,WGN,-1,-1
100,2.0,68,1748333261,213,213.0,213,232.0,19.0,19.0,19.0,19.0,True,WGN,-1,-1
100,2.0,69,294486901,213,213.0,213,257.0,44.0,44.0,44.0,44.0,True,WGN,-1,-1
100,2.0,70,3812699483,213,213.0,213,243.0,30.0,30.0,30.0,30.0,True,WGN,-1,-1
100,2.0,71,3145379321,213,213.0,213,232.0,19.0,19.0,19.0,19.0,True,WGN,-1,-1
100,2.0,72,3742261609,213,213.0,213,232.0,19.0,19.0,19.0,19.0,True,WGN,-1,-1
100,2.0,73,387847642,213,213.0,213,219.0,6.0,6.0,6.0,6.0,True,WGN,-1,-1
100,2.0,74,2558152821,213,213.0,213,217.0,4.0,4.0,4.0,4.0,True,WGN,-1,-1
100,2.0,75,1110062565,213,213.0,213,233.0,20.0,20.0,20.0,20.0,True,WGN,-1,-1
100,2.0,76,151435447,213,213.0,213,234.0,21.0,21.0,21.0,21.0,True,WGN,-1,-1
100,2.0,77,1522108551,213,213.0,213,232.0,19.0,19.0,19.0,19.0,True,WGN,-1,-1
100,2.0,78,2788621569,213,213.0,213,220.0,7.0,7.0,7.0,7.0,True,WGN,-1,-1
100,2.0,79,3716982549,213,213.0,213,232.0,19.0,19.0,19.0,19.0,True,WGN,-1,-1
100,2.0,80,995435649,213,213.0,213,217.0,4.0,4.0,4.0,4.0,True,WGN,-1,-1
100,2.0,81,1749623684,213,213.0,213,217.0,4.0,4.0,4.0,4.0,True,WGN,-1,-1
100,2.0,82,4115492428,213,213.0,213,234.0,21.0,21.0,21.0,21.0,True,WGN,-1,-1
100,2.0,83,2942282287,213,213.0,213,218.0,5.0,5.0,5.0,5.0,True,WGN,-1,-1
100,2.0,84,969889258,213,213.0,213,219.0,6.0,6.0,6.0,6.0,True,WGN,-1,-1
100,2.0,85,47378077,213,213.0,213,234.0,21.0,21.0,21.0,21.0,True,WGN,-1,-1
100,2.0,86,517883976,213,213.0,213,235.0,22.0,22.0,22.0,22.0,True,WGN,-1,-1
100,2.0,87,2579304851,213,213.0,213,232.0,19.0,19.0,19.0,19.0,True,WGN,-1,-1
100,2.0,88,2583137488,213,213.0,213,232.0,19.0,19.0,19.0,19.0,True,WGN,-1,-1
100,2.0,89,3025207951,213,213.0,213,218.0,5.0,5.0,5.0,5.0,True,WGN,-1,-1
100,2.0,90,2376568653,213,213.0,213,218.0,5.0,5.0,5.0,5.0,True,WGN,-1,-1
100,2.0,91,670214951,213,213.0,213,218.0,5.0,5.0,5.0,5.0,True,WGN,-1,-1
100,2.0,92,3821826661,213,213.0,213,216.0,3.0,3.0,3.0,3.0,True,WGN,-1,-1
100,2.0,93,3076906870,213,213.0,213,233.0,20.0,20.0,20.0,20.0,True,WGN,-1,-1
100,2.0,94,2778178076,213,213.0,213,234.0,21.0,21.0,21.0,21.0,True,WGN,-1,-1
100,2.0,95,1164156234,213,213.0,213,217.0,4.0,4.0,4.0,4.0,True,WGN,-1,-1
100,2.0,96,571358832,213,213.0,213,235.0,22.0,22.0,22.0,22.0,True,WGN,-1,-1
100,2.0,97,3851444698,213,213.0,213,218.0,5.0,5.0,5.0,5.0,True,WGN,-1,-1
100,2.0,98,1488329129,213,213.0,213,218.0,5.0,5.0,5.0,5.0,True,WGN,-1,-1
100,2.0,99,2298828892,213,213.0,213,217.0,4.0,4.0,4.0,4.0,True,WGN,-1,-1
100,2.0,100,2863656010,213,213.0,213,233.0,20.0,20.0,20.0,20.0,True,WGN,-1,-1
100,2.0,101,1960360855,213,213.0,213,232.0,19.0,19.0,19.0,19.0,True,WGN,-1,-1
100,2.0,102,3359990123,213,213.0,213,218.0,5.0,5.0,5.0,5.0,True,WGN,-1,-1
100,2.0,103,2978982397,213,213.0,213,219.0,6.0,6.0,6.0,6.0,True,WGN,-1,-1
100,2.0,104,1450997363,213,213.0,213,232.0,19.0,19.0,19.0,19.0,True,WGN,-1,-1
100,2.0,105,1794756825,213,213.0,213,237.0,24.0,24.0,24.0,24.0,True,WGN,-1,-1
100,2.0,106,3891966620,213,213.0,213,233.0,20.0,20.0,20.0,20.0,True,WGN,-1,-1
100,2.0,107,1781593836,213,213.0,213,232.0,19.0,19.0,19.0,19.0,True,WGN,-1,-1
100,2.0,108,2147332478,213,213.0,213,235.0,22.0,22.0,22.0,22.0,True,WGN,-1,-1
100,2.0,109,4169498030,213,213.0,213,235.0,22.0,22.0,22.0,22.0,True,WGN,-1,-1
100,2.0,110,1300210622,213,213.0,213,232.0,19.0,19.0,19.0,19.0,True,WGN,-1,-1
100,2.0,111,3888195995,213,213.0,213,219.0,6.0,6.0,6.0,6.0,True,WGN,-1,-1
100,2.0,112,2487489599,213,213.0,213,232.0,19.0,19.0,19.0,19.0,True,WGN,-1,-1
100,2.0,113,3325565564,213,213.0,213,239.0,26.0,26.0,26.000000000000004,26.000000000000004,True,WGN,-1,-1
100,2.0,114,2299853578,213,213.0,213,233.0,20.0,20.0,20.0,20.0,True,WGN,-1,-1
100,2.0,115,1648027571,213,213.0,213,219.0,6.0,6.0,6.0,6.0,True,WGN,-1,-1
100,2.0,116,864332791,213,213.0,213,233.0,20.0,20.0,20.0,20.0,True,WGN,-1,-1
100,2.0,117,322866035,213,213.0,213,234.0,21.0,21.0,21.0,21.0,True,WGN,-1,-1
100,2.0,118,4171471528,213,213.0,213,209.0,-4.0,4.0,-4.0,4.0,True,WGN,-1,-1
100,2.0,119,3510812754,213,213.0,213,217.0,4.0,4.0,4.0,4.0,True,WGN,-1,-1
100,2.0,120,947916752,213,213.0,213,216.0,3.0,3.0,3.0,3.0,True,WGN,-1,-1
100,2.0,121,622689107,213,213.0,213,219.0,6.0,6.0,6.0,6.0,True,WGN,-1,-1
100,2.0,122,1181168551,213,213.0,213,212.0,-1.0,1.0,-1.0,1.0,True,WGN,-1,-1
100,2.0,123,3720579642,213,213.0,213,238.0,25.0,25.0,25.0,25.0,True,WGN,-1,-1
100,2.0,124,2683516230,213,213.0,213,232.0,19.0,19.0,19.0,19.0,True,WGN,-1,-1
100,2.0,125,1123666526,213,213.0,213,232.0,19.0,19.0,19.0,19.0,True,WGN,-1,-1
100,2.0,126,1397453729,213,213.0,213,219.0,6.0,6.0,6.0,6.0,True,WGN,-1,-1
100,2.0,127,3553807891,213,213.0,213,234.0,21.0,21.0,21.0,21.0,True,WGN,-1,-1
100,2.0,128,347625493,213,213.0,213,232.0,19.0,19.0,19.0,19.0,True,WGN,-1,-1
100,2.0,129,2107739354,213,213.0,213,232.0,19.0,19.0,19.0,19.0,True,WGN,-1,-1
100,2.0,130,1383300091,213,213.0,213,232.0,19.0,19.0,19.0,19.0,True,WGN,-1,-1
100,2.0,131,1588879833,213,213.0,213,232.0,19.0,19.0,19.0,19.0,True,WGN,-1,-1
100,2.0,132,491046103,213,213.0,213,237.0,24.0,24.0,24.0,24.0,True,WGN,-1,-1
100,2.0,133,2678323139,213,213.0,213,219.0,6.0,6.0,6.0,6.0,True,WGN,-1,-1
100,2.0,134,2524625392,213,213.0,213,233.0,20.0,20.0,20.0,20.0,True,WGN,-1,-1
100,2.0,135,1896000790,213,213.0,213,232.0,19.0,19.0,19.0,19.0,True,WGN,-1,-1
100,2.0,136,1943713068,213,213.0,213,232.0,19.0,19.0,19.0,19.0,True,WGN,-1,-1
100,2.0,137,1520115132,213,213.0,213,215.0,2.0,2.0,2.0,2.0,True,WGN,-1,-1
100,2.0,138,1466182540,213,213.0,213,232.0,19.0,19.0,19.0,19.0,True,WGN,-1,-1
100,2.0,139,1361626745,213,213.0,213,237.0,24.0,24.0,24.0,24.0,True,WGN,-1,-1
100,2.0,140,210277428,213,213.0,213,234.0,21.0,21.0,21.0,21.0,True,WGN,-1,-1
100,2.0,141,3707450694,213,213.0,213,216.0,3.0,3.0,3.0,3.0,True,WGN,-1,-1
100,2.0,142,1289032678,213,213.0,213,218.0,5.0,5.0,5.0,5.0,True,WGN,-1,-1
100,2.0,143,3104203477,213,213.0,213,232.0,19.0,19.0,19.0,19.0,True,WGN,-1,-1
100,2.0,144,875271815,213,213.0,213,234.0,21.0,21.0,21.0,21.0,True,WGN,-1,-1
100,2.0,145,1969499087,213,213.0,213,233.0,20.0,20.0,20.0,20.0,True,WGN,-1,-1
100,2.0,146,1956280570,213,213.0,213,217.0,4.0,4.0,4.0,4.0,True,WGN,-1,-1
100,2.0,147,1060769926,213,213.0,213,233.0,20.0,20.0,20.0,20.0,True,WGN,-1,-1
100,2.0,148,2630255925,213,213.0,213,232.0,19.0,19.0,19.0,19.0,True,WGN,-1,-1
100,2.0,149,3604778223,213,213.0,213,239.0,26.0,26.0,26.000000000000004,26.000000000000004,True,WGN,-1,-1
100,2.0,150,295999746,213,213.0,213,233.0,20.0,20.0,20.0,20.0,True,WGN,-1,-1
100,2.0,151,760481097,213,213.0,213,233.0,20.0,20.0,20.0,20.0,True,WGN,-1,-1
100,2.0,152,2608068747,213,213.0,213,219.0,6.0,6.0,6.0,6.0,True,WGN,-1,-1
100,2.0,153,968515381,213,213.0,213,233.0,20.0,20.0,20.0,20.0,True,WGN,-1,-1
100,2.0,154,2717845156,213,213.0,213,233.0,20.0,20.0,20.0,20.0,True,WGN,-1,-1
100,2.0,155,2429556910,213,213.0,213,240.0,27.0,27.0,27.0,27.0,True,WGN,-1,-1
100,2.0,156,1181249655,213,213.0,213,232.0,19.0,19.0,19.0,19.0,True,WGN,-1,-1
100,2.0,157,890691668,213,213.0,213,218.0,5.0,5.0,5.0,5.0,True,WGN,-1,-1
100,2.0,158,1926356642,213,213.0,213,219.0,6.0,6.0,6.0,6.0,True,WGN,-1,-1
100,2.0,159,3829855925,213,213.0,213,213.0,0.0,0.0,0.0,0.0,True,WGN,-1,-1
100,2.0,160,3913663536,213,213.0,213,218.0,5.0,5.0,5.0,5.0,True,WGN,-1,-1
100,2.0,161,1313181568,213,213.0,213,218.0,5.0,5.0,5.0,5.0,True,WGN,-1,-1
100,2.0,162,1380504762,213,213.0,213,219.0,6.0,6.0,6.0,6.0,True,WGN,-1,-1
100,2.0,163,1992351957,213,213.0,213,218.0,5.0,5.0,5.0,5.0,True,WGN,-1,-1
100,2.0,164,2932339459,213,213.0,213,239.0,26.0,26.0,26.000000000000004,26.000000000000004,True,WGN,-1,-1
100,2.0,165,2315013208,213,213.0,213,219.0,6.0,6.0,6.0,6.0,True,WGN,-1,-1
100,2.0,166,1632013440,213,213.0,213,219.0,6.0,6.0,6.0,6.0,True,WGN,-1,-1
100,2.0,167,1245581940,213,213.0,213,218.0,5.0,5.0,5.0,5.0,True,WGN,-1,-1
100,2.0,168,2123272643,213,213.0,213,232.0,19.0,19.0,19.0,19.0,True,WGN,-1,-1
100,2.0,169,1996542214,213,213.0,213,218.0,5.0,5.0,5.0,5.0,True,WGN,-1,-1
100,2.0,170,212980586,213,213.0,213,219.0,6.0,6.0,6.0,6.0,True,WGN,-1,-1
100,2.0,171,2445774854,213,213.0,213,233.0,20.0,20.0,20.0,20.0,True,WGN,-1,-1
100,2.0,172,884857463,213,213.0,213,219.0,6.0,6.0,6.0,6.0,True,WGN,-1,-1
100,2.0,173,3485911817,213,213.0,213,232.0,19.0,19.0,19.0,19.0,True,WGN,-1,-1
100,2.0,174,3363099055,213,213.0,213,232.0,19.0,19.0,19.0,19.0,True,WGN,-1,-1
100,2.0,175,3456214220,213,213.0,213,233.0,20.0,20.0,20.0,20.0,True,WGN,-1,-1
100,2.0,176,2937153320,213,213.0,213,219.0,6.0,6.0,6.0,6.0,True,WGN,-1,-1
100,2.0,177,509826022,213,213.0,213,232.0,19.0,19.0,19.0,19.0,True,WGN,-1,-1
100,2.0,178,3213204775,213,213.0,213,232.0,19.0,19.0,19.0,19.0,True,WGN,-1,-1
100,2.0,179,4247260465,213,213.0,213,234.0,21.0,21.0,21.0,21.0,True,WGN,-1,-1
100,2.0,180,1365471725,213,213.0,213,217.0,4.0,4.0,4.0,4.0,True,WGN,-1,-1
100,2.0,181,2643880940,213,213.0,213,219.0,6.0,6.0,6.0,6.0,True,WGN,-1,-1
100,2.0,182,3767619399,213,213.0,213,232.0,19.0,19.0,19.0,19.0,True,WGN,-1,-1
100,2.0,183,416759368,213,213.0,213,219.0,6.0,6.0,6.0,6.0,True,WGN,-1,-1
100,2.0,184,338681994,213,213.0,213,232.0,19.0,19.0,19.0,19.0,True,WGN,-1,-1
100,2.0,185,1256058592,213,213.0,213,232.0,19.0,19.0,19.0,19.0,True,WGN,-1,-1
100,2.0,186,575275723,213,213.0,213,239.0,26.0,26.0,26.000000000000004,26.000000000000004,True,WGN,-1,-1
100,2.0,187,1851007339,213,213.0,213,232.0,19.0,19.0,19.0,19.0,True,WGN,-1,-1
100,2.0,188,3812786784,213,213.0,213,232.0,19.0,19.0,19.0,19.0,True,WGN,-1,-1
100,2.0,189,4079680410,213,213.0,213,218.0,5.0,5.0,5.0,5.0,True,WGN,-1,-1
100,2.0,190,3079082075,213,213.0,213,218.0,5.0,5.0,5.0,5.0,True,WGN,-1,-1
100,2.0,191,866442317,213,213.0,213,219.0,6.0,6.0,6.0,6.0,True,WGN,-1,-1
100,2.0,192,3379460088,213,213.0,213,218.0,5.0,5.0,5.0,5.0,True,WGN,-1,-1
100,2.0,193,992815452,213,213.0,213,219.0,6.0,6.0,6.0,6.0,True,WGN,-1,-1
100,2.0,194,3232784037,213,213.0,213,220.0,7.0,7.0,7.0,7.0,True,WGN,-1,-1
100,2.0,195,3203081226,213,213.0,213,217.0,4.0,4.0,4.0,4.0,True,WGN,-1,-1
100,2.0,196,466016547,213,213.0,213,220.0,7.0,7.0,7.0,7.0,True,WGN,-1,-1
100,2.0,197,3923646254,213,213.0,213,212.0,-1.0,1.0,-1.0,1.0,True,WGN,-1,-1
100,2.0,198,4250070934,213,213.0,213,233.0,20.0,20.0,20.0,20.0,True,WGN,-1,-1
100,2.0,199,1324268470,213,213.0,213,218.0,5.0,5.0,5.0,5.0,True,WGN,-1,-1
150,-10.0,0,3119651256,217,217.0,217,3.0,-214.0,214.0,-214.0,214.0,True,WGN,-1,-1
150,-10.0,1,4120913771,217,217.0,217,201.0,-16.0,16.0,-16.0,16.0,True,WGN,-1,-1
150,-10.0,2,1849648013,217,217.0,217,2.0,-215.0,215.0,-215.0,215.0,True,WGN,-1,-1
150,-10.0,3,570075304,217,217.0,217,17.0,-200.0,200.0,-200.0,200.0,True,WGN,-1,-1
150,-10.0,4,226025356,217,217.0,217,92.0,-125.0,125.0,-125.0,125.0,True,WGN,-1,-1
150,-10.0,5,1573320927,217,217.0,217,132.0,-85.0,85.0,-85.0,85.0,True,WGN,-1,-1
150,-10.0,6,1382057977,217,217.0,217,2.0,-215.0,215.0,-215.0,215.0,True,WGN,-1,-1
150,-10.0,7,1897191632,217,217.0,217,2.0,-215.0,215.0,-215.0,215.0,True,WGN,-1,-1
150,-10.0,8,2518624712,217,217.0,217,5.0,-212.0,212.0,-212.0,212.0,True,WGN,-1,-1
150,-10.0,9,1003489034,217,217.0,217,2.0,-215.0,215.0,-215.0,215.0,True,WGN,-1,-1
150,-10.0,10,2722695646,217,217.0,217,447.0,230.0,230.0,230.0,230.0,True,WGN,-1,-1
150,-10.0,11,1285564252,217,217.0,217,446.0,229.0,229.0,229.0,229.0,True,WGN,-1,-1
150,-10.0,12,976149748,217,217.0,217,227.0,10.0,10.0,10.0,10.0,True,WGN,-1,-1
150,-10.0,13,656616862,217,217.0,217,2.0,-215.0,215.0,-215.0,215.0,True,WGN,-1,-1
150,-10.0,14,1416834099,217,217.0,217,3.0,-214.0,214.0,-214.0,214.0,True,WGN,-1,-1
150,-10.0,15,1728829225,217,217.0,217,441.0,224.0,224.0,224.0,224.0,True,WGN,-1,-1
150,-10.0,16,3136054437,217,217.0,217,338.0,121.0,121.0,121.0,121.0,True,WGN,-1,-1
150,-10.0,17,3199826361,217,217.0,217,3.0,-214.0,214.0,-214.0,214.0,True,WGN,-1,-1
150,-10.0,18,3015421545,217,217.0,217,307.0,90.0,90.0,90.0,90.0,True,WGN,-1,-1
150,-10.0,19,3728116637,217,217.0,217,5.0,-212.0,212.0,-212.0,212.0,True,WGN,-1,-1
150,-10.0,20,945139465,217,217.0,217,7.0,-210.0,210.0,-210.0,210.0,True,WGN,-1,-1
150,-10.0,21,98875460,217,217.0,217,2.0,-215.0,215.0,-215.0,215.0,True,WGN,-1,-1
150,-10.0,22,3290414121,217,217.0,217,414.0,197.0,197.0,197.0,197.0,True,WGN,-1,-1
150,-10.0,23,684939792,217,217.0,217,17.0,-200.0,200.0,-200.0,200.0,True,WGN,-1,-1
150,-10.0,24,1406932197,217,217.0,217,100.0,-117.0,117.0,-117.0,117.0,True,WGN,-1,-1
150,-10.0,25,1722107029,217,217.0,217,447.0,230.0,230.0,230.0,230.0,True,WGN,-1,-1
150,-10.0,26,3329158167,217,217.0,217,205.0,-12.0,12.0,-12.0,12.0,True,WGN,-1,-1
150,-10.0,27,2298384277,217,217.0,217,428.0,211.0,211.0,211.0,211.0,True,WGN,-1,-1
150,-10.0,28,2961167528,217,217.0,217,184.0,-33.0,33.0,-33.0,33.0,True,WGN,-1,-1
150,-10.0,29,3675986373,217,217.0,217,2.0,-215.0,215.0,-215.0,215.0,True,WGN,-1,-1
150,-10.0,30,3764114120,217,217.0,217,2.0,-215.0,215.0,-215.0,215.0,True,WGN,-1,-1
150,-10.0,31,80819076,217,217.0,217,221.0,4.0,4.0,4.0,4.0,True,WGN,-1,-1
150,-10.0,32,2160222444,217,217.0,217,2.0,-215.0,215.0,-215.0,215.0,True,WGN,-1,-1
150,-10.0,33,47152297,217,217.0,217,443.0,226.0,226.0,226.0,226.0,True,WGN,-1,-1
150,-10.0,34,2296289042,217,217.0,217,13.0,-204.0,204.0,-204.00000000000003,204.00000000000003,True,WGN,-1,-1
150,-10.0,35,822640156,217,217.0,217,444.0,227.0,227.0,227.0,227.0,True,WGN,-1,-1
150,-10.0,36,180104555,217,217.0,217,165.0,-52.0,52.0,-52.00000000000001,52.00000000000001,True,WGN,-1,-1
150,-10.0,37,3217237180,217,217.0,217,245.0,28.0,28.0,28.0,28.0,True,WGN,-1,-1
150,-10.0,38,2359958669,217,217.0,217,322.0,105.0,105.0,105.0,105.0,True,WGN,-1,-1
150,-10.0,39,1597330979,217,217.0,217,2.0,-215.0,215.0,-215.0,215.0,True,WGN,-1,-1
150,-10.0,40,3343132409,217,217.0,217,301.0,84.0,84.0,84.0,84.0,True,WGN,-1,-1
150,-10.0,41,1971312424,217,217.0,217,446.0,229.0,229.0,229.0,229.0,True,WGN,-1,-1
150,-10.0,42,3092014268,217,217.0,217,201.0,-16.0,16.0,-16.0,16.0,True,WGN,-1,-1
150,-10.0,43,916877522,217,217.0,217,430.0,213.0,213.0,213.0,213.0,True,WGN,-1,-1
150,-10.0,44,140881536,217,217.0,217,434.0,217.0,217.0,217.0,217.0,True,WGN,-1,-1
150,-10.0,45,2571902968,217,217.0,217,2.0,-215.0,215.0,-215.0,215.0,True,WGN,-1,-1
150,-10.0,46,3716568183,217,217.0,217,308.0,91.0,91.0,91.0,91.0,True,WGN,-1,-1
150,-10.0,47,2621337999,217,217.0,217,445.0,228.0,228.0,228.0,228.0,True,WGN,-1,-1
150,-10.0,48,500578663,217,217.0,217,232.0,15.0,15.0,15.0,15.0,True,WGN,-1,-1
150,-10.0,49,2076983506,217,217.0,217,233.0,16.0,16.0,16.0,16.0,True,WGN,-1,-1
150,-10.0,50,2878551685,217,217.0,217,370.0,153.0,153.0,153.0,153.0,True,WGN,-1,-1
150,-10.0,51,3561574151,217,217.0,217,47.0,-170.0,170.0,-170.0,170.0,True,WGN,-1,-1
150,-10.0,52,1175505710,217,217.0,217,202.0,-15.0,15.0,-15.0,15.0,True,WGN,-1,-1
150,-10.0,53,761831482,217,217.0,217,365.0,148.0,148.0,148.0,148.0,True,WGN,-1,-1
150,-10.0,54,3803600554,217,217.0,217,197.0,-20.0,20.0,-20.0,20.0,True,WGN,-1,-1
150,-10.0,55,3611734494,217,217.0,217,422.0,205.0,205.0,205.00000000000003,205.00000000000003,True,WGN,-1,-1
150,-10.0,56,4228197227,217,217.0,217,347.0,130.0,130.0,130.0,130.0,True,WGN,-1,-1
150,-10.0,57,1758092142,217,217.0,217,2.0,-215.0,215.0,-215.0,215.0,True,WGN,-1,-1
150,-10.0,58,3270379938,217,217.0,217,219.0,2.0,2.0,2.0,2.0,True,WGN,-1,-1
150,-10.0,59,833576067,217,217.0,217,447.0,230.0,230.0,230.0,230.0,True,WGN,-1,-1
150,-10.0,60,2983924440,217,217.0,217,136.0,-81.0,81.0,-81.0,81.0,True,WGN,-1,-1
150,-10.0,61,600111162,217,217.0,217,199.0,-18.0,18.0,-18.000000000000004,18.000000000000004,True,WGN,-1,-1
150,-10.0,62,819632834,217,217.0,217,307.0,90.0,90.0,90.0,90.0,True,WGN,-1,-1
150,-10.0,63,1375030795,217,217.0,217,344.0,127.0,127.0,127.0,127.0,True,WGN,-1,-1
150,-10.0,64,1861892073,217,217.0,217,412.0,195.0,195.0,195.0,195.0,True,WGN,-1,-1
150,-10.0,65,3841052497,217,217.0,217,12.0,-205.0,205.0,-205.00000000000003,205.00000000000003,True,WGN,-1,-1
150,-10.0,66,2923673397,217,217.0,217,447.0,230.0,230.0,230.0,230.0,True,WGN,-1,-1
150,-10.0,67,2900497074,217,217.0,217,2.0,-215.0,215.0,-215.0,215.0,True,WGN,-1,-1
150,-10.0,68,2233372007,217,217.0,217,443.0,226.0,226.0,226.0,226.0,True,WGN,-1,-1
150,-10.0,69,126901861,217,217.0,217,361.0,144.0,144.0,144.00000000000003,144.00000000000003,True,WGN,-1,-1
150,-10.0,70,3323960929,217,217.0,217,4.0,-213.0,213.0,-213.0,213.0,True,WGN,-1,-1
150,-10.0,71,3706069789,217,217.0,217,232.0,15.0,15.0,15.0,15.0,True,WGN,-1,-1
150,-10.0,72,1398128155,217,217.0,217,221.0,4.0,4.0,4.0,4.0,True,WGN,-1,-1
150,-10.0,73,1240863952,217,217.0,217,366.0,149.0,149.0,149.0,149.0,True,WGN,-1,-1
150,-10.0,74,1615821980,217,217.0,217,15.0,-202.0,202.0,-202.0,202.0,True,WGN,-1,-1
150,-10.0,75,4286459238,217,217.0,217,5.0,-212.0,212.0,-212.0,212.0,True,WGN,-1,-1
150,-10.0,76,1037856101,217,217.0,217,2.0,-215.0,215.0,-215.0,215.0,True,WGN,-1,-1
150,-10.0,77,2945373954,217,217.0,217,269.0,52.0,52.0,52.00000000000001,52.00000000000001,True,WGN,-1,-1
150,-10.0,78,2685683099,217,217.0,217,204.0,-13.0,13.0,-13.000000000000002,13.000000000000002,True,WGN,-1,-1
150,-10.0,79,908582186,217,217.0,217,446.0,229.0,229.0,229.0,229.0,True,WGN,-1,-1
150,-10.0,80,226453844,217,217.0,217,7.0,-210.0,210.0,-210.0,210.0,True,WGN,-1,-1
150,-10.0,81,3224319319,217,217.0,217,2.0,-215.0,215.0,-215.0,215.0,True,WGN,-1,-1
150,-10.0,82,779070503,217,217.0,217,446.0,229.0,229.0,229.0,229.0,True,WGN,-1,-1
150,-10.0,83,970789524,217,217.0,217,244.0,27.0,27.0,27.0,27.0,True,WGN,-1,-1
150,-10.0,84,1665912136,217,217.0,217,47.0,-170.0,170.0,-170.0,170.0,True,WGN,-1,-1
150,-10.0,85,607815314,217,217.0,217,130.0,-87.0,87.0,-87.00000000000001,87.00000000000001,True,WGN,-1,-1
150,-10.0,86,3455301879,217,217.0,217,11.0,-206.0,206.0,-206.00000000000003,206.00000000000003,True,WGN,-1,-1
150,-10.0,87,4237910866,217,217.0,217,250.0,33.0,33.0,33.0,33.0,True,WGN,-1,-1
150,-10.0,88,3815382553,217,217.0,217,439.0,222.0,222.0,222.0,222.0,True,WGN,-1,-1
150,-10.0,89,3498378055,217,217.0,217,2.0,-215.0,215.0,-215.0,215.0,True,WGN,-1,-1
150,-10.0,90,2725924724,217,217.0,217,355.0,138.0,138.0,138.0,138.0,True,WGN,-1,-1
150,-10.0,91,805460856,217,217.0,217,3.0,-214.0,214.0,-214.0,214.0,True,WGN,-1,-1
150,-10.0,92,25315730,217,217.0,217,220.0,3.0,3.0,3.0,3.0,True,WGN,-1,-1
150,-10.0,93,1125744663,217,217.0,217,257.0,40.0,40.0,40.0,40.0,True,WGN,-1,-1
150,-10.0,94,933654661,217,217.0,217,446.0,229.0,229.0,229.0,229.0,True,WGN,-1,-1
150,-10.0,95,1462324002,217,217.0,217,4.0,-213.0,213.0,-213.0,213.0,True,WGN,-1,-1
150,-10.0,96,109446511,217,217.0,217,2.0,-215.0,215.0,-215.0,215.0,True,WGN,-1,-1
150,-10.0,97,518657205,217,217.0,217,425.0,208.0,208.0,208.00000000000003,208.00000000000003,True,WGN,-1,-1
150,-10.0,98,2601989189,217,217.0,217,203.0,-14.0,14.0,-14.0,14.0,True,WGN,-1,-1
150,-10.0,99,1607590898,217,217.0,217,62.0,-155.0,155.0,-155.0,155.0,True,WGN,-1,-1
150,-10.0,100,2481056444,217,217.0,217,2.0,-215.0,215.0,-215.0,215.0,True,WGN,-1,-1
150,-10.0,101,1449075648,217,217.0,217,6.0,-211.0,211.0,-211.0,211.0,True,WGN,-1,-1
150,-10.0,102,3044242371,217,217.0,217,25.0,-192.0,192.0,-192.0,192.0,True,WGN,-1,-1
150,-10.0,103,2275494160,217,217.0,217,160.0,-57.0,57.0,-57.0,57.0,True,WGN,-1,-1
150,-10.0,104,2189686959,217,217.0,217,272.0,55.0,55.0,55.0,55.0,True,WGN,-1,-1
150,-10.0,105,3744262341,217,217.0,217,7.0,-210.0,210.0,-210.0,210.0,True,WGN,-1,-1
150,-10.0,106,3281092688,217,217.0,217,239.0,22.0,22.0,22.0,22.0,True,WGN,-1,-1
150,-10.0,107,3312313197,217,217.0,217,243.0,26.0,26.0,26.000000000000004,26.000000000000004,True,WGN,-1,-1
150,-10.0,108,1371569531,217,217.0,217,322.0,105.0,105.0,105.0,105.0,True,WGN,-1,-1
150,-10.0,109,2263783968,217,217.0,217,435.0,218.0,218.0,218.0,218.0,True,WGN,-1,-1
150,-10.0,110,2841135642,217,217.0,217,171.0,-46.0,46.0,-46.0,46.0,True,WGN,-1,-1
150,-10.0,111,577666759,217,217.0,217,2.0,-215.0,215.0,-215.0,215.0,True,WGN,-1,-1
150,-10.0,112,2321190404,217,217.0,217,9.0,-208.0,208.0,-208.00000000000003,208.00000000000003,True,WGN,-1,-1
150,-10.0,113,2056503595,217,217.0,217,243.0,26.0,26.0,26.000000000000004,26.000000000000004,True,WGN,-1,-1
150,-10.0,114,3173012411,217,217.0,217,131.0,-86.0,86.0,-86.0,86.0,True,WGN,-1,-1
150,-10.0,115,2649296650,217,217.0,217,418.0,201.0,201.0,201.0,201.0,True,WGN,-1,-1
150,-10.0,116,1734539630,217,217.0,217,212.0,-5.0,5.0,-5.0,5.0,True,WGN,-1,-1
150,-10.0,117,4026089284,217,217.0,217,363.0,146.0,146.0,146.0,146.0,True,WGN,-1,-1
150,-10.0,118,604668997,217,217.0,217,12.0,-205.0,205.0,-205.00000000000003,205.00000000000003,True,WGN,-1,-1
150,-10.0,119,793895249,217,217.0,217,447.0,230.0,230.0,230.0,230.0,True,WGN,-1,-1
150,-10.0,120,2305358132,217,217.0,217,31.0,-186.0,186.0,-186.0,186.0,True,WGN,-1,-1
150,-10.0,121,2668146156,217,217.0,217,445.0,228.0,228.0,228.0,228.0,True,WGN,-1,-1
150,-10.0,122,4019635318,217,217.0,217,2.0,-215.0,215.0,-215.0,215.0,True,WGN,-1,-1
150,-10.0,123,2471072987,217,217.0,217,447.0,230.0,230.0,230.0,230.0,True,WGN,-1,-1
150,-10.0,124,4043097215,217,217.0,217,132.0,-85.0,85.0,-85.0,85.0,True,WGN,-1,-1
150,-10.0,125,3841079846,217,217.0,217,2.0,-215.0,215.0,-215.0,215.0,True,WGN,-1,-1
150,-10.0,126,3773482365,217,217.0,217,200.0,-17.0,17.0,-17.0,17.0,True,WGN,-1,-1
150,-10.0,127,3588022961,217,217.0,217,48.0,-169.0,169.0,-169.0,169.0,True,WGN,-1,-1
150,-10.0,128,2580215732,217,217.0,217,447.0,230.0,230.0,230.0,230.0,True,WGN,-1,-1
150,-10.0,129,1972781828,217,217.0,217,2.0,-215.0,215.0,-215.0,215.0,True,WGN,-1,-1
150,-10.0,130,3690427367,217,217.0,217,4.0,-213.0,213.0,-213.0,213.0,True,WGN,-1,-1
150,-10.0,131,590378417,217,217.0,217,2.0,-215.0,215.0,-215.0,215.0,True,WGN,-1,-1
150,-10.0,132,3869556080,217,217.0,217,38.0,-179.0,179.0,-179.0,179.0,True,WGN,-1,-1
150,-10.0,133,1548481526,217,217.0,217,2.0,-215.0,215.0,-215.0,215.0,True,WGN,-1,-1
150,-10.0,134,3373822828,217,217.0,217,144.0,-73.0,73.0,-73.0,73.0,True,WGN,-1,-1
150,-10.0,135,1191779015,217,217.0,217,2.0,-215.0,215.0,-215.0,215.0,True,WGN,-1,-1
150,-10.0,136,3364132108,217,217.0,217,229.0,12.0,12.0,12.0,12.0,True,WGN,-1,-1
150,-10.0,137,3947431127,217,217.0,217,94.0,-123.0,123.0,-123.0,123.0,True,WGN,-1,-1
150,-10.0,138,2847957783,217,217.0,217,118.0,-99.0,99.0,-99.0,99.0,True,WGN,-1,-1
150,-10.0,139,347618819,217,217.0,217,388.0,171.0,171.0,171.0,171.0,True,WGN,-1,-1
150,-10.0,140,3315756532,217,217.0,217,47.0,-170.0,170.0,-170.0,170.0,True,WGN,-1,-1
150,-10.0,141,2021364892,217,217.0,217,237.0,20.0,20.0,20.0,20.0,True,WGN,-1,-1
150,-10.0,142,2253531680,217,217.0,217,396.0,179.0,179.0,179.0,179.0,True,WGN,-1,-1
150,-10.0,143,601220462,217,217.0,217,65.0,-152.0,152.0,-152.0,152.0,True,WGN,-1,-1
150,-10.0,144,3419000268,217,217.0,217,241.0,24.0,24.0,24.0,24.0,True,WGN,-1,-1
150,-10.0,145,1396383672,217,217.0,217,24.0,-193.0,193.0,-193.0,193.0,True,WGN,-1,-1
150,-10.0,146,1612064518,217,217.0,217,5.0,-212.0,212.0,-212.0,212.0,True,WGN,-1,-1
150,-10.0,147,3444868098,217,217.0,217,286.0,69.0,69.0,69.0,69.0,True,WGN,-1,-1
150,-10.0,148,3193699164,217,217.0,217,13.0,-204.0,204.0,-204.00000000000003,204.00000000000003,True,WGN,-1,-1
150,-10.0,149,1257670577,217,217.0,217,419.0,202.0,202.0,202.0,202.0,True,WGN,-1,-1
150,-10.0,150,1974017751,217,217.0,217,2.0,-215.0,215.0,-215.0,215.0,True,WGN,-1,-1
150,-10.0,151,82686327,217,217.0,217,2.0,-215.0,215.0,-215.0,215.0,True,WGN,-1,-1
150,-10.0,152,3720496998,217,217.0,217,223.0,6.0,6.0,6.0,6.0,True,WGN,-1,-1
150,-10.0,153,4134747108,217,217.0,217,432.0,215.0,215.0,215.0,215.0,True,WGN,-1,-1
150,-10.0,154,2145226562,217,217.0,217,4.0,-213.0,213.0,-213.0,213.0,True,WGN,-1,-1
150,-10.0,155,1825482996,217,217.0,217,58.0,-159.0,159.0,-159.0,159.0,True,WGN,-1,-1
150,-10.0,156,1596566047,217,217.0,217,3.0,-214.0,214.0,-214.0,214.0,True,WGN,-1,-1
150,-10.0,157,335261836,217,217.0,217,29.0,-188.0,188.0,-188.0,188.0,True,WGN,-1,-1
150,-10.0,158,477941449,217,217.0,217,190.0,-27.0,27.0,-27.0,27.0,True,WGN,-1,-1
150,-10.0,159,990969858,217,217.0,217,396.0,179.0,179.0,179.0,179.0,True,WGN,-1,-1
150,-10.0,160,3113904283,217,217.0,217,63.0,-154.0,154.0,-154.0,154.0,True,WGN,-1,-1
150,-10.0,161,426764838,217,217.0,217,67.0,-150.0,150.0,-150.0,150.0,True,WGN,-1,-1
150,-10.0,162,1384553165,217,217.0,217,411.0,194.0,194.0,194.0,194.0,True,WGN,-1,-1
150,-10.0,163,4177960148,217,217.0,217,19.0,-198.0,198.0,-198.0,198.0,True,WGN,-1,-1
150,-10.0,164,2326152618,217,217.0,217,309.0,92.0,92.0,92.0,92.0,True,WGN,-1,-1
150,-10.0,165,421469776,217,217.0,217,35.0,-182.0,182.0,-182.0,182.0,True,WGN,-1,-1
150,-10.0,166,1688122349,217,217.0,217,229.0,12.0,12.0,12.0,12.0,True,WGN,-1,-1
150,-10.0,167,1826895643,217,217.0,217,104.0,-113.0,113.0,-113.0,113.0,True,WGN,-1,-1
150,-10.0,168,296007172,217,217.0,217,73.0,-144.0,144.0,-144.00000000000003,144.00000000000003,True,WGN,-1,-1
150,-10.0,169,3822225195,217,217.0,217,253.0,36.0,36.0,36.00000000000001,36.00000000000001,True,WGN,-1,-1
150,-10.0,170,750238809,217,217.0,217,77.0,-140.0,140.0,-140.0,140.0,True,WGN,-1,-1
150,-10.0,171,1303543198,217,217.0,217,7.0,-210.0,210.0,-210.0,210.0,True,WGN,-1,-1
150,-10.0,172,1558608654,217,217.0,217,26.0,-191.0,191.0,-191.0,191.0,True,WGN,-1,-1
150,-10.0,173,671098485,217,217.0,217,447.0,230.0,230.0,230.0,230.0,True,WGN,-1,-1
150,-10.0,174,1326766462,217,217.0,217,394.0,177.0,177.0,177.0,177.0,True,WGN,-1,-1
150,-10.0,175,2638375403,217,217.0,217,230.0,13.0,13.0,13.000000000000002,13.000000000000002,True,WGN,-1,-1
150,-10.0,176,2950112558,217,217.0,217,431.0,214.0,214.0,214.0,214.0,True,WGN,-1,-1
150,-10.0,177,1752266170,217,217.0,217,447.0,230.0,230.0,230.0,230.0,True,WGN,-1,-1
150,-10.0,178,3831927051,217,217.0,217,14.0,-203.0,203.0,-203.0,203.0,True,WGN,-1,-1
150,-10.0,179,3149221786,217,217.0,217,197.0,-20.0,20.0,-20.0,20.0,True,WGN,-1,-1
150,-10.0,180,1838231440,217,217.0,217,436.0,219.0,219.0,219.0,219.0,True,WGN,-1,-1
150,-10.0,181,1592879273,217,217.0,217,443.0,226.0,226.0,226.0,226.0,True,WGN,-1,-1
150,-10.0,182,732570616,217,217.0,217,2.0,-215.0,215.0,-215.0,215.0,True,WGN,-1,-1
150,-10.0,183,78379428,217,217.0,217,211.0,-6.0,6.0,-6.0,6.0,True,WGN,-1,-1
150,-10.0,184,3669899717,217,217.0,217,223.0,6.0,6.0,6.0,6.0,True,WGN,-1,-1
150,-10.0,185,837324817,217,217.0,217,10.0,-207.0,207.0,-207.00000000000003,207.00000000000003,True,WGN,-1,-1
150,-10.0,186,3841244008,217,217.0,217,434.0,217.0,217.0,217.0,217.0,True,WGN,-1,-1
150,-10.0,187,78335029,217,217.0,217,229.0,12.0,12.0,12.0,12.0,True,WGN,-1,-1
150,-10.0,188,3745635603,217,217.0,217,365.0,148.0,148.0,148.0,148.0,True,WGN,-1,-1
150,-10.0,189,488778932,217,217.0,217,3.0,-214.0,214.0,-214.0,214.0,True,WGN,-1,-1
150,-10.0,190,688828928,217,217.0,217,246.0,29.0,29.0,29.0,29.0,True,WGN,-1,-1
150,-10.0,191,1584375348,217,217.0,217,2.0,-215.0,215.0,-215.0,215.0,True,WGN,-1,-1
150,-10.0,192,3946014094,217,217.0,217,3.0,-214.0,214.0,-214.0,214.0,True,WGN,-1,-1
150,-10.0,193,4249852040,217,217.0,217,222.0,5.0,5.0,5.0,5.0,True,WGN,-1,-1
150,-10.0,194,2110498255,217,217.0,217,201.0,-16.0,16.0,-16.0,16.0,True,WGN,-1,-1
150,-10.0,195,4216630512,217,217.0,217,224.0,7.0,7.0,7.0,7.0,True,WGN,-1,-1
150,-10.0,196,3552015638,217,217.0,217,308.0,91.0,91.0,91.0,91.0,True,WGN,-1,-1
150,-10.0,197,1687284884,217,217.0,217,439.0,222.0,222.0,222.0,222.0,True,WGN,-1,-1
150,-10.0,198,2744703542,217,217.0,217,42.0,-175.0,175.0,-175.00000000000003,175.00000000000003,True,WGN,-1,-1
150,-10.0,199,2093579153,217,217.0,217,107.0,-110.0,110.0,-110.0,110.0,True,WGN,-1,-1
150,-8.0,0,450724243,217,217.0,217,307.0,90.0,90.0,90.0,90.0,True,WGN,-1,-1
150,-8.0,1,142969953,217,217.0,217,237.0,20.0,20.0,20.0,20.0,True,WGN,-1,-1
150,-8.0,2,1026190443,217,217.0,217,303.0,86.0,86.0,86.0,86.0,True,WGN,-1,-1
150,-8.0,3,1460068305,217,217.0,217,229.0,12.0,12.0,12.0,12.0,True,WGN,-1,-1
150,-8.0,4,920810115,217,217.0,217,164.0,-53.0,53.0,-53.0,53.0,True,WGN,-1,-1
150,-8.0,5,1974344278,217,217.0,217,230.0,13.0,13.0,13.000000000000002,13.000000000000002,True,WGN,-1,-1
150,-8.0,6,2659172689,217,217.0,217,19.0,-198.0,198.0,-198.0,198.0,True,WGN,-1,-1
150,-8.0,7,4124311776,217,217.0,217,214.0,-3.0,3.0,-3.0,3.0,True,WGN,-1,-1
150,-8.0,8,3933766730,217,217.0,217,104.0,-113.0,113.0,-113.0,113.0,True,WGN,-1,-1
150,-8.0,9,2869007272,217,217.0,217,323.0,106.0,106.0,106.0,106.0,True,WGN,-1,-1
150,-8.0,10,827468363,217,217.0,217,169.0,-48.0,48.0,-48.0,48.0,True,WGN,-1,-1
150,-8.0,11,3663395679,217,217.0,217,2.0,-215.0,215.0,-215.0,215.0,True,WGN,-1,-1
150,-8.0,12,3247416073,217,217.0,217,179.0,-38.0,38.0,-38.0,38.0,True,WGN,-1,-1
150,-8.0,13,1160518749,217,217.0,217,432.0,215.0,215.0,215.0,215.0,True,WGN,-1,-1
150,-8.0,14,406047458,217,217.0,217,136.0,-81.0,81.0,-81.0,81.0,True,WGN,-1,-1
150,-8.0,15,347450086,217,217.0,217,230.0,13.0,13.0,13.000000000000002,13.000000000000002,True,WGN,-1,-1
150,-8.0,16,1961962848,217,217.0,217,244.0,27.0,27.0,27.0,27.0,True,WGN,-1,-1
150,-8.0,17,3881858365,217,217.0,217,269.0,52.0,52.0,52.00000000000001,52.00000000000001,True,WGN,-1,-1
150,-8.0,18,1878521776,217,217.0,217,405.0,188.0,188.0,188.0,188.0,True,WGN,-1,-1
150,-8.0,19,116252910,217,217.0,217,440.0,223.0,223.0,223.0,223.0,True,WGN,-1,-1
150,-8.0,20,1356929735,217,217.0,217,194.0,-23.0,23.0,-23.0,23.0,True,WGN,-1,-1
150,-8.0,21,2298481344,217,217.0,217,352.0,135.0,135.0,135.0,135.0,True,WGN,-1,-1
150,-8.0,22,2095401151,217,217.0,217,274.0,57.0,57.0,57.0,57.0,True,WGN,-1,-1
150,-8.0,23,1287807135,217,217.0,217,219.0,2.0,2.0,2.0,2.0,True,WGN,-1,-1
150,-8.0,24,3494089916,217,217.0,217,363.0,146.0,146.0,146.0,146.0,True,WGN,-1,-1
150,-8.0,25,1412026621,217,217.0,217,9.0,-208.0,208.0,-208.00000000000003,208.00000000000003,True,WGN,-1,-1
150,-8.0,26,3379964510,217,217.0,217,159.0,-58.0,58.0,-58.0,58.0,True,WGN,-1,-1
150,-8.0,27,751616190,217,217.0,217,209.0,-8.0,8.0,-8.0,8.0,True,WGN,-1,-1
150,-8.0,28,2336289902,217,217.0,217,65.0,-152.0,152.0,-152.0,152.0,True,WGN,-1,-1
150,-8.0,29,1125627321,217,217.0,217,8.0,-209.0,209.0,-209.0,209.0,True,WGN,-1,-1
150,-8.0,30,1658296080,217,217.0,217,207.0,-10.0,10.0,-10.0,10.0,True,WGN,-1,-1
150,-8.0,31,865939933,217,217.0,217,245.0,28.0,28.0,28.0,28.0,True,WGN,-1,-1
150,-8.0,32,2936981861,217,217.0,217,271.0,54.0,54.0,54.0,54.0,True,WGN,-1,-1
150,-8.0,33,895334252,217,217.0,217,213.0,-4.0,4.0,-4.0,4.0,True,WGN,-1,-1
150,-8.0,34,2752007681,217,217.0,217,4.0,-213.0,213.0,-213.0,213.0,True,WGN,-1,-1
150,-8.0,35,2707775032,217,217.0,217,3.0,-214.0,214.0,-214.0,214.0,True,WGN,-1,-1
150,-8.0,36,1358360146,217,217.0,217,440.0,223.0,223.0,223.0,223.0,True,WGN,-1,-1
150,-8.0,37,1615445998,217,217.0,217,264.0,47.0,47.0,47.0,47.0,True,WGN,-1,-1
150,-8.0,38,1516068297,217,217.0,217,207.0,-10.0,10.0,-10.0,10.0,True,WGN,-1,-1
150,-8.0,39,807850330,217,217.0,217,2.0,-215.0,215.0,-215.0,215.0,True,WGN,-1,-1
150,-8.0,40,533132133,217,217.0,217,149.0,-68.0,68.0,-68.0,68.0,True,WGN,-1,-1
150,-8.0,41,3379833117,217,217.0,217,222.0,5.0,5.0,5.0,5.0,True,WGN,-1,-1
150,-8.0,42,2395633032,217,217.0,217,117.0,-100.0,100.0,-100.0,100.0,True,WGN,-1,-1
150,-8.0,43,4245473877,217,217.0,217,235.0,18.0,18.0,18.000000000000004,18.000000000000004,True,WGN,-1,-1
150,-8.0,44,959407011,217,217.0,217,242.0,25.0,25.0,25.0,25.0,True,WGN,-1,-1
150,-8.0,45,2009201913,217,217.0,217,190.0,-27.0,27.0,-27.0,27.0,True,WGN,-1,-1
150,-8.0,46,1949696331,217,217.0,217,217.0,0.0,0.0,0.0,0.0,True,WGN,-1,-1
150,-8.0,47,2522475716,217,217.0,217,234.0,17.0,17.0,17.0,17.0,True,WGN,-1,-1
150,-8.0,48,2904576339,217,217.0,217,262.0,45.0,45.0,45.0,45.0,True,WGN,-1,-1
150,-8.0,49,4264403797,217,217.0,217,420.0,203.0,203.0,203.0,203.0,True,WGN,-1,-1
150,-8.0,50,2382342331,217,217.0,217,2.0,-215.0,215.0,-215.0,215.0,True,WGN,-1,-1
150,-8.0,51,2691416708,217,217.0,217,2.0,-215.0,215.0,-215.0,215.0,True,WGN,-1,-1
150,-8.0,52,2308829681,217,217.0,217,434.0,217.0,217.0,217.0,217.0,True,WGN,-1,-1
150,-8.0,53,2138813709,217,217.0,217,422.0,205.0,205.0,205.00000000000003,205.00000000000003,True,WGN,-1,-1
150,-8.0,54,1317396074,217,217.0,217,234.0,17.0,17.0,17.0,17.0,True,WGN,-1,-1
150,-8.0,55,1884267577,217,217.0,217,219.0,2.0,2.0,2.0,2.0,True,WGN,-1,-1
150,-8.0,56,900431272,217,217.0,217,230.0,13.0,13.0,13.000000000000002,13.000000000000002,True,WGN,-1,-1
150,-8.0,57,2077896179,217,217.0,217,9.0,-208.0,208.0,-208.00000000000003,208.00000000000003,True,WGN,-1,-1
150,-8.0,58,4100701509,217,217.0,217,54.0,-163.0,163.0,-163.0,163.0,True,WGN,-1,-1
150,-8.0,59,1406351642,217,217.0,217,3.0,-214.0,214.0,-214.0,214.0,True,WGN,-1,-1
150,-8.0,60,4025355394,217,217.0,217,348.0,131.0,131.0,131.0,131.0,True,WGN,-1,-1
150,-8.0,61,2597518785,217,217.0,217,38.0,-179.0,179.0,-179.0,179.0,True,WGN,-1,-1
150,-8.0,62,2314118374,217,217.0,217,220.0,3.0,3.0,3.0,3.0,True,WGN,-1,-1
150,-8.0,63,705141389,217,217.0,217,238.0,21.0,21.0,21.0,21.0,True,WGN,-1,-1
150,-8.0,64,3790344277,217,217.0,217,216.0,-1.0,1.0,-1.0,1.0,True,WGN,-1,-1
150,-8.0,65,1087874322,217,217.0,217,113.0,-104.0,104.0,-104.00000000000001,104.00000000000001,True,WGN,-1,-1
150,-8.0,66,1165818489,217,217.0,217,8.0,-209.0,209.0,-209.0,209.0,True,WGN,-1,-1
150,-8.0,67,1944852506,217,217.0,217,406.0,189.0,189.0,189.0,189.0,True,WGN,-1,-1
150,-8.0,68,1226094739,217,217.0,217,208.0,-9.0,9.0,-9.000000000000002,9.000000000000002,True,WGN,-1,-1
150,-8.0,69,2093870016,217,217.0,217,216.0,-1.0,1.0,-1.0,1.0,True,WGN,-1,-1
150,-8.0,70,3151411304,217,217.0,217,229.0,12.0,12.0,12.0,12.0,True,WGN,-1,-1
150,-8.0,71,3206765246,217,217.0,217,49.0,-168.0,168.0,-168.0,168.0,True,WGN,-1,-1
150,-8.0,72,3343400108,217,217.0,217,145.0,-72.0,72.0,-72.00000000000001,72.00000000000001,True,WGN,-1,-1
150,-8.0,73,450279931,217,217.0,217,2.0,-215.0,215.0,-215.0,215.0,True,WGN,-1,-1
150,-8.0,74,3133488182,217,217.0,217,143.0,-74.0,74.0,-74.0,74.0,True,WGN,-1,-1
150,-8.0,75,4210295943,217,217.0,217,2.0,-215.0,215.0,-215.0,215.0,True,WGN,-1,-1
150,-8.0,76,1224353584,217,217.0,217,283.0,66.0,66.0,66.0,66.0,True,WGN,-1,-1
150,-8.0,77,1356174572,217,217.0,217,292.0,75.0,75.0,75.0,75.0,True,WGN,-1,-1
150,-8.0,78,1532684477,217,217.0,217,231.0,14.0,14.0,14.0,14.0,True,WGN,-1,-1
150,-8.0,79,1606514752,217,217.0,217,447.0,230.0,230.0,230.0,230.0,True,WGN,-1,-1
150,-8.0,80,952459196,217,217.0,217,228.0,11.0,11.0,11.0,11.0,True,WGN,-1,-1
150,-8.0,81,4263879109,217,217.0,217,161.0,-56.0,56.0,-56.0,56.0,True,WGN,-1,-1
150,-8.0,82,957035032,217,217.0,217,254.0,37.0,37.0,37.0,37.0,True,WGN,-1,-1
150,-8.0,83,3652554913,217,217.0,217,211.0,-6.0,6.0,-6.0,6.0,True,WGN,-1,-1
150,-8.0,84,3549408175,217,217.0,217,234.0,17.0,17.0,17.0,17.0,True,WGN,-1,-1
150,-8.0,85,492123337,217,217.0,217,221.0,4.0,4.0,4.0,4.0,True,WGN,-1,-1
150,-8.0,86,1788614105,217,217.0,217,261.0,44.0,44.0,44.0,44.0,True,WGN,-1,-1
150,-8.0,87,1584439156,217,217.0,217,5.0,-212.0,212.0,-212.0,212.0,True,WGN,-1,-1
150,-8.0,88,4029341854,217,217.0,217,340.0,123.0,123.0,123.0,123.0,True,WGN,-1,-1
150,-8.0,89,1510921338,217,217.0,217,2.0,-215.0,215.0,-215.0,215.0,True,WGN,-1,-1
150,-8.0,90,79279965,217,217.0,217,414.0,197.0,197.0,197.0,197.0,True,WGN,-1,-1
150,-8.0,91,3281722415,217,217.0,217,422.0,205.0,205.0,205.00000000000003,205.00000000000003,True,WGN,-1,-1
150,-8.0,92,2356321739,217,217.0,217,157.0,-60.0,60.0,-60.0,60.0,True,WGN,-1,-1
150,-8.0,93,10081078,217,217.0,217,231.0,14.0,14.0,14.0,14.0,True,WGN,-1,-1
150,-8.0,94,961170195,217,217.0,217,230.0,13.0,13.0,13.000000000000002,13.000000000000002,True,WGN,-1,-1
150,-8.0,95,1919463925,217,217.0,217,271.0,54.0,54.0,54.0,54.0,True,WGN,-1,-1
150,-8.0,96,3964139132,217,217.0,217,427.0,210.0,210.0,210.0,210.0,True,WGN,-1,-1
150,-8.0,97,4256986410,217,217.0,217,291.0,74.0,74.0,74.0,74.0,True,WGN,-1,-1
150,-8.0,98,3157048079,217,217.0,217,222.0,5.0,5.0,5.0,5.0,True,WGN,-1,-1
150,-8.0,99,3995820341,217,217.0,217,222.0,5.0,5.0,5.0,5.0,True,WGN,-1,-1
150,-8.0,100,221028864,217,217.0,217,445.0,228.0,228.0,228.0,228.0,True,WGN,-1,-1
150,-8.0,101,3724071518,217,217.0,217,221.0,4.0,4.0,4.0,4.0,True,WGN,-1,-1
150,-8.0,102,3709208234,217,217.0,217,232.0,15.0,15.0,15.0,15.0,True,WGN,-1,-1
150,-8.0,103,702240000,217,217.0,217,161.0,-56.0,56.0,-56.0,56.0,True,WGN,-1,-1
150,-8.0,104,2302202242,217,217.0,217,17.0,-200.0,200.0,-200.0,200.0,True,WGN,-1,-1
150,-8.0,105,717297240,217,217.0,217,207.0,-10.0,10.0,-10.0,10.0,True,WGN,-1,-1
150,-8.0,106,815415010,217,217.0,217,444.0,227.0,227.0,227.0,227.0,True,WGN,-1,-1
150,-8.0,107,1062280044,217,217.0,217,238.0,21.0,21.0,21.0,21.0,True,WGN,-1,-1
150,-8.0,108,2761693330,217,217.0,217,203.0,-14.0,14.0,-14.0,14.0,True,WGN,-1,-1
150,-8.0,109,341801972,217,217.0,217,221.0,4.0,4.0,4.0,4.0,True,WGN,-1,-1
150,-8.0,110,196411726,217,217.0,217,200.0,-17.0,17.0,-17.0,17.0,True,WGN,-1,-1
150,-8.0,111,363958232,217,217.0,217,236.0,19.0,19.0,19.0,19.0,True,WGN,-1,-1
150,-8.0,112,4227960932,217,217.0,217,436.0,219.0,219.0,219.0,219.0,True,WGN,-1,-1
150,-8.0,113,1558156547,217,217.0,217,251.0,34.0,34.0,34.0,34.0,True,WGN,-1,-1
150,-8.0,114,177729012,217,217.0,217,447.0,230.0,230.0,230.0,230.0,True,WGN,-1,-1
150,-8.0,115,3616963395,217,217.0,217,252.0,35.0,35.0,35.0,35.0,True,WGN,-1,-1
150,-8.0,116,357183599,217,217.0,217,403.0,186.0,186.0,186.0,186.0,True,WGN,-1,-1
150,-8.0,117,2117903785,217,217.0,217,145.0,-72.0,72.0,-72.00000000000001,72.00000000000001,True,WGN,-1,-1
150,-8.0,118,2802135652,217,217.0,217,201.0,-16.0,16.0,-16.0,16.0,True,WGN,-1,-1
150,-8.0,119,3965944577,217,217.0,217,14.0,-203.0,203.0,-203.0,203.0,True,WGN,-1,-1
150,-8.0,120,3113777879,217,217.0,217,207.0,-10.0,10.0,-10.0,10.0,True,WGN,-1,-1
150,-8.0,121,2062100169,217,217.0,217,2.0,-215.0,215.0,-215.0,215.0,True,WGN,-1,-1
150,-8.0,122,2787865044,217,217.0,217,446.0,229.0,229.0,229.0,229.0,True,WGN,-1,-1
150,-8.0,123,396650873,217,217.0,217,439.0,222.0,222.0,222.0,222.0,True,WGN,-1,-1
150,-8.0,124,1936995657,217,217.0,217,195.0,-22.0,22.0,-22.0,22.0,True,WGN,-1,-1
150,-8.0,125,2277173975,217,217.0,217,59.0,-158.0,158.0,-158.0,158.0,True,WGN,-1,-1
150,-8.0,126,1465079833,217,217.0,217,244.0,27.0,27.0,27.0,27.0,True,WGN,-1,-1
150,-8.0,127,1026002412,217,217.0,217,293.0,76.0,76.0,76.0,76.0,True,WGN,-1,-1
150,-8.0,128,2568251943,217,217.0,217,188.0,-29.0,29.0,-29.0,29.0,True,WGN,-1,-1
150,-8.0,129,3928529538,217,217.0,217,194.0,-23.0,23.0,-23.0,23.0,True,WGN,-1,-1
150,-8.0,130,2198897233,217,217.0,217,243.0,26.0,26.0,26.000000000000004,26.000000000000004,True,WGN,-1,-1
150,-8.0,131,3871753125,217,217.0,217,327.0,110.0,110.0,110.0,110.0,True,WGN,-1,-1
150,-8.0,132,365078269,217,217.0,217,9.0,-208.0,208.0,-208.00000000000003,208.00000000000003,True,WGN,-1,-1
150,-8.0,133,2882209356,217,217.0,217,2.0,-215.0,215.0,-215.0,215.0,True,WGN,-1,-1
150,-8.0,134,2625880464,217,217.0,217,229.0,12.0,12.0,12.0,12.0,True,WGN,-1,-1
150,-8.0,135,2911442794,217,217.0,217,24.0,-193.0,193.0,-193.0,193.0,True,WGN,-1,-1
150,-8.0,136,310744413,217,217.0,217,2.0,-215.0,215.0,-215.0,215.0,True,WGN,-1,-1
150,-8.0,137,3986601676,217,217.0,217,255.0,38.0,38.0,38.0,38.0,True,WGN,-1,-1
150,-8.0,138,611845381,217,217.0,217,229.0,12.0,12.0,12.0,12.0,True,WGN,-1,-1
150,-8.0,139,1332158081,217,217.0,217,217.0,0.0,0.0,0.0,0.0,True,WGN,-1,-1
150,-8.0,140,244329916,217,217.0,217,112.0,-105.0,105.0,-105.0,105.0,True,WGN,-1,-1
150,-8.0,141,3024533778,217,217.0,217,147.0,-70.0,70.0,-70.0,70.0,True,WGN,-1,-1
150,-8.0,142,1513429817,217,217.0,217,3.0,-214.0,214.0,-214.0,214.0,True,WGN,-1,-1
150,-8.0,143,3645526017,217,217.0,217,223.0,6.0,6.0,6.0,6.0,True,WGN,-1,-1
150,-8.0,144,2049230883,217,217.0,217,216.0,-1.0,1.0,-1.0,1.0,True,WGN,-1,-1
150,-8.0,145,3976741443,217,217.0,217,261.0,44.0,44.0,44.0,44.0,True,WGN,-1,-1
150,-8.0,146,1870895514,217,217.0,217,134.0,-83.0,83.0,-83.0,83.0,True,WGN,-1,-1
150,-8.0,147,3802661363,217,217.0,217,314.0,97.0,97.0,97.0,97.0,True,WGN,-1,-1
150,-8.0,148,936860214,217,217.0,217,319.0,102.0,102.0,102.00000000000001,102.00000000000001,True,WGN,-1,-1
150,-8.0,149,12144766,217,217.0,217,245.0,28.0,28.0,28.0,28.0,True,WGN,-1,-1
150,-8.0,150,1588519551,217,217.0,217,294.0,77.0,77.0,77.0,77.0,True,WGN,-1,-1
150,-8.0,151,1730924464,217,217.0,217,272.0,55.0,55.0,55.0,55.0,True,WGN,-1,-1
150,-8.0,152,3521417041,217,217.0,217,294.0,77.0,77.0,77.0,77.0,True,WGN,-1,-1
150,-8.0,153,1251356165,217,217.0,217,255.0,38.0,38.0,38.0,38.0,True,WGN,-1,-1
150,-8.0,154,392781035,217,217.0,217,221.0,4.0,4.0,4.0,4.0,True,WGN,-1,-1
150,-8.0,155,1074034528,217,217.0,217,2.0,-215.0,215.0,-215.0,215.0,True,WGN,-1,-1
150,-8.0,156,4229851054,217,217.0,217,2.0,-215.0,215.0,-215.0,215.0,True,WGN,-1,-1
150,-8.0,157,731172866,217,217.0,217,217.0,0.0,0.0,0.0,0.0,True,WGN,-1,-1
150,-8.0,158,887889980,217,217.0,217,152.0,-65.0,65.0,-65.0,65.0,True,WGN,-1,-1
150,-8.0,159,1446205672,217,217.0,217,129.0,-88.0,88.0,-88.0,88.0,True,WGN,-1,-1
150,-8.0,160,98451811,217,217.0,217,166.0,-51.0,51.0,-51.00000000000001,51.00000000000001,True,WGN,-1,-1
150,-8.0,161,3589955730,217,217.0,217,221.0,4.0,4.0,4.0,4.0,True,WGN,-1,-1
150,-8.0,162,219743315,217,217.0,217,265.0,48.0,48.0,48.0,48.0,True,WGN,-1,-1
150,-8.0,163,3089175963,217,217.0,217,2.0,-215.0,215.0,-215.0,215.0,True,WGN,-1,-1
150,-8.0,164,1589690153,217,217.0,217,252.0,35.0,35.0,35.0,35.0,True,WGN,-1,-1
150,-8.0,165,3077727619,217,217.0,217,222.0,5.0,5.0,5.0,5.0,True,WGN,-1,-1
150,-8.0,166,4259114466,217,217.0,217,215.0,-2.0,2.0,-2.0,2.0,True,WGN,-1,-1
150,-8.0,167,2868124916,217,217.0,217,153.0,-64.0,64.0,-64.0,64.0,True,WGN,-1,-1
150,-8.0,168,3367591104,217,217.0,217,235.0,18.0,18.0,18.000000000000004,18.000000000000004,True,WGN,-1,-1
150,-8.0,169,3355720728,217,217.0,217,230.0,13.0,13.0,13.000000000000002,13.000000000000002,True,WGN,-1,-1
150,-8.0,170,2491200389,217,217.0,217,202.0,-15.0,15.0,-15.0,15.0,True,WGN,-1,-1
150,-8.0,171,3791589408,217,217.0,217,406.0,189.0,189.0,189.0,189.0,True,WGN,-1,-1
150,-8.0,172,837137779,217,217.0,217,4.0,-213.0,213.0,-213.0,213.0,True,WGN,-1,-1
150,-8.0,173,2861221746,217,217.0,217,219.0,2.0,2.0,2.0,2.0,True,WGN,-1,-1
150,-8.0,174,1941618672,217,217.0,217,222.0,5.0,5.0,5.0,5.0,True,WGN,-1,-1
150,-8.0,175,864923097,217,217.0,217,447.0,230.0,230.0,230.0,230.0,True,WGN,-1,-1
150,-8.0,176,3974359636,217,217.0,217,197.0,-20.0,20.0,-20.0,20.0,True,WGN,-1,-1
150,-8.0,177,246669149,217,217.0,217,219.0,2.0,2.0,2.0,2.0,True,WGN,-1,-1
150,-8.0,178,2027667735,217,217.0,217,210.0,-7.0,7.0,-7.0,7.0,True,WGN,-1,-1
150,-8.0,179,748044007,217,217.0,217,150.0,-67.0,67.0,-67.0,67.0,True,WGN,-1,-1
150,-8.0,180,120517832,217,217.0,217,229.0,12.0,12.0,12.0,12.0,True,WGN,-1,-1
150,-8.0,181,1522409588,217,217.0,217,2.0,-215.0,215.0,-215.0,215.0,True,WGN,-1,-1
150,-8.0,182,2421591794,217,217.0,217,229.0,12.0,12.0,12.0,12.0,True,WGN,-1,-1
150,-8.0,183,2606858552,217,217.0,217,435.0,218.0,218.0,218.0,218.0,True,WGN,-1,-1
150,-8.0,184,1848538996,217,217.0,217,106.0,-111.0,111.0,-111.0,111.0,True,WGN,-1,-1
150,-8.0,185,1033520312,217,217.0,217,2.0,-215.0,215.0,-215.0,215.0,True,WGN,-1,-1
150,-8.0,186,3897101739,217,217.0,217,220.0,3.0,3.0,3.0,3.0,True,WGN,-1,-1
150,-8.0,187,1675222208,217,217.0,217,2.0,-215.0,215.0,-215.0,215.0,True,WGN,-1,-1
150,-8.0,188,2201110100,217,217.0,217,6.0,-211.0,211.0,-211.0,211.0,True,WGN,-1,-1
150,-8.0,189,4105890655,217,217.0,217,231.0,14.0,14.0,14.0,14.0,True,WGN,-1,-1
150,-8.0,190,2326527277,217,217.0,217,190.0,-27.0,27.0,-27.0,27.0,True,WGN,-1,-1
150,-8.0,191,566505039,217,217.0,217,420.0,203.0,203.0,203.0,203.0,True,WGN,-1,-1
150,-8.0,192,154137062,217,217.0,217,6.0,-211.0,211.0,-211.0,211.0,True,WGN,-1,-1
150,-8.0,193,1216102305,217,217.0,217,39.0,-178.0,178.0,-178.0,178.0,True,WGN,-1,-1
150,-8.0,194,4093252094,217,217.0,217,2.0,-215.0,215.0,-215.0,215.0,True,WGN,-1,-1
150,-8.0,195,1456530083,217,217.0,217,222.0,5.0,5.0,5.0,5.0,True,WGN,-1,-1
150,-8.0,196,1443706816,217,217.0,217,342.0,125.0,125.0,125.0,125.0,True,WGN,-1,-1
150,-8.0,197,442139379,217,217.0,217,447.0,230.0,230.0,230.0,230.0,True,WGN,-1,-1
150,-8.0,198,3877851595,217,217.0,217,221.0,4.0,4.0,4.0,4.0,True,WGN,-1,-1
150,-8.0,199,3410733564,217,217.0,217,6.0,-211.0,211.0,-211.0,211.0,True,WGN,-1,-1
150,-6.0,0,2007822793,217,217.0,217,241.0,24.0,24.0,24.0,24.0,True,WGN,-1,-1
150,-6.0,1,3461245539,217,217.0,217,230.0,13.0,13.0,13.000000000000002,13.000000000000002,True,WGN,-1,-1
150,-6.0,2,1890172032,217,217.0,217,234.0,17.0,17.0,17.0,17.0,True,WGN,-1,-1
150,-6.0,3,1406050988,217,217.0,217,191.0,-26.0,26.0,-26.000000000000004,26.000000000000004,True,WGN,-1,-1
150,-6.0,4,1738323118,217,217.0,217,303.0,86.0,86.0,86.0,86.0,True,WGN,-1,-1
150,-6.0,5,3048641659,217,217.0,217,201.0,-16.0,16.0,-16.0,16.0,True,WGN,-1,-1
150,-6.0,6,1769011040,217,217.0,217,306.0,89.0,89.0,89.0,89.0,True,WGN,-1,-1
150,-6.0,7,2787620600,217,217.0,217,246.0,29.0,29.0,29.0,29.0,True,WGN,-1,-1
150,-6.0,8,1623577673,217,217.0,217,194.0,-23.0,23.0,-23.0,23.0,True,WGN,-1,-1
150,-6.0,9,4142144918,217,217.0,217,199.0,-18.0,18.0,-18.000000000000004,18.000000000000004,True,WGN,-1,-1
150,-6.0,10,2762096582,217,217.0,217,230.0,13.0,13.0,13.000000000000002,13.000000000000002,True,WGN,-1,-1
150,-6.0,11,3129875429,217,217.0,217,237.0,20.0,20.0,20.0,20.0,True,WGN,-1,-1
150,-6.0,12,28519549,217,217.0,217,222.0,5.0,5.0,5.0,5.0,True,WGN,-1,-1
150,-6.0,13,3593902887,217,217.0,217,221.0,4.0,4.0,4.0,4.0,True,WGN,-1,-1
150,-6.0,14,2328729199,217,217.0,217,255.0,38.0,38.0,38.0,38.0,True,WGN,-1,-1
150,-6.0,15,826613885,217,217.0,217,240.0,23.0,23.0,23.0,23.0,True,WGN,-1,-1
150,-6.0,16,3880607360,217,217.0,217,425.0,208.0,208.0,208.00000000000003,208.00000000000003,True,WGN,-1,-1
150,-6.0,17,268698342,217,217.0,217,177.0,-40.0,40.0,-40.0,40.0,True,WGN,-1,-1
150,-6.0,18,3190458452,217,217.0,217,195.0,-22.0,22.0,-22.0,22.0,True,WGN,-1,-1
150,-6.0,19,3304732132,217,217.0,217,268.0,51.0,51.0,51.00000000000001,51.00000000000001,True,WGN,-1,-1
150,-6.0,20,2239615333,217,217.0,217,275.0,58.0,58.0,58.0,58.0,True,WGN,-1,-1
150,-6.0,21,3188512766,217,217.0,217,245.0,28.0,28.0,28.0,28.0,True,WGN,-1,-1
150,-6.0,22,2051795657,217,217.0,217,166.0,-51.0,51.0,-51.00000000000001,51.00000000000001,True,WGN,-1,-1
150,-6.0,23,670690417,217,217.0,217,165.0,-52.0,52.0,-52.00000000000001,52.00000000000001,True,WGN,-1,-1
150,-6.0,24,411287528,217,217.0,217,223.0,6.0,6.0,6.0,6.0,True,WGN,-1,-1
150,-6.0,25,2212283376,217,217.0,217,256.0,39.0,39.0,39.0,39.0,True,WGN,-1,-1
150,-6.0,26,3240207711,217,217.0,217,232.0,15.0,15.0,15.0,15.0,True,WGN,-1,-1
150,-6.0,27,767627301,217,217.0,217,231.0,14.0,14.0,14.0,14.0,True,WGN,-1,-1
150,-6.0,28,3568433019,217,217.0,217,249.0,32.0,32.0,32.0,32.0,True,WGN,-1,-1
150,-6.0,29,4035621700,217,217.0,217,221.0,4.0,4.0,4.0,4.0,True,WGN,-1,-1
150,-6.0,30,2701515923,217,217.0,217,229.0,12.0,12.0,12.0,12.0,True,WGN,-1,-1
150,-6.0,31,3361363328,217,217.0,217,219.0,2.0,2.0,2.0,2.0,True,WGN,-1,-1
150,-6.0,32,3571970953,217,217.0,217,219.0,2.0,2.0,2.0,2.0,True,WGN,-1,-1
150,-6.0,33,3590169928,217,217.0,217,219.0,2.0,2.0,2.0,2.0,True,WGN,-1,-1
150,-6.0,34,2585348515,217,217.0,217,183.0,-34.0,34.0,-34.0,34.0,True,WGN,-1,-1
150,-6.0,35,1344584301,217,217.0,217,197.0,-20.0,20.0,-20.0,20.0,True,WGN,-1,-1
150,-6.0,36,1573742658,217,217.0,217,220.0,3.0,3.0,3.0,3.0,True,WGN,-1,-1
150,-6.0,37,2653129724,217,217.0,217,221.0,4.0,4.0,4.0,4.0,True,WGN,-1,-1
150,-6.0,38,4067565533,217,217.0,217,251.0,34.0,34.0,34.0,34.0,True,WGN,-1,-1
150,-6.0,39,3409305179,217,217.0,217,222.0,5.0,5.0,5.0,5.0,True,WGN,-1,-1
150,-6.0,40,1959454073,217,217.0,217,222.0,5.0,5.0,5.0,5.0,True,WGN,-1,-1
150,-6.0,41,174069602,217,217.0,217,222.0,5.0,5.0,5.0,5.0,True,WGN,-1,-1
150,-6.0,42,2815921990,217,217.0,217,262.0,45.0,45.0,45.0,45.0,True,WGN,-1,-1
150,-6.0,43,2071484775,217,217.0,217,208.0,-9.0,9.0,-9.000000000000002,9.000000000000002,True,WGN,-1,-1
150,-6.0,44,1425225351,217,217.0,217,146.0,-71.0,71.0,-71.00000000000001,71.00000000000001,True,WGN,-1,-1
150,-6.0,45,2616774634,217,217.0,217,221.0,4.0,4.0,4.0,4.0,True,WGN,-1,-1
150,-6.0,46,2295508922,217,217.0,217,237.0,20.0,20.0,20.0,20.0,True,WGN,-1,-1
150,-6.0,47,503660862,217,217.0,217,219.0,2.0,2.0,2.0,2.0,True,WGN,-1,-1
150,-6.0,48,1334894398,217,217.0,217,233.0,16.0,16.0,16.0,16.0,True,WGN,-1,-1
150,-6.0,49,1001211072,217,217.0,217,222.0,5.0,5.0,5.0,5.0,True,WGN,-1,-1
150,-6.0,50,23322546,217,217.0,217,76.0,-141.0,141.0,-141.0,141.0,True,WGN,-1,-1
150,-6.0,51,3438532643,217,217.0,217,252.0,35.0,35.0,35.0,35.0,True,WGN,-1,-1
150,-6.0,52,986012504,217,217.0,217,230.0,13.0,13.0,13.000000000000002,13.000000000000002,True,WGN,-1,-1
150,-6.0,53,4286198453,217,217.0,217,218.0,1.0,1.0,1.0,1.0,True,WGN,-1,-1
150,-6.0,54,3764397664,217,217.0,217,221.0,4.0,4.0,4.0,4.0,True,WGN,-1,-1
150,-6.0,55,1843542151,217,217.0,217,170.0,-47.0,47.0,-47.0,47.0,True,WGN,-1,-1
150,-6.0,56,1473299269,217,217.0,217,2.0,-215.0,215.0,-215.0,215.0,True,WGN,-1,-1
150,-6.0,57,2218144634,217,217.0,217,273.0,56.0,56.0,56.0,56.0,True,WGN,-1,-1
150,-6.0,58,1845239552,217,217.0,217,205.0,-12.0,12.0,-12.0,12.0,True,WGN,-1,-1
150,-6.0,59,3172361784,217,217.0,217,222.0,5.0,5.0,5.0,5.0,True,WGN,-1,-1
150,-6.0,60,1035878085,217,217.0,217,152.0,-65.0,65.0,-65.0,65.0,True,WGN,-1,-1
150,-6.0,61,405988123,217,217.0,217,215.0,-2.0,2.0,-2.0,2.0,True,WGN,-1,-1
150,-6.0,62,2972890270,217,217.0,217,114.0,-103.0,103.0,-103.00000000000001,103.00000000000001,True,WGN,-1,-1
150,-6.0,63,1990068338,217,217.0,217,235.0,18.0,18.0,18.000000000000004,18.000000000000004,True,WGN,-1,-1
150,-6.0,64,1295537969,217,217.0,217,222.0,5.0,5.0,5.0,5.0,True,WGN,-1,-1
150,-6.0,65,496394523,217,217.0,217,231.0,14.0,14.0,14.0,14.0,True,WGN,-1,-1
150,-6.0,66,2628941873,217,217.0,217,204.0,-13.0,13.0,-13.000000000000002,13.000000000000002,True,WGN,-1,-1
150,-6.0,67,967348350,217,217.0,217,238.0,21.0,21.0,21.0,21.0,True,WGN,-1,-1
150,-6.0,68,1626411589,217,217.0,217,206.0,-11.0,11.0,-11.0,11.0,True,WGN,-1,-1
150,-6.0,69,1326637308,217,217.0,217,136.0,-81.0,81.0,-81.0,81.0,True,WGN,-1,-1
150,-6.0,70,2222176228,217,217.0,217,220.0,3.0,3.0,3.0,3.0,True,WGN,-1,-1
150,-6.0,71,3931904399,217,217.0,217,149.0,-68.0,68.0,-68.0,68.0,True,WGN,-1,-1
150,-6.0,72,2058527352,217,217.0,217,251.0,34.0,34.0,34.0,34.0,True,WGN,-1,-1
150,-6.0,73,4293566176,217,217.0,217,221.0,4.0,4.0,4.0,4.0,True,WGN,-1,-1
150,-6.0,74,386558648,217,217.0,217,229.0,12.0,12.0,12.0,12.0,True,WGN,-1,-1
150,-6.0,75,3301921808,217,217.0,217,298.0,81.0,81.0,81.0,81.0,True,WGN,-1,-1
150,-6.0,76,1309966360,217,217.0,217,213.0,-4.0,4.0,-4.0,4.0,True,WGN,-1,-1
150,-6.0,77,228964170,217,217.0,217,203.0,-14.0,14.0,-14.0,14.0,True,WGN,-1,-1
150,-6.0,78,2210174360,217,217.0,217,218.0,1.0,1.0,1.0,1.0,True,WGN,-1,-1
150,-6.0,79,4067488129,217,217.0,217,2.0,-215.0,215.0,-215.0,215.0,True,WGN,-1,-1
150,-6.0,80,115932144,217,217.0,217,272.0,55.0,55.0,55.0,55.0,True,WGN,-1,-1
150,-6.0,81,3269453070,217,217.0,217,232.0,15.0,15.0,15.0,15.0,True,WGN,-1,-1
150,-6.0,82,2714871082,217,217.0,217,48.0,-169.0,169.0,-169.0,169.0,True,WGN,-1,-1
150,-6.0,83,2040356922,217,217.0,217,184.0,-33.0,33.0,-33.0,33.0,True,WGN,-1,-1
150,-6.0,84,1637398672,217,217.0,217,221.0,4.0,4.0,4.0,4.0,True,WGN,-1,-1
150,-6.0,85,860026631,217,217.0,217,2.0,-215.0,215.0,-215.0,215.0,True,WGN,-1,-1
150,-6.0,86,1304888570,217,217.0,217,330.0,113.0,113.0,113.0,113.0,True,WGN,-1,-1
150,-6.0,87,612897829,217,217.0,217,232.0,15.0,15.0,15.0,15.0,True,WGN,-1,-1
150,-6.0,88,2772799827,217,217.0,217,318.0,101.0,101.0,101.0,101.0,True,WGN,-1,-1
150,-6.0,89,1231675545,217,217.0,217,232.0,15.0,15.0,15.0,15.0,True,WGN,-1,-1
150,-6.0,90,2072095841,217,217.0,217,235.0,18.0,18.0,18.000000000000004,18.000000000000004,True,WGN,-1,-1
150,-6.0,91,2397725717,217,217.0,217,242.0,25.0,25.0,25.0,25.0,True,WGN,-1,-1
150,-6.0,92,3487221180,217,217.0,217,231.0,14.0,14.0,14.0,14.0,True,WGN,-1,-1
150,-6.0,93,2644890621,217,217.0,217,229.0,12.0,12.0,12.0,12.0,True,WGN,-1,-1
150,-6.0,94,1165030274,217,217.0,217,230.0,13.0,13.0,13.000000000000002,13.000000000000002,True,WGN,-1,-1
150,-6.0,95,844765205,217,217.0,217,229.0,12.0,12.0,12.0,12.0,True,WGN,-1,-1
150,-6.0,96,490014910,217,217.0,217,221.0,4.0,4.0,4.0,4.0,True,WGN,-1,-1
150,-6.0,97,1776673252,217,217.0,217,212.0,-5.0,5.0,-5.0,5.0,True,WGN,-1,-1
150,-6.0,98,3086378108,217,217.0,217,221.0,4.0,4.0,4.0,4.0,True,WGN,-1,-1
150,-6.0,99,3960911816,217,217.0,217,219.0,2.0,2.0,2.0,2.0,True,WGN,-1,-1
150,-6.0,100,2265079120,217,217.0,217,222.0,5.0,5.0,5.0,5.0,True,WGN,-1,-1
150,-6.0,101,538311763,217,217.0,217,213.0,-4.0,4.0,-4.0,4.0,True,WGN,-1,-1
150,-6.0,102,1100348722,217,217.0,217,236.0,19.0,19.0,19.0,19.0,True,WGN,-1,-1
150,-6.0,103,2963820193,217,217.0,217,222.0,5.0,5.0,5.0,5.0,True,WGN,-1,-1
150,-6.0,104,1048978786,217,217.0,217,200.0,-17.0,17.0,-17.0,17.0,True,WGN,-1,-1
150,-6.0,105,3455475736,217,217.0,217,258.0,41.0,41.0,41.0,41.0,True,WGN,-1,-1
150,-6.0,106,171425608,217,217.0,217,235.0,18.0,18.0,18.000000000000004,18.000000000000004,True,WGN,-1,-1
150,-6.0,107,3614631551,217,217.0,217,162.0,-55.0,55.0,-55.0,55.0,True,WGN,-1,-1
150,-6.0,108,3278352041,217,217.0,217,218.0,1.0,1.0,1.0,1.0,True,WGN,-1,-1
150,-6.0,109,281000532,217,217.0,217,197.0,-20.0,20.0,-20.0,20.0,True,WGN,-1,-1
150,-6.0,110,3263447262,217,217.0,217,232.0,15.0,15.0,15.0,15.0,True,WGN,-1,-1
150,-6.0,111,1057164079,217,217.0,217,394.0,177.0,177.0,177.0,177.0,True,WGN,-1,-1
150,-6.0,112,961872926,217,217.0,217,214.0,-3.0,3.0,-3.0,3.0,True,WGN,-1,-1
150,-6.0,113,2521664795,217,217.0,217,208.0,-9.0,9.0,-9.000000000000002,9.000000000000002,True,WGN,-1,-1
150,-6.0,114,3293374088,217,217.0,217,196.0,-21.0,21.0,-21.0,21.0,True,WGN,-1,-1
150,-6.0,115,2449037728,217,217.0,217,201.0,-16.0,16.0,-16.0,16.0,True,WGN,-1,-1
150,-6.0,116,765621097,217,217.0,217,221.0,4.0,4.0,4.0,4.0,True,WGN,-1,-1
150,-6.0,117,1456878702,217,217.0,217,230.0,13.0,13.0,13.000000000000002,13.000000000000002,True,WGN,-1,-1
150,-6.0,118,2780934798,217,217.0,217,222.0,5.0,5.0,5.0,5.0,True,WGN,-1,-1
150,-6.0,119,2830331390,217,217.0,217,389.0,172.0,172.0,172.0,172.0,True,WGN,-1,-1
150,-6.0,120,1116002685,217,217.0,217,204.0,-13.0,13.0,-13.000000000000002,13.000000000000002,True,WGN,-1,-1
150,-6.0,121,1481642249,217,217.0,217,137.0,-80.0,80.0,-80.0,80.0,True,WGN,-1,-1
150,-6.0,122,3317030457,217,217.0,217,219.0,2.0,2.0,2.0,2.0,True,WGN,-1,-1
150,-6.0,123,4220608625,217,217.0,217,230.0,13.0,13.0,13.000000000000002,13.000000000000002,True,WGN,-1,-1
150,-6.0,124,3440539519,217,217.0,217,368.0,151.0,151.0,151.0,151.0,True,WGN,-1,-1
150,-6.0,125,786647935,217,217.0,217,201.0,-16.0,16.0,-16.0,16.0,True,WGN,-1,-1
150,-6.0,126,1116121188,217,217.0,217,229.0,12.0,12.0,12.0,12.0,True,WGN,-1,-1
150,-6.0,127,1934346713,217,217.0,217,221.0,4.0,4.0,4.0,4.0,True,WGN,-1,-1
150,-6.0,128,3600146391,217,217.0,217,311.0,94.0,94.0,94.0,94.0,True,WGN,-1,-1
150,-6.0,129,2254572029,217,217.0,217,264.0,47.0,47.0,47.0,47.0,True,WGN,-1,-1
150,-6.0,130,2531944026,217,217.0,217,231.0,14.0,14.0,14.0,14.0,True,WGN,-1,-1
150,-6.0,131,4262529178,217,217.0,217,270.0,53.0,53.0,53.0,53.0,True,WGN,-1,-1
150,-6.0,132,163065953,217,217.0,217,229.0,12.0,12.0,12.0,12.0,True,WGN,-1,-1
150,-6.0,133,2118688840,217,217.0,217,221.0,4.0,4.0,4.0,4.0,True,WGN,-1,-1
150,-6.0,134,1097291883,217,217.0,217,211.0,-6.0,6.0,-6.0,6.0,True,WGN,-1,-1
150,-6.0,135,4111353921,217,217.0,217,216.0,-1.0,1.0,-1.0,1.0,True,WGN,-1,-1
150,-6.0,136,3801990717,217,217.0,217,314.0,97.0,97.0,97.0,97.0,True,WGN,-1,-1
150,-6.0,137,3881537445,217,217.0,217,222.0,5.0,5.0,5.0,5.0,True,WGN,-1,-1
150,-6.0,138,1358383127,217,217.0,217,2.0,-215.0,215.0,-215.0,215.0,True,WGN,-1,-1
150,-6.0,139,471977508,217,217.0,217,229.0,12.0,12.0,12.0,12.0,True,WGN,-1,-1
150,-6.0,140,3421408039,217,217.0,217,335.0,118.0,118.0,118.00000000000001,118.00000000000001,True,WGN,-1,-1
150,-6.0,141,2850041327,217,217.0,217,216.0,-1.0,1.0,-1.0,1.0,True,WGN,-1,-1
150,-6.0,142,255982767,217,217.0,217,266.0,49.0,49.0,49.0,49.0,True,WGN,-1,-1
150,-6.0,143,1364036630,217,217.0,217,231.0,14.0,14.0,14.0,14.0,True,WGN,-1,-1
150,-6.0,144,1941247037,217,217.0,217,214.0,-3.0,3.0,-3.0,3.0,True,WGN,-1,-1
150,-6.0,145,3271138769,217,217.0,217,229.0,12.0,12.0,12.0,12.0,True,WGN,-1,-1
150,-6.0,146,346150824,217,217.0,217,209.0,-8.0,8.0,-8.0,8.0,True,WGN,-1,-1
150,-6.0,147,2717375876,217,217.0,217,440.0,223.0,223.0,223.0,223.0,True,WGN,-1,-1
150,-6.0,148,2907663065,217,217.0,217,229.0,12.0,12.0,12.0,12.0,True,WGN,-1,-1
150,-6.0,149,4080404392,217,217.0,217,251.0,34.0,34.0,34.0,34.0,True,WGN,-1,-1
150,-6.0,150,821417232,217,217.0,217,271.0,54.0,54.0,54.0,54.0,True,WGN,-1,-1
150,-6.0,151,3540551796,217,217.0,217,3.0,-214.0,214.0,-214.0,214.0,True,WGN,-1,-1
150,-6.0,152,3680877604,217,217.0,217,230.0,13.0,13.0,13.000000000000002,13.000000000000002,True,WGN,-1,-1
150,-6.0,153,3723891493,217,217.0,217,221.0,4.0,4.0,4.0,4.0,True,WGN,-1,-1
150,-6.0,154,1685735506,217,217.0,217,220.0,3.0,3.0,3.0,3.0,True,WGN,-1,-1
150,-6.0,155,3988227148,217,217.0,217,5.0,-212.0,212.0,-212.0,212.0,True,WGN,-1,-1
150,-6.0,156,754173056,217,217.0,217,233.0,16.0,16.0,16.0,16.0,True,WGN,-1,-1
150,-6.0,157,568426320,217,217.0,217,222.0,5.0,5.0,5.0,5.0,True,WGN,-1,-1
150,-6.0,158,1858785082,217,217.0,217,222.0,5.0,5.0,5.0,5.0,True,WGN,-1,-1
150,-6.0,159,981641908,217,217.0,217,221.0,4.0,4.0,4.0,4.0,True,WGN,-1,-1
150,-6.0,160,744988369,217,217.0,217,221.0,4.0,4.0,4.0,4.0,True,WGN,-1,-1
150,-6.0,161,4282840048,217,217.0,217,286.0,69.0,69.0,69.0,69.0,True,WGN,-1,-1
150,-6.0,162,4226076342,217,217.0,217,222.0,5.0,5.0,5.0,5.0,True,WGN,-1,-1
150,-6.0,163,1174675335,217,217.0,217,13.0,-204.0,204.0,-204.00000000000003,204.00000000000003,True,WGN,-1,-1
150,-6.0,164,1488581551,217,217.0,217,246.0,29.0,29.0,29.0,29.0,True,WGN,-1,-1
150,-6.0,165,3404857468,217,217.0,217,222.0,5.0,5.0,5.0,5.0,True,WGN,-1,-1
150,-6.0,166,1232464110,217,217.0,217,314.0,97.0,97.0,97.0,97.0,True,WGN,-1,-1
150,-6.0,167,327305076,217,217.0,217,229.0,12.0,12.0,12.0,12.0,True,WGN,-1,-1
150,-6.0,168,908810018,217,217.0,217,328.0,111.0,111.0,111.0,111.0,True,WGN,-1,-1
150,-6.0,169,102583134,217,217.0,217,204.0,-13.0,13.0,-13.000000000000002,13.000000000000002,True,WGN,-1,-1
150,-6.0,170,2960166836,217,217.0,217,217.0,0.0,0.0,0.0,0.0,True,WGN,-1,-1
150,-6.0,171,2931240308,217,217.0,217,230.0,13.0,13.0,13.000000000000002,13.000000000000002,True,WGN,-1,-1
150,-6.0,172,1526239736,217,217.0,217,219.0,2.0,2.0,2.0,2.0,True,WGN,-1,-1
150,-6.0,173,4278664170,217,217.0,217,219.0,2.0,2.0,2.0,2.0,True,WGN,-1,-1
150,-6.0,174,2031409166,217,217.0,217,229.0,12.0,12.0,12.0,12.0,True,WGN,-1,-1
150,-6.0,175,3292386152,217,217.0,217,217.0,0.0,0.0,0.0,0.0,True,WGN,-1,-1
150,-6.0,176,2636253553,217,217.0,217,222.0,5.0,5.0,5.0,5.0,True,WGN,-1,-1
150,-6.0,177,2299342433,217,217.0,217,232.0,15.0,15.0,15.0,15.0,True,WGN,-1,-1
150,-6.0,178,977972467,217,217.0,217,220.0,3.0,3.0,3.0,3.0,True,WGN,-1,-1
150,-6.0,179,268104854,217,217.0,217,222.0,5.0,5.0,5.0,5.0,True,WGN,-1,-1
150,-6.0,180,3491622533,217,217.0,217,446.0,229.0,229.0,229.0,229.0,True,WGN,-1,-1
150,-6.0,181,3360668553,217,217.0,217,222.0,5.0,5.0,5.0,5.0,True,WGN,-1,-1
150,-6.0,182,2352893732,217,217.0,217,204.0,-13.0,13.0,-13.000000000000002,13.000000000000002,True,WGN,-1,-1
150,-6.0,183,1361180770,217,217.0,217,301.0,84.0,84.0,84.0,84.0,True,WGN,-1,-1
150,-6.0,184,344284158,217,217.0,217,248.0,31.0,31.0,31.0,31.0,True,WGN,-1,-1
150,-6.0,185,2980553738,217,217.0,217,222.0,5.0,5.0,5.0,5.0,True,WGN,-1,-1
150,-6.0,186,3294965514,217,217.0,217,170.0,-47.0,47.0,-47.0,47.0,True,WGN,-1,-1
150,-6.0,187,1652699910,217,217.0,217,163.0,-54.0,54.0,-54.0,54.0,True,WGN,-1,-1
150,-6.0,188,3935935183,217,217.0,217,235.0,18.0,18.0,18.000000000000004,18.000000000000004,True,WGN,-1,-1
150,-6.0,189,2284281767,217,217.0,217,447.0,230.0,230.0,230.0,230.0,True,WGN,-1,-1
150,-6.0,190,953177962,217,217.0,217,220.0,3.0,3.0,3.0,3.0,True,WGN,-1,-1
150,-6.0,191,3969024842,217,217.0,217,245.0,28.0,28.0,28.0,28.0,True,WGN,-1,-1
150,-6.0,192,1943725501,217,217.0,217,240.0,23.0,23.0,23.0,23.0,True,WGN,-1,-1
150,-6.0,193,1595917942,217,217.0,217,193.0,-24.0,24.0,-24.0,24.0,True,WGN,-1,-1
150,-6.0,194,1601557742,217,217.0,217,196.0,-21.0,21.0,-21.0,21.0,True,WGN,-1,-1
150,-6.0,195,3118212183,217,217.0,217,197.0,-20.0,20.0,-20.0,20.0,True,WGN,-1,-1
150,-6.0,196,3091292742,217,217.0,217,94.0,-123.0,123.0,-123.0,123.0,True,WGN,-1,-1
150,-6.0,197,2146761661,217,217.0,217,222.0,5.0,5.0,5.0,5.0,True,WGN,-1,-1
150,-6.0,198,1959528403,217,217.0,217,93.0,-124.0,124.0,-124.0,124.0,True,WGN,-1,-1
150,-6.0,199,158815023,217,217.0,217,239.0,22.0,22.0,22.0,22.0,True,WGN,-1,-1
150,2.0,0,3992004080,217,217.0,217,230.0,13.0,13.0,13.000000000000002,13.000000000000002,True,WGN,-1,-1
150,2.0,1,3009481478,217,217.0,217,234.0,17.0,17.0,17.0,17.0,True,WGN,-1,-1
150,2.0,2,45467236,217,217.0,217,221.0,4.0,4.0,4.0,4.0,True,WGN,-1,-1
150,2.0,3,4101428531,217,217.0,217,220.0,3.0,3.0,3.0,3.0,True,WGN,-1,-1
150,2.0,4,1504802222,217,217.0,217,220.0,3.0,3.0,3.0,3.0,True,WGN,-1,-1
150,2.0,5,3036027975,217,217.0,217,221.0,4.0,4.0,4.0,4.0,True,WGN,-1,-1
150,2.0,6,3366373488,217,217.0,217,221.0,4.0,4.0,4.0,4.0,True,WGN,-1,-1
150,2.0,7,1569081422,217,217.0,217,231.0,14.0,14.0,14.0,14.0,True,WGN,-1,-1
150,2.0,8,1592668801,217,217.0,217,231.0,14.0,14.0,14.0,14.0,True,WGN,-1,-1
150,2.0,9,4023676726,217,217.0,217,217.0,0.0,0.0,0.0,0.0,True,WGN,-1,-1
150,2.0,10,1959452586,217,217.0,217,221.0,4.0,4.0,4.0,4.0,True,WGN,-1,-1
150,2.0,11,283947262,217,217.0,217,230.0,13.0,13.0,13.000000000000002,13.000000000000002,True,WGN,-1,-1
150,2.0,12,4008534527,217,217.0,217,233.0,16.0,16.0,16.0,16.0,True,WGN,-1,-1
150,2.0,13,673133883,217,217.0,217,220.0,3.0,3.0,3.0,3.0,True,WGN,-1,-1
150,2.0,14,2246721693,217,217.0,217,231.0,14.0,14.0,14.0,14.0,True,WGN,-1,-1
150,2.0,15,1852266077,217,217.0,217,230.0,13.0,13.0,13.000000000000002,13.000000000000002,True,WGN,-1,-1
150,2.0,16,3633417022,217,217.0,217,221.0,4.0,4.0,4.0,4.0,True,WGN,-1,-1
150,2.0,17,1261512329,217,217.0,217,237.0,20.0,20.0,20.0,20.0,True,WGN,-1,-1
150,2.0,18,944762594,217,217.0,217,237.0,20.0,20.0,20.0,20.0,True,WGN,-1,-1
150,2.0,19,2558812269,217,217.0,217,230.0,13.0,13.0,13.000000000000002,13.000000000000002,True,WGN,-1,-1
150,2.0,20,4075230783,217,217.0,217,218.0,1.0,1.0,1.0,1.0,True,WGN,-1,-1
150,2.0,21,4210453799,217,217.0,217,218.0,1.0,1.0,1.0,1.0,True,WGN,-1,-1
150,2.0,22,2158251717,217,217.0,217,230.0,13.0,13.0,13.000000000000002,13.000000000000002,True,WGN,-1,-1
150,2.0,23,212306338,217,217.0,217,219.0,2.0,2.0,2.0,2.0,True,WGN,-1,-1
150,2.0,24,504783798,217,217.0,217,232.0,15.0,15.0,15.0,15.0,True,WGN,-1,-1
150,2.0,25,931632486,217,217.0,217,221.0,4.0,4.0,4.0,4.0,True,WGN,-1,-1
150,2.0,26,3489682049,217,217.0,217,230.0,13.0,13.0,13.000000000000002,13.000000000000002,True,WGN,-1,-1
150,2.0,27,3448370538,217,217.0,217,233.0,16.0,16.0,16.0,16.0,True,WGN,-1,-1
150,2.0,28,4132432183,217,217.0,217,230.0,13.0,13.0,13.000000000000002,13.000000000000002,True,WGN,-1,-1
150,2.0,29,759609677,217,217.0,217,221.0,4.0,4.0,4.0,4.0,True,WGN,-1,-1
150,2.0,30,4088638604,217,217.0,217,219.0,2.0,2.0,2.0,2.0,True,WGN,-1,-1
150,2.0,31,2766512813,217,217.0,217,230.0,13.0,13.0,13.000000000000002,13.000000000000002,True,WGN,-1,-1
150,2.0,32,1493751355,217,217.0,217,230.0,13.0,13.0,13.000000000000002,13.000000000000002,True,WGN,-1,-1
150,2.0,33,136867779,217,217.0,217,220.0,3.0,3.0,3.0,3.0,True,WGN,-1,-1
150,2.0,34,2275717813,217,217.0,217,234.0,17.0,17.0,17.0,17.0,True,WGN,-1,-1
150,2.0,35,4207275124,217,217.0,217,231.0,14.0,14.0,14.0,14.0,True,WGN,-1,-1
150,2.0,36,2028501528,217,217.0,217,230.0,13.0,13.0,13.000000000000002,13.000000000000002,True,WGN,-1,-1
150,2.0,37,2641507971,217,217.0,217,231.0,14.0,14.0,14.0,14.0,True,WGN,-1,-1
150,2.0,38,633313048,217,217.0,217,231.0,14.0,14.0,14.0,14.0,True,WGN,-1,-1
150,2.0,39,3116055881,217,217.0,217,220.0,3.0,3.0,3.0,3.0,True,WGN,-1,-1
150,2.0,40,2525475039,217,217.0,217,219.0,2.0,2.0,2.0,2.0,True,WGN,-1,-1
150,2.0,41,5758438,217,217.0,217,232.0,15.0,15.0,15.0,15.0,True,WGN,-1,-1
150,2.0,42,1857776608,217,217.0,217,221.0,4.0,4.0,4.0,4.0,True,WGN,-1,-1
150,2.0,43,1517101142,217,217.0,217,216.0,-1.0,1.0,-1.0,1.0,True,WGN,-1,-1
150,2.0,44,1147184319,217,217.0,217,220.0,3.0,3.0,3.0,3.0,True,WGN,-1,-1
150,2.0,45,500508296,217,217.0,217,221.0,4.0,4.0,4.0,4.0,True,WGN,-1,-1
150,2.0,46,4173148531,217,217.0,217,230.0,13.0,13.0,13.000000000000002,13.000000000000002,True,WGN,-1,-1
150,2.0,47,1338877740,217,217.0,217,240.0,23.0,23.0,23.0,23.0,True,WGN,-1,-1
150,2.0,48,4036977639,217,217.0,217,239.0,22.0,22.0,22.0,22.0,True,WGN,-1,-1
150,2.0,49,4039259477,217,217.0,217,230.0,13.0,13.0,13.000000000000002,13.000000000000002,True,WGN,-1,-1
150,2.0,50,771510963,217,217.0,217,221.0,4.0,4.0,4.0,4.0,True,WGN,-1,-1
150,2.0,51,982241543,217,217.0,217,221.0,4.0,4.0,4.0,4.0,True,WGN,-1,-1
150,2.0,52,1224691272,217,217.0,217,230.0,13.0,13.0,13.000000000000002,13.000000000000002,True,WGN,-1,-1
150,2.0,53,983583978,217,217.0,217,231.0,14.0,14.0,14.0,14.0,True,WGN,-1,-1
150,2.0,54,3017489737,217,217.0,217,221.0,4.0,4.0,4.0,4.0,True,WGN,-1,-1
150,2.0,55,192550061,217,217.0,217,221.0,4.0,4.0,4.0,4.0,True,WGN,-1,-1
150,2.0,56,527857797,217,217.0,217,230.0,13.0,13.0,13.000000000000002,13.000000000000002,True,WGN,-1,-1
150,2.0,57,3550396512,217,217.0,217,217.0,0.0,0.0,0.0,0.0,True,WGN,-1,-1
150,2.0,58,60106340,217,217.0,217,221.0,4.0,4.0,4.0,4.0,True,WGN,-1,-1
150,2.0,59,385498363,217,217.0,217,238.0,21.0,21.0,21.0,21.0,True,WGN,-1,-1
150,2.0,60,1021177376,217,217.0,217,221.0,4.0,4.0,4.0,4.0,True,WGN,-1,-1
150,2.0,61,2769500304,217,217.0,217,230.0,13.0,13.0,13.000000000000002,13.000000000000002,True,WGN,-1,-1
150,2.0,62,4243085247,217,217.0,217,221.0,4.0,4.0,4.0,4.0,True,WGN,-1,-1
150,2.0,63,1120038281,217,217.0,217,221.0,4.0,4.0,4.0,4.0,True,WGN,-1,-1
150,2.0,64,463742753,217,217.0,217,221.0,4.0,4.0,4.0,4.0,True,WGN,-1,-1
150,2.0,65,2355173383,217,217.0,217,230.0,13.0,13.0,13.000000000000002,13.000000000000002,True,WGN,-1,-1
150,2.0,66,1868700081,217,217.0,217,220.0,3.0,3.0,3.0,3.0,True,WGN,-1,-1
150,2.0,67,2842390045,217,217.0,217,230.0,13.0,13.0,13.000000000000002,13.000000000000002,True,WGN,-1,-1
150,2.0,68,4063845882,217,217.0,217,230.0,13.0,13.0,13.000000000000002,13.000000000000002,True,WGN,-1,-1
150,2.0,69,2191087037,217,217.0,217,232.0,15.0,15.0,15.0,15.0,True,WGN,-1,-1
150,2.0,70,3859903324,217,217.0,217,232.0,15.0,15.0,15.0,15.0,True,WGN,-1,-1
150,2.0,71,394075868,217,217.0,217,233.0,16.0,16.0,16.0,16.0,True,WGN,-1,-1
150,2.0,72,4198539936,217,217.0,217,229.0,12.0,12.0,12.0,12.0,True,WGN,-1,-1
150,2.0,73,3393610704,217,217.0,217,230.0,13.0,13.0,13.000000000000002,13.000000000000002,True,WGN,-1,-1
150,2.0,74,2200393539,217,217.0,217,220.0,3.0,3.0,3.0,3.0,True,WGN,-1,-1
150,2.0,75,622616569,217,217.0,217,230.0,13.0,13.0,13.000000000000002,13.000000000000002,True,WGN,-1,-1
150,2.0,76,1290308775,217,217.0,217,231.0,14.0,14.0,14.0,14.0,True,WGN,-1,-1
150,2.0,77,3564657985,217,217.0,217,220.0,3.0,3.0,3.0,3.0,True,WGN,-1,-1
150,2.0,78,314580621,217,217.0,217,221.0,4.0,4.0,4.0,4.0,True,WGN,-1,-1
150,2.0,79,2385669516,217,217.0,217,217.0,0.0,0.0,0.0,0.0,True,WGN,-1,-1
150,2.0,80,2190406861,217,217.0,217,221.0,4.0,4.0,4.0,4.0,True,WGN,-1,-1
150,2.0,81,1293580393,217,217.0,217,221.0,4.0,4.0,4.0,4.0,True,WGN,-1,-1
150,2.0,82,4127757847,217,217.0,217,230.0,13.0,13.0,13.000000000000002,13.000000000000002,True,WGN,-1,-1
150,2.0,83,1447378847,217,217.0,217,231.0,14.0,14.0,14.0,14.0,True,WGN,-1,-1
150,2.0,84,1261800430,217,217.0,217,230.0,13.0,13.0,13.000000000000002,13.000000000000002,True,WGN,-1,-1
150,2.0,85,1770380336,217,217.0,217,221.0,4.0,4.0,4.0,4.0,True,WGN,-1,-1
150,2.0,86,28316926,217,217.0,217,230.0,13.0,13.0,13.000000000000002,13.000000000000002,True,WGN,-1,-1
150,2.0,87,4055922342,217,217.0,217,230.0,13.0,13.0,13.000000000000002,13.000000000000002,True,WGN,-1,-1
150,2.0,88,831415562,217,217.0,217,230.0,13.0,13.0,13.000000000000002,13.000000000000002,True,WGN,-1,-1
150,2.0,89,3872053277,217,217.0,217,220.0,3.0,3.0,3.0,3.0,True,WGN,-1,-1
150,2.0,90,839490731,217,217.0,217,236.0,19.0,19.0,19.0,19.0,True,WGN,-1,-1
150,2.0,91,2590449102,217,217.0,217,230.0,13.0,13.0,13.000000000000002,13.000000000000002,True,WGN,-1,-1
150,2.0,92,285857243,217,217.0,217,230.0,13.0,13.0,13.000000000000002,13.000000000000002,True,WGN,-1,-1
150,2.0,93,1457714658,217,217.0,217,234.0,17.0,17.0,17.0,17.0,True,WGN,-1,-1
150,2.0,94,4152014662,217,217.0,217,221.0,4.0,4.0,4.0,4.0,True,WGN,-1,-1
150,2.0,95,1751082557,217,217.0,217,221.0,4.0,4.0,4.0,4.0,True,WGN,-1,-1
150,2.0,96,2986995891,217,217.0,217,230.0,13.0,13.0,13.000000000000002,13.000000000000002,True,WGN,-1,-1
150,2.0,97,3378735516,217,217.0,217,230.0,13.0,13.0,13.000000000000002,13.000000000000002,True,WGN,-1,-1
150,2.0,98,777519355,217,217.0,217,221.0,4.0,4.0,4.0,4.0,True,WGN,-1,-1
150,2.0,99,2595564735,217,217.0,217,230.0,13.0,13.0,13.000000000000002,13.000000000000002,True,WGN,-1,-1
150,2.0,100,66277431,217,217.0,217,230.0,13.0,13.0,13.000000000000002,13.000000000000002,True,WGN,-1,-1
150,2.0,101,1524059339,217,217.0,217,221.0,4.0,4.0,4.0,4.0,True,WGN,-1,-1
150,2.0,102,2410948959,217,217.0,217,231.0,14.0,14.0,14.0,14.0,True,WGN,-1,-1
150,2.0,103,3922849962,217,217.0,217,231.0,14.0,14.0,14.0,14.0,True,WGN,-1,-1
150,2.0,104,1532198151,217,217.0,217,230.0,13.0,13.0,13.000000000000002,13.000000000000002,True,WGN,-1,-1
150,2.0,105,3278782795,217,217.0,217,230.0,13.0,13.0,13.000000000000002,13.000000000000002,True,WGN,-1,-1
150,2.0,106,421850426,217,217.0,217,230.0,13.0,13.0,13.000000000000002,13.000000000000002,True,WGN,-1,-1
150,2.0,107,2810499605,217,217.0,217,220.0,3.0,3.0,3.0,3.0,True,WGN,-1,-1
150,2.0,108,2260183126,217,217.0,217,220.0,3.0,3.0,3.0,3.0,True,WGN,-1,-1
150,2.0,109,3150461626,217,217.0,217,222.0,5.0,5.0,5.0,5.0,True,WGN,-1,-1
150,2.0,110,856741857,217,217.0,217,217.0,0.0,0.0,0.0,0.0,True,WGN,-1,-1
150,2.0,111,1175328594,217,217.0,217,221.0,4.0,4.0,4.0,4.0,True,WGN,-1,-1
150,2.0,112,2280756583,217,217.0,217,231.0,14.0,14.0,14.0,14.0,True,WGN,-1,-1
150,2.0,113,1472898177,217,217.0,217,220.0,3.0,3.0,3.0,3.0,True,WGN,-1,-1
150,2.0,114,2663872193,217,217.0,217,221.0,4.0,4.0,4.0,4.0,True,WGN,-1,-1
150,2.0,115,1281461519,217,217.0,217,241.0,24.0,24.0,24.0,24.0,True,WGN,-1,-1
150,2.0,116,4026326395,217,217.0,217,235.0,18.0,18.0,18.000000000000004,18.000000000000004,True,WGN,-1,-1
150,2.0,117,1919389765,217,217.0,217,231.0,14.0,14.0,14.0,14.0,True,WGN,-1,-1
150,2.0,118,2417282474,217,217.0,217,221.0,4.0,4.0,4.0,4.0,True,WGN,-1,-1
150,2.0,119,3595119046,217,217.0,217,221.0,4.0,4.0,4.0,4.0,True,WGN,-1,-1
150,2.0,120,1265480476,217,217.0,217,233.0,16.0,16.0,16.0,16.0,True,WGN,-1,-1
150,2.0,121,2725123489,217,217.0,217,221.0,4.0,4.0,4.0,4.0,True,WGN,-1,-1
150,2.0,122,3799434027,217,217.0,217,230.0,13.0,13.0,13.000000000000002,13.000000000000002,True,WGN,-1,-1
150,2.0,123,614375788,217,217.0,217,220.0,3.0,3.0,3.0,3.0,True,WGN,-1,-1
150,2.0,124,285635483,217,217.0,217,221.0,4.0,4.0,4.0,4.0,True,WGN,-1,-1
150,2.0,125,2065405062,217,217.0,217,221.0,4.0,4.0,4.0,4.0,True,WGN,-1,-1
150,2.0,126,194179689,217,217.0,217,241.0,24.0,24.0,24.0,24.0,True,WGN,-1,-1
150,2.0,127,1558899331,217,217.0,217,238.0,21.0,21.0,21.0,21.0,True,WGN,-1,-1
150,2.0,128,1548307661,217,217.0,217,230.0,13.0,13.0,13.000000000000002,13.000000000000002,True,WGN,-1,-1
150,2.0,129,1308619374,217,217.0,217,221.0,4.0,4.0,4.0,4.0,True,WGN,-1,-1
150,2.0,130,2396889463,217,217.0,217,230.0,13.0,13.0,13.000000000000002,13.000000000000002,True,WGN,-1,-1
150,2.0,131,3681619116,217,217.0,217,249.0,32.0,32.0,32.0,32.0,True,WGN,-1,-1
150,2.0,132,3481889915,217,217.0,217,237.0,20.0,20.0,20.0,20.0,True,WGN,-1,-1
150,2.0,133,648770475,217,217.0,217,232.0,15.0,15.0,15.0,15.0,True,WGN,-1,-1
150,2.0,134,1166610404,217,217.0,217,238.0,21.0,21.0,21.0,21.0,True,WGN,-1,-1
150,2.0,135,1707546061,217,217.0,217,230.0,13.0,13.0,13.000000000000002,13.000000000000002,True,WGN,-1,-1
150,2.0,136,563146118,217,217.0,217,220.0,3.0,3.0,3.0,3.0,True,WGN,-1,-1
150,2.0,137,194353228,217,217.0,217,218.0,1.0,1.0,1.0,1.0,True,WGN,-1,-1
150,2.0,138,1962888370,217,217.0,217,220.0,3.0,3.0,3.0,3.0,True,WGN,-1,-1
150,2.0,139,2347220732,217,217.0,217,219.0,2.0,2.0,2.0,2.0,True,WGN,-1,-1
150,2.0,140,3029215168,217,217.0,217,231.0,14.0,14.0,14.0,14.0,True,WGN,-1,-1
150,2.0,141,4060243237,217,217.0,217,221.0,4.0,4.0,4.0,4.0,True,WGN,-1,-1
150,2.0,142,568255137,217,217.0,217,221.0,4.0,4.0,4.0,4.0,True,WGN,-1,-1
150,2.0,143,3768967479,217,217.0,217,232.0,15.0,15.0,15.0,15.0,True,WGN,-1,-1
150,2.0,144,936959962,217,217.0,217,231.0,14.0,14.0,14.0,14.0,True,WGN,-1,-1
150,2.0,145,1163047099,217,217.0,217,221.0,4.0,4.0,4.0,4.0,True,WGN,-1,-1
150,2.0,146,3831715135,217,217.0,217,232.0,15.0,15.0,15.0,15.0,True,WGN,-1,-1
150,2.0,147,4057625738,217,217.0,217,220.0,3.0,3.0,3.0,3.0,True,WGN,-1,-1
150,2.0,148,3159570498,217,217.0,217,221.0,4.0,4.0,4.0,4.0,True,WGN,-1,-1
150,2.0,149,662504365,217,217.0,217,231.0,14.0,14.0,14.0,14.0,True,WGN,-1,-1
150,2.0,150,2196694827,217,217.0,217,221.0,4.0,4.0,4.0,4.0,True,WGN,-1,-1
150,2.0,151,2478275129,217,217.0,217,230.0,13.0,13.0,13.000000000000002,13.000000000000002,True,WGN,-1,-1
150,2.0,152,2082771368,217,217.0,217,220.0,3.0,3.0,3.0,3.0,True,WGN,-1,-1
150,2.0,153,609295238,217,217.0,217,230.0,13.0,13.0,13.000000000000002,13.000000000000002,True,WGN,-1,-1
150,2.0,154,3183471673,217,217.0,217,229.0,12.0,12.0,12.0,12.0,True,WGN,-1,-1
150,2.0,155,182947255,217,217.0,217,230.0,13.0,13.0,13.000000000000002,13.000000000000002,True,WGN,-1,-1
150,2.0,156,2788124501,217,217.0,217,230.0,13.0,13.0,13.000000000000002,13.000000000000002,True,WGN,-1,-1
150,2.0,157,3897074639,217,217.0,217,230.0,13.0,13.0,13.000000000000002,13.000000000000002,True,WGN,-1,-1
150,2.0,158,1663305065,217,217.0,217,221.0,4.0,4.0,4.0,4.0,True,WGN,-1,-1
150,2.0,159,688446205,217,217.0,217,217.0,0.0,0.0,0.0,0.0,True,WGN,-1,-1
150,2.0,160,3220516483,217,217.0,217,212.0,-5.0,5.0,-5.0,5.0,True,WGN,-1,-1
150,2.0,161,4286011550,217,217.0,217,221.0,4.0,4.0,4.0,4.0,True,WGN,-1,-1
150,2.0,162,745252375,217,217.0,217,221.0,4.0,4.0,4.0,4.0,True,WGN,-1,-1
150,2.0,163,1709443185,217,217.0,217,221.0,4.0,4.0,4.0,4.0,True,WGN,-1,-1
150,2.0,164,2970121218,217,217.0,217,230.0,13.0,13.0,13.000000000000002,13.000000000000002,True,WGN,-1,-1
150,2.0,165,1068099239,217,217.0,217,220.0,3.0,3.0,3.0,3.0,True,WGN,-1,-1
150,2.0,166,345765047,217,217.0,217,230.0,13.0,13.0,13.000000000000002,13.000000000000002,True,WGN,-1,-1
150,2.0,167,2524529597,217,217.0,217,218.0,1.0,1.0,1.0,1.0,True,WGN,-1,-1
150,2.0,168,591771203,217,217.0,217,230.0,13.0,13.0,13.000000000000002,13.000000000000002,True,WGN,-1,-1
150,2.0,169,1869503849,217,217.0,217,230.0,13.0,13.0,13.000000000000002,13.000000000000002,True,WGN,-1,-1
150,2.0,170,1386732172,217,217.0,217,229.0,12.0,12.0,12.0,12.0,True,WGN,-1,-1
150,2.0,171,2399562999,217,217.0,217,220.0,3.0,3.0,3.0,3.0,True,WGN,-1,-1
150,2.0,172,2626517966,217,217.0,217,230.0,13.0,13.0,13.000000000000002,13.000000000000002,True,WGN,-1,-1
150,2.0,173,1139001193,217,217.0,217,232.0,15.0,15.0,15.0,15.0,True,WGN,-1,-1
150,2.0,174,1987251349,217,217.0,217,221.0,4.0,4.0,4.0,4.0,True,WGN,-1,-1
150,2.0,175,2516895414,217,217.0,217,217.0,0.0,0.0,0.0,0.0,True,WGN,-1,-1
150,2.0,176,3148010180,217,217.0,217,221.0,4.0,4.0,4.0,4.0,True,WGN,-1,-1
150,2.0,177,1313228407,217,217.0,217,230.0,13.0,13.0,13.000000000000002,13.000000000000002,True,WGN,-1,-1
150,2.0,178,3872810773,217,217.0,217,231.0,14.0,14.0,14.0,14.0,True,WGN,-1,-1
150,2.0,179,1055411444,217,217.0,217,232.0,15.0,15.0,15.0,15.0,True,WGN,-1,-1
150,2.0,180,256463800,217,217.0,217,220.0,3.0,3.0,3.0,3.0,True,WGN,-1,-1
150,2.0,181,3430662177,217,217.0,217,234.0,17.0,17.0,17.0,17.0,True,WGN,-1,-1
150,2.0,182,4116420290,217,217.0,217,230.0,13.0,13.0,13.000000000000002,13.000000000000002,True,WGN,-1,-1
150,2.0,183,2870038550,217,217.0,217,220.0,3.0,3.0,3.0,3.0,True,WGN,-1,-1
150,2.0,184,175918543,217,217.0,217,230.0,13.0,13.0,13.000000000000002,13.000000000000002,True,WGN,-1,-1
150,2.0,185,3185673316,217,217.0,217,231.0,14.0,14.0,14.0,14.0,True,WGN,-1,-1
150,2.0,186,2572224921,217,217.0,217,216.0,-1.0,1.0,-1.0,1.0,True,WGN,-1,-1
150,2.0,187,2656379066,217,217.0,217,221.0,4.0,4.0,4.0,4.0,True,WGN,-1,-1
150,2.0,188,2406722040,217,217.0,217,229.0,12.0,12.0,12.0,12.0,True,WGN,-1,-1
150,2.0,189,4768319,217,217.0,217,221.0,4.0,4.0,4.0,4.0,True,WGN,-1,-1
150,2.0,190,3527350289,217,217.0,217,230.0,13.0,13.0,13.000000000000002,13.000000000000002,True,WGN,-1,-1
150,2.0,191,2747842333,217,217.0,217,230.0,13.0,13.0,13.000000000000002,13.000000000000002,True,WGN,-1,-1
150,2.0,192,1140492509,217,217.0,217,219.0,2.0,2.0,2.0,2.0,True,WGN,-1,-1
150,2.0,193,2751145091,217,217.0,217,222.0,5.0,5.0,5.0,5.0,True,WGN,-1,-1
150,2.0,194,199294900,217,217.0,217,221.0,4.0,4.0,4.0,4.0,True,WGN,-1,-1
150,2.0,195,2656183403,217,217.0,217,230.0,13.0,13.0,13.000000000000002,13.000000000000002,True,WGN,-1,-1
150,2.0,196,4244195160,217,217.0,217,230.0,13.0,13.0,13.000000000000002,13.000000000000002,True,WGN,-1,-1
150,2.0,197,2462110454,217,217.0,217,220.0,3.0,3.0,3.0,3.0,True,WGN,-1,-1
150,2.0,198,722296737,217,217.0,217,221.0,4.0,4.0,4.0,4.0,True,WGN,-1,-1
150,2.0,199,3115907894,217,217.0,217,217.0,0.0,0.0,0.0,0.0,True,WGN,-1,-1
200,-10.0,0,1063113563,219,219.0,219,222.0,3.0,3.0,3.0,3.0,True,WGN,-1,-1
200,-10.0,1,1916669821,219,219.0,219,78.0,-141.0,141.0,-141.0,141.0,True,WGN,-1,-1
200,-10.0,2,127289600,219,219.0,219,15.0,-204.0,204.0,-204.00000000000003,204.00000000000003,True,WGN,-1,-1
200,-10.0,3,3166603451,219,219.0,219,26.0,-193.0,193.0,-193.0,193.0,True,WGN,-1,-1
200,-10.0,4,4287475287,219,219.0,219,399.0,180.0,180.0,180.0,180.0,True,WGN,-1,-1
200,-10.0,5,228308202,219,219.0,219,222.0,3.0,3.0,3.0,3.0,True,WGN,-1,-1
200,-10.0,6,3120604618,219,219.0,219,161.0,-58.0,58.0,-58.0,58.0,True,WGN,-1,-1
200,-10.0,7,1069846997,219,219.0,219,2.0,-217.0,217.0,-217.0,217.0,True,WGN,-1,-1
200,-10.0,8,1798804271,219,219.0,219,447.0,228.0,228.0,228.0,228.0,True,WGN,-1,-1
200,-10.0,9,2235688722,219,219.0,219,162.0,-57.0,57.0,-57.0,57.0,True,WGN,-1,-1
200,-10.0,10,1786332754,219,219.0,219,246.0,27.0,27.0,27.0,27.0,True,WGN,-1,-1
200,-10.0,11,2959665665,219,219.0,219,222.0,3.0,3.0,3.0,3.0,True,WGN,-1,-1
200,-10.0,12,1563726937,219,219.0,219,221.0,2.0,2.0,2.0,2.0,True,WGN,-1,-1
200,-10.0,13,3596862868,219,219.0,219,247.0,28.0,28.0,28.0,28.0,True,WGN,-1,-1
200,-10.0,14,4030799917,219,219.0,219,233.0,14.0,14.0,14.0,14.0,True,WGN,-1,-1
200,-10.0,15,2611117107,219,219.0,219,235.0,16.0,16.0,16.0,16.0,True,WGN,-1,-1
200,-10.0,16,590862150,219,219.0,219,15.0,-204.0,204.0,-204.00000000000003,204.00000000000003,True,WGN,-1,-1
200,-10.0,17,694877139,219,219.0,219,205.0,-14.0,14.0,-14.0,14.0,True,WGN,-1,-1
200,-10.0,18,3200949083,219,219.0,219,4.0,-215.0,215.0,-215.0,215.0,True,WGN,-1,-1
200,-10.0,19,2462044127,219,219.0,219,202.0,-17.0,17.0,-17.0,17.0,True,WGN,-1,-1
200,-10.0,20,1745222154,219,219.0,219,6.0,-213.0,213.0,-213.0,213.0,True,WGN,-1,-1
200,-10.0,21,2363774167,219,219.0,219,105.0,-114.0,114.0,-114.0,114.0,True,WGN,-1,-1
200,-10.0,22,752099613,219,219.0,219,40.0,-179.0,179.0,-179.0,179.0,True,WGN,-1,-1
200,-10.0,23,1420906932,219,219.0,219,280.0,61.0,61.0,61.0,61.0,True,WGN,-1,-1
200,-10.0,24,1599851890,219,219.0,219,441.0,222.0,222.0,222.0,222.0,True,WGN,-1,-1
200,-10.0,25,2703160948,219,219.0,219,441.0,222.0,222.0,222.0,222.0,True,WGN,-1,-1
200,-10.0,26,1378995687,219,219.0,219,76.0,-143.0,143.0,-143.00000000000003,143.00000000000003,True,WGN,-1,-1
200,-10.0,27,664137144,219,219.0,219,222.0,3.0,3.0,3.0,3.0,True,WGN,-1,-1
200,-10.0,28,918956661,219,219.0,219,447.0,228.0,228.0,228.0,228.0,True,WGN,-1,-1
200,-10.0,29,439602320,219,219.0,219,79.0,-140.0,140.0,-140.0,140.0,True,WGN,-1,-1
200,-10.0,30,1397815656,219,219.0,219,3.0,-216.0,216.0,-216.0,216.0,True,WGN,-1,-1
200,-10.0,31,1491767693,219,219.0,219,329.0,110.0,110.0,110.0,110.0,True,WGN,-1,-1
200,-10.0,32,4005592874,219,219.0,219,328.0,109.0,109.0,109.0,109.0,True,WGN,-1,-1
200,-10.0,33,981219864,219,219.0,219,212.0,-7.0,7.0,-7.0,7.0,True,WGN,-1,-1
200,-10.0,34,718399126,219,219.0,219,368.0,149.0,149.0,149.0,149.0,True,WGN,-1,-1
200,-10.0,35,4043023352,219,219.0,219,422.0,203.0,203.0,203.0,203.0,True,WGN,-1,-1
200,-10.0,36,353376301,219,219.0,219,15.0,-204.0,204.0,-204.00000000000003,204.00000000000003,True,WGN,-1,-1
200,-10.0,37,2439866020,219,219.0,219,83.0,-136.0,136.0,-136.0,136.0,True,WGN,-1,-1
200,-10.0,38,2553459640,219,219.0,219,401.0,182.0,182.0,182.0,182.0,True,WGN,-1,-1
200,-10.0,39,2229412441,219,219.0,219,219.0,0.0,0.0,0.0,0.0,True,WGN,-1,-1
200,-10.0,40,2545976862,219,219.0,219,409.0,190.0,190.0,190.0,190.0,True,WGN,-1,-1
200,-10.0,41,3956557826,219,219.0,219,5.0,-214.0,214.0,-214.0,214.0,True,WGN,-1,-1
200,-10.0,42,563837790,219,219.0,219,50.0,-169.0,169.0,-169.0,169.0,True,WGN,-1,-1
200,-10.0,43,2218695871,219,219.0,219,442.0,223.0,223.0,223.0,223.0,True,WGN,-1,-1
200,-10.0,44,1389182574,219,219.0,219,209.0,-10.0,10.0,-10.0,10.0,True,WGN,-1,-1
200,-10.0,45,627911458,219,219.0,219,228.0,9.0,9.0,9.000000000000002,9.000000000000002,True,WGN,-1,-1
200,-10.0,46,3756784434,219,219.0,219,231.0,12.0,12.0,12.0,12.0,True,WGN,-1,-1
200,-10.0,47,3569762374,219,219.0,219,2.0,-217.0,217.0,-217.0,217.0,True,WGN,-1,-1
200,-10.0,48,3109994917,219,219.0,219,305.0,86.0,86.0,86.0,86.0,True,WGN,-1,-1
200,-10.0,49,2193063962,219,219.0,219,447.0,228.0,228.0,228.0,228.0,True,WGN,-1,-1
200,-10.0,50,3344057192,219,219.0,219,385.0,166.0,166.0,166.0,166.0,True,WGN,-1,-1
200,-10.0,51,3532437011,219,219.0,219,222.0,3.0,3.0,3.0,3.0,True,WGN,-1,-1
200,-10.0,52,358183293,219,219.0,219,447.0,228.0,228.0,228.0,228.0,True,WGN,-1,-1
200,-10.0,53,1536804770,219,219.0,219,270.0,51.0,51.0,51.00000000000001,51.00000000000001,True,WGN,-1,-1
200,-10.0,54,1006362371,219,219.0,219,214.0,-5.0,5.0,-5.0,5.0,True,WGN,-1,-1
200,-10.0,55,3169781495,219,219.0,219,2.0,-217.0,217.0,-217.0,217.0,True,WGN,-1,-1
200,-10.0,56,1978722794,219,219.0,219,321.0,102.0,102.0,102.00000000000001,102.00000000000001,True,WGN,-1,-1
200,-10.0,57,3269808609,219,219.0,219,317.0,98.0,98.0,98.0,98.0,True,WGN,-1,-1
200,-10.0,58,128608638,219,219.0,219,382.0,163.0,163.0,163.0,163.0,True,WGN,-1,-1
200,-10.0,59,1988861971,219,219.0,219,201.0,-18.0,18.0,-18.000000000000004,18.000000000000004,True,WGN,-1,-1
200,-10.0,60,1127500308,219,219.0,219,2.0,-217.0,217.0,-217.0,217.0,True,WGN,-1,-1
200,-10.0,61,3784672128,219,219.0,219,3.0,-216.0,216.0,-216.0,216.0,True,WGN,-1,-1
200,-10.0,62,2854300700,219,219.0,219,447.0,228.0,228.0,228.0,228.0,True,WGN,-1,-1
200,-10.0,63,1883169626,219,219.0,219,432.0,213.0,213.0,213.0,213.0,True,WGN,-1,-1
200,-10.0,64,2637784833,219,219.0,219,48.0,-171.0,171.0,-171.0,171.0,True,WGN,-1,-1
200,-10.0,65,1551890215,219,219.0,219,384.0,165.0,165.0,165.0,165.0,True,WGN,-1,-1
200,-10.0,66,122187520,219,219.0,219,443.0,224.0,224.0,224.0,224.0,True,WGN,-1,-1
200,-10.0,67,3847359889,219,219.0,219,447.0,228.0,228.0,228.0,228.0,True,WGN,-1,-1
200,-10.0,68,3880816660,219,219.0,219,447.0,228.0,228.0,228.0,228.0,True,WGN,-1,-1
200,-10.0,69,704347276,219,219.0,219,360.0,141.0,141.0,141.0,141.0,True,WGN,-1,-1
200,-10.0,70,2483477772,219,219.0,219,232.0,13.0,13.0,13.000000000000002,13.000000000000002,True,WGN,-1,-1
200,-10.0,71,3453532340,219,219.0,219,172.0,-47.0,47.0,-47.0,47.0,True,WGN,-1,-1
200,-10.0,72,368572892,219,219.0,219,358.0,139.0,139.0,139.0,139.0,True,WGN,-1,-1
200,-10.0,73,2287024190,219,219.0,219,276.0,57.0,57.0,57.0,57.0,True,WGN,-1,-1
200,-10.0,74,3966083118,219,219.0,219,206.0,-13.0,13.0,-13.000000000000002,13.000000000000002,True,WGN,-1,-1
200,-10.0,75,204778408,219,219.0,219,340.0,121.0,121.0,121.0,121.0,True,WGN,-1,-1
200,-10.0,76,708971104,219,219.0,219,444.0,225.0,225.0,225.0,225.0,True,WGN,-1,-1
200,-10.0,77,3535791834,219,219.0,219,15.0,-204.0,204.0,-204.00000000000003,204.00000000000003,True,WGN,-1,-1
200,-10.0,78,4291659728,219,219.0,219,205.0,-14.0,14.0,-14.0,14.0,True,WGN,-1,-1
200,-10.0,79,2678331426,219,219.0,219,41.0,-178.0,178.0,-178.0,178.0,True,WGN,-1,-1
200,-10.0,80,3794584782,219,219.0,219,391.0,172.0,172.0,172.0,172.0,True,WGN,-1,-1
200,-10.0,81,3665631705,219,219.0,219,5.0,-214.0,214.0,-214.0,214.0,True,WGN,-1,-1
200,-10.0,82,2917387040,219,219.0,219,318.0,99.0,99.0,99.0,99.0,True,WGN,-1,-1
200,-10.0,83,941952635,219,219.0,219,9.0,-210.0,210.0,-210.0,210.0,True,WGN,-1,-1
200,-10.0,84,2232356336,219,219.0,219,51.0,-168.0,168.0,-168.0,168.0,True,WGN,-1,-1
200,-10.0,85,4024492560,219,219.0,219,438.0,219.0,219.0,219.0,219.0,True,WGN,-1,-1
200,-10.0,86,159977404,219,219.0,219,189.0,-30.0,30.0,-30.0,30.0,True,WGN,-1,-1
200,-10.0,87,2869134073,219,219.0,219,2.0,-217.0,217.0,-217.0,217.0,True,WGN,-1,-1
200,-10.0,88,259312398,219,219.0,219,227.0,8.0,8.0,8.0,8.0,True,WGN,-1,-1
200,-10.0,89,1905246787,219,219.0,219,447.0,228.0,228.0,228.0,228.0,True,WGN,-1,-1
200,-10.0,90,1768938812,219,219.0,219,152.0,-67.0,67.0,-67.0,67.0,True,WGN,-1,-1
200,-10.0,91,2416932251,219,219.0,219,12.0,-207.0,207.0,-207.00000000000003,207.00000000000003,True,WGN,-1,-1
200,-10.0,92,3824276469,219,219.0,219,2.0,-217.0,217.0,-217.0,217.0,True,WGN,-1,-1
200,-10.0,93,497501053,219,219.0,219,445.0,226.0,226.0,226.0,226.0,True,WGN,-1,-1
200,-10.0,94,2090113521,219,219.0,219,9.0,-210.0,210.0,-210.0,210.0,True,WGN,-1,-1
200,-10.0,95,808124855,219,219.0,219,237.0,18.0,18.0,18.000000000000004,18.000000000000004,True,WGN,-1,-1
200,-10.0,96,1811219678,219,219.0,219,271.0,52.0,52.0,52.00000000000001,52.00000000000001,True,WGN,-1,-1
200,-10.0,97,1285347273,219,219.0,219,248.0,29.0,29.0,29.0,29.0,True,WGN,-1,-1
200,-10.0,98,3726171408,219,219.0,219,225.0,6.0,6.0,6.0,6.0,True,WGN,-1,-1
200,-10.0,99,4020648353,219,219.0,219,189.0,-30.0,30.0,-30.0,30.0,True,WGN,-1,-1
200,-10.0,100,1549373239,219,219.0,219,411.0,192.0,192.0,192.0,192.0,True,WGN,-1,-1
200,-10.0,101,3820978480,219,219.0,219,427.0,208.0,208.0,208.00000000000003,208.00000000000003,True,WGN,-1,-1
200,-10.0,102,1445700921,219,219.0,219,447.0,228.0,228.0,228.0,228.0,True,WGN,-1,-1
200,-10.0,103,4211002855,219,219.0,219,417.0,198.0,198.0,198.0,198.0,True,WGN,-1,-1
200,-10.0,104,2119651228,219,219.0,219,67.0,-152.0,152.0,-152.0,152.0,True,WGN,-1,-1
200,-10.0,105,2348013002,219,219.0,219,109.0,-110.0,110.0,-110.0,110.0,True,WGN,-1,-1
200,-10.0,106,1391588552,219,219.0,219,447.0,228.0,228.0,228.0,228.0,True,WGN,-1,-1
200,-10.0,107,3010685375,219,219.0,219,90.0,-129.0,129.0,-129.0,129.0,True,WGN,-1,-1
200,-10.0,108,1725925647,219,219.0,219,228.0,9.0,9.0,9.000000000000002,9.000000000000002,True,WGN,-1,-1
200,-10.0,109,479364774,219,219.0,219,269.0,50.0,50.0,50.0,50.0,True,WGN,-1,-1
200,-10.0,110,2229582912,219,219.0,219,447.0,228.0,228.0,228.0,228.0,True,WGN,-1,-1
200,-10.0,111,1512726542,219,219.0,219,4.0,-215.0,215.0,-215.0,215.0,True,WGN,-1,-1
200,-10.0,112,3799433419,219,219.0,219,230.0,11.0,11.0,11.0,11.0,True,WGN,-1,-1
200,-10.0,113,3463540719,219,219.0,219,228.0,9.0,9.0,9.000000000000002,9.000000000000002,True,WGN,-1,-1
200,-10.0,114,3807883291,219,219.0,219,2.0,-217.0,217.0,-217.0,217.0,True,WGN,-1,-1
200,-10.0,115,805941132,219,219.0,219,222.0,3.0,3.0,3.0,3.0,True,WGN,-1,-1
200,-10.0,116,2429044230,219,219.0,219,220.0,1.0,1.0,1.0,1.0,True,WGN,-1,-1
200,-10.0,117,2442101787,219,219.0,219,259.0,40.0,40.0,40.0,40.0,True,WGN,-1,-1
200,-10.0,118,4227642300,219,219.0,219,396.0,177.0,177.0,177.0,177.0,True,WGN,-1,-1
200,-10.0,119,2966459637,219,219.0,219,438.0,219.0,219.0,219.0,219.0,True,WGN,-1,-1
200,-10.0,120,957023818,219,219.0,219,447.0,228.0,228.0,228.0,228.0,True,WGN,-1,-1
200,-10.0,121,2696193120,219,219.0,219,4.0,-215.0,215.0,-215.0,215.0,True,WGN,-1,-1
200,-10.0,122,2037696938,219,219.0,219,156.0,-63.0,63.0,-63.0,63.0,True,WGN,-1,-1
200,-10.0,123,559529598,219,219.0,219,28.0,-191.0,191.0,-191.0,191.0,True,WGN,-1,-1
200,-10.0,124,1646750799,219,219.0,219,223.0,4.0,4.0,4.0,4.0,True,WGN,-1,-1
200,-10.0,125,949431148,219,219.0,219,349.0,130.0,130.0,130.0,130.0,True,WGN,-1,-1
200,-10.0,126,1303119146,219,219.0,219,7.0,-212.0,212.0,-212.0,212.0,True,WGN,-1,-1
200,-10.0,127,2363613061,219,219.0,219,335.0,116.0,116.0,116.0,116.0,True,WGN,-1,-1
200,-10.0,128,523902007,219,219.0,219,424.0,205.0,205.0,205.00000000000003,205.00000000000003,True,WGN,-1,-1
200,-10.0,129,1258006125,219,219.0,219,257.0,38.0,38.0,38.0,38.0,True,WGN,-1,-1
200,-10.0,130,3417723733,219,219.0,219,201.0,-18.0,18.0,-18.000000000000004,18.000000000000004,True,WGN,-1,-1
200,-10.0,131,34289120,219,219.0,219,48.0,-171.0,171.0,-171.0,171.0,True,WGN,-1,-1
200,-10.0,132,4060396308,219,219.0,219,39.0,-180.0,180.0,-180.0,180.0,True,WGN,-1,-1
200,-10.0,133,4073317369,219,219.0,219,407.0,188.0,188.0,188.0,188.0,True,WGN,-1,-1
200,-10.0,134,2164719450,219,219.0,219,90.0,-129.0,129.0,-129.0,129.0,True,WGN,-1,-1
200,-10.0,135,151111833,219,219.0,219,447.0,228.0,228.0,228.0,228.0,True,WGN,-1,-1
200,-10.0,136,2742454669,219,219.0,219,2.0,-217.0,217.0,-217.0,217.0,True,WGN,-1,-1
200,-10.0,137,2553439863,219,219.0,219,415.0,196.0,196.0,196.0,196.0,True,WGN,-1,-1
200,-10.0,138,2464409918,219,219.0,219,55.0,-164.0,164.0,-164.0,164.0,True,WGN,-1,-1
200,-10.0,139,1913560697,219,219.0,219,3.0,-216.0,216.0,-216.0,216.0,True,WGN,-1,-1
200,-10.0,140,3413460804,219,219.0,219,428.0,209.0,209.0,209.0,209.0,True,WGN,-1,-1
200,-10.0,141,3631680691,219,219.0,219,104.0,-115.0,115.0,-115.0,115.0,True,WGN,-1,-1
200,-10.0,142,1040013704,219,219.0,219,2.0,-217.0,217.0,-217.0,217.0,True,WGN,-1,-1
200,-10.0,143,667516907,219,219.0,219,255.0,36.0,36.0,36.00000000000001,36.00000000000001,True,WGN,-1,-1
200,-10.0,144,962028591,219,219.0,219,4.0,-215.0,215.0,-215.0,215.0,True,WGN,-1,-1
200,-10.0,145,693672887,219,219.0,219,444.0,225.0,225.0,225.0,225.0,True,WGN,-1,-1
200,-10.0,146,2130939022,219,219.0,219,443.0,224.0,224.0,224.0,224.0,True,WGN,-1,-1
200,-10.0,147,2240122475,219,219.0,219,440.0,221.0,221.0,221.0,221.0,True,WGN,-1,-1
200,-10.0,148,3112522002,219,219.0,219,174.0,-45.0,45.0,-45.0,45.0,True,WGN,-1,-1
200,-10.0,149,1381744462,219,219.0,219,447.0,228.0,228.0,228.0,228.0,True,WGN,-1,-1
200,-10.0,150,3047776407,219,219.0,219,9.0,-210.0,210.0,-210.0,210.0,True,WGN,-1,-1
200,-10.0,151,2019520235,219,219.0,219,221.0,2.0,2.0,2.0,2.0,True,WGN,-1,-1
200,-10.0,152,3074156704,219,219.0,219,35.0,-184.0,184.0,-184.0,184.0,True,WGN,-1,-1
200,-10.0,153,610983181,219,219.0,219,51.0,-168.0,168.0,-168.0,168.0,True,WGN,-1,-1
200,-10.0,154,1986206828,219,219.0,219,375.0,156.0,156.0,156.0,156.0,True,WGN,-1,-1
200,-10.0,155,408266930,219,219.0,219,228.0,9.0,9.0,9.000000000000002,9.000000000000002,True,WGN,-1,-1
200,-10.0,156,2828687558,219,219.0,219,283.0,64.0,64.0,64.0,64.0,True,WGN,-1,-1
200,-10.0,157,3591822118,219,219.0,219,2.0,-217.0,217.0,-217.0,217.0,True,WGN,-1,-1
200,-10.0,158,3586881523,219,219.0,219,247.0,28.0,28.0,28.0,28.0,True,WGN,-1,-1
200,-10.0,159,3792655305,219,219.0,219,232.0,13.0,13.0,13.000000000000002,13.000000000000002,True,WGN,-1,-1
200,-10.0,160,610102194,219,219.0,219,18.0,-201.0,201.0,-201.0,201.0,True,WGN,-1,-1
200,-10.0,161,672210168,219,219.0,219,233.0,14.0,14.0,14.0,14.0,True,WGN,-1,-1
200,-10.0,162,1592988577,219,219.0,219,420.0,201.0,201.0,201.0,201.0,True,WGN,-1,-1
200,-10.0,163,688469306,219,219.0,219,345.0,126.0,126.0,126.0,126.0,True,WGN,-1,-1
200,-10.0,164,4155064848,219,219.0,219,292.0,73.0,73.0,73.0,73.0,True,WGN,-1,-1
200,-10.0,165,743428803,219,219.0,219,446.0,227.0,227.0,227.0,227.0,True,WGN,-1,-1
200,-10.0,166,3319899828,219,219.0,219,29.0,-190.0,190.0,-190.0,190.0,True,WGN,-1,-1
200,-10.0,167,1031535064,219,219.0,219,2.0,-217.0,217.0,-217.0,217.0,True,WGN,-1,-1
200,-10.0,168,4167726036,219,219.0,219,234.0,15.0,15.0,15.0,15.0,True,WGN,-1,-1
200,-10.0,169,2734094076,219,219.0,219,163.0,-56.0,56.0,-56.0,56.0,True,WGN,-1,-1
200,-10.0,170,2412066544,219,219.0,219,4.0,-215.0,215.0,-215.0,215.0,True,WGN,-1,-1
200,-10.0,171,1934005001,219,219.0,219,420.0,201.0,201.0,201.0,201.0,True,WGN,-1,-1
200,-10.0,172,2765079829,219,219.0,219,279.0,60.0,60.0,60.0,60.0,True,WGN,-1,-1
200,-10.0,173,1986282860,219,219.0,219,229.0,10.0,10.0,10.0,10.0,True,WGN,-1,-1
200,-10.0,174,1010319987,219,219.0,219,218.0,-1.0,1.0,-1.0,1.0,True,WGN,-1,-1
200,-10.0,175,427603858,219,219.0,219,217.0,-2.0,2.0,-2.0,2.0,True,WGN,-1,-1
200,-10.0,176,790968980,219,219.0,219,441.0,222.0,222.0,222.0,222.0,True,WGN,-1,-1
200,-10.0,177,2987676115,219,219.0,219,414.0,195.0,195.0,195.0,195.0,True,WGN,-1,-1
200,-10.0,178,2410935339,219,219.0,219,364.0,145.0,145.0,145.0,145.0,True,WGN,-1,-1
200,-10.0,179,3512318642,219,219.0,219,233.0,14.0,14.0,14.0,14.0,True,WGN,-1,-1
200,-10.0,180,1444805444,219,219.0,219,76.0,-143.0,143.0,-143.00000000000003,143.00000000000003,True,WGN,-1,-1
200,-10.0,181,4283201533,219,219.0,219,333.0,114.0,114.0,114.0,114.0,True,WGN,-1,-1
200,-10.0,182,869189933,219,219.0,219,136.0,-83.0,83.0,-83.0,83.0,True,WGN,-1,-1
200,-10.0,183,3591572714,219,219.0,219,152.0,-67.0,67.0,-67.0,67.0,True,WGN,-1,-1
200,-10.0,184,1104135400,219,219.0,219,446.0,227.0,227.0,227.0,227.0,True,WGN,-1,-1
200,-10.0,185,321640607,219,219.0,219,220.0,1.0,1.0,1.0,1.0,True,WGN,-1,-1
200,-10.0,186,1421724776,219,219.0,219,308.0,89.0,89.0,89.0,89.0,True,WGN,-1,-1
200,-10.0,187,3301350024,219,219.0,219,210.0,-9.0,9.0,-9.000000000000002,9.000000000000002,True,WGN,-1,-1
200,-10.0,188,3196147465,219,219.0,219,2.0,-217.0,217.0,-217.0,217.0,True,WGN,-1,-1
200,-10.0,189,2531762216,219,219.0,219,2.0,-217.0,217.0,-217.0,217.0,True,WGN,-1,-1
200,-10.0,190,2197571968,219,219.0,219,8.0,-211.0,211.0,-211.0,211.0,True,WGN,-1,-1
200,-10.0,191,2030171589,219,219.0,219,403.0,184.0,184.0,184.0,184.0,True,WGN,-1,-1
200,-10.0,192,3264681517,219,219.0,219,107.0,-112.0,112.0,-112.0,112.0,True,WGN,-1,-1
200,-10.0,193,431201931,219,219.0,219,11.0,-208.0,208.0,-208.00000000000003,208.00000000000003,True,WGN,-1,-1
200,-10.0,194,3055395107,219,219.0,219,296.0,77.0,77.0,77.0,77.0,True,WGN,-1,-1
200,-10.0,195,3744584598,219,219.0,219,224.0,5.0,5.0,5.0,5.0,True,WGN,-1,-1
200,-10.0,196,2459816597,219,219.0,219,230.0,11.0,11.0,11.0,11.0,True,WGN,-1,-1
200,-10.0,197,2724691207,219,219.0,219,136.0,-83.0,83.0,-83.0,83.0,True,WGN,-1,-1
200,-10.0,198,3259040170,219,219.0,219,227.0,8.0,8.0,8.0,8.0,True,WGN,-1,-1
200,-10.0,199,3906373879,219,219.0,219,177.0,-42.0,42.0,-42.0,42.0,True,WGN,-1,-1
200,-8.0,0,1763284624,219,219.0,219,430.0,211.0,211.0,211.0,211.0,True,WGN,-1,-1
200,-8.0,1,610971977,219,219.0,219,199.0,-20.0,20.0,-20.0,20.0,True,WGN,-1,-1
200,-8.0,2,78301834,219,219.0,219,229.0,10.0,10.0,10.0,10.0,True,WGN,-1,-1
200,-8.0,3,4186675539,219,219.0,219,42.0,-177.0,177.0,-177.0,177.0,True,WGN,-1,-1
200,-8.0,4,4080637782,219,219.0,219,283.0,64.0,64.0,64.0,64.0,True,WGN,-1,-1
200,-8.0,5,1952177336,219,219.0,219,14.0,-205.0,205.0,-205.00000000000003,205.00000000000003,True,WGN,-1,-1
200,-8.0,6,193972750,219,219.0,219,418.0,199.0,199.0,199.0,199.0,True,WGN,-1,-1
200,-8.0,7,988092052,219,219.0,219,259.0,40.0,40.0,40.0,40.0,True,WGN,-1,-1
200,-8.0,8,685974607,219,219.0,219,231.0,12.0,12.0,12.0,12.0,True,WGN,-1,-1
200,-8.0,9,3290407802,219,219.0,219,264.0,45.0,45.0,45.0,45.0,True,WGN,-1,-1
200,-8.0,10,3393099657,219,219.0,219,221.0,2.0,2.0,2.0,2.0,True,WGN,-1,-1
200,-8.0,11,305592049,219,219.0,219,210.0,-9.0,9.0,-9.000000000000002,9.000000000000002,True,WGN,-1,-1
200,-8.0,12,3952627882,219,219.0,219,231.0,12.0,12.0,12.0,12.0,True,WGN,-1,-1
200,-8.0,13,3488805135,219,219.0,219,249.0,30.0,30.0,30.0,30.0,True,WGN,-1,-1
200,-8.0,14,780920484,219,219.0,219,2.0,-217.0,217.0,-217.0,217.0,True,WGN,-1,-1
200,-8.0,15,2039070613,219,219.0,219,440.0,221.0,221.0,221.0,221.0,True,WGN,-1,-1
200,-8.0,16,514526316,219,219.0,219,327.0,108.0,108.0,108.0,108.0,True,WGN,-1,-1
200,-8.0,17,2587234793,219,219.0,219,230.0,11.0,11.0,11.0,11.0,True,WGN,-1,-1
200,-8.0,18,3777765485,219,219.0,219,182.0,-37.0,37.0,-37.0,37.0,True,WGN,-1,-1
200,-8.0,19,108228917,219,219.0,219,238.0,19.0,19.0,19.0,19.0,True,WGN,-1,-1
200,-8.0,20,1157746211,219,219.0,219,198.0,-21.0,21.0,-21.0,21.0,True,WGN,-1,-1
200,-8.0,21,4048380981,219,219.0,219,233.0,14.0,14.0,14.0,14.0,True,WGN,-1,-1
200,-8.0,22,4224521393,219,219.0,219,222.0,3.0,3.0,3.0,3.0,True,WGN,-1,-1
200,-8.0,23,714105153,219,219.0,219,229.0,10.0,10.0,10.0,10.0,True,WGN,-1,-1
200,-8.0,24,2922837179,219,219.0,219,3.0,-216.0,216.0,-216.0,216.0,True,WGN,-1,-1
200,-8.0,25,2976181148,219,219.0,219,85.0,-134.0,134.0,-134.0,134.0,True,WGN,-1,-1
200,-8.0,26,878382457,219,219.0,219,193.0,-26.0,26.0,-26.000000000000004,26.000000000000004,True,WGN,-1,-1
200,-8.0,27,2871436665,219,219.0,219,436.0,217.0,217.0,217.0,217.0,True,WGN,-1,-1
200,-8.0,28,88817259,219,219.0,219,365.0,146.0,146.0,146.0,146.0,True,WGN,-1,-1
200,-8.0,29,4259911271,219,219.0,219,418.0,199.0,199.0,199.0,199.0,True,WGN,-1,-1
200,-8.0,30,331838429,219,219.0,219,400.0,181.0,181.0,181.0,181.0,True,WGN,-1,-1
200,-8.0,31,2892766877,219,219.0,219,186.0,-33.0,33.0,-33.0,33.0,True,WGN,-1,-1
200,-8.0,32,4141334611,219,219.0,219,140.0,-79.0,79.0,-79.0,79.0,True,WGN,-1,-1
200,-8.0,33,659840092,219,219.0,219,167.0,-52.0,52.0,-52.00000000000001,52.00000000000001,True,WGN,-1,-1
200,-8.0,34,1966367766,219,219.0,219,140.0,-79.0,79.0,-79.0,79.0,True,WGN,-1,-1
200,-8.0,35,3295381146,219,219.0,219,223.0,4.0,4.0,4.0,4.0,True,WGN,-1,-1
200,-8.0,36,2293293036,219,219.0,219,40.0,-179.0,179.0,-179.0,179.0,True,WGN,-1,-1
200,-8.0,37,2693375850,219,219.0,219,229.0,10.0,10.0,10.0,10.0,True,WGN,-1,-1
200,-8.0,38,793386195,219,219.0,219,439.0,220.0,220.0,220.0,220.0,True,WGN,-1,-1
200,-8.0,39,4171039123,219,219.0,219,46.0,-173.0,173.0,-173.00000000000003,173.00000000000003,True,WGN,-1,-1
200,-8.0,40,2885919061,219,219.0,219,444.0,225.0,225.0,225.0,225.0,True,WGN,-1,-1
200,-8.0,41,86027218,219,219.0,219,239.0,20.0,20.0,20.0,20.0,True,WGN,-1,-1
200,-8.0,42,3282206079,219,219.0,219,385.0,166.0,166.0,166.0,166.0,True,WGN,-1,-1
200,-8.0,43,797090698,219,219.0,219,221.0,2.0,2.0,2.0,2.0,True,WGN,-1,-1
200,-8.0,44,750842311,219,219.0,219,221.0,2.0,2.0,2.0,2.0,True,WGN,-1,-1
200,-8.0,45,4191235270,219,219.0,219,230.0,11.0,11.0,11.0,11.0,True,WGN,-1,-1
200,-8.0,46,731055993,219,219.0,219,210.0,-9.0,9.0,-9.000000000000002,9.000000000000002,True,WGN,-1,-1
200,-8.0,47,3000131185,219,219.0,219,179.0,-40.0,40.0,-40.0,40.0,True,WGN,-1,-1
200,-8.0,48,2088182790,219,219.0,219,218.0,-1.0,1.0,-1.0,1.0,True,WGN,-1,-1
200,-8.0,49,2663457138,219,219.0,219,170.0,-49.0,49.0,-49.0,49.0,True,WGN,-1,-1
200,-8.0,50,4230103655,219,219.0,219,83.0,-136.0,136.0,-136.0,136.0,True,WGN,-1,-1
200,-8.0,51,1231239316,219,219.0,219,328.0,109.0,109.0,109.0,109.0,True,WGN,-1,-1
200,-8.0,52,2865707071,219,219.0,219,228.0,9.0,9.0,9.000000000000002,9.000000000000002,True,WGN,-1,-1
200,-8.0,53,1073523480,219,219.0,219,220.0,1.0,1.0,1.0,1.0,True,WGN,-1,-1
200,-8.0,54,4030326533,219,219.0,219,434.0,215.0,215.0,215.0,215.0,True,WGN,-1,-1
200,-8.0,55,2569851738,219,219.0,219,3.0,-216.0,216.0,-216.0,216.0,True,WGN,-1,-1
200,-8.0,56,865551683,219,219.0,219,201.0,-18.0,18.0,-18.000000000000004,18.000000000000004,True,WGN,-1,-1
200,-8.0,57,4004122149,219,219.0,219,26.0,-193.0,193.0,-193.0,193.0,True,WGN,-1,-1
200,-8.0,58,3827928416,219,219.0,219,243.0,24.0,24.0,24.0,24.0,True,WGN,-1,-1
200,-8.0,59,1517705610,219,219.0,219,224.0,5.0,5.0,5.0,5.0,True,WGN,-1,-1
200,-8.0,60,1714004204,219,219.0,219,323.0,104.0,104.0,104.00000000000001,104.00000000000001,True,WGN,-1,-1
200,-8.0,61,3194387735,219,219.0,219,233.0,14.0,14.0,14.0,14.0,True,WGN,-1,-1
200,-8.0,62,2017592832,219,219.0,219,413.0,194.0,194.0,194.0,194.0,True,WGN,-1,-1
200,-8.0,63,2032986451,219,219.0,219,220.0,1.0,1.0,1.0,1.0,True,WGN,-1,-1
200,-8.0,64,2738014631,219,219.0,219,2.0,-217.0,217.0,-217.0,217.0,True,WGN,-1,-1
200,-8.0,65,2325551314,219,219.0,219,298.0,79.0,79.0,79.0,79.0,True,WGN,-1,-1
200,-8.0,66,3727104299,219,219.0,219,288.0,69.0,69.0,69.0,69.0,True,WGN,-1,-1
200,-8.0,67,454146226,219,219.0,219,187.0,-32.0,32.0,-32.0,32.0,True,WGN,-1,-1
200,-8.0,68,3359797672,219,219.0,219,333.0,114.0,114.0,114.0,114.0,True,WGN,-1,-1
200,-8.0,69,2266348144,219,219.0,219,442.0,223.0,223.0,223.0,223.0,True,WGN,-1,-1
200,-8.0,70,3806612634,219,219.0,219,245.0,26.0,26.0,26.000000000000004,26.000000000000004,True,WGN,-1,-1
200,-8.0,71,558855228,219,219.0,219,441.0,222.0,222.0,222.0,222.0,True,WGN,-1,-1
200,-8.0,72,168775816,219,219.0,219,273.0,54.0,54.0,54.0,54.0,True,WGN,-1,-1
200,-8.0,73,654574608,219,219.0,219,203.0,-16.0,16.0,-16.0,16.0,True,WGN,-1,-1
200,-8.0,74,2029238736,219,219.0,219,200.0,-19.0,19.0,-19.0,19.0,True,WGN,-1,-1
200,-8.0,75,3943686721,219,219.0,219,266.0,47.0,47.0,47.0,47.0,True,WGN,-1,-1
200,-8.0,76,2894846725,219,219.0,219,47.0,-172.0,172.0,-172.0,172.0,True,WGN,-1,-1
200,-8.0,77,552912616,219,219.0,219,32.0,-187.0,187.0,-187.0,187.0,True,WGN,-1,-1
200,-8.0,78,140118504,219,219.0,219,199.0,-20.0,20.0,-20.0,20.0,True,WGN,-1,-1
200,-8.0,79,3762494330,219,219.0,219,187.0,-32.0,32.0,-32.0,32.0,True,WGN,-1,-1
200,-8.0,80,3724807645,219,219.0,219,216.0,-3.0,3.0,-3.0,3.0,True,WGN,-1,-1
200,-8.0,81,3720288571,219,219.0,219,107.0,-112.0,112.0,-112.0,112.0,True,WGN,-1,-1
200,-8.0,82,1420756697,219,219.0,219,78.0,-141.0,141.0,-141.0,141.0,True,WGN,-1,-1
200,-8.0,83,4228008210,219,219.0,219,171.0,-48.0,48.0,-48.0,48.0,True,WGN,-1,-1
200,-8.0,84,1044920189,219,219.0,219,2.0,-217.0,217.0,-217.0,217.0,True,WGN,-1,-1
200,-8.0,85,1030806904,219,219.0,219,430.0,211.0,211.0,211.0,211.0,True,WGN,-1,-1
200,-8.0,86,834337922,219,219.0,219,237.0,18.0,18.0,18.000000000000004,18.000000000000004,True,WGN,-1,-1
200,-8.0,87,1758184962,219,219.0,219,239.0,20.0,20.0,20.0,20.0,True,WGN,-1,-1
200,-8.0,88,3529163579,219,219.0,219,2.0,-217.0,217.0,-217.0,217.0,True,WGN,-1,-1
200,-8.0,89,4221685711,219,219.0,219,229.0,10.0,10.0,10.0,10.0,True,WGN,-1,-1
200,-8.0,90,3378931913,219,219.0,219,149.0,-70.0,70.0,-70.0,70.0,True,WGN,-1,-1
200,-8.0,91,622472569,219,219.0,219,222.0,3.0,3.0,3.0,3.0,True,WGN,-1,-1
200,-8.0,92,513522043,219,219.0,219,3.0,-216.0,216.0,-216.0,216.0,True,WGN,-1,-1
200,-8.0,93,1205303283,219,219.0,219,267.0,48.0,48.0,48.0,48.0,True,WGN,-1,-1
200,-8.0,94,1603021132,219,219.0,219,446.0,227.0,227.0,227.0,227.0,True,WGN,-1,-1
200,-8.0,95,2641325860,219,219.0,219,419.0,200.0,200.0,200.0,200.0,True,WGN,-1,-1
200,-8.0,96,2777150816,219,219.0,219,221.0,2.0,2.0,2.0,2.0,True,WGN,-1,-1
200,-8.0,97,1016784610,219,219.0,219,182.0,-37.0,37.0,-37.0,37.0,True,WGN,-1,-1
200,-8.0,98,1468237993,219,219.0,219,216.0,-3.0,3.0,-3.0,3.0,True,WGN,-1,-1
200,-8.0,99,222176647,219,219.0,219,217.0,-2.0,2.0,-2.0,2.0,True,WGN,-1,-1
200,-8.0,100,1360464890,219,219.0,219,443.0,224.0,224.0,224.0,224.0,True,WGN,-1,-1
200,-8.0,101,2835399356,219,219.0,219,217.0,-2.0,2.0,-2.0,2.0,True,WGN,-1,-1
200,-8.0,102,2075982176,219,219.0,219,206.0,-13.0,13.0,-13.000000000000002,13.000000000000002,True,WGN,-1,-1
200,-8.0,103,6645716,219,219.0,219,443.0,224.0,224.0,224.0,224.0,True,WGN,-1,-1
200,-8.0,104,3896719335,219,219.0,219,239.0,20.0,20.0,20.0,20.0,True,WGN,-1,-1
200,-8.0,105,1764961054,219,219.0,219,13.0,-206.0,206.0,-206.00000000000003,206.00000000000003,True,WGN,-1,-1
200,-8.0,106,4003758398,219,219.0,219,260.0,41.0,41.0,41.0,41.0,True,WGN,-1,-1
200,-8.0,107,1670820646,219,219.0,219,304.0,85.0,85.0,85.0,85.0,True,WGN,-1,-1
200,-8.0,108,2866126486,219,219.0,219,204.0,-15.0,15.0,-15.0,15.0,True,WGN,-1,-1
200,-8.0,109,3750918015,219,219.0,219,313.0,94.0,94.0,94.0,94.0,True,WGN,-1,-1
200,-8.0,110,3300660941,219,219.0,219,14.0,-205.0,205.0,-205.00000000000003,205.00000000000003,True,WGN,-1,-1
200,-8.0,111,2576867456,219,219.0,219,145.0,-74.0,74.0,-74.0,74.0,True,WGN,-1,-1
200,-8.0,112,726125182,219,219.0,219,298.0,79.0,79.0,79.0,79.0,True,WGN,-1,-1
200,-8.0,113,625212370,219,219.0,219,2.0,-217.0,217.0,-217.0,217.0,True,WGN,-1,-1
200,-8.0,114,1925182476,219,219.0,219,222.0,3.0,3.0,3.0,3.0,True,WGN,-1,-1
200,-8.0,115,2160418782,219,219.0,219,220.0,1.0,1.0,1.0,1.0,True,WGN,-1,-1
200,-8.0,116,1798122469,219,219.0,219,183.0,-36.0,36.0,-36.00000000000001,36.00000000000001,True,WGN,-1,-1
200,-8.0,117,1396328969,219,219.0,219,230.0,11.0,11.0,11.0,11.0,True,WGN,-1,-1
200,-8.0,118,3779969171,219,219.0,219,222.0,3.0,3.0,3.0,3.0,True,WGN,-1,-1
200,-8.0,119,3961466396,219,219.0,219,223.0,4.0,4.0,4.0,4.0,True,WGN,-1,-1
200,-8.0,120,398078938,219,219.0,219,312.0,93.0,93.0,93.0,93.0,True,WGN,-1,-1
200,-8.0,121,682373215,219,219.0,219,7.0,-212.0,212.0,-212.0,212.0,True,WGN,-1,-1
200,-8.0,122,2862069357,219,219.0,219,447.0,228.0,228.0,228.0,228.0,True,WGN,-1,-1
200,-8.0,123,2548931604,219,219.0,219,45.0,-174.0,174.0,-174.00000000000003,174.00000000000003,True,WGN,-1,-1
200,-8.0,124,794085055,219,219.0,219,246.0,27.0,27.0,27.0,27.0,True,WGN,-1,-1
200,-8.0,125,2016228436,219,219.0,219,121.0,-98.0,98.0,-98.0,98.0,True,WGN,-1,-1
200,-8.0,126,4151347867,219,219.0,219,252.0,33.0,33.0,33.0,33.0,True,WGN,-1,-1
200,-8.0,127,2959716619,219,219.0,219,390.0,171.0,171.0,171.0,171.0,True,WGN,-1,-1
200,-8.0,128,4278001747,219,219.0,219,2.0,-217.0,217.0,-217.0,217.0,True,WGN,-1,-1
200,-8.0,129,412173181,219,219.0,219,2.0,-217.0,217.0,-217.0,217.0,True,WGN,-1,-1
200,-8.0,130,361200384,219,219.0,219,386.0,167.0,167.0,167.0,167.0,True,WGN,-1,-1
200,-8.0,131,4059312913,219,219.0,219,198.0,-21.0,21.0,-21.0,21.0,True,WGN,-1,-1
200,-8.0,132,269160257,219,219.0,219,233.0,14.0,14.0,14.0,14.0,True,WGN,-1,-1
200,-8.0,133,2017722196,219,219.0,219,216.0,-3.0,3.0,-3.0,3.0,True,WGN,-1,-1
200,-8.0,134,473743799,219,219.0,219,336.0,117.0,117.0,117.0,117.0,True,WGN,-1,-1
200,-8.0,135,2694722884,219,219.0,219,176.0,-43.0,43.0,-43.0,43.0,True,WGN,-1,-1
200,-8.0,136,1856514422,219,219.0,219,216.0,-3.0,3.0,-3.0,3.0,True,WGN,-1,-1
200,-8.0,137,2100522867,219,219.0,219,179.0,-40.0,40.0,-40.0,40.0,True,WGN,-1,-1
200,-8.0,138,2650591801,219,219.0,219,2.0,-217.0,217.0,-217.0,217.0,True,WGN,-1,-1
200,-8.0,139,2769110628,219,219.0,219,221.0,2.0,2.0,2.0,2.0,True,WGN,-1,-1
200,-8.0,140,274692127,219,219.0,219,5.0,-214.0,214.0,-214.0,214.0,True,WGN,-1,-1
200,-8.0,141,1737300859,219,219.0,219,228.0,9.0,9.0,9.000000000000002,9.000000000000002,True,WGN,-1,-1
200,-8.0,142,1215831420,219,219.0,219,217.0,-2.0,2.0,-2.0,2.0,True,WGN,-1,-1
200,-8.0,143,853585962,219,219.0,219,287.0,68.0,68.0,68.0,68.0,True,WGN,-1,-1
200,-8.0,144,2935688692,219,219.0,219,222.0,3.0,3.0,3.0,3.0,True,WGN,-1,-1
200,-8.0,145,1991666993,219,219.0,219,223.0,4.0,4.0,4.0,4.0,True,WGN,-1,-1
200,-8.0,146,951216132,219,219.0,219,14.0,-205.0,205.0,-205.00000000000003,205.00000000000003,True,WGN,-1,-1
200,-8.0,147,4200440296,219,219.0,219,229.0,10.0,10.0,10.0,10.0,True,WGN,-1,-1
200,-8.0,148,4069602712,219,219.0,219,75.0,-144.0,144.0,-144.00000000000003,144.00000000000003,True,WGN,-1,-1
200,-8.0,149,3303039034,219,219.0,219,447.0,228.0,228.0,228.0,228.0,True,WGN,-1,-1
200,-8.0,150,4098643523,219,219.0,219,121.0,-98.0,98.0,-98.0,98.0,True,WGN,-1,-1
200,-8.0,151,1267692718,219,219.0,219,88.0,-131.0,131.0,-131.0,131.0,True,WGN,-1,-1
200,-8.0,152,1982476651,219,219.0,219,223.0,4.0,4.0,4.0,4.0,True,WGN,-1,-1
200,-8.0,153,2434597051,219,219.0,219,167.0,-52.0,52.0,-52.00000000000001,52.00000000000001,True,WGN,-1,-1
200,-8.0,154,3659238360,219,219.0,219,223.0,4.0,4.0,4.0,4.0,True,WGN,-1,-1
200,-8.0,155,1454225612,219,219.0,219,383.0,164.0,164.0,164.0,164.0,True,WGN,-1,-1
200,-8.0,156,246495771,219,219.0,219,272.0,53.0,53.0,53.0,53.0,True,WGN,-1,-1
200,-8.0,157,2305355718,219,219.0,219,228.0,9.0,9.0,9.000000000000002,9.000000000000002,True,WGN,-1,-1
200,-8.0,158,2920969733,219,219.0,219,5.0,-214.0,214.0,-214.0,214.0,True,WGN,-1,-1
200,-8.0,159,341082012,219,219.0,219,362.0,143.0,143.0,143.00000000000003,143.00000000000003,True,WGN,-1,-1
200,-8.0,160,3884202339,219,219.0,219,2.0,-217.0,217.0,-217.0,217.0,True,WGN,-1,-1
200,-8.0,161,1054447352,219,219.0,219,6.0,-213.0,213.0,-213.0,213.0,True,WGN,-1,-1
200,-8.0,162,3187707218,219,219.0,219,430.0,211.0,211.0,211.0,211.0,True,WGN,-1,-1
200,-8.0,163,4239766556,219,219.0,219,221.0,2.0,2.0,2.0,2.0,True,WGN,-1,-1
200,-8.0,164,4252295491,219,219.0,219,370.0,151.0,151.0,151.0,151.0,True,WGN,-1,-1
200,-8.0,165,3557171425,219,219.0,219,295.0,76.0,76.0,76.0,76.0,True,WGN,-1,-1
200,-8.0,166,2260929798,219,219.0,219,78.0,-141.0,141.0,-141.0,141.0,True,WGN,-1,-1
200,-8.0,167,2083039161,219,219.0,219,320.0,101.0,101.0,101.0,101.0,True,WGN,-1,-1
200,-8.0,168,3281992750,219,219.0,219,204.0,-15.0,15.0,-15.0,15.0,True,WGN,-1,-1
200,-8.0,169,1904441571,219,219.0,219,395.0,176.0,176.0,176.0,176.0,True,WGN,-1,-1
200,-8.0,170,878254135,219,219.0,219,228.0,9.0,9.0,9.000000000000002,9.000000000000002,True,WGN,-1,-1
200,-8.0,171,474860510,219,219.0,219,322.0,103.0,103.0,103.00000000000001,103.00000000000001,True,WGN,-1,-1
200,-8.0,172,1851629582,219,219.0,219,230.0,11.0,11.0,11.0,11.0,True,WGN,-1,-1
200,-8.0,173,941820953,219,219.0,219,351.0,132.0,132.0,132.0,132.0,True,WGN,-1,-1
200,-8.0,174,3423779480,219,219.0,219,223.0,4.0,4.0,4.0,4.0,True,WGN,-1,-1
200,-8.0,175,1037717082,219,219.0,219,408.0,189.0,189.0,189.0,189.0,True,WGN,-1,-1
200,-8.0,176,2040383093,219,219.0,219,232.0,13.0,13.0,13.000000000000002,13.000000000000002,True,WGN,-1,-1
200,-8.0,177,1004619066,219,219.0,219,92.0,-127.0,127.0,-127.0,127.0,True,WGN,-1,-1
200,-8.0,178,676464155,219,219.0,219,41.0,-178.0,178.0,-178.0,178.0,True,WGN,-1,-1
200,-8.0,179,1985466668,219,219.0,219,245.0,26.0,26.0,26.000000000000004,26.000000000000004,True,WGN,-1,-1
200,-8.0,180,380998801,219,219.0,219,103.0,-116.0,116.0,-116.0,116.0,True,WGN,-1,-1
200,-8.0,181,3601280526,219,219.0,219,213.0,-6.0,6.0,-6.0,6.0,True,WGN,-1,-1
200,-8.0,182,3352355234,219,219.0,219,222.0,3.0,3.0,3.0,3.0,True,WGN,-1,-1
200,-8.0,183,3156529409,219,219.0,219,267.0,48.0,48.0,48.0,48.0,True,WGN,-1,-1
200,-8.0,184,3899867711,219,219.0,219,339.0,120.0,120.0,120.0,120.0,True,WGN,-1,-1
200,-8.0,185,536064959,219,219.0,219,214.0,-5.0,5.0,-5.0,5.0,True,WGN,-1,-1
200,-8.0,186,3777189934,219,219.0,219,92.0,-127.0,127.0,-127.0,127.0,True,WGN,-1,-1
200,-8.0,187,361198283,219,219.0,219,293.0,74.0,74.0,74.0,74.0,True,WGN,-1,-1
200,-8.0,188,1229353606,219,219.0,219,271.0,52.0,52.0,52.00000000000001,52.00000000000001,True,WGN,-1,-1
200,-8.0,189,2378133712,219,219.0,219,9.0,-210.0,210.0,-210.0,210.0,True,WGN,-1,-1
200,-8.0,190,3971974667,219,219.0,219,35.0,-184.0,184.0,-184.0,184.0,True,WGN,-1,-1
200,-8.0,191,3567455921,219,219.0,219,200.0,-19.0,19.0,-19.0,19.0,True,WGN,-1,-1
200,-8.0,192,2883081776,219,219.0,219,430.0,211.0,211.0,211.0,211.0,True,WGN,-1,-1
200,-8.0,193,2729561537,219,219.0,219,29.0,-190.0,190.0,-190.0,190.0,True,WGN,-1,-1
200,-8.0,194,947410965,219,219.0,219,404.0,185.0,185.0,185.0,185.0,True,WGN,-1,-1
200,-8.0,195,1693777841,219,219.0,219,229.0,10.0,10.0,10.0,10.0,True,WGN,-1,-1
200,-8.0,196,2925813308,219,219.0,219,126.0,-93.0,93.0,-93.0,93.0,True,WGN,-1,-1
200,-8.0,197,1781772616,219,219.0,219,334.0,115.0,115.0,115.0,115.0,True,WGN,-1,-1
200,-8.0,198,132443226,219,219.0,219,3.0,-216.0,216.0,-216.0,216.0,True,WGN,-1,-1
200,-8.0,199,4135361660,219,219.0,219,2.0,-217.0,217.0,-217.0,217.0,True,WGN,-1,-1
200,-6.0,0,3455936995,219,219.0,219,220.0,1.0,1.0,1.0,1.0,True,WGN,-1,-1
200,-6.0,1,1251360137,219,219.0,219,331.0,112.0,112.0,112.0,112.0,True,WGN,-1,-1
200,-6.0,2,2947173064,219,219.0,219,209.0,-10.0,10.0,-10.0,10.0,True,WGN,-1,-1
200,-6.0,3,444712359,219,219.0,219,2.0,-217.0,217.0,-217.0,217.0,True,WGN,-1,-1
200,-6.0,4,2705780503,219,219.0,219,444.0,225.0,225.0,225.0,225.0,True,WGN,-1,-1
200,-6.0,5,980755022,219,219.0,219,222.0,3.0,3.0,3.0,3.0,True,WGN,-1,-1
200,-6.0,6,2490808210,219,219.0,219,230.0,11.0,11.0,11.0,11.0,True,WGN,-1,-1
200,-6.0,7,1632344492,219,219.0,219,235.0,16.0,16.0,16.0,16.0,True,WGN,-1,-1
200,-6.0,8,2591404539,219,219.0,219,265.0,46.0,46.0,46.0,46.0,True,WGN,-1,-1
200,-6.0,9,1472523328,219,219.0,219,272.0,53.0,53.0,53.0,53.0,True,WGN,-1,-1
200,-6.0,10,1958356144,219,219.0,219,223.0,4.0,4.0,4.0,4.0,True,WGN,-1,-1
200,-6.0,11,1059985026,219,219.0,219,159.0,-60.0,60.0,-60.0,60.0,True,WGN,-1,-1
200,-6.0,12,3419529231,219,219.0,219,197.0,-22.0,22.0,-22.0,22.0,True,WGN,-1,-1
200,-6.0,13,2547353174,219,219.0,219,223.0,4.0,4.0,4.0,4.0,True,WGN,-1,-1
200,-6.0,14,3452239828,219,219.0,219,327.0,108.0,108.0,108.0,108.0,True,WGN,-1,-1
200,-6.0,15,3663860835,219,219.0,219,232.0,13.0,13.0,13.000000000000002,13.000000000000002,True,WGN,-1,-1
200,-6.0,16,3050624536,219,219.0,219,178.0,-41.0,41.0,-41.0,41.0,True,WGN,-1,-1
200,-6.0,17,2654462158,219,219.0,219,172.0,-47.0,47.0,-47.0,47.0,True,WGN,-1,-1
200,-6.0,18,2104528682,219,219.0,219,221.0,2.0,2.0,2.0,2.0,True,WGN,-1,-1
200,-6.0,19,1526086319,219,219.0,219,24.0,-195.0,195.0,-195.0,195.0,True,WGN,-1,-1
200,-6.0,20,267978323,219,219.0,219,243.0,24.0,24.0,24.0,24.0,True,WGN,-1,-1
200,-6.0,21,663272362,219,219.0,219,128.0,-91.0,91.0,-91.0,91.0,True,WGN,-1,-1
200,-6.0,22,3605071369,219,219.0,219,229.0,10.0,10.0,10.0,10.0,True,WGN,-1,-1
200,-6.0,23,1492047098,219,219.0,219,230.0,11.0,11.0,11.0,11.0,True,WGN,-1,-1
200,-6.0,24,3770720225,219,219.0,219,233.0,14.0,14.0,14.0,14.0,True,WGN,-1,-1
200,-6.0,25,1284887915,219,219.0,219,193.0,-26.0,26.0,-26.000000000000004,26.000000000000004,True,WGN,-1,-1
200,-6.0,26,1162817491,219,219.0,219,206.0,-13.0,13.0,-13.000000000000002,13.000000000000002,True,WGN,-1,-1
200,-6.0,27,1330248618,219,219.0,219,298.0,79.0,79.0,79.0,79.0,True,WGN,-1,-1
200,-6.0,28,418233877,219,219.0,219,218.0,-1.0,1.0,-1.0,1.0,True,WGN,-1,-1
200,-6.0,29,2229845891,219,219.0,219,217.0,-2.0,2.0,-2.0,2.0,True,WGN,-1,-1
200,-6.0,30,4150206635,219,219.0,219,200.0,-19.0,19.0,-19.0,19.0,True,WGN,-1,-1
200,-6.0,31,4154402480,219,219.0,219,222.0,3.0,3.0,3.0,3.0,True,WGN,-1,-1
200,-6.0,32,2365666551,219,219.0,219,203.0,-16.0,16.0,-16.0,16.0,True,WGN,-1,-1
200,-6.0,33,1010546709,219,219.0,219,241.0,22.0,22.0,22.0,22.0,True,WGN,-1,-1
200,-6.0,34,3207066871,219,219.0,219,228.0,9.0,9.0,9.000000000000002,9.000000000000002,True,WGN,-1,-1
200,-6.0,35,2405649687,219,219.0,219,228.0,9.0,9.0,9.000000000000002,9.000000000000002,True,WGN,-1,-1
200,-6.0,36,1093773922,219,219.0,219,213.0,-6.0,6.0,-6.0,6.0,True,WGN,-1,-1
200,-6.0,37,3251339056,219,219.0,219,221.0,2.0,2.0,2.0,2.0,True,WGN,-1,-1
200,-6.0,38,2832163266,219,219.0,219,222.0,3.0,3.0,3.0,3.0,True,WGN,-1,-1
200,-6.0,39,453866704,219,219.0,219,217.0,-2.0,2.0,-2.0,2.0,True,WGN,-1,-1
200,-6.0,40,3100408437,219,219.0,219,222.0,3.0,3.0,3.0,3.0,True,WGN,-1,-1
200,-6.0,41,1474986241,219,219.0,219,228.0,9.0,9.0,9.000000000000002,9.000000000000002,True,WGN,-1,-1
200,-6.0,42,3462877763,219,219.0,219,229.0,10.0,10.0,10.0,10.0,True,WGN,-1,-1
200,-6.0,43,2687814987,219,219.0,219,222.0,3.0,3.0,3.0,3.0,True,WGN,-1,-1
200,-6.0,44,3449858072,219,219.0,219,202.0,-17.0,17.0,-17.0,17.0,True,WGN,-1,-1
200,-6.0,45,2209097072,219,219.0,219,208.0,-11.0,11.0,-11.0,11.0,True,WGN,-1,-1
200,-6.0,46,3943251479,219,219.0,219,234.0,15.0,15.0,15.0,15.0,True,WGN,-1,-1
200,-6.0,47,3783294228,219,219.0,219,223.0,4.0,4.0,4.0,4.0,True,WGN,-1,-1
200,-6.0,48,4062590472,219,219.0,219,8.0,-211.0,211.0,-211.0,211.0,True,WGN,-1,-1
200,-6.0,49,3410206299,219,219.0,219,107.0,-112.0,112.0,-112.0,112.0,True,WGN,-1,-1
200,-6.0,50,4147140858,219,219.0,219,228.0,9.0,9.0,9.000000000000002,9.000000000000002,True,WGN,-1,-1
200,-6.0,51,3794277993,219,219.0,219,433.0,214.0,214.0,214.0,214.0,True,WGN,-1,-1
200,-6.0,52,2275079092,219,219.0,219,194.0,-25.0,25.0,-25.0,25.0,True,WGN,-1,-1
200,-6.0,53,3476232375,219,219.0,219,228.0,9.0,9.0,9.000000000000002,9.000000000000002,True,WGN,-1,-1
200,-6.0,54,275028769,219,219.0,219,229.0,10.0,10.0,10.0,10.0,True,WGN,-1,-1
200,-6.0,55,4242205294,219,219.0,219,217.0,-2.0,2.0,-2.0,2.0,True,WGN,-1,-1
200,-6.0,56,3291666373,219,219.0,219,108.0,-111.0,111.0,-111.0,111.0,True,WGN,-1,-1
200,-6.0,57,3491947292,219,219.0,219,339.0,120.0,120.0,120.0,120.0,True,WGN,-1,-1
200,-6.0,58,1381516841,219,219.0,219,2.0,-217.0,217.0,-217.0,217.0,True,WGN,-1,-1
200,-6.0,59,1934592435,219,219.0,219,176.0,-43.0,43.0,-43.0,43.0,True,WGN,-1,-1
200,-6.0,60,3685124271,219,219.0,219,285.0,66.0,66.0,66.0,66.0,True,WGN,-1,-1
200,-6.0,61,3564523589,219,219.0,219,258.0,39.0,39.0,39.0,39.0,True,WGN,-1,-1
200,-6.0,62,1634156508,219,219.0,219,220.0,1.0,1.0,1.0,1.0,True,WGN,-1,-1
200,-6.0,63,511650887,219,219.0,219,168.0,-51.0,51.0,-51.00000000000001,51.00000000000001,True,WGN,-1,-1
200,-6.0,64,1593911955,219,219.0,219,228.0,9.0,9.0,9.000000000000002,9.000000000000002,True,WGN,-1,-1
200,-6.0,65,1347714456,219,219.0,219,173.0,-46.0,46.0,-46.0,46.0,True,WGN,-1,-1
200,-6.0,66,1442045974,219,219.0,219,155.0,-64.0,64.0,-64.0,64.0,True,WGN,-1,-1
200,-6.0,67,3549684071,219,219.0,219,236.0,17.0,17.0,17.0,17.0,True,WGN,-1,-1
200,-6.0,68,635784060,219,219.0,219,98.0,-121.0,121.0,-121.0,121.0,True,WGN,-1,-1
200,-6.0,69,2234229562,219,219.0,219,202.0,-17.0,17.0,-17.0,17.0,True,WGN,-1,-1
200,-6.0,70,1101456616,219,219.0,219,233.0,14.0,14.0,14.0,14.0,True,WGN,-1,-1
200,-6.0,71,3754743035,219,219.0,219,239.0,20.0,20.0,20.0,20.0,True,WGN,-1,-1
200,-6.0,72,2437690485,219,219.0,219,111.0,-108.0,108.0,-108.0,108.0,True,WGN,-1,-1
200,-6.0,73,3070293988,219,219.0,219,232.0,13.0,13.0,13.000000000000002,13.000000000000002,True,WGN,-1,-1
200,-6.0,74,373697113,219,219.0,219,222.0,3.0,3.0,3.0,3.0,True,WGN,-1,-1
200,-6.0,75,3823037191,219,219.0,219,230.0,11.0,11.0,11.0,11.0,True,WGN,-1,-1
200,-6.0,76,3234258298,219,219.0,219,261.0,42.0,42.0,42.0,42.0,True,WGN,-1,-1
200,-6.0,77,3277869426,219,219.0,219,229.0,10.0,10.0,10.0,10.0,True,WGN,-1,-1
200,-6.0,78,1426013649,219,219.0,219,222.0,3.0,3.0,3.0,3.0,True,WGN,-1,-1
200,-6.0,79,3816734917,219,219.0,219,222.0,3.0,3.0,3.0,3.0,True,WGN,-1,-1
200,-6.0,80,1041366285,219,219.0,219,446.0,227.0,227.0,227.0,227.0,True,WGN,-1,-1
200,-6.0,81,1148841464,219,219.0,219,353.0,134.0,134.0,134.0,134.0,True,WGN,-1,-1
200,-6.0,82,2642587920,219,219.0,219,222.0,3.0,3.0,3.0,3.0,True,WGN,-1,-1
200,-6.0,83,2623312764,219,219.0,219,93.0,-126.0,126.0,-126.0,126.0,True,WGN,-1,-1
200,-6.0,84,3767385400,219,219.0,219,282.0,63.0,63.0,63.0,63.0,True,WGN,-1,-1
200,-6.0,85,1301239893,219,219.0,219,228.0,9.0,9.0,9.000000000000002,9.000000000000002,True,WGN,-1,-1
200,-6.0,86,3762747225,219,219.0,219,286.0,67.0,67.0,67.0,67.0,True,WGN,-1,-1
200,-6.0,87,197441921,219,219.0,219,228.0,9.0,9.0,9.000000000000002,9.000000000000002,True,WGN,-1,-1
200,-6.0,88,2326478508,219,219.0,219,83.0,-136.0,136.0,-136.0,136.0,True,WGN,-1,-1
200,-6.0,89,2835426204,219,219.0,219,229.0,10.0,10.0,10.0,10.0,True,WGN,-1,-1
200,-6.0,90,2456375792,219,219.0,219,216.0,-3.0,3.0,-3.0,3.0,True,WGN,-1,-1
200,-6.0,91,341441930,219,219.0,219,228.0,9.0,9.0,9.000000000000002,9.000000000000002,True,WGN,-1,-1
200,-6.0,92,2779168188,219,219.0,219,218.0,-1.0,1.0,-1.0,1.0,True,WGN,-1,-1
200,-6.0,93,194137221,219,219.0,219,447.0,228.0,228.0,228.0,228.0,True,WGN,-1,-1
200,-6.0,94,3642007947,219,219.0,219,228.0,9.0,9.0,9.000000000000002,9.000000000000002,True,WGN,-1,-1
200,-6.0,95,2784912522,219,219.0,219,239.0,20.0,20.0,20.0,20.0,True,WGN,-1,-1
200,-6.0,96,457026707,219,219.0,219,232.0,13.0,13.0,13.000000000000002,13.000000000000002,True,WGN,-1,-1
200,-6.0,97,3582824493,219,219.0,219,233.0,14.0,14.0,14.0,14.0,True,WGN,-1,-1
200,-6.0,98,2292012800,219,219.0,219,222.0,3.0,3.0,3.0,3.0,True,WGN,-1,-1
200,-6.0,99,3022161696,219,219.0,219,223.0,4.0,4.0,4.0,4.0,True,WGN,-1,-1
200,-6.0,100,4224152857,219,219.0,219,243.0,24.0,24.0,24.0,24.0,True,WGN,-1,-1
200,-6.0,101,2772555047,219,219.0,219,2.0,-217.0,217.0,-217.0,217.0,True,WGN,-1,-1
200,-6.0,102,3257586231,219,219.0,219,154.0,-65.0,65.0,-65.0,65.0,True,WGN,-1,-1
200,-6.0,103,614770266,219,219.0,219,232.0,13.0,13.0,13.000000000000002,13.000000000000002,True,WGN,-1,-1
200,-6.0,104,4280509883,219,219.0,219,207.0,-12.0,12.0,-12.0,12.0,True,WGN,-1,-1
200,-6.0,105,2598430951,219,219.0,219,153.0,-66.0,66.0,-66.0,66.0,True,WGN,-1,-1
200,-6.0,106,563872322,219,219.0,219,192.0,-27.0,27.0,-27.0,27.0,True,WGN,-1,-1
200,-6.0,107,267546168,219,219.0,219,222.0,3.0,3.0,3.0,3.0,True,WGN,-1,-1
200,-6.0,108,1082863054,219,219.0,219,184.0,-35.0,35.0,-35.0,35.0,True,WGN,-1,-1
200,-6.0,109,2410329654,219,219.0,219,261.0,42.0,42.0,42.0,42.0,True,WGN,-1,-1
200,-6.0,110,2496462492,219,219.0,219,265.0,46.0,46.0,46.0,46.0,True,WGN,-1,-1
200,-6.0,111,3858866186,219,219.0,219,229.0,10.0,10.0,10.0,10.0,True,WGN,-1,-1
200,-6.0,112,1959479488,219,219.0,219,4.0,-215.0,215.0,-215.0,215.0,True,WGN,-1,-1
200,-6.0,113,3728041437,219,219.0,219,218.0,-1.0,1.0,-1.0,1.0,True,WGN,-1,-1
200,-6.0,114,4202565733,219,219.0,219,300.0,81.0,81.0,81.0,81.0,True,WGN,-1,-1
200,-6.0,115,4028660072,219,219.0,219,221.0,2.0,2.0,2.0,2.0,True,WGN,-1,-1
200,-6.0,116,964559182,219,219.0,219,447.0,228.0,228.0,228.0,228.0,True,WGN,-1,-1
200,-6.0,117,3734932799,219,219.0,219,228.0,9.0,9.0,9.000000000000002,9.000000000000002,True,WGN,-1,-1
200,-6.0,118,1201480362,219,219.0,219,222.0,3.0,3.0,3.0,3.0,True,WGN,-1,-1
200,-6.0,119,1674885835,219,219.0,219,194.0,-25.0,25.0,-25.0,25.0,True,WGN,-1,-1
200,-6.0,120,950888901,219,219.0,219,228.0,9.0,9.0,9.000000000000002,9.000000000000002,True,WGN,-1,-1
200,-6.0,121,1545777245,219,219.0,219,213.0,-6.0,6.0,-6.0,6.0,True,WGN,-1,-1
200,-6.0,122,3004310701,219,219.0,219,220.0,1.0,1.0,1.0,1.0,True,WGN,-1,-1
200,-6.0,123,2430320955,219,219.0,219,206.0,-13.0,13.0,-13.000000000000002,13.000000000000002,True,WGN,-1,-1
200,-6.0,124,1224186141,219,219.0,219,167.0,-52.0,52.0,-52.00000000000001,52.00000000000001,True,WGN,-1,-1
200,-6.0,125,3892730192,219,219.0,219,230.0,11.0,11.0,11.0,11.0,True,WGN,-1,-1
200,-6.0,126,2799550477,219,219.0,219,216.0,-3.0,3.0,-3.0,3.0,True,WGN,-1,-1
200,-6.0,127,3028447698,219,219.0,219,285.0,66.0,66.0,66.0,66.0,True,WGN,-1,-1
200,-6.0,128,415517391,219,219.0,219,446.0,227.0,227.0,227.0,227.0,True,WGN,-1,-1
200,-6.0,129,3445049655,219,219.0,219,219.0,0.0,0.0,0.0,0.0,True,WGN,-1,-1
200,-6.0,130,4251325205,219,219.0,219,241.0,22.0,22.0,22.0,22.0,True,WGN,-1,-1
200,-6.0,131,3558172504,219,219.0,219,204.0,-15.0,15.0,-15.0,15.0,True,WGN,-1,-1
200,-6.0,132,983656392,219,219.0,219,181.0,-38.0,38.0,-38.0,38.0,True,WGN,-1,-1
200,-6.0,133,580194984,219,219.0,219,229.0,10.0,10.0,10.0,10.0,True,WGN,-1,-1
200,-6.0,134,4080241709,219,219.0,219,5.0,-214.0,214.0,-214.0,214.0,True,WGN,-1,-1
200,-6.0,135,3572834116,219,219.0,219,191.0,-28.0,28.0,-28.0,28.0,True,WGN,-1,-1
200,-6.0,136,2964581255,219,219.0,219,190.0,-29.0,29.0,-29.0,29.0,True,WGN,-1,-1
200,-6.0,137,638635623,219,219.0,219,159.0,-60.0,60.0,-60.0,60.0,True,WGN,-1,-1
200,-6.0,138,258266400,219,219.0,219,207.0,-12.0,12.0,-12.0,12.0,True,WGN,-1,-1
200,-6.0,139,765320107,219,219.0,219,447.0,228.0,228.0,228.0,228.0,True,WGN,-1,-1
200,-6.0,140,988524178,219,219.0,219,228.0,9.0,9.0,9.000000000000002,9.000000000000002,True,WGN,-1,-1
200,-6.0,141,396769321,219,219.0,219,222.0,3.0,3.0,3.0,3.0,True,WGN,-1,-1
200,-6.0,142,4201349815,219,219.0,219,220.0,1.0,1.0,1.0,1.0,True,WGN,-1,-1
200,-6.0,143,3422552060,219,219.0,219,220.0,1.0,1.0,1.0,1.0,True,WGN,-1,-1
200,-6.0,144,2780074428,219,219.0,219,191.0,-28.0,28.0,-28.0,28.0,True,WGN,-1,-1
200,-6.0,145,2035591614,219,219.0,219,207.0,-12.0,12.0,-12.0,12.0,True,WGN,-1,-1
200,-6.0,146,3733589724,219,219.0,219,2.0,-217.0,217.0,-217.0,217.0,True,WGN,-1,-1
200,-6.0,147,3210909570,219,219.0,219,195.0,-24.0,24.0,-24.0,24.0,True,WGN,-1,-1
200,-6.0,148,1225715681,219,219.0,219,230.0,11.0,11.0,11.0,11.0,True,WGN,-1,-1
200,-6.0,149,3502292748,219,219.0,219,239.0,20.0,20.0,20.0,20.0,True,WGN,-1,-1
200,-6.0,150,2301536717,219,219.0,219,220.0,1.0,1.0,1.0,1.0,True,WGN,-1,-1
200,-6.0,151,1988522567,219,219.0,219,258.0,39.0,39.0,39.0,39.0,True,WGN,-1,-1
200,-6.0,152,679659788,219,219.0,219,222.0,3.0,3.0,3.0,3.0,True,WGN,-1,-1
200,-6.0,153,1464492568,219,219.0,219,223.0,4.0,4.0,4.0,4.0,True,WGN,-1,-1
200,-6.0,154,371665458,219,219.0,219,228.0,9.0,9.0,9.000000000000002,9.000000000000002,True,WGN,-1,-1
200,-6.0,155,3353237509,219,219.0,219,241.0,22.0,22.0,22.0,22.0,True,WGN,-1,-1
200,-6.0,156,1252990476,219,219.0,219,223.0,4.0,4.0,4.0,4.0,True,WGN,-1,-1
200,-6.0,157,3144458674,219,219.0,219,441.0,222.0,222.0,222.0,222.0,True,WGN,-1,-1
200,-6.0,158,3720392138,219,219.0,219,233.0,14.0,14.0,14.0,14.0,True,WGN,-1,-1
200,-6.0,159,3406446874,219,219.0,219,248.0,29.0,29.0,29.0,29.0,True,WGN,-1,-1
200,-6.0,160,4252611529,219,219.0,219,401.0,182.0,182.0,182.0,182.0,True,WGN,-1,-1
200,-6.0,161,997780041,219,219.0,219,207.0,-12.0,12.0,-12.0,12.0,True,WGN,-1,-1
200,-6.0,162,1725741981,219,219.0,219,222.0,3.0,3.0,3.0,3.0,True,WGN,-1,-1
200,-6.0,163,38202323,219,219.0,219,299.0,80.0,80.0,80.0,80.0,True,WGN,-1,-1
200,-6.0,164,162104160,219,219.0,219,244.0,25.0,25.0,25.0,25.0,True,WGN,-1,-1
200,-6.0,165,570438675,219,219.0,219,3.0,-216.0,216.0,-216.0,216.0,True,WGN,-1,-1
200,-6.0,166,4212507495,219,219.0,219,199.0,-20.0,20.0,-20.0,20.0,True,WGN,-1,-1
200,-6.0,167,4202313778,219,219.0,219,237.0,18.0,18.0,18.000000000000004,18.000000000000004,True,WGN,-1,-1
200,-6.0,168,1759248100,219,219.0,219,233.0,14.0,14.0,14.0,14.0,True,WGN,-1,-1
200,-6.0,169,2077017548,219,219.0,219,206.0,-13.0,13.0,-13.000000000000002,13.000000000000002,True,WGN,-1,-1
200,-6.0,170,2878951344,219,219.0,219,223.0,4.0,4.0,4.0,4.0,True,WGN,-1,-1
200,-6.0,171,2973527053,219,219.0,219,233.0,14.0,14.0,14.0,14.0,True,WGN,-1,-1
200,-6.0,172,3195759244,219,219.0,219,220.0,1.0,1.0,1.0,1.0,True,WGN,-1,-1
200,-6.0,173,1274042072,219,219.0,219,242.0,23.0,23.0,23.0,23.0,True,WGN,-1,-1
200,-6.0,174,2156000876,219,219.0,219,231.0,12.0,12.0,12.0,12.0,True,WGN,-1,-1
200,-6.0,175,4003671106,219,219.0,219,228.0,9.0,9.0,9.000000000000002,9.000000000000002,True,WGN,-1,-1
200,-6.0,176,833736751,219,219.0,219,221.0,2.0,2.0,2.0,2.0,True,WGN,-1,-1
200,-6.0,177,360109126,219,219.0,219,228.0,9.0,9.0,9.000000000000002,9.000000000000002,True,WGN,-1,-1
200,-6.0,178,1708257635,219,219.0,219,220.0,1.0,1.0,1.0,1.0,True,WGN,-1,-1
200,-6.0,179,928304979,219,219.0,219,200.0,-19.0,19.0,-19.0,19.0,True,WGN,-1,-1
200,-6.0,180,3590710736,219,219.0,219,447.0,228.0,228.0,228.0,228.0,True,WGN,-1,-1
200,-6.0,181,2365351338,219,219.0,219,231.0,12.0,12.0,12.0,12.0,True,WGN,-1,-1
200,-6.0,182,3390431740,219,219.0,219,222.0,3.0,3.0,3.0,3.0,True,WGN,-1,-1
200,-6.0,183,628542883,219,219.0,219,222.0,3.0,3.0,3.0,3.0,True,WGN,-1,-1
200,-6.0,184,1030316673,219,219.0,219,223.0,4.0,4.0,4.0,4.0,True,WGN,-1,-1
200,-6.0,185,611712923,219,219.0,219,222.0,3.0,3.0,3.0,3.0,True,WGN,-1,-1
200,-6.0,186,1892431041,219,219.0,219,263.0,44.0,44.0,44.0,44.0,True,WGN,-1,-1
200,-6.0,187,2173234716,219,219.0,219,203.0,-16.0,16.0,-16.0,16.0,True,WGN,-1,-1
200,-6.0,188,287563777,219,219.0,219,222.0,3.0,3.0,3.0,3.0,True,WGN,-1,-1
200,-6.0,189,425550110,219,219.0,219,2.0,-217.0,217.0,-217.0,217.0,True,WGN,-1,-1
200,-6.0,190,2735553043,219,219.0,219,446.0,227.0,227.0,227.0,227.0,True,WGN,-1,-1
200,-6.0,191,567409415,219,219.0,219,280.0,61.0,61.0,61.0,61.0,True,WGN,-1,-1
200,-6.0,192,62599012,219,219.0,219,196.0,-23.0,23.0,-23.0,23.0,True,WGN,-1,-1
200,-6.0,193,2124407492,219,219.0,219,218.0,-1.0,1.0,-1.0,1.0,True,WGN,-1,-1
200,-6.0,194,4142598491,219,219.0,219,254.0,35.0,35.0,35.0,35.0,True,WGN,-1,-1
200,-6.0,195,2375906794,219,219.0,219,223.0,4.0,4.0,4.0,4.0,True,WGN,-1,-1
200,-6.0,196,3829452277,219,219.0,219,229.0,10.0,10.0,10.0,10.0,True,WGN,-1,-1
200,-6.0,197,2642299380,219,219.0,219,248.0,29.0,29.0,29.0,29.0,True,WGN,-1,-1
200,-6.0,198,582996694,219,219.0,219,234.0,15.0,15.0,15.0,15.0,True,WGN,-1,-1
200,-6.0,199,2047429260,219,219.0,219,38.0,-181.0,181.0,-181.0,181.0,True,WGN,-1,-1
200,2.0,0,3677053791,219,219.0,219,234.0,15.0,15.0,15.0,15.0,True,WGN,-1,-1
200,2.0,1,4137476110,219,219.0,219,221.0,2.0,2.0,2.0,2.0,True,WGN,-1,-1
200,2.0,2,2204162015,219,219.0,219,209.0,-10.0,10.0,-10.0,10.0,True,WGN,-1,-1
200,2.0,3,3127049848,219,219.0,219,222.0,3.0,3.0,3.0,3.0,True,WGN,-1,-1
200,2.0,4,1236110078,219,219.0,219,208.0,-11.0,11.0,-11.0,11.0,True,WGN,-1,-1
200,2.0,5,3028076790,219,219.0,219,222.0,3.0,3.0,3.0,3.0,True,WGN,-1,-1
200,2.0,6,1341864641,219,219.0,219,229.0,10.0,10.0,10.0,10.0,True,WGN,-1,-1
200,2.0,7,2301230152,219,219.0,219,222.0,3.0,3.0,3.0,3.0,True,WGN,-1,-1
200,2.0,8,3745676962,219,219.0,219,219.0,0.0,0.0,0.0,0.0,True,WGN,-1,-1
200,2.0,9,1663707528,219,219.0,219,229.0,10.0,10.0,10.0,10.0,True,WGN,-1,-1
200,2.0,10,1688234712,219,219.0,219,222.0,3.0,3.0,3.0,3.0,True,WGN,-1,-1
200,2.0,11,1678776966,219,219.0,219,221.0,2.0,2.0,2.0,2.0,True,WGN,-1,-1
200,2.0,12,849708069,219,219.0,219,229.0,10.0,10.0,10.0,10.0,True,WGN,-1,-1
200,2.0,13,2454692301,219,219.0,219,222.0,3.0,3.0,3.0,3.0,True,WGN,-1,-1
200,2.0,14,2648922768,219,219.0,219,222.0,3.0,3.0,3.0,3.0,True,WGN,-1,-1
200,2.0,15,1288073421,219,219.0,219,222.0,3.0,3.0,3.0,3.0,True,WGN,-1,-1
200,2.0,16,3354061819,219,219.0,219,222.0,3.0,3.0,3.0,3.0,True,WGN,-1,-1
200,2.0,17,2947919918,219,219.0,219,230.0,11.0,11.0,11.0,11.0,True,WGN,-1,-1
200,2.0,18,130306680,219,219.0,219,222.0,3.0,3.0,3.0,3.0,True,WGN,-1,-1
200,2.0,19,3839086365,219,219.0,219,222.0,3.0,3.0,3.0,3.0,True,WGN,-1,-1
200,2.0,20,1476700633,219,219.0,219,230.0,11.0,11.0,11.0,11.0,True,WGN,-1,-1
200,2.0,21,89297499,219,219.0,219,229.0,10.0,10.0,10.0,10.0,True,WGN,-1,-1
200,2.0,22,3570835513,219,219.0,219,222.0,3.0,3.0,3.0,3.0,True,WGN,-1,-1
200,2.0,23,3722896382,219,219.0,219,221.0,2.0,2.0,2.0,2.0,True,WGN,-1,-1
200,2.0,24,3927710466,219,219.0,219,221.0,2.0,2.0,2.0,2.0,True,WGN,-1,-1
200,2.0,25,3227071402,219,219.0,219,252.0,33.0,33.0,33.0,33.0,True,WGN,-1,-1
200,2.0,26,2021809721,219,219.0,219,222.0,3.0,3.0,3.0,3.0,True,WGN,-1,-1
200,2.0,27,586495905,219,219.0,219,222.0,3.0,3.0,3.0,3.0,True,WGN,-1,-1
200,2.0,28,896386630,219,219.0,219,229.0,10.0,10.0,10.0,10.0,True,WGN,-1,-1
200,2.0,29,1018563674,219,219.0,219,229.0,10.0,10.0,10.0,10.0,True,WGN,-1,-1
200,2.0,30,4058963123,219,219.0,219,218.0,-1.0,1.0,-1.0,1.0,True,WGN,-1,-1
200,2.0,31,3528578851,219,219.0,219,222.0,3.0,3.0,3.0,3.0,True,WGN,-1,-1
200,2.0,32,1168614897,219,219.0,219,222.0,3.0,3.0,3.0,3.0,True,WGN,-1,-1
200,2.0,33,1520681409,219,219.0,219,222.0,3.0,3.0,3.0,3.0,True,WGN,-1,-1
200,2.0,34,448611100,219,219.0,219,220.0,1.0,1.0,1.0,1.0,True,WGN,-1,-1
200,2.0,35,299453840,219,219.0,219,222.0,3.0,3.0,3.0,3.0,True,WGN,-1,-1
200,2.0,36,955177271,219,219.0,219,222.0,3.0,3.0,3.0,3.0,True,WGN,-1,-1
200,2.0,37,3866696011,219,219.0,219,229.0,10.0,10.0,10.0,10.0,True,WGN,-1,-1
200,2.0,38,349640894,219,219.0,219,229.0,10.0,10.0,10.0,10.0,True,WGN,-1,-1
200,2.0,39,2916126310,219,219.0,219,222.0,3.0,3.0,3.0,3.0,True,WGN,-1,-1
200,2.0,40,3084605656,219,219.0,219,222.0,3.0,3.0,3.0,3.0,True,WGN,-1,-1
200,2.0,41,1840117533,219,219.0,219,222.0,3.0,3.0,3.0,3.0,True,WGN,-1,-1
200,2.0,42,3826699877,219,219.0,219,222.0,3.0,3.0,3.0,3.0,True,WGN,-1,-1
200,2.0,43,3173316577,219,219.0,219,221.0,2.0,2.0,2.0,2.0,True,WGN,-1,-1
200,2.0,44,1372231149,219,219.0,219,230.0,11.0,11.0,11.0,11.0,True,WGN,-1,-1
200,2.0,45,3947382941,219,219.0,219,222.0,3.0,3.0,3.0,3.0,True,WGN,-1,-1
200,2.0,46,2501733756,219,219.0,219,222.0,3.0,3.0,3.0,3.0,True,WGN,-1,-1
200,2.0,47,9123910,219,219.0,219,229.0,10.0,10.0,10.0,10.0,True,WGN,-1,-1
200,2.0,48,213623478,219,219.0,219,222.0,3.0,3.0,3.0,3.0,True,WGN,-1,-1
200,2.0,49,4288315420,219,219.0,219,235.0,16.0,16.0,16.0,16.0,True,WGN,-1,-1
200,2.0,50,79470619,219,219.0,219,222.0,3.0,3.0,3.0,3.0,True,WGN,-1,-1
200,2.0,51,4160440172,219,219.0,219,221.0,2.0,2.0,2.0,2.0,True,WGN,-1,-1
200,2.0,52,764290265,219,219.0,219,229.0,10.0,10.0,10.0,10.0,True,WGN,-1,-1
200,2.0,53,3042144161,219,219.0,219,222.0,3.0,3.0,3.0,3.0,True,WGN,-1,-1
200,2.0,54,576736032,219,219.0,219,229.0,10.0,10.0,10.0,10.0,True,WGN,-1,-1
200,2.0,55,1991836957,219,219.0,219,233.0,14.0,14.0,14.0,14.0,True,WGN,-1,-1
200,2.0,56,4235993001,219,219.0,219,222.0,3.0,3.0,3.0,3.0,True,WGN,-1,-1
200,2.0,57,3811061601,219,219.0,219,229.0,10.0,10.0,10.0,10.0,True,WGN,-1,-1
200,2.0,58,4179714988,219,219.0,219,222.0,3.0,3.0,3.0,3.0,True,WGN,-1,-1
200,2.0,59,875162039,219,219.0,219,229.0,10.0,10.0,10.0,10.0,True,WGN,-1,-1
200,2.0,60,1048079224,219,219.0,219,221.0,2.0,2.0,2.0,2.0,True,WGN,-1,-1
200,2.0,61,645942755,219,219.0,219,216.0,-3.0,3.0,-3.0,3.0,True,WGN,-1,-1
200,2.0,62,1512548419,219,219.0,219,229.0,10.0,10.0,10.0,10.0,True,WGN,-1,-1
200,2.0,63,2265192919,219,219.0,219,216.0,-3.0,3.0,-3.0,3.0,True,WGN,-1,-1
200,2.0,64,205736962,219,219.0,219,222.0,3.0,3.0,3.0,3.0,True,WGN,-1,-1
200,2.0,65,4247707132,219,219.0,219,222.0,3.0,3.0,3.0,3.0,True,WGN,-1,-1
200,2.0,66,91546031,219,219.0,219,220.0,1.0,1.0,1.0,1.0,True,WGN,-1,-1
200,2.0,67,1599329812,219,219.0,219,229.0,10.0,10.0,10.0,10.0,True,WGN,-1,-1
200,2.0,68,901763745,219,219.0,219,230.0,11.0,11.0,11.0,11.0,True,WGN,-1,-1
200,2.0,69,658325597,219,219.0,219,222.0,3.0,3.0,3.0,3.0,True,WGN,-1,-1
200,2.0,70,2034861496,219,219.0,219,230.0,11.0,11.0,11.0,11.0,True,WGN,-1,-1
200,2.0,71,2807130743,219,219.0,219,222.0,3.0,3.0,3.0,3.0,True,WGN,-1,-1
200,2.0,72,3177414465,219,219.0,219,229.0,10.0,10.0,10.0,10.0,True,WGN,-1,-1
200,2.0,73,1618225625,219,219.0,219,217.0,-2.0,2.0,-2.0,2.0,True,WGN,-1,-1
200,2.0,74,296739560,219,219.0,219,220.0,1.0,1.0,1.0,1.0,True,WGN,-1,-1
200,2.0,75,4077557435,219,219.0,219,228.0,9.0,9.0,9.000000000000002,9.000000000000002,True,WGN,-1,-1
200,2.0,76,2082375282,219,219.0,219,229.0,10.0,10.0,10.0,10.0,True,WGN,-1,-1
200,2.0,77,863948308,219,219.0,219,222.0,3.0,3.0,3.0,3.0,True,WGN,-1,-1
200,2.0,78,1616041555,219,219.0,219,220.0,1.0,1.0,1.0,1.0,True,WGN,-1,-1
200,2.0,79,3512283413,219,219.0,219,222.0,3.0,3.0,3.0,3.0,True,WGN,-1,-1
200,2.0,80,4014305234,219,219.0,219,221.0,2.0,2.0,2.0,2.0,True,WGN,-1,-1
200,2.0,81,1695716580,219,219.0,219,222.0,3.0,3.0,3.0,3.0,True,WGN,-1,-1
200,2.0,82,2070276811,219,219.0,219,222.0,3.0,3.0,3.0,3.0,True,WGN,-1,-1
200,2.0,83,3391754338,219,219.0,219,231.0,12.0,12.0,12.0,12.0,True,WGN,-1,-1
200,2.0,84,952181116,219,219.0,219,229.0,10.0,10.0,10.0,10.0,True,WGN,-1,-1
200,2.0,85,3011885483,219,219.0,219,229.0,10.0,10.0,10.0,10.0,True,WGN,-1,-1
200,2.0,86,3790917695,219,219.0,219,229.0,10.0,10.0,10.0,10.0,True,WGN,-1,-1
200,2.0,87,1909360839,219,219.0,219,216.0,-3.0,3.0,-3.0,3.0,True,WGN,-1,-1
200,2.0,88,3178902614,219,219.0,219,229.0,10.0,10.0,10.0,10.0,True,WGN,-1,-1
200,2.0,89,2915472977,219,219.0,219,229.0,10.0,10.0,10.0,10.0,True,WGN,-1,-1
200,2.0,90,2339020232,219,219.0,219,222.0,3.0,3.0,3.0,3.0,True,WGN,-1,-1
200,2.0,91,583752946,219,219.0,219,229.0,10.0,10.0,10.0,10.0,True,WGN,-1,-1
200,2.0,92,3536276551,219,219.0,219,229.0,10.0,10.0,10.0,10.0,True,WGN,-1,-1
200,2.0,93,2826828587,219,219.0,219,229.0,10.0,10.0,10.0,10.0,True,WGN,-1,-1
200,2.0,94,3864415386,219,219.0,219,222.0,3.0,3.0,3.0,3.0,True,WGN,-1,-1
200,2.0,95,1051610456,219,219.0,219,236.0,17.0,17.0,17.0,17.0,True,WGN,-1,-1
200,2.0,96,3988031761,219,219.0,219,229.0,10.0,10.0,10.0,10.0,True,WGN,-1,-1
200,2.0,97,787380806,219,219.0,219,222.0,3.0,3.0,3.0,3.0,True,WGN,-1,-1
200,2.0,98,340354201,219,219.0,219,222.0,3.0,3.0,3.0,3.0,True,WGN,-1,-1
200,2.0,99,3433925072,219,219.0,219,231.0,12.0,12.0,12.0,12.0,True,WGN,-1,-1
200,2.0,100,3030780229,219,219.0,219,221.0,2.0,2.0,2.0,2.0,True,WGN,-1,-1
200,2.0,101,2725149384,219,219.0,219,230.0,11.0,11.0,11.0,11.0,True,WGN,-1,-1
200,2.0,102,2042861152,219,219.0,219,229.0,10.0,10.0,10.0,10.0,True,WGN,-1,-1
200,2.0,103,73242363,219,219.0,219,221.0,2.0,2.0,2.0,2.0,True,WGN,-1,-1
200,2.0,104,3683422177,219,219.0,219,232.0,13.0,13.0,13.000000000000002,13.000000000000002,True,WGN,-1,-1
200,2.0,105,2997570288,219,219.0,219,218.0,-1.0,1.0,-1.0,1.0,True,WGN,-1,-1
200,2.0,106,2033845988,219,219.0,219,215.0,-4.0,4.0,-4.0,4.0,True,WGN,-1,-1
200,2.0,107,2335013017,219,219.0,219,222.0,3.0,3.0,3.0,3.0,True,WGN,-1,-1
200,2.0,108,3717989488,219,219.0,219,229.0,10.0,10.0,10.0,10.0,True,WGN,-1,-1
200,2.0,109,2705303964,219,219.0,219,229.0,10.0,10.0,10.0,10.0,True,WGN,-1,-1
200,2.0,110,1656695369,219,219.0,219,229.0,10.0,10.0,10.0,10.0,True,WGN,-1,-1
200,2.0,111,555236698,219,219.0,219,230.0,11.0,11.0,11.0,11.0,True,WGN,-1,-1
200,2.0,112,3865364052,219,219.0,219,220.0,1.0,1.0,1.0,1.0,True,WGN,-1,-1
200,2.0,113,313552634,219,219.0,219,220.0,1.0,1.0,1.0,1.0,True,WGN,-1,-1
200,2.0,114,3798481263,219,219.0,219,219.0,0.0,0.0,0.0,0.0,True,WGN,-1,-1
200,2.0,115,3430916720,219,219.0,219,221.0,2.0,2.0,2.0,2.0,True,WGN,-1,-1
200,2.0,116,2878526552,219,219.0,219,229.0,10.0,10.0,10.0,10.0,True,WGN,-1,-1
200,2.0,117,1990119674,219,219.0,219,228.0,9.0,9.0,9.000000000000002,9.000000000000002,True,WGN,-1,-1
200,2.0,118,1526882588,219,219.0,219,221.0,2.0,2.0,2.0,2.0,True,WGN,-1,-1
200,2.0,119,1737061923,219,219.0,219,229.0,10.0,10.0,10.0,10.0,True,WGN,-1,-1
200,2.0,120,2536348553,219,219.0,219,222.0,3.0,3.0,3.0,3.0,True,WGN,-1,-1
200,2.0,121,2879879019,219,219.0,219,236.0,17.0,17.0,17.0,17.0,True,WGN,-1,-1
200,2.0,122,1665962854,219,219.0,219,222.0,3.0,3.0,3.0,3.0,True,WGN,-1,-1
200,2.0,123,4248832470,219,219.0,219,221.0,2.0,2.0,2.0,2.0,True,WGN,-1,-1
200,2.0,124,2496799002,219,219.0,219,212.0,-7.0,7.0,-7.0,7.0,True,WGN,-1,-1
200,2.0,125,1040143105,219,219.0,219,230.0,11.0,11.0,11.0,11.0,True,WGN,-1,-1
200,2.0,126,3022653791,219,219.0,219,221.0,2.0,2.0,2.0,2.0,True,WGN,-1,-1
200,2.0,127,2307509542,219,219.0,219,222.0,3.0,3.0,3.0,3.0,True,WGN,-1,-1
200,2.0,128,1846102098,219,219.0,219,231.0,12.0,12.0,12.0,12.0,True,WGN,-1,-1
200,2.0,129,4045004261,219,219.0,219,229.0,10.0,10.0,10.0,10.0,True,WGN,-1,-1
200,2.0,130,1820213934,219,219.0,219,222.0,3.0,3.0,3.0,3.0,True,WGN,-1,-1
200,2.0,131,136756661,219,219.0,219,222.0,3.0,3.0,3.0,3.0,True,WGN,-1,-1
200,2.0,132,1043107810,219,219.0,219,222.0,3.0,3.0,3.0,3.0,True,WGN,-1,-1
200,2.0,133,1012189194,219,219.0,219,240.0,21.0,21.0,21.0,21.0,True,WGN,-1,-1
200,2.0,134,1189195096,219,219.0,219,220.0,1.0,1.0,1.0,1.0,True,WGN,-1,-1
200,2.0,135,2508945714,219,219.0,219,229.0,10.0,10.0,10.0,10.0,True,WGN,-1,-1
200,2.0,136,3644076647,219,219.0,219,229.0,10.0,10.0,10.0,10.0,True,WGN,-1,-1
200,2.0,137,497518278,219,219.0,219,222.0,3.0,3.0,3.0,3.0,True,WGN,-1,-1
200,2.0,138,1607231066,219,219.0,219,229.0,10.0,10.0,10.0,10.0,True,WGN,-1,-1
200,2.0,139,399104373,219,219.0,219,229.0,10.0,10.0,10.0,10.0,True,WGN,-1,-1
200,2.0,140,1551464306,219,219.0,219,219.0,0.0,0.0,0.0,0.0,True,WGN,-1,-1
200,2.0,141,3671303318,219,219.0,219,222.0,3.0,3.0,3.0,3.0,True,WGN,-1,-1
200,2.0,142,2839215630,219,219.0,219,222.0,3.0,3.0,3.0,3.0,True,WGN,-1,-1
200,2.0,143,3783403970,219,219.0,219,229.0,10.0,10.0,10.0,10.0,True,WGN,-1,-1
200,2.0,144,2846822200,219,219.0,219,222.0,3.0,3.0,3.0,3.0,True,WGN,-1,-1
200,2.0,145,750298149,219,219.0,219,220.0,1.0,1.0,1.0,1.0,True,WGN,-1,-1
200,2.0,146,829133818,219,219.0,219,230.0,11.0,11.0,11.0,11.0,True,WGN,-1,-1
200,2.0,147,704991913,219,219.0,219,220.0,1.0,1.0,1.0,1.0,True,WGN,-1,-1
200,2.0,148,1480655708,219,219.0,219,230.0,11.0,11.0,11.0,11.0,True,WGN,-1,-1
200,2.0,149,753503823,219,219.0,219,230.0,11.0,11.0,11.0,11.0,True,WGN,-1,-1
200,2.0,150,1997239207,219,219.0,219,229.0,10.0,10.0,10.0,10.0,True,WGN,-1,-1
200,2.0,151,146905851,219,219.0,219,221.0,2.0,2.0,2.0,2.0,True,WGN,-1,-1
200,2.0,152,3822573370,219,219.0,219,230.0,11.0,11.0,11.0,11.0,True,WGN,-1,-1
200,2.0,153,2200711834,219,219.0,219,218.0,-1.0,1.0,-1.0,1.0,True,WGN,-1,-1
200,2.0,154,1527125034,219,219.0,219,229.0,10.0,10.0,10.0,10.0,True,WGN,-1,-1
200,2.0,155,1414091631,219,219.0,219,229.0,10.0,10.0,10.0,10.0,True,WGN,-1,-1
200,2.0,156,897022326,219,219.0,219,222.0,3.0,3.0,3.0,3.0,True,WGN,-1,-1
200,2.0,157,3885004122,219,219.0,219,229.0,10.0,10.0,10.0,10.0,True,WGN,-1,-1
200,2.0,158,866889856,219,219.0,219,229.0,10.0,10.0,10.0,10.0,True,WGN,-1,-1
200,2.0,159,3631315406,219,219.0,219,222.0,3.0,3.0,3.0,3.0,True,WGN,-1,-1
200,2.0,160,3611205144,219,219.0,219,222.0,3.0,3.0,3.0,3.0,True,WGN,-1,-1
200,2.0,161,4258101938,219,219.0,219,222.0,3.0,3.0,3.0,3.0,True,WGN,-1,-1
200,2.0,162,501476723,219,219.0,219,229.0,10.0,10.0,10.0,10.0,True,WGN,-1,-1
200,2.0,163,1117514811,219,219.0,219,229.0,10.0,10.0,10.0,10.0,True,WGN,-1,-1
200,2.0,164,597806586,219,219.0,219,219.0,0.0,0.0,0.0,0.0,True,WGN,-1,-1
200,2.0,165,118821441,219,219.0,219,232.0,13.0,13.0,13.000000000000002,13.000000000000002,True,WGN,-1,-1
200,2.0,166,2425193782,219,219.0,219,218.0,-1.0,1.0,-1.0,1.0,True,WGN,-1,-1
200,2.0,167,1407242900,219,219.0,219,222.0,3.0,3.0,3.0,3.0,True,WGN,-1,-1
200,2.0,168,3824916338,219,219.0,219,229.0,10.0,10.0,10.0,10.0,True,WGN,-1,-1
200,2.0,169,3900807109,219,219.0,219,229.0,10.0,10.0,10.0,10.0,True,WGN,-1,-1
200,2.0,170,2784873647,219,219.0,219,218.0,-1.0,1.0,-1.0,1.0,True,WGN,-1,-1
200,2.0,171,2611462601,219,219.0,219,229.0,10.0,10.0,10.0,10.0,True,WGN,-1,-1
200,2.0,172,747986076,219,219.0,219,222.0,3.0,3.0,3.0,3.0,True,WGN,-1,-1
200,2.0,173,637994926,219,219.0,219,222.0,3.0,3.0,3.0,3.0,True,WGN,-1,-1
200,2.0,174,988349785,219,219.0,219,229.0,10.0,10.0,10.0,10.0,True,WGN,-1,-1
200,2.0,175,2724657403,219,219.0,219,229.0,10.0,10.0,10.0,10.0,True,WGN,-1,-1
200,2.0,176,3182745533,219,219.0,219,222.0,3.0,3.0,3.0,3.0,True,WGN,-1,-1
200,2.0,177,3482003627,219,219.0,219,229.0,10.0,10.0,10.0,10.0,True,WGN,-1,-1
200,2.0,178,3178893721,219,219.0,219,222.0,3.0,3.0,3.0,3.0,True,WGN,-1,-1
200,2.0,179,2057244852,219,219.0,219,229.0,10.0,10.0,10.0,10.0,True,WGN,-1,-1
200,2.0,180,1701304691,219,219.0,219,229.0,10.0,10.0,10.0,10.0,True,WGN,-1,-1
200,2.0,181,2132675213,219,219.0,219,219.0,0.0,0.0,0.0,0.0,True,WGN,-1,-1
200,2.0,182,3243652020,219,219.0,219,229.0,10.0,10.0,10.0,10.0,True,WGN,-1,-1
200,2.0,183,1481882482,219,219.0,219,229.0,10.0,10.0,10.0,10.0,True,WGN,-1,-1
200,2.0,184,254169660,219,219.0,219,230.0,11.0,11.0,11.0,11.0,True,WGN,-1,-1
200,2.0,185,2189591244,219,219.0,219,229.0,10.0,10.0,10.0,10.0,True,WGN,-1,-1
200,2.0,186,510647552,219,219.0,219,221.0,2.0,2.0,2.0,2.0,True,WGN,-1,-1
200,2.0,187,3297795947,219,219.0,219,229.0,10.0,10.0,10.0,10.0,True,WGN,-1,-1
200,2.0,188,3353164466,219,219.0,219,229.0,10.0,10.0,10.0,10.0,True,WGN,-1,-1
200,2.0,189,2282567665,219,219.0,219,231.0,12.0,12.0,12.0,12.0,True,WGN,-1,-1
200,2.0,190,3601650206,219,219.0,219,219.0,0.0,0.0,0.0,0.0,True,WGN,-1,-1
200,2.0,191,403101375,219,219.0,219,222.0,3.0,3.0,3.0,3.0,True,WGN,-1,-1
200,2.0,192,2870603423,219,219.0,219,222.0,3.0,3.0,3.0,3.0,True,WGN,-1,-1
200,2.0,193,2445857950,219,219.0,219,221.0,2.0,2.0,2.0,2.0,True,WGN,-1,-1
200,2.0,194,1755349997,219,219.0,219,222.0,3.0,3.0,3.0,3.0,True,WGN,-1,-1
200,2.0,195,3418977310,219,219.0,219,229.0,10.0,10.0,10.0,10.0,True,WGN,-1,-1
200,2.0,196,2934922691,219,219.0,219,221.0,2.0,2.0,2.0,2.0,True,WGN,-1,-1
200,2.0,197,4096122673,219,219.0,219,231.0,12.0,12.0,12.0,12.0,True,WGN,-1,-1
200,2.0,198,2586107388,219,219.0,219,229.0,10.0,10.0,10.0,10.0,True,WGN,-1,-1
200,2.0,199,870125620,219,219.0,219,229.0,10.0,10.0,10.0,10.0,True,WGN,-1,-1
250,-10.0,0,4135147338,221,221.0,221,375.0,154.0,154.0,154.0,154.0,True,WGN,-1,-1
250,-10.0,1,4169437149,221,221.0,221,2.0,-219.0,219.0,-219.0,219.0,True,WGN,-1,-1
250,-10.0,2,1944378167,221,221.0,221,312.0,91.0,91.0,91.0,91.0,True,WGN,-1,-1
250,-10.0,3,2996105118,221,221.0,221,309.0,88.0,88.0,88.0,88.0,True,WGN,-1,-1
250,-10.0,4,1382831776,221,221.0,221,45.0,-176.0,176.0,-176.0,176.0,True,WGN,-1,-1
250,-10.0,5,240759742,221,221.0,221,3.0,-218.0,218.0,-218.0,218.0,True,WGN,-1,-1
250,-10.0,6,2255898295,221,221.0,221,226.0,5.0,5.0,5.0,5.0,True,WGN,-1,-1
250,-10.0,7,3493675159,221,221.0,221,210.0,-11.0,11.0,-11.0,11.0,True,WGN,-1,-1
250,-10.0,8,3936291495,221,221.0,221,104.0,-117.0,117.0,-117.0,117.0,True,WGN,-1,-1
250,-10.0,9,316200870,221,221.0,221,300.0,79.0,79.0,79.0,79.0,True,WGN,-1,-1
250,-10.0,10,2592118627,221,221.0,221,403.0,182.0,182.0,182.0,182.0,True,WGN,-1,-1
250,-10.0,11,1378011861,221,221.0,221,3.0,-218.0,218.0,-218.0,218.0,True,WGN,-1,-1
250,-10.0,12,3089616808,221,221.0,221,446.0,225.0,225.0,225.0,225.0,True,WGN,-1,-1
250,-10.0,13,2607121449,221,221.0,221,100.0,-121.0,121.0,-121.0,121.0,True,WGN,-1,-1
250,-10.0,14,2246488935,221,221.0,221,447.0,226.0,226.0,226.0,226.0,True,WGN,-1,-1
250,-10.0,15,145420536,221,221.0,221,104.0,-117.0,117.0,-117.0,117.0,True,WGN,-1,-1
250,-10.0,16,1487732762,221,221.0,221,2.0,-219.0,219.0,-219.0,219.0,True,WGN,-1,-1
250,-10.0,17,3528143818,221,221.0,221,5.0,-216.0,216.0,-216.0,216.0,True,WGN,-1,-1
250,-10.0,18,3816997546,221,221.0,221,178.0,-43.0,43.0,-43.0,43.0,True,WGN,-1,-1
250,-10.0,19,1428021521,221,221.0,221,108.0,-113.0,113.0,-113.0,113.0,True,WGN,-1,-1
250,-10.0,20,3603500119,221,221.0,221,428.0,207.0,207.0,207.00000000000003,207.00000000000003,True,WGN,-1,-1
250,-10.0,21,2294318916,221,221.0,221,134.0,-87.0,87.0,-87.00000000000001,87.00000000000001,True,WGN,-1,-1
250,-10.0,22,3915987373,221,221.0,221,216.0,-5.0,5.0,-5.0,5.0,True,WGN,-1,-1
250,-10.0,23,3680043496,221,221.0,221,228.0,7.0,7.0,7.0,7.0,True,WGN,-1,-1
250,-10.0,24,3329346868,221,221.0,221,100.0,-121.0,121.0,-121.0,121.0,True,WGN,-1,-1
250,-10.0,25,90506769,221,221.0,221,439.0,218.0,218.0,218.0,218.0,True,WGN,-1,-1
250,-10.0,26,3701774878,221,221.0,221,349.0,128.0,128.0,128.0,128.0,True,WGN,-1,-1
250,-10.0,27,3479591074,221,221.0,221,423.0,202.0,202.0,202.0,202.0,True,WGN,-1,-1
250,-10.0,28,2055628558,221,221.0,221,432.0,211.0,211.0,211.0,211.0,True,WGN,-1,-1
250,-10.0,29,3901485716,221,221.0,221,230.0,9.0,9.0,9.000000000000002,9.000000000000002,True,WGN,-1,-1
250,-10.0,30,3722072886,221,221.0,221,413.0,192.0,192.0,192.0,192.0,True,WGN,-1,-1
250,-10.0,31,416096824,221,221.0,221,265.0,44.0,44.0,44.0,44.0,True,WGN,-1,-1
250,-10.0,32,4744512,221,221.0,221,401.0,180.0,180.0,180.0,180.0,True,WGN,-1,-1
250,-10.0,33,2144513027,221,221.0,221,3.0,-218.0,218.0,-218.0,218.0,True,WGN,-1,-1
250,-10.0,34,1231007330,221,221.0,221,3.0,-218.0,218.0,-218.0,218.0,True,WGN,-1,-1
250,-10.0,35,1712089296,221,221.0,221,433.0,212.0,212.0,212.0,212.0,True,WGN,-1,-1
250,-10.0,36,1744964668,221,221.0,221,4.0,-217.0,217.0,-217.0,217.0,True,WGN,-1,-1
250,-10.0,37,4126758592,221,221.0,221,286.0,65.0,65.0,65.0,65.0,True,WGN,-1,-1
250,-10.0,38,3199068352,221,221.0,221,289.0,68.0,68.0,68.0,68.0,True,WGN,-1,-1
250,-10.0,39,3607501919,221,221.0,221,122.0,-99.0,99.0,-99.0,99.0,True,WGN,-1,-1
250,-10.0,40,2145038706,221,221.0,221,447.0,226.0,226.0,226.0,226.0,True,WGN,-1,-1
250,-10.0,41,4106453986,221,221.0,221,2.0,-219.0,219.0,-219.0,219.0,True,WGN,-1,-1
250,-10.0,42,2303086755,221,221.0,221,6.0,-215.0,215.0,-215.0,215.0,True,WGN,-1,-1
250,-10.0,43,1468241072,221,221.0,221,330.0,109.0,109.0,109.0,109.0,True,WGN,-1,-1
250,-10.0,44,2677079889,221,221.0,221,3.0,-218.0,218.0,-218.0,218.0,True,WGN,-1,-1
250,-10.0,45,2314776627,221,221.0,221,46.0,-175.0,175.0,-175.00000000000003,175.00000000000003,True,WGN,-1,-1
250,-10.0,46,2276144254,221,221.0,221,82.0,-139.0,139.0,-139.0,139.0,True,WGN,-1,-1
250,-10.0,47,2908692254,221,221.0,221,3.0,-218.0,218.0,-218.0,218.0,True,WGN,-1,-1
250,-10.0,48,2369684797,221,221.0,221,438.0,217.0,217.0,217.0,217.0,True,WGN,-1,-1
250,-10.0,49,922125577,221,221.0,221,252.0,31.0,31.0,31.0,31.0,True,WGN,-1,-1
250,-10.0,50,2793058067,221,221.0,221,418.0,197.0,197.0,197.0,197.0,True,WGN,-1,-1
250,-10.0,51,936105187,221,221.0,221,236.0,15.0,15.0,15.0,15.0,True,WGN,-1,-1
250,-10.0,52,1923737399,221,221.0,221,217.0,-4.0,4.0,-4.0,4.0,True,WGN,-1,-1
250,-10.0,53,1696603798,221,221.0,221,324.0,103.0,103.0,103.00000000000001,103.00000000000001,True,WGN,-1,-1
250,-10.0,54,3104796038,221,221.0,221,153.0,-68.0,68.0,-68.0,68.0,True,WGN,-1,-1
250,-10.0,55,1887094927,221,221.0,221,287.0,66.0,66.0,66.0,66.0,True,WGN,-1,-1
250,-10.0,56,901457094,221,221.0,221,214.0,-7.0,7.0,-7.0,7.0,True,WGN,-1,-1
250,-10.0,57,1513838180,221,221.0,221,238.0,17.0,17.0,17.0,17.0,True,WGN,-1,-1
250,-10.0,58,2395212943,221,221.0,221,211.0,-10.0,10.0,-10.0,10.0,True,WGN,-1,-1
250,-10.0,59,1393702161,221,221.0,221,447.0,226.0,226.0,226.0,226.0,True,WGN,-1,-1
250,-10.0,60,1222867593,221,221.0,221,2.0,-219.0,219.0,-219.0,219.0,True,WGN,-1,-1
250,-10.0,61,1726598687,221,221.0,221,445.0,224.0,224.0,224.0,224.0,True,WGN,-1,-1
250,-10.0,62,2494156291,221,221.0,221,7.0,-214.0,214.0,-214.0,214.0,True,WGN,-1,-1
250,-10.0,63,664490078,221,221.0,221,3.0,-218.0,218.0,-218.0,218.0,True,WGN,-1,-1
250,-10.0,64,865876428,221,221.0,221,257.0,36.0,36.0,36.00000000000001,36.00000000000001,True,WGN,-1,-1
250,-10.0,65,3641375000,221,221.0,221,10.0,-211.0,211.0,-211.0,211.0,True,WGN,-1,-1
250,-10.0,66,798726917,221,221.0,221,192.0,-29.0,29.0,-29.0,29.0,True,WGN,-1,-1
250,-10.0,67,3943035157,221,221.0,221,50.0,-171.0,171.0,-171.0,171.0,True,WGN,-1,-1
250,-10.0,68,1003850096,221,221.0,221,6.0,-215.0,215.0,-215.0,215.0,True,WGN,-1,-1
250,-10.0,69,785018125,221,221.0,221,353.0,132.0,132.0,132.0,132.0,True,WGN,-1,-1
250,-10.0,70,2764399333,221,221.0,221,444.0,223.0,223.0,223.0,223.0,True,WGN,-1,-1
250,-10.0,71,3727332492,221,221.0,221,446.0,225.0,225.0,225.0,225.0,True,WGN,-1,-1
250,-10.0,72,3957458252,221,221.0,221,426.0,205.0,205.0,205.00000000000003,205.00000000000003,True,WGN,-1,-1
250,-10.0,73,778265033,221,221.0,221,223.0,2.0,2.0,2.0,2.0,True,WGN,-1,-1
250,-10.0,74,3865782303,221,221.0,221,426.0,205.0,205.0,205.00000000000003,205.00000000000003,True,WGN,-1,-1
250,-10.0,75,2654907914,221,221.0,221,40.0,-181.0,181.0,-181.0,181.0,True,WGN,-1,-1
250,-10.0,76,2924353266,221,221.0,221,5.0,-216.0,216.0,-216.0,216.0,True,WGN,-1,-1
250,-10.0,77,16546283,221,221.0,221,446.0,225.0,225.0,225.0,225.0,True,WGN,-1,-1
250,-10.0,78,1607547039,221,221.0,221,3.0,-218.0,218.0,-218.0,218.0,True,WGN,-1,-1
250,-10.0,79,2848830882,221,221.0,221,40.0,-181.0,181.0,-181.0,181.0,True,WGN,-1,-1
250,-10.0,80,458487227,221,221.0,221,444.0,223.0,223.0,223.0,223.0,True,WGN,-1,-1
250,-10.0,81,691064871,221,221.0,221,352.0,131.0,131.0,131.0,131.0,True,WGN,-1,-1
250,-10.0,82,1391434707,221,221.0,221,6.0,-215.0,215.0,-215.0,215.0,True,WGN,-1,-1
250,-10.0,83,1321429871,221,221.0,221,200.0,-21.0,21.0,-21.0,21.0,True,WGN,-1,-1
250,-10.0,84,2240753241,221,221.0,221,376.0,155.0,155.0,155.0,155.0,True,WGN,-1,-1
250,-10.0,85,1451975430,221,221.0,221,198.0,-23.0,23.0,-23.0,23.0,True,WGN,-1,-1
250,-10.0,86,771944906,221,221.0,221,208.0,-13.0,13.0,-13.000000000000002,13.000000000000002,True,WGN,-1,-1
250,-10.0,87,2711599270,221,221.0,221,317.0,96.0,96.0,96.0,96.0,True,WGN,-1,-1
250,-10.0,88,186440586,221,221.0,221,210.0,-11.0,11.0,-11.0,11.0,True,WGN,-1,-1
250,-10.0,89,1115861730,221,221.0,221,408.0,187.0,187.0,187.0,187.0,True,WGN,-1,-1
250,-10.0,90,3003376036,221,221.0,221,145.0,-76.0,76.0,-76.0,76.0,True,WGN,-1,-1
250,-10.0,91,569268043,221,221.0,221,3.0,-218.0,218.0,-218.0,218.0,True,WGN,-1,-1
250,-10.0,92,1871351730,221,221.0,221,438.0,217.0,217.0,217.0,217.0,True,WGN,-1,-1
250,-10.0,93,4077845688,221,221.0,221,369.0,148.0,148.0,148.0,148.0,True,WGN,-1,-1
250,-10.0,94,431003292,221,221.0,221,6.0,-215.0,215.0,-215.0,215.0,True,WGN,-1,-1
250,-10.0,95,2584088417,221,221.0,221,236.0,15.0,15.0,15.0,15.0,True,WGN,-1,-1
250,-10.0,96,3841359928,221,221.0,221,221.0,0.0,0.0,0.0,0.0,True,WGN,-1,-1
250,-10.0,97,1363691546,221,221.0,221,222.0,1.0,1.0,1.0,1.0,True,WGN,-1,-1
250,-10.0,98,168867019,221,221.0,221,113.0,-108.0,108.0,-108.0,108.0,True,WGN,-1,-1
250,-10.0,99,3567473275,221,221.0,221,267.0,46.0,46.0,46.0,46.0,True,WGN,-1,-1
250,-10.0,100,943114067,221,221.0,221,262.0,41.0,41.0,41.0,41.0,True,WGN,-1,-1
250,-10.0,101,302383396,221,221.0,221,218.0,-3.0,3.0,-3.0,3.0,True,WGN,-1,-1
250,-10.0,102,888740158,221,221.0,221,433.0,212.0,212.0,212.0,212.0,True,WGN,-1,-1
250,-10.0,103,1984492311,221,221.0,221,2.0,-219.0,219.0,-219.0,219.0,True,WGN,-1,-1
250,-10.0,104,1170591210,221,221.0,221,140.0,-81.0,81.0,-81.0,81.0,True,WGN,-1,-1
250,-10.0,105,912087090,221,221.0,221,228.0,7.0,7.0,7.0,7.0,True,WGN,-1,-1
250,-10.0,106,297313220,221,221.0,221,8.0,-213.0,213.0,-213.0,213.0,True,WGN,-1,-1
250,-10.0,107,792297856,221,221.0,221,16.0,-205.0,205.0,-205.00000000000003,205.00000000000003,True,WGN,-1,-1
250,-10.0,108,2979906120,221,221.0,221,2.0,-219.0,219.0,-219.0,219.0,True,WGN,-1,-1
250,-10.0,109,2727302422,221,221.0,221,106.0,-115.0,115.0,-115.0,115.0,True,WGN,-1,-1
250,-10.0,110,349481086,221,221.0,221,439.0,218.0,218.0,218.0,218.0,True,WGN,-1,-1
250,-10.0,111,2155897730,221,221.0,221,22.0,-199.0,199.0,-199.0,199.0,True,WGN,-1,-1
250,-10.0,112,2595949094,221,221.0,221,2.0,-219.0,219.0,-219.0,219.0,True,WGN,-1,-1
250,-10.0,113,2630495745,221,221.0,221,222.0,1.0,1.0,1.0,1.0,True,WGN,-1,-1
250,-10.0,114,3944885725,221,221.0,221,28.0,-193.0,193.0,-193.0,193.0,True,WGN,-1,-1
250,-10.0,115,856170124,221,221.0,221,447.0,226.0,226.0,226.0,226.0,True,WGN,-1,-1
250,-10.0,116,2439464141,221,221.0,221,195.0,-26.0,26.0,-26.000000000000004,26.000000000000004,True,WGN,-1,-1
250,-10.0,117,1551921804,221,221.0,221,66.0,-155.0,155.0,-155.0,155.0,True,WGN,-1,-1
250,-10.0,118,1788558533,221,221.0,221,443.0,222.0,222.0,222.0,222.0,True,WGN,-1,-1
250,-10.0,119,125643253,221,221.0,221,4.0,-217.0,217.0,-217.0,217.0,True,WGN,-1,-1
250,-10.0,120,1230719977,221,221.0,221,427.0,206.0,206.0,206.00000000000003,206.00000000000003,True,WGN,-1,-1
250,-10.0,121,2942678,221,221.0,221,2.0,-219.0,219.0,-219.0,219.0,True,WGN,-1,-1
250,-10.0,122,2866077801,221,221.0,221,447.0,226.0,226.0,226.0,226.0,True,WGN,-1,-1
250,-10.0,123,2400521330,221,221.0,221,308.0,87.0,87.0,87.00000000000001,87.00000000000001,True,WGN,-1,-1
250,-10.0,124,158827299,221,221.0,221,318.0,97.0,97.0,97.0,97.0,True,WGN,-1,-1
250,-10.0,125,4210399301,221,221.0,221,144.0,-77.0,77.0,-77.0,77.0,True,WGN,-1,-1
250,-10.0,126,2953808814,221,221.0,221,240.0,19.0,19.0,19.0,19.0,True,WGN,-1,-1
250,-10.0,127,1023419278,221,221.0,221,4.0,-217.0,217.0,-217.0,217.0,True,WGN,-1,-1
250,-10.0,128,444807675,221,221.0,221,446.0,225.0,225.0,225.0,225.0,True,WGN,-1,-1
250,-10.0,129,2203835408,221,221.0,221,434.0,213.0,213.0,213.0,213.0,True,WGN,-1,-1
250,-10.0,130,1452620264,221,221.0,221,228.0,7.0,7.0,7.0,7.0,True,WGN,-1,-1
250,-10.0,131,1582519064,221,221.0,221,90.0,-131.0,131.0,-131.0,131.0,True,WGN,-1,-1
250,-10.0,132,2292574119,221,221.0,221,11.0,-210.0,210.0,-210.0,210.0,True,WGN,-1,-1
250,-10.0,133,1372632112,221,221.0,221,435.0,214.0,214.0,214.0,214.0,True,WGN,-1,-1
250,-10.0,134,313058480,221,221.0,221,218.0,-3.0,3.0,-3.0,3.0,True,WGN,-1,-1
250,-10.0,135,608288685,221,221.0,221,409.0,188.0,188.0,188.0,188.0,True,WGN,-1,-1
250,-10.0,136,182460082,221,221.0,221,267.0,46.0,46.0,46.0,46.0,True,WGN,-1,-1
250,-10.0,137,1023004427,221,221.0,221,445.0,224.0,224.0,224.0,224.0,True,WGN,-1,-1
250,-10.0,138,454952230,221,221.0,221,2.0,-219.0,219.0,-219.0,219.0,True,WGN,-1,-1
250,-10.0,139,4147055126,221,221.0,221,2.0,-219.0,219.0,-219.0,219.0,True,WGN,-1,-1
250,-10.0,140,314646323,221,221.0,221,424.0,203.0,203.0,203.0,203.0,True,WGN,-1,-1
250,-10.0,141,1518082327,221,221.0,221,219.0,-2.0,2.0,-2.0,2.0,True,WGN,-1,-1
250,-10.0,142,3413286782,221,221.0,221,197.0,-24.0,24.0,-24.0,24.0,True,WGN,-1,-1
250,-10.0,143,1254050320,221,221.0,221,71.0,-150.0,150.0,-150.0,150.0,True,WGN,-1,-1
250,-10.0,144,340225712,221,221.0,221,4.0,-217.0,217.0,-217.0,217.0,True,WGN,-1,-1
250,-10.0,145,395034649,221,221.0,221,387.0,166.0,166.0,166.0,166.0,True,WGN,-1,-1
250,-10.0,146,3445983335,221,221.0,221,5.0,-216.0,216.0,-216.0,216.0,True,WGN,-1,-1
250,-10.0,147,2916048020,221,221.0,221,4.0,-217.0,217.0,-217.0,217.0,True,WGN,-1,-1
250,-10.0,148,631871065,221,221.0,221,4.0,-217.0,217.0,-217.0,217.0,True,WGN,-1,-1
250,-10.0,149,3644805270,221,221.0,221,28.0,-193.0,193.0,-193.0,193.0,True,WGN,-1,-1
250,-10.0,150,1022169949,221,221.0,221,189.0,-32.0,32.0,-32.0,32.0,True,WGN,-1,-1
250,-10.0,151,800627255,221,221.0,221,266.0,45.0,45.0,45.0,45.0,True,WGN,-1,-1
250,-10.0,152,2628843388,221,221.0,221,18.0,-203.0,203.0,-203.0,203.0,True,WGN,-1,-1
250,-10.0,153,2669823646,221,221.0,221,277.0,56.0,56.0,56.0,56.0,True,WGN,-1,-1
250,-10.0,154,505759340,221,221.0,221,270.0,49.0,49.0,49.0,49.0,True,WGN,-1,-1
250,-10.0,155,3374090143,221,221.0,221,216.0,-5.0,5.0,-5.0,5.0,True,WGN,-1,-1
250,-10.0,156,2302975892,221,221.0,221,2.0,-219.0,219.0,-219.0,219.0,True,WGN,-1,-1
250,-10.0,157,1789896491,221,221.0,221,447.0,226.0,226.0,226.0,226.0,True,WGN,-1,-1
250,-10.0,158,3130390926,221,221.0,221,223.0,2.0,2.0,2.0,2.0,True,WGN,-1,-1
250,-10.0,159,2630403844,221,221.0,221,442.0,221.0,221.0,221.0,221.0,True,WGN,-1,-1
250,-10.0,160,3894056547,221,221.0,221,205.0,-16.0,16.0,-16.0,16.0,True,WGN,-1,-1
250,-10.0,161,2448018083,221,221.0,221,141.0,-80.0,80.0,-80.0,80.0,True,WGN,-1,-1
250,-10.0,162,3388618,221,221.0,221,183.0,-38.0,38.0,-38.0,38.0,True,WGN,-1,-1
250,-10.0,163,4005682790,221,221.0,221,346.0,125.0,125.0,125.0,125.0,True,WGN,-1,-1
250,-10.0,164,2730096352,221,221.0,221,123.0,-98.0,98.0,-98.0,98.0,True,WGN,-1,-1
250,-10.0,165,2974572606,221,221.0,221,430.0,209.0,209.0,209.0,209.0,True,WGN,-1,-1
250,-10.0,166,540976297,221,221.0,221,59.0,-162.0,162.0,-162.0,162.0,True,WGN,-1,-1
250,-10.0,167,1328071871,221,221.0,221,3.0,-218.0,218.0,-218.0,218.0,True,WGN,-1,-1
250,-10.0,168,724408204,221,221.0,221,197.0,-24.0,24.0,-24.0,24.0,True,WGN,-1,-1
250,-10.0,169,1199454666,221,221.0,221,224.0,3.0,3.0,3.0,3.0,True,WGN,-1,-1
250,-10.0,170,1386958653,221,221.0,221,6.0,-215.0,215.0,-215.0,215.0,True,WGN,-1,-1
250,-10.0,171,3858249467,221,221.0,221,3.0,-218.0,218.0,-218.0,218.0,True,WGN,-1,-1
250,-10.0,172,3265603514,221,221.0,221,2.0,-219.0,219.0,-219.0,219.0,True,WGN,-1,-1
250,-10.0,173,1297044281,221,221.0,221,2.0,-219.0,219.0,-219.0,219.0,True,WGN,-1,-1
250,-10.0,174,2618205640,221,221.0,221,447.0,226.0,226.0,226.0,226.0,True,WGN,-1,-1
250,-10.0,175,3644867841,221,221.0,221,12.0,-209.0,209.0,-209.0,209.0,True,WGN,-1,-1
250,-10.0,176,1171688907,221,221.0,221,229.0,8.0,8.0,8.0,8.0,True,WGN,-1,-1
250,-10.0,177,3531486994,221,221.0,221,197.0,-24.0,24.0,-24.0,24.0,True,WGN,-1,-1
250,-10.0,178,3153189540,221,221.0,221,374.0,153.0,153.0,153.0,153.0,True,WGN,-1,-1
250,-10.0,179,1236341925,221,221.0,221,226.0,5.0,5.0,5.0,5.0,True,WGN,-1,-1
250,-10.0,180,1009066182,221,221.0,221,211.0,-10.0,10.0,-10.0,10.0,True,WGN,-1,-1
250,-10.0,181,598708467,221,221.0,221,157.0,-64.0,64.0,-64.0,64.0,True,WGN,-1,-1
250,-10.0,182,1519305110,221,221.0,221,12.0,-209.0,209.0,-209.0,209.0,True,WGN,-1,-1
250,-10.0,183,2350525533,221,221.0,221,125.0,-96.0,96.0,-96.0,96.0,True,WGN,-1,-1
250,-10.0,184,3998624566,221,221.0,221,191.0,-30.0,30.0,-30.0,30.0,True,WGN,-1,-1
250,-10.0,185,3963080649,221,221.0,221,412.0,191.0,191.0,191.0,191.0,True,WGN,-1,-1
250,-10.0,186,1890224342,221,221.0,221,2.0,-219.0,219.0,-219.0,219.0,True,WGN,-1,-1
250,-10.0,187,3347372720,221,221.0,221,350.0,129.0,129.0,129.0,129.0,True,WGN,-1,-1
250,-10.0,188,394697294,221,221.0,221,22.0,-199.0,199.0,-199.0,199.0,True,WGN,-1,-1
250,-10.0,189,295534698,221,221.0,221,192.0,-29.0,29.0,-29.0,29.0,True,WGN,-1,-1
250,-10.0,190,155586147,221,221.0,221,165.0,-56.0,56.0,-56.0,56.0,True,WGN,-1,-1
250,-10.0,191,3714196659,221,221.0,221,447.0,226.0,226.0,226.0,226.0,True,WGN,-1,-1
250,-10.0,192,2823156762,221,221.0,221,324.0,103.0,103.0,103.00000000000001,103.00000000000001,True,WGN,-1,-1
250,-10.0,193,2816348103,221,221.0,221,168.0,-53.0,53.0,-53.0,53.0,True,WGN,-1,-1
250,-10.0,194,2348656124,221,221.0,221,447.0,226.0,226.0,226.0,226.0,True,WGN,-1,-1
250,-10.0,195,867757216,221,221.0,221,2.0,-219.0,219.0,-219.0,219.0,True,WGN,-1,-1
250,-10.0,196,3720896388,221,221.0,221,447.0,226.0,226.0,226.0,226.0,True,WGN,-1,-1
250,-10.0,197,2328984255,221,221.0,221,85.0,-136.0,136.0,-136.0,136.0,True,WGN,-1,-1
250,-10.0,198,824125715,221,221.0,221,410.0,189.0,189.0,189.0,189.0,True,WGN,-1,-1
250,-10.0,199,1148152650,221,221.0,221,2.0,-219.0,219.0,-219.0,219.0,True,WGN,-1,-1
250,-8.0,0,2197621386,221,221.0,221,23.0,-198.0,198.0,-198.0,198.0,True,WGN,-1,-1
250,-8.0,1,592993214,221,221.0,221,9.0,-212.0,212.0,-212.0,212.0,True,WGN,-1,-1
250,-8.0,2,2694296863,221,221.0,221,4.0,-217.0,217.0,-217.0,217.0,True,WGN,-1,-1
250,-8.0,3,82119725,221,221.0,221,4.0,-217.0,217.0,-217.0,217.0,True,WGN,-1,-1
250,-8.0,4,3707430452,221,221.0,221,199.0,-22.0,22.0,-22.0,22.0,True,WGN,-1,-1
250,-8.0,5,4086878869,221,221.0,221,223.0,2.0,2.0,2.0,2.0,True,WGN,-1,-1
250,-8.0,6,2533246454,221,221.0,221,267.0,46.0,46.0,46.0,46.0,True,WGN,-1,-1
250,-8.0,7,299305160,221,221.0,221,186.0,-35.0,35.0,-35.0,35.0,True,WGN,-1,-1
250,-8.0,8,3021416275,221,221.0,221,236.0,15.0,15.0,15.0,15.0,True,WGN,-1,-1
250,-8.0,9,3344081702,221,221.0,221,2.0,-219.0,219.0,-219.0,219.0,True,WGN,-1,-1
250,-8.0,10,1359021064,221,221.0,221,278.0,57.0,57.0,57.0,57.0,True,WGN,-1,-1
250,-8.0,11,94103137,221,221.0,221,229.0,8.0,8.0,8.0,8.0,True,WGN,-1,-1
250,-8.0,12,711373919,221,221.0,221,47.0,-174.0,174.0,-174.00000000000003,174.00000000000003,True,WGN,-1,-1
250,-8.0,13,4057111548,221,221.0,221,431.0,210.0,210.0,210.0,210.0,True,WGN,-1,-1
250,-8.0,14,74684644,221,221.0,221,196.0,-25.0,25.0,-25.0,25.0,True,WGN,-1,-1
250,-8.0,15,1540379749,221,221.0,221,228.0,7.0,7.0,7.0,7.0,True,WGN,-1,-1
250,-8.0,16,38079185,221,221.0,221,228.0,7.0,7.0,7.0,7.0,True,WGN,-1,-1
250,-8.0,17,3247570460,221,221.0,221,229.0,8.0,8.0,8.0,8.0,True,WGN,-1,-1
250,-8.0,18,4265629978,221,221.0,221,154.0,-67.0,67.0,-67.0,67.0,True,WGN,-1,-1
250,-8.0,19,1564032410,221,221.0,221,2.0,-219.0,219.0,-219.0,219.0,True,WGN,-1,-1
250,-8.0,20,685755567,221,221.0,221,155.0,-66.0,66.0,-66.0,66.0,True,WGN,-1,-1
250,-8.0,21,2490235110,221,221.0,221,447.0,226.0,226.0,226.0,226.0,True,WGN,-1,-1
250,-8.0,22,3698546074,221,221.0,221,223.0,2.0,2.0,2.0,2.0,True,WGN,-1,-1
250,-8.0,23,4124710364,221,221.0,221,221.0,0.0,0.0,0.0,0.0,True,WGN,-1,-1
250,-8.0,24,4044994617,221,221.0,221,255.0,34.0,34.0,34.0,34.0,True,WGN,-1,-1
250,-8.0,25,1382157393,221,221.0,221,18.0,-203.0,203.0,-203.0,203.0,True,WGN,-1,-1
250,-8.0,26,2220328920,221,221.0,221,221.0,0.0,0.0,0.0,0.0,True,WGN,-1,-1
250,-8.0,27,2866965798,221,221.0,221,3.0,-218.0,218.0,-218.0,218.0,True,WGN,-1,-1
250,-8.0,28,2241937900,221,221.0,221,213.0,-8.0,8.0,-8.0,8.0,True,WGN,-1,-1
250,-8.0,29,2602238285,221,221.0,221,257.0,36.0,36.0,36.00000000000001,36.00000000000001,True,WGN,-1,-1
250,-8.0,30,2466622636,221,221.0,221,228.0,7.0,7.0,7.0,7.0,True,WGN,-1,-1
250,-8.0,31,1019671698,221,221.0,221,221.0,0.0,0.0,0.0,0.0,True,WGN,-1,-1
250,-8.0,32,1143008021,221,221.0,221,228.0,7.0,7.0,7.0,7.0,True,WGN,-1,-1
250,-8.0,33,2932759051,221,221.0,221,230.0,9.0,9.0,9.000000000000002,9.000000000000002,True,WGN,-1,-1
250,-8.0,34,1578933900,221,221.0,221,213.0,-8.0,8.0,-8.0,8.0,True,WGN,-1,-1
250,-8.0,35,2689120470,221,221.0,221,186.0,-35.0,35.0,-35.0,35.0,True,WGN,-1,-1
250,-8.0,36,3649011022,221,221.0,221,12.0,-209.0,209.0,-209.0,209.0,True,WGN,-1,-1
250,-8.0,37,2111902011,221,221.0,221,253.0,32.0,32.0,32.0,32.0,True,WGN,-1,-1
250,-8.0,38,1946435912,221,221.0,221,3.0,-218.0,218.0,-218.0,218.0,True,WGN,-1,-1
250,-8.0,39,3254870394,221,221.0,221,250.0,29.0,29.0,29.0,29.0,True,WGN,-1,-1
250,-8.0,40,3717412003,221,221.0,221,226.0,5.0,5.0,5.0,5.0,True,WGN,-1,-1
250,-8.0,41,544515532,221,221.0,221,86.0,-135.0,135.0,-135.0,135.0,True,WGN,-1,-1
250,-8.0,42,1617272963,221,221.0,221,2.0,-219.0,219.0,-219.0,219.0,True,WGN,-1,-1
250,-8.0,43,3531661377,221,221.0,221,447.0,226.0,226.0,226.0,226.0,True,WGN,-1,-1
250,-8.0,44,2158887582,221,221.0,221,18.0,-203.0,203.0,-203.0,203.0,True,WGN,-1,-1
250,-8.0,45,3110022028,221,221.0,221,41.0,-180.0,180.0,-180.0,180.0,True,WGN,-1,-1
250,-8.0,46,2736125738,221,221.0,221,31.0,-190.0,190.0,-190.0,190.0,True,WGN,-1,-1
250,-8.0,47,3238843033,221,221.0,221,239.0,18.0,18.0,18.000000000000004,18.000000000000004,True,WGN,-1,-1
250,-8.0,48,3761903922,221,221.0,221,210.0,-11.0,11.0,-11.0,11.0,True,WGN,-1,-1
250,-8.0,49,2253306353,221,221.0,221,239.0,18.0,18.0,18.000000000000004,18.000000000000004,True,WGN,-1,-1
250,-8.0,50,1946173009,221,221.0,221,215.0,-6.0,6.0,-6.0,6.0,True,WGN,-1,-1
250,-8.0,51,4103542944,221,221.0,221,2.0,-219.0,219.0,-219.0,219.0,True,WGN,-1,-1
250,-8.0,52,1885375864,221,221.0,221,265.0,44.0,44.0,44.0,44.0,True,WGN,-1,-1
250,-8.0,53,4272287349,221,221.0,221,425.0,204.0,204.0,204.00000000000003,204.00000000000003,True,WGN,-1,-1
250,-8.0,54,1259801349,221,221.0,221,222.0,1.0,1.0,1.0,1.0,True,WGN,-1,-1
250,-8.0,55,1778524640,221,221.0,221,3.0,-218.0,218.0,-218.0,218.0,True,WGN,-1,-1
250,-8.0,56,250226519,221,221.0,221,2.0,-219.0,219.0,-219.0,219.0,True,WGN,-1,-1
250,-8.0,57,865954689,221,221.0,221,3.0,-218.0,218.0,-218.0,218.0,True,WGN,-1,-1
250,-8.0,58,4191086999,221,221.0,221,212.0,-9.0,9.0,-9.000000000000002,9.000000000000002,True,WGN,-1,-1
250,-8.0,59,1677009738,221,221.0,221,122.0,-99.0,99.0,-99.0,99.0,True,WGN,-1,-1
250,-8.0,60,1945853179,221,221.0,221,228.0,7.0,7.0,7.0,7.0,True,WGN,-1,-1
250,-8.0,61,2446765392,221,221.0,221,32.0,-189.0,189.0,-189.0,189.0,True,WGN,-1,-1
250,-8.0,62,2563799207,221,221.0,221,221.0,0.0,0.0,0.0,0.0,True,WGN,-1,-1
250,-8.0,63,1620546291,221,221.0,221,206.0,-15.0,15.0,-15.0,15.0,True,WGN,-1,-1
250,-8.0,64,2364724211,221,221.0,221,436.0,215.0,215.0,215.0,215.0,True,WGN,-1,-1
250,-8.0,65,3692991388,221,221.0,221,228.0,7.0,7.0,7.0,7.0,True,WGN,-1,-1
250,-8.0,66,228620453,221,221.0,221,256.0,35.0,35.0,35.0,35.0,True,WGN,-1,-1
250,-8.0,67,3720621284,221,221.0,221,158.0,-63.0,63.0,-63.0,63.0,True,WGN,-1,-1
250,-8.0,68,3799367438,221,221.0,221,353.0,132.0,132.0,132.0,132.0,True,WGN,-1,-1
250,-8.0,69,4085697106,221,221.0,221,10.0,-211.0,211.0,-211.0,211.0,True,WGN,-1,-1
250,-8.0,70,3323593768,221,221.0,221,3.0,-218.0,218.0,-218.0,218.0,True,WGN,-1,-1
250,-8.0,71,3745405937,221,221.0,221,37.0,-184.0,184.0,-184.0,184.0,True,WGN,-1,-1
250,-8.0,72,1511856296,221,221.0,221,114.0,-107.0,107.0,-107.0,107.0,True,WGN,-1,-1
250,-8.0,73,3692814329,221,221.0,221,230.0,9.0,9.0,9.000000000000002,9.000000000000002,True,WGN,-1,-1
250,-8.0,74,1743858832,221,221.0,221,184.0,-37.0,37.0,-37.0,37.0,True,WGN,-1,-1
250,-8.0,75,984357799,221,221.0,221,43.0,-178.0,178.0,-178.0,178.0,True,WGN,-1,-1
250,-8.0,76,3198501795,221,221.0,221,212.0,-9.0,9.0,-9.000000000000002,9.000000000000002,True,WGN,-1,-1
250,-8.0,77,1763873617,221,221.0,221,339.0,118.0,118.0,118.00000000000001,118.00000000000001,True,WGN,-1,-1
250,-8.0,78,1520775603,221,221.0,221,8.0,-213.0,213.0,-213.0,213.0,True,WGN,-1,-1
250,-8.0,79,1705276842,221,221.0,221,161.0,-60.0,60.0,-60.0,60.0,True,WGN,-1,-1
250,-8.0,80,1396458074,221,221.0,221,429.0,208.0,208.0,208.00000000000003,208.00000000000003,True,WGN,-1,-1
250,-8.0,81,1635762958,221,221.0,221,218.0,-3.0,3.0,-3.0,3.0,True,WGN,-1,-1
250,-8.0,82,2727956690,221,221.0,221,314.0,93.0,93.0,93.0,93.0,True,WGN,-1,-1
250,-8.0,83,3795701181,221,221.0,221,3.0,-218.0,218.0,-218.0,218.0,True,WGN,-1,-1
250,-8.0,84,3110262020,221,221.0,221,231.0,10.0,10.0,10.0,10.0,True,WGN,-1,-1
250,-8.0,85,3738485798,221,221.0,221,229.0,8.0,8.0,8.0,8.0,True,WGN,-1,-1
250,-8.0,86,622213477,221,221.0,221,147.0,-74.0,74.0,-74.0,74.0,True,WGN,-1,-1
250,-8.0,87,1378768283,221,221.0,221,442.0,221.0,221.0,221.0,221.0,True,WGN,-1,-1
250,-8.0,88,45854289,221,221.0,221,422.0,201.0,201.0,201.0,201.0,True,WGN,-1,-1
250,-8.0,89,1599812242,221,221.0,221,314.0,93.0,93.0,93.0,93.0,True,WGN,-1,-1
250,-8.0,90,3093732609,221,221.0,221,6.0,-215.0,215.0,-215.0,215.0,True,WGN,-1,-1
250,-8.0,91,2279633086,221,221.0,221,223.0,2.0,2.0,2.0,2.0,True,WGN,-1,-1
250,-8.0,92,3015775868,221,221.0,221,254.0,33.0,33.0,33.0,33.0,True,WGN,-1,-1
250,-8.0,93,741702782,221,221.0,221,101.0,-120.0,120.0,-120.0,120.0,True,WGN,-1,-1
250,-8.0,94,1665643391,221,221.0,221,428.0,207.0,207.0,207.00000000000003,207.00000000000003,True,WGN,-1,-1
250,-8.0,95,3411727704,221,221.0,221,52.0,-169.0,169.0,-169.0,169.0,True,WGN,-1,-1
250,-8.0,96,4165848733,221,221.0,221,318.0,97.0,97.0,97.0,97.0,True,WGN,-1,-1
250,-8.0,97,914795981,221,221.0,221,214.0,-7.0,7.0,-7.0,7.0,True,WGN,-1,-1
250,-8.0,98,346421630,221,221.0,221,187.0,-34.0,34.0,-34.0,34.0,True,WGN,-1,-1
250,-8.0,99,3608208950,221,221.0,221,55.0,-166.0,166.0,-166.0,166.0,True,WGN,-1,-1
250,-8.0,100,1931820915,221,221.0,221,223.0,2.0,2.0,2.0,2.0,True,WGN,-1,-1
250,-8.0,101,1125586839,221,221.0,221,214.0,-7.0,7.0,-7.0,7.0,True,WGN,-1,-1
250,-8.0,102,2180025174,221,221.0,221,198.0,-23.0,23.0,-23.0,23.0,True,WGN,-1,-1
250,-8.0,103,470737844,221,221.0,221,222.0,1.0,1.0,1.0,1.0,True,WGN,-1,-1
250,-8.0,104,1892726949,221,221.0,221,2.0,-219.0,219.0,-219.0,219.0,True,WGN,-1,-1
250,-8.0,105,1449068841,221,221.0,221,222.0,1.0,1.0,1.0,1.0,True,WGN,-1,-1
250,-8.0,106,3024870108,221,221.0,221,239.0,18.0,18.0,18.000000000000004,18.000000000000004,True,WGN,-1,-1
250,-8.0,107,155458293,221,221.0,221,220.0,-1.0,1.0,-1.0,1.0,True,WGN,-1,-1
250,-8.0,108,3388157703,221,221.0,221,276.0,55.0,55.0,55.0,55.0,True,WGN,-1,-1
250,-8.0,109,1639460619,221,221.0,221,370.0,149.0,149.0,149.0,149.0,True,WGN,-1,-1
250,-8.0,110,650268825,221,221.0,221,145.0,-76.0,76.0,-76.0,76.0,True,WGN,-1,-1
250,-8.0,111,4237865880,221,221.0,221,231.0,10.0,10.0,10.0,10.0,True,WGN,-1,-1
250,-8.0,112,2041183921,221,221.0,221,228.0,7.0,7.0,7.0,7.0,True,WGN,-1,-1
250,-8.0,113,2872252789,221,221.0,221,98.0,-123.0,123.0,-123.0,123.0,True,WGN,-1,-1
250,-8.0,114,283023987,221,221.0,221,331.0,110.0,110.0,110.0,110.0,True,WGN,-1,-1
250,-8.0,115,4101894931,221,221.0,221,130.0,-91.0,91.0,-91.0,91.0,True,WGN,-1,-1
250,-8.0,116,527252123,221,221.0,221,438.0,217.0,217.0,217.0,217.0,True,WGN,-1,-1
250,-8.0,117,953700820,221,221.0,221,229.0,8.0,8.0,8.0,8.0,True,WGN,-1,-1
250,-8.0,118,2808503029,221,221.0,221,447.0,226.0,226.0,226.0,226.0,True,WGN,-1,-1
250,-8.0,119,361498151,221,221.0,221,130.0,-91.0,91.0,-91.0,91.0,True,WGN,-1,-1
250,-8.0,120,3244181321,221,221.0,221,74.0,-147.0,147.0,-147.0,147.0,True,WGN,-1,-1
250,-8.0,121,1682134478,221,221.0,221,200.0,-21.0,21.0,-21.0,21.0,True,WGN,-1,-1
250,-8.0,122,2955624197,221,221.0,221,369.0,148.0,148.0,148.0,148.0,True,WGN,-1,-1
250,-8.0,123,1518205744,221,221.0,221,2.0,-219.0,219.0,-219.0,219.0,True,WGN,-1,-1
250,-8.0,124,2459804905,221,221.0,221,65.0,-156.0,156.0,-156.0,156.0,True,WGN,-1,-1
250,-8.0,125,4029279331,221,221.0,221,413.0,192.0,192.0,192.0,192.0,True,WGN,-1,-1
250,-8.0,126,3491761266,221,221.0,221,2.0,-219.0,219.0,-219.0,219.0,True,WGN,-1,-1
250,-8.0,127,772893490,221,221.0,221,195.0,-26.0,26.0,-26.000000000000004,26.000000000000004,True,WGN,-1,-1
250,-8.0,128,1120977309,221,221.0,221,120.0,-101.0,101.0,-101.0,101.0,True,WGN,-1,-1
250,-8.0,129,587897167,221,221.0,221,108.0,-113.0,113.0,-113.0,113.0,True,WGN,-1,-1
250,-8.0,130,3560557597,221,221.0,221,2.0,-219.0,219.0,-219.0,219.0,True,WGN,-1,-1
250,-8.0,131,3306395257,221,221.0,221,429.0,208.0,208.0,208.00000000000003,208.00000000000003,True,WGN,-1,-1
250,-8.0,132,1461926652,221,221.0,221,443.0,222.0,222.0,222.0,222.0,True,WGN,-1,-1
250,-8.0,133,852075477,221,221.0,221,447.0,226.0,226.0,226.0,226.0,True,WGN,-1,-1
250,-8.0,134,394942711,221,221.0,221,445.0,224.0,224.0,224.0,224.0,True,WGN,-1,-1
250,-8.0,135,3733916019,221,221.0,221,231.0,10.0,10.0,10.0,10.0,True,WGN,-1,-1
250,-8.0,136,3331942459,221,221.0,221,446.0,225.0,225.0,225.0,225.0,True,WGN,-1,-1
250,-8.0,137,3786745699,221,221.0,221,241.0,20.0,20.0,20.0,20.0,True,WGN,-1,-1
250,-8.0,138,3189947645,221,221.0,221,228.0,7.0,7.0,7.0,7.0,True,WGN,-1,-1
250,-8.0,139,912062006,221,221.0,221,210.0,-11.0,11.0,-11.0,11.0,True,WGN,-1,-1
250,-8.0,140,1420413422,221,221.0,221,208.0,-13.0,13.0,-13.000000000000002,13.000000000000002,True,WGN,-1,-1
250,-8.0,141,3576722852,221,221.0,221,434.0,213.0,213.0,213.0,213.0,True,WGN,-1,-1
250,-8.0,142,3403437837,221,221.0,221,230.0,9.0,9.0,9.000000000000002,9.000000000000002,True,WGN,-1,-1
250,-8.0,143,4176714216,221,221.0,221,150.0,-71.0,71.0,-71.00000000000001,71.00000000000001,True,WGN,-1,-1
250,-8.0,144,3116852340,221,221.0,221,205.0,-16.0,16.0,-16.0,16.0,True,WGN,-1,-1
250,-8.0,145,3695697723,221,221.0,221,196.0,-25.0,25.0,-25.0,25.0,True,WGN,-1,-1
250,-8.0,146,1030715038,221,221.0,221,209.0,-12.0,12.0,-12.0,12.0,True,WGN,-1,-1
250,-8.0,147,2294973873,221,221.0,221,210.0,-11.0,11.0,-11.0,11.0,True,WGN,-1,-1
250,-8.0,148,2316261027,221,221.0,221,442.0,221.0,221.0,221.0,221.0,True,WGN,-1,-1
250,-8.0,149,3994306159,221,221.0,221,325.0,104.0,104.0,104.00000000000001,104.00000000000001,True,WGN,-1,-1
250,-8.0,150,3992184869,221,221.0,221,230.0,9.0,9.0,9.000000000000002,9.000000000000002,True,WGN,-1,-1
250,-8.0,151,631723996,221,221.0,221,253.0,32.0,32.0,32.0,32.0,True,WGN,-1,-1
250,-8.0,152,1312168735,221,221.0,221,446.0,225.0,225.0,225.0,225.0,True,WGN,-1,-1
250,-8.0,153,3423204756,221,221.0,221,197.0,-24.0,24.0,-24.0,24.0,True,WGN,-1,-1
250,-8.0,154,2041309597,221,221.0,221,215.0,-6.0,6.0,-6.0,6.0,True,WGN,-1,-1
250,-8.0,155,2099524900,221,221.0,221,231.0,10.0,10.0,10.0,10.0,True,WGN,-1,-1
250,-8.0,156,50808976,221,221.0,221,238.0,17.0,17.0,17.0,17.0,True,WGN,-1,-1
250,-8.0,157,360699224,221,221.0,221,439.0,218.0,218.0,218.0,218.0,True,WGN,-1,-1
250,-8.0,158,3676021122,221,221.0,221,217.0,-4.0,4.0,-4.0,4.0,True,WGN,-1,-1
250,-8.0,159,865896959,221,221.0,221,355.0,134.0,134.0,134.0,134.0,True,WGN,-1,-1
250,-8.0,160,1550672705,221,221.0,221,222.0,1.0,1.0,1.0,1.0,True,WGN,-1,-1
250,-8.0,161,2074258274,221,221.0,221,228.0,7.0,7.0,7.0,7.0,True,WGN,-1,-1
250,-8.0,162,1488010904,221,221.0,221,433.0,212.0,212.0,212.0,212.0,True,WGN,-1,-1
250,-8.0,163,881178991,221,221.0,221,25.0,-196.0,196.0,-196.0,196.0,True,WGN,-1,-1
250,-8.0,164,1059545645,221,221.0,221,218.0,-3.0,3.0,-3.0,3.0,True,WGN,-1,-1
250,-8.0,165,2860852904,221,221.0,221,439.0,218.0,218.0,218.0,218.0,True,WGN,-1,-1
250,-8.0,166,1064231960,221,221.0,221,371.0,150.0,150.0,150.0,150.0,True,WGN,-1,-1
250,-8.0,167,1033856725,221,221.0,221,427.0,206.0,206.0,206.00000000000003,206.00000000000003,True,WGN,-1,-1
250,-8.0,168,3326764627,221,221.0,221,93.0,-128.0,128.0,-128.0,128.0,True,WGN,-1,-1
250,-8.0,169,179755895,221,221.0,221,229.0,8.0,8.0,8.0,8.0,True,WGN,-1,-1
250,-8.0,170,891768738,221,221.0,221,401.0,180.0,180.0,180.0,180.0,True,WGN,-1,-1
250,-8.0,171,57787224,221,221.0,221,198.0,-23.0,23.0,-23.0,23.0,True,WGN,-1,-1
250,-8.0,172,1989723220,221,221.0,221,144.0,-77.0,77.0,-77.0,77.0,True,WGN,-1,-1
250,-8.0,173,495425660,221,221.0,221,3.0,-218.0,218.0,-218.0,218.0,True,WGN,-1,-1
250,-8.0,174,2575459464,221,221.0,221,230.0,9.0,9.0,9.000000000000002,9.000000000000002,True,WGN,-1,-1
250,-8.0,175,2945685929,221,221.0,221,414.0,193.0,193.0,193.0,193.0,True,WGN,-1,-1
250,-8.0,176,3034227245,221,221.0,221,221.0,0.0,0.0,0.0,0.0,True,WGN,-1,-1
250,-8.0,177,4221461954,221,221.0,221,26.0,-195.0,195.0,-195.0,195.0,True,WGN,-1,-1
250,-8.0,178,2150471959,221,221.0,221,303.0,82.0,82.0,82.0,82.0,True,WGN,-1,-1
250,-8.0,179,3772897761,221,221.0,221,2.0,-219.0,219.0,-219.0,219.0,True,WGN,-1,-1
250,-8.0,180,1372601449,221,221.0,221,2.0,-219.0,219.0,-219.0,219.0,True,WGN,-1,-1
250,-8.0,181,3288013621,221,221.0,221,24.0,-197.0,197.0,-197.0,197.0,True,WGN,-1,-1
250,-8.0,182,317402705,221,221.0,221,246.0,25.0,25.0,25.0,25.0,True,WGN,-1,-1
250,-8.0,183,2487095149,221,221.0,221,228.0,7.0,7.0,7.0,7.0,True,WGN,-1,-1
250,-8.0,184,1118200273,221,221.0,221,240.0,19.0,19.0,19.0,19.0,True,WGN,-1,-1
250,-8.0,185,26073362,221,221.0,221,230.0,9.0,9.0,9.000000000000002,9.000000000000002,True,WGN,-1,-1
250,-8.0,186,856959350,221,221.0,221,148.0,-73.0,73.0,-73.0,73.0,True,WGN,-1,-1
250,-8.0,187,848201596,221,221.0,221,445.0,224.0,224.0,224.0,224.0,True,WGN,-1,-1
250,-8.0,188,4085331299,221,221.0,221,6.0,-215.0,215.0,-215.0,215.0,True,WGN,-1,-1
250,-8.0,189,928240342,221,221.0,221,226.0,5.0,5.0,5.0,5.0,True,WGN,-1,-1
250,-8.0,190,1513086518,221,221.0,221,9.0,-212.0,212.0,-212.0,212.0,True,WGN,-1,-1
250,-8.0,191,1390563412,221,221.0,221,2.0,-219.0,219.0,-219.0,219.0,True,WGN,-1,-1
250,-8.0,192,1903912687,221,221.0,221,218.0,-3.0,3.0,-3.0,3.0,True,WGN,-1,-1
250,-8.0,193,3391205302,221,221.0,221,441.0,220.0,220.0,220.0,220.0,True,WGN,-1,-1
250,-8.0,194,3877927067,221,221.0,221,187.0,-34.0,34.0,-34.0,34.0,True,WGN,-1,-1
250,-8.0,195,3840780147,221,221.0,221,403.0,182.0,182.0,182.0,182.0,True,WGN,-1,-1
250,-8.0,196,1354588034,221,221.0,221,385.0,164.0,164.0,164.0,164.0,True,WGN,-1,-1
250,-8.0,197,906384591,221,221.0,221,3.0,-218.0,218.0,-218.0,218.0,True,WGN,-1,-1
250,-8.0,198,4249696982,221,221.0,221,447.0,226.0,226.0,226.0,226.0,True,WGN,-1,-1
250,-8.0,199,1796956205,221,221.0,221,266.0,45.0,45.0,45.0,45.0,True,WGN,-1,-1
250,-6.0,0,4246447837,221,221.0,221,127.0,-94.0,94.0,-94.0,94.0,True,WGN,-1,-1
250,-6.0,1,964651672,221,221.0,221,209.0,-12.0,12.0,-12.0,12.0,True,WGN,-1,-1
250,-6.0,2,2787606511,221,221.0,221,323.0,102.0,102.0,102.00000000000001,102.00000000000001,True,WGN,-1,-1
250,-6.0,3,2201403239,221,221.0,221,216.0,-5.0,5.0,-5.0,5.0,True,WGN,-1,-1
250,-6.0,4,464329251,221,221.0,221,276.0,55.0,55.0,55.0,55.0,True,WGN,-1,-1
250,-6.0,5,2051620322,221,221.0,221,178.0,-43.0,43.0,-43.0,43.0,True,WGN,-1,-1
250,-6.0,6,2227129773,221,221.0,221,230.0,9.0,9.0,9.000000000000002,9.000000000000002,True,WGN,-1,-1
250,-6.0,7,2277112638,221,221.0,221,221.0,0.0,0.0,0.0,0.0,True,WGN,-1,-1
250,-6.0,8,1983061301,221,221.0,221,223.0,2.0,2.0,2.0,2.0,True,WGN,-1,-1
250,-6.0,9,1642209524,221,221.0,221,244.0,23.0,23.0,23.0,23.0,True,WGN,-1,-1
250,-6.0,10,938291178,221,221.0,221,134.0,-87.0,87.0,-87.00000000000001,87.00000000000001,True,WGN,-1,-1
250,-6.0,11,1962263022,221,221.0,221,228.0,7.0,7.0,7.0,7.0,True,WGN,-1,-1
250,-6.0,12,3999313826,221,221.0,221,228.0,7.0,7.0,7.0,7.0,True,WGN,-1,-1
250,-6.0,13,567900718,221,221.0,221,223.0,2.0,2.0,2.0,2.0,True,WGN,-1,-1
250,-6.0,14,3495032284,221,221.0,221,216.0,-5.0,5.0,-5.0,5.0,True,WGN,-1,-1
250,-6.0,15,2923974028,221,221.0,221,93.0,-128.0,128.0,-128.0,128.0,True,WGN,-1,-1
250,-6.0,16,648994581,221,221.0,221,231.0,10.0,10.0,10.0,10.0,True,WGN,-1,-1
250,-6.0,17,1012950743,221,221.0,221,248.0,27.0,27.0,27.0,27.0,True,WGN,-1,-1
250,-6.0,18,3174269215,221,221.0,221,198.0,-23.0,23.0,-23.0,23.0,True,WGN,-1,-1
250,-6.0,19,1630522777,221,221.0,221,50.0,-171.0,171.0,-171.0,171.0,True,WGN,-1,-1
250,-6.0,20,478240882,221,221.0,221,65.0,-156.0,156.0,-156.0,156.0,True,WGN,-1,-1
250,-6.0,21,3478119091,221,221.0,221,8.0,-213.0,213.0,-213.0,213.0,True,WGN,-1,-1
250,-6.0,22,2931093568,221,221.0,221,223.0,2.0,2.0,2.0,2.0,True,WGN,-1,-1
250,-6.0,23,1100435242,221,221.0,221,207.0,-14.0,14.0,-14.0,14.0,True,WGN,-1,-1
250,-6.0,24,376761346,221,221.0,221,11.0,-210.0,210.0,-210.0,210.0,True,WGN,-1,-1
250,-6.0,25,2469237870,221,221.0,221,223.0,2.0,2.0,2.0,2.0,True,WGN,-1,-1
250,-6.0,26,1457059629,221,221.0,221,223.0,2.0,2.0,2.0,2.0,True,WGN,-1,-1
250,-6.0,27,2690461863,221,221.0,221,208.0,-13.0,13.0,-13.000000000000002,13.000000000000002,True,WGN,-1,-1
250,-6.0,28,3324826004,221,221.0,221,229.0,8.0,8.0,8.0,8.0,True,WGN,-1,-1
250,-6.0,29,2892862992,221,221.0,221,223.0,2.0,2.0,2.0,2.0,True,WGN,-1,-1
250,-6.0,30,985544982,221,221.0,221,223.0,2.0,2.0,2.0,2.0,True,WGN,-1,-1
250,-6.0,31,4036475259,221,221.0,221,230.0,9.0,9.0,9.000000000000002,9.000000000000002,True,WGN,-1,-1
250,-6.0,32,4035739093,221,221.0,221,246.0,25.0,25.0,25.0,25.0,True,WGN,-1,-1
250,-6.0,33,1010241056,221,221.0,221,329.0,108.0,108.0,108.0,108.0,True,WGN,-1,-1
250,-6.0,34,161482665,221,221.0,221,223.0,2.0,2.0,2.0,2.0,True,WGN,-1,-1
250,-6.0,35,1855384616,221,221.0,221,186.0,-35.0,35.0,-35.0,35.0,True,WGN,-1,-1
250,-6.0,36,2530783908,221,221.0,221,223.0,2.0,2.0,2.0,2.0,True,WGN,-1,-1
250,-6.0,37,1810668871,221,221.0,221,3.0,-218.0,218.0,-218.0,218.0,True,WGN,-1,-1
250,-6.0,38,1917721873,221,221.0,221,222.0,1.0,1.0,1.0,1.0,True,WGN,-1,-1
250,-6.0,39,4246417303,221,221.0,221,241.0,20.0,20.0,20.0,20.0,True,WGN,-1,-1
250,-6.0,40,3463851804,221,221.0,221,220.0,-1.0,1.0,-1.0,1.0,True,WGN,-1,-1
250,-6.0,41,1430142619,221,221.0,221,247.0,26.0,26.0,26.000000000000004,26.000000000000004,True,WGN,-1,-1
250,-6.0,42,1052172990,221,221.0,221,227.0,6.0,6.0,6.0,6.0,True,WGN,-1,-1
250,-6.0,43,475637411,221,221.0,221,241.0,20.0,20.0,20.0,20.0,True,WGN,-1,-1
250,-6.0,44,2516614690,221,221.0,221,228.0,7.0,7.0,7.0,7.0,True,WGN,-1,-1
250,-6.0,45,1166907491,221,221.0,221,181.0,-40.0,40.0,-40.0,40.0,True,WGN,-1,-1
250,-6.0,46,2459104851,221,221.0,221,229.0,8.0,8.0,8.0,8.0,True,WGN,-1,-1
250,-6.0,47,453694865,221,221.0,221,223.0,2.0,2.0,2.0,2.0,True,WGN,-1,-1
250,-6.0,48,4044883496,221,221.0,221,212.0,-9.0,9.0,-9.000000000000002,9.000000000000002,True,WGN,-1,-1
250,-6.0,49,3267236916,221,221.0,221,199.0,-22.0,22.0,-22.0,22.0,True,WGN,-1,-1
250,-6.0,50,4207556684,221,221.0,221,230.0,9.0,9.0,9.000000000000002,9.000000000000002,True,WGN,-1,-1
250,-6.0,51,1948987671,221,221.0,221,223.0,2.0,2.0,2.0,2.0,True,WGN,-1,-1
250,-6.0,52,4220335536,221,221.0,221,223.0,2.0,2.0,2.0,2.0,True,WGN,-1,-1
250,-6.0,53,496761821,221,221.0,221,228.0,7.0,7.0,7.0,7.0,True,WGN,-1,-1
250,-6.0,54,2305524767,221,221.0,221,237.0,16.0,16.0,16.0,16.0,True,WGN,-1,-1
250,-6.0,55,429366014,221,221.0,221,221.0,0.0,0.0,0.0,0.0,True,WGN,-1,-1
250,-6.0,56,2809554916,221,221.0,221,228.0,7.0,7.0,7.0,7.0,True,WGN,-1,-1
250,-6.0,57,2155770386,221,221.0,221,232.0,11.0,11.0,11.0,11.0,True,WGN,-1,-1
250,-6.0,58,1580560303,221,221.0,221,76.0,-145.0,145.0,-145.0,145.0,True,WGN,-1,-1
250,-6.0,59,965480811,221,221.0,221,202.0,-19.0,19.0,-19.0,19.0,True,WGN,-1,-1
250,-6.0,60,2971619448,221,221.0,221,376.0,155.0,155.0,155.0,155.0,True,WGN,-1,-1
250,-6.0,61,3777095423,221,221.0,221,229.0,8.0,8.0,8.0,8.0,True,WGN,-1,-1
250,-6.0,62,1819818576,221,221.0,221,228.0,7.0,7.0,7.0,7.0,True,WGN,-1,-1
250,-6.0,63,1283224372,221,221.0,221,223.0,2.0,2.0,2.0,2.0,True,WGN,-1,-1
250,-6.0,64,1460608055,221,221.0,221,377.0,156.0,156.0,156.0,156.0,True,WGN,-1,-1
250,-6.0,65,2263742239,221,221.0,221,228.0,7.0,7.0,7.0,7.0,True,WGN,-1,-1
250,-6.0,66,2570380118,221,221.0,221,226.0,5.0,5.0,5.0,5.0,True,WGN,-1,-1
250,-6.0,67,4058317188,221,221.0,221,3.0,-218.0,218.0,-218.0,218.0,True,WGN,-1,-1
250,-6.0,68,544591228,221,221.0,221,229.0,8.0,8.0,8.0,8.0,True,WGN,-1,-1
250,-6.0,69,759104664,221,221.0,221,308.0,87.0,87.0,87.00000000000001,87.00000000000001,True,WGN,-1,-1
250,-6.0,70,3991034655,221,221.0,221,213.0,-8.0,8.0,-8.0,8.0,True,WGN,-1,-1
250,-6.0,71,911293241,221,221.0,221,228.0,7.0,7.0,7.0,7.0,True,WGN,-1,-1
250,-6.0,72,2673152889,221,221.0,221,229.0,8.0,8.0,8.0,8.0,True,WGN,-1,-1
250,-6.0,73,1640829197,221,221.0,221,190.0,-31.0,31.0,-31.0,31.0,True,WGN,-1,-1
250,-6.0,74,3560704516,221,221.0,221,230.0,9.0,9.0,9.000000000000002,9.000000000000002,True,WGN,-1,-1
250,-6.0,75,3614644638,221,221.0,221,65.0,-156.0,156.0,-156.0,156.0,True,WGN,-1,-1
250,-6.0,76,203200841,221,221.0,221,446.0,225.0,225.0,225.0,225.0,True,WGN,-1,-1
250,-6.0,77,1019346010,221,221.0,221,228.0,7.0,7.0,7.0,7.0,True,WGN,-1,-1
250,-6.0,78,3760001047,221,221.0,221,2.0,-219.0,219.0,-219.0,219.0,True,WGN,-1,-1
250,-6.0,79,2822654310,221,221.0,221,299.0,78.0,78.0,78.0,78.0,True,WGN,-1,-1
250,-6.0,80,258000104,221,221.0,221,258.0,37.0,37.0,37.0,37.0,True,WGN,-1,-1
250,-6.0,81,3901027576,221,221.0,221,230.0,9.0,9.0,9.000000000000002,9.000000000000002,True,WGN,-1,-1
250,-6.0,82,1068489604,221,221.0,221,220.0,-1.0,1.0,-1.0,1.0,True,WGN,-1,-1
250,-6.0,83,3117211291,221,221.0,221,247.0,26.0,26.0,26.000000000000004,26.000000000000004,True,WGN,-1,-1
250,-6.0,84,3162688519,221,221.0,221,425.0,204.0,204.0,204.00000000000003,204.00000000000003,True,WGN,-1,-1
250,-6.0,85,2890680520,221,221.0,221,223.0,2.0,2.0,2.0,2.0,True,WGN,-1,-1
250,-6.0,86,3903183603,221,221.0,221,206.0,-15.0,15.0,-15.0,15.0,True,WGN,-1,-1
250,-6.0,87,2093942471,221,221.0,221,223.0,2.0,2.0,2.0,2.0,True,WGN,-1,-1
250,-6.0,88,3226834055,221,221.0,221,186.0,-35.0,35.0,-35.0,35.0,True,WGN,-1,-1
250,-6.0,89,1613289247,221,221.0,221,242.0,21.0,21.0,21.0,21.0,True,WGN,-1,-1
250,-6.0,90,330600854,221,221.0,221,295.0,74.0,74.0,74.0,74.0,True,WGN,-1,-1
250,-6.0,91,2276136594,221,221.0,221,238.0,17.0,17.0,17.0,17.0,True,WGN,-1,-1
250,-6.0,92,2964900962,221,221.0,221,270.0,49.0,49.0,49.0,49.0,True,WGN,-1,-1
250,-6.0,93,137051119,221,221.0,221,238.0,17.0,17.0,17.0,17.0,True,WGN,-1,-1
250,-6.0,94,1322915757,221,221.0,221,223.0,2.0,2.0,2.0,2.0,True,WGN,-1,-1
250,-6.0,95,198109369,221,221.0,221,219.0,-2.0,2.0,-2.0,2.0,True,WGN,-1,-1
250,-6.0,96,3425318303,221,221.0,221,223.0,2.0,2.0,2.0,2.0,True,WGN,-1,-1
250,-6.0,97,2540790302,221,221.0,221,258.0,37.0,37.0,37.0,37.0,True,WGN,-1,-1
250,-6.0,98,1700388952,221,221.0,221,217.0,-4.0,4.0,-4.0,4.0,True,WGN,-1,-1
250,-6.0,99,3057513182,221,221.0,221,223.0,2.0,2.0,2.0,2.0,True,WGN,-1,-1
250,-6.0,100,3925163682,221,221.0,221,232.0,11.0,11.0,11.0,11.0,True,WGN,-1,-1
250,-6.0,101,1486456813,221,221.0,221,268.0,47.0,47.0,47.0,47.0,True,WGN,-1,-1
250,-6.0,102,1658325654,221,221.0,221,231.0,10.0,10.0,10.0,10.0,True,WGN,-1,-1
250,-6.0,103,2186730417,221,221.0,221,223.0,2.0,2.0,2.0,2.0,True,WGN,-1,-1
250,-6.0,104,3120625043,221,221.0,221,240.0,19.0,19.0,19.0,19.0,True,WGN,-1,-1
250,-6.0,105,1082670368,221,221.0,221,6.0,-215.0,215.0,-215.0,215.0,True,WGN,-1,-1
250,-6.0,106,1594505388,221,221.0,221,157.0,-64.0,64.0,-64.0,64.0,True,WGN,-1,-1
250,-6.0,107,4159784226,221,221.0,221,297.0,76.0,76.0,76.0,76.0,True,WGN,-1,-1
250,-6.0,108,127575328,221,221.0,221,219.0,-2.0,2.0,-2.0,2.0,True,WGN,-1,-1
250,-6.0,109,2575215182,221,221.0,221,228.0,7.0,7.0,7.0,7.0,True,WGN,-1,-1
250,-6.0,110,150545177,221,221.0,221,2.0,-219.0,219.0,-219.0,219.0,True,WGN,-1,-1
250,-6.0,111,4249905334,221,221.0,221,219.0,-2.0,2.0,-2.0,2.0,True,WGN,-1,-1
250,-6.0,112,3644189026,221,221.0,221,228.0,7.0,7.0,7.0,7.0,True,WGN,-1,-1
250,-6.0,113,1239831786,221,221.0,221,235.0,14.0,14.0,14.0,14.0,True,WGN,-1,-1
250,-6.0,114,3074380284,221,221.0,221,259.0,38.0,38.0,38.0,38.0,True,WGN,-1,-1
250,-6.0,115,1544544688,221,221.0,221,246.0,25.0,25.0,25.0,25.0,True,WGN,-1,-1
250,-6.0,116,1995454444,221,221.0,221,245.0,24.0,24.0,24.0,24.0,True,WGN,-1,-1
250,-6.0,117,3474276269,221,221.0,221,178.0,-43.0,43.0,-43.0,43.0,True,WGN,-1,-1
250,-6.0,118,2127644258,221,221.0,221,192.0,-29.0,29.0,-29.0,29.0,True,WGN,-1,-1
250,-6.0,119,1967538873,221,221.0,221,2.0,-219.0,219.0,-219.0,219.0,True,WGN,-1,-1
250,-6.0,120,1588114421,221,221.0,221,228.0,7.0,7.0,7.0,7.0,True,WGN,-1,-1
250,-6.0,121,4229600065,221,221.0,221,223.0,2.0,2.0,2.0,2.0,True,WGN,-1,-1
250,-6.0,122,2329602979,221,221.0,221,4.0,-217.0,217.0,-217.0,217.0,True,WGN,-1,-1
250,-6.0,123,4009314740,221,221.0,221,230.0,9.0,9.0,9.000000000000002,9.000000000000002,True,WGN,-1,-1
250,-6.0,124,4211346987,221,221.0,221,204.0,-17.0,17.0,-17.0,17.0,True,WGN,-1,-1
250,-6.0,125,214262818,221,221.0,221,228.0,7.0,7.0,7.0,7.0,True,WGN,-1,-1
250,-6.0,126,1000094077,221,221.0,221,234.0,13.0,13.0,13.000000000000002,13.000000000000002,True,WGN,-1,-1
250,-6.0,127,2987537584,221,221.0,221,248.0,27.0,27.0,27.0,27.0,True,WGN,-1,-1
250,-6.0,128,755634034,221,221.0,221,234.0,13.0,13.0,13.000000000000002,13.000000000000002,True,WGN,-1,-1
250,-6.0,129,1232521890,221,221.0,221,221.0,0.0,0.0,0.0,0.0,True,WGN,-1,-1
250,-6.0,130,304360496,221,221.0,221,223.0,2.0,2.0,2.0,2.0,True,WGN,-1,-1
250,-6.0,131,3123560996,221,221.0,221,223.0,2.0,2.0,2.0,2.0,True,WGN,-1,-1
250,-6.0,132,3351778019,221,221.0,221,223.0,2.0,2.0,2.0,2.0,True,WGN,-1,-1
250,-6.0,133,4190059429,221,221.0,221,110.0,-111.0,111.0,-111.0,111.0,True,WGN,-1,-1
250,-6.0,134,3585240607,221,221.0,221,244.0,23.0,23.0,23.0,23.0,True,WGN,-1,-1
250,-6.0,135,3634177458,221,221.0,221,251.0,30.0,30.0,30.0,30.0,True,WGN,-1,-1
250,-6.0,136,838490136,221,221.0,221,275.0,54.0,54.0,54.0,54.0,True,WGN,-1,-1
250,-6.0,137,1588170497,221,221.0,221,215.0,-6.0,6.0,-6.0,6.0,True,WGN,-1,-1
250,-6.0,138,2790887626,221,221.0,221,219.0,-2.0,2.0,-2.0,2.0,True,WGN,-1,-1
250,-6.0,139,1483063663,221,221.0,221,16.0,-205.0,205.0,-205.00000000000003,205.00000000000003,True,WGN,-1,-1
250,-6.0,140,679427593,221,221.0,221,248.0,27.0,27.0,27.0,27.0,True,WGN,-1,-1
250,-6.0,141,3127798781,221,221.0,221,223.0,2.0,2.0,2.0,2.0,True,WGN,-1,-1
250,-6.0,142,1987714711,221,221.0,221,200.0,-21.0,21.0,-21.0,21.0,True,WGN,-1,-1
250,-6.0,143,2392580990,221,221.0,221,142.0,-79.0,79.0,-79.0,79.0,True,WGN,-1,-1
250,-6.0,144,2067827585,221,221.0,221,201.0,-20.0,20.0,-20.0,20.0,True,WGN,-1,-1
250,-6.0,145,424353401,221,221.0,221,257.0,36.0,36.0,36.00000000000001,36.00000000000001,True,WGN,-1,-1
250,-6.0,146,1126705238,221,221.0,221,68.0,-153.0,153.0,-153.0,153.0,True,WGN,-1,-1
250,-6.0,147,1686172090,221,221.0,221,2.0,-219.0,219.0,-219.0,219.0,True,WGN,-1,-1
250,-6.0,148,1167421479,221,221.0,221,164.0,-57.0,57.0,-57.0,57.0,True,WGN,-1,-1
250,-6.0,149,1027987955,221,221.0,221,330.0,109.0,109.0,109.0,109.0,True,WGN,-1,-1
250,-6.0,150,3985250472,221,221.0,221,38.0,-183.0,183.0,-183.0,183.0,True,WGN,-1,-1
250,-6.0,151,1049977376,221,221.0,221,107.0,-114.0,114.0,-114.0,114.0,True,WGN,-1,-1
250,-6.0,152,1907883620,221,221.0,221,220.0,-1.0,1.0,-1.0,1.0,True,WGN,-1,-1
250,-6.0,153,88543814,221,221.0,221,228.0,7.0,7.0,7.0,7.0,True,WGN,-1,-1
250,-6.0,154,2177701740,221,221.0,221,169.0,-52.0,52.0,-52.00000000000001,52.00000000000001,True,WGN,-1,-1
250,-6.0,155,2098882592,221,221.0,221,309.0,88.0,88.0,88.0,88.0,True,WGN,-1,-1
250,-6.0,156,2834015718,221,221.0,221,216.0,-5.0,5.0,-5.0,5.0,True,WGN,-1,-1
250,-6.0,157,237509146,221,221.0,221,341.0,120.0,120.0,120.0,120.0,True,WGN,-1,-1
250,-6.0,158,489007278,221,221.0,221,415.0,194.0,194.0,194.0,194.0,True,WGN,-1,-1
250,-6.0,159,3441866133,221,221.0,221,230.0,9.0,9.0,9.000000000000002,9.000000000000002,True,WGN,-1,-1
250,-6.0,160,3859293435,221,221.0,221,238.0,17.0,17.0,17.0,17.0,True,WGN,-1,-1
250,-6.0,161,2277041621,221,221.0,221,239.0,18.0,18.0,18.000000000000004,18.000000000000004,True,WGN,-1,-1
250,-6.0,162,4262797788,221,221.0,221,228.0,7.0,7.0,7.0,7.0,True,WGN,-1,-1
250,-6.0,163,23533903,221,221.0,221,2.0,-219.0,219.0,-219.0,219.0,True,WGN,-1,-1
250,-6.0,164,2782469030,221,221.0,221,228.0,7.0,7.0,7.0,7.0,True,WGN,-1,-1
250,-6.0,165,1758225221,221,221.0,221,178.0,-43.0,43.0,-43.0,43.0,True,WGN,-1,-1
250,-6.0,166,1760596970,221,221.0,221,172.0,-49.0,49.0,-49.0,49.0,True,WGN,-1,-1
250,-6.0,167,2543835298,221,221.0,221,166.0,-55.0,55.0,-55.0,55.0,True,WGN,-1,-1
250,-6.0,168,2844891424,221,221.0,221,181.0,-40.0,40.0,-40.0,40.0,True,WGN,-1,-1
250,-6.0,169,2272083060,221,221.0,221,310.0,89.0,89.0,89.0,89.0,True,WGN,-1,-1
250,-6.0,170,2985716624,221,221.0,221,236.0,15.0,15.0,15.0,15.0,True,WGN,-1,-1
250,-6.0,171,2870380133,221,221.0,221,287.0,66.0,66.0,66.0,66.0,True,WGN,-1,-1
250,-6.0,172,1799464903,221,221.0,221,259.0,38.0,38.0,38.0,38.0,True,WGN,-1,-1
250,-6.0,173,337688838,221,221.0,221,215.0,-6.0,6.0,-6.0,6.0,True,WGN,-1,-1
250,-6.0,174,873521475,221,221.0,221,222.0,1.0,1.0,1.0,1.0,True,WGN,-1,-1
250,-6.0,175,3616536731,221,221.0,221,207.0,-14.0,14.0,-14.0,14.0,True,WGN,-1,-1
250,-6.0,176,2106526051,221,221.0,221,221.0,0.0,0.0,0.0,0.0,True,WGN,-1,-1
250,-6.0,177,2759116168,221,221.0,221,239.0,18.0,18.0,18.000000000000004,18.000000000000004,True,WGN,-1,-1
250,-6.0,178,1957198463,221,221.0,221,240.0,19.0,19.0,19.0,19.0,True,WGN,-1,-1
250,-6.0,179,1508891478,221,221.0,221,221.0,0.0,0.0,0.0,0.0,True,WGN,-1,-1
250,-6.0,180,2155783207,221,221.0,221,2.0,-219.0,219.0,-219.0,219.0,True,WGN,-1,-1
250,-6.0,181,2253228948,221,221.0,221,297.0,76.0,76.0,76.0,76.0,True,WGN,-1,-1
250,-6.0,182,3546487394,221,221.0,221,221.0,0.0,0.0,0.0,0.0,True,WGN,-1,-1
250,-6.0,183,1196310107,221,221.0,221,228.0,7.0,7.0,7.0,7.0,True,WGN,-1,-1
250,-6.0,184,236137483,221,221.0,221,223.0,2.0,2.0,2.0,2.0,True,WGN,-1,-1
250,-6.0,185,1402069576,221,221.0,221,231.0,10.0,10.0,10.0,10.0,True,WGN,-1,-1
250,-6.0,186,219887116,221,221.0,221,253.0,32.0,32.0,32.0,32.0,True,WGN,-1,-1
250,-6.0,187,3323871954,221,221.0,221,381.0,160.0,160.0,160.0,160.0,True,WGN,-1,-1
250,-6.0,188,2716963625,221,221.0,221,220.0,-1.0,1.0,-1.0,1.0,True,WGN,-1,-1
250,-6.0,189,1830330130,221,221.0,221,223.0,2.0,2.0,2.0,2.0,True,WGN,-1,-1
250,-6.0,190,2233643236,221,221.0,221,260.0,39.0,39.0,39.0,39.0,True,WGN,-1,-1
250,-6.0,191,2538880545,221,221.0,221,229.0,8.0,8.0,8.0,8.0,True,WGN,-1,-1
250,-6.0,192,2883236452,221,221.0,221,164.0,-57.0,57.0,-57.0,57.0,True,WGN,-1,-1
250,-6.0,193,567761299,221,221.0,221,221.0,0.0,0.0,0.0,0.0,True,WGN,-1,-1
250,-6.0,194,3723909008,221,221.0,221,232.0,11.0,11.0,11.0,11.0,True,WGN,-1,-1
250,-6.0,195,3191270331,221,221.0,221,223.0,2.0,2.0,2.0,2.0,True,WGN,-1,-1
250,-6.0,196,1984272940,221,221.0,221,212.0,-9.0,9.0,-9.000000000000002,9.000000000000002,True,WGN,-1,-1
250,-6.0,197,1611667033,221,221.0,221,148.0,-73.0,73.0,-73.0,73.0,True,WGN,-1,-1
250,-6.0,198,1098547214,221,221.0,221,2.0,-219.0,219.0,-219.0,219.0,True,WGN,-1,-1
250,-6.0,199,1016431029,221,221.0,221,228.0,7.0,7.0,7.0,7.0,True,WGN,-1,-1
250,2.0,0,45481985,221,221.0,221,211.0,-10.0,10.0,-10.0,10.0,True,WGN,-1,-1
250,2.0,1,2138231574,221,221.0,221,222.0,1.0,1.0,1.0,1.0,True,WGN,-1,-1
250,2.0,2,2874116030,221,221.0,221,228.0,7.0,7.0,7.0,7.0,True,WGN,-1,-1
250,2.0,3,2663536117,221,221.0,221,229.0,8.0,8.0,8.0,8.0,True,WGN,-1,-1
250,2.0,4,2661059283,221,221.0,221,222.0,1.0,1.0,1.0,1.0,True,WGN,-1,-1
250,2.0,5,4071156302,221,221.0,221,228.0,7.0,7.0,7.0,7.0,True,WGN,-1,-1
250,2.0,6,2166783496,221,221.0,221,223.0,2.0,2.0,2.0,2.0,True,WGN,-1,-1
250,2.0,7,1584928971,221,221.0,221,223.0,2.0,2.0,2.0,2.0,True,WGN,-1,-1
250,2.0,8,676882203,221,221.0,221,228.0,7.0,7.0,7.0,7.0,True,WGN,-1,-1
250,2.0,9,3575976252,221,221.0,221,229.0,8.0,8.0,8.0,8.0,True,WGN,-1,-1
250,2.0,10,79377150,221,221.0,221,228.0,7.0,7.0,7.0,7.0,True,WGN,-1,-1
250,2.0,11,1310945154,221,221.0,221,223.0,2.0,2.0,2.0,2.0,True,WGN,-1,-1
250,2.0,12,1058855497,221,221.0,221,223.0,2.0,2.0,2.0,2.0,True,WGN,-1,-1
250,2.0,13,3752620932,221,221.0,221,223.0,2.0,2.0,2.0,2.0,True,WGN,-1,-1
250,2.0,14,205802841,221,221.0,221,218.0,-3.0,3.0,-3.0,3.0,True,WGN,-1,-1
250,2.0,15,549622618,221,221.0,221,220.0,-1.0,1.0,-1.0,1.0,True,WGN,-1,-1
250,2.0,16,1798319899,221,221.0,221,228.0,7.0,7.0,7.0,7.0,True,WGN,-1,-1
250,2.0,17,3441266268,221,221.0,221,228.0,7.0,7.0,7.0,7.0,True,WGN,-1,-1
250,2.0,18,2134312976,221,221.0,221,228.0,7.0,7.0,7.0,7.0,True,WGN,-1,-1
250,2.0,19,3480507282,221,221.0,221,228.0,7.0,7.0,7.0,7.0,True,WGN,-1,-1
250,2.0,20,2900062328,221,221.0,221,222.0,1.0,1.0,1.0,1.0,True,WGN,-1,-1
250,2.0,21,858386221,221,221.0,221,229.0,8.0,8.0,8.0,8.0,True,WGN,-1,-1
250,2.0,22,4024839146,221,221.0,221,229.0,8.0,8.0,8.0,8.0,True,WGN,-1,-1
250,2.0,23,2074346062,221,221.0,221,231.0,10.0,10.0,10.0,10.0,True,WGN,-1,-1
250,2.0,24,2012936229,221,221.0,221,228.0,7.0,7.0,7.0,7.0,True,WGN,-1,-1
250,2.0,25,2012908562,221,221.0,221,229.0,8.0,8.0,8.0,8.0,True,WGN,-1,-1
250,2.0,26,2778651390,221,221.0,221,228.0,7.0,7.0,7.0,7.0,True,WGN,-1,-1
250,2.0,27,1629700450,221,221.0,221,223.0,2.0,2.0,2.0,2.0,True,WGN,-1,-1
250,2.0,28,583708165,221,221.0,221,223.0,2.0,2.0,2.0,2.0,True,WGN,-1,-1
250,2.0,29,56102274,221,221.0,221,228.0,7.0,7.0,7.0,7.0,True,WGN,-1,-1
250,2.0,30,4291295067,221,221.0,221,228.0,7.0,7.0,7.0,7.0,True,WGN,-1,-1
250,2.0,31,2091385104,221,221.0,221,229.0,8.0,8.0,8.0,8.0,True,WGN,-1,-1
250,2.0,32,2423559764,221,221.0,221,222.0,1.0,1.0,1.0,1.0,True,WGN,-1,-1
250,2.0,33,87607643,221,221.0,221,223.0,2.0,2.0,2.0,2.0,True,WGN,-1,-1
250,2.0,34,2293934313,221,221.0,221,222.0,1.0,1.0,1.0,1.0,True,WGN,-1,-1
250,2.0,35,2782576952,221,221.0,221,223.0,2.0,2.0,2.0,2.0,True,WGN,-1,-1
250,2.0,36,2118950977,221,221.0,221,211.0,-10.0,10.0,-10.0,10.0,True,WGN,-1,-1
250,2.0,37,1397497997,221,221.0,221,223.0,2.0,2.0,2.0,2.0,True,WGN,-1,-1
250,2.0,38,1951542642,221,221.0,221,223.0,2.0,2.0,2.0,2.0,True,WGN,-1,-1
250,2.0,39,3015264344,221,221.0,221,231.0,10.0,10.0,10.0,10.0,True,WGN,-1,-1
250,2.0,40,892354347,221,221.0,221,222.0,1.0,1.0,1.0,1.0,True,WGN,-1,-1
250,2.0,41,2936459091,221,221.0,221,228.0,7.0,7.0,7.0,7.0,True,WGN,-1,-1
250,2.0,42,296162747,221,221.0,221,222.0,1.0,1.0,1.0,1.0,True,WGN,-1,-1
250,2.0,43,3838049270,221,221.0,221,223.0,2.0,2.0,2.0,2.0,True,WGN,-1,-1
250,2.0,44,2890700610,221,221.0,221,228.0,7.0,7.0,7.0,7.0,True,WGN,-1,-1
250,2.0,45,972808240,221,221.0,221,223.0,2.0,2.0,2.0,2.0,True,WGN,-1,-1
250,2.0,46,1985592423,221,221.0,221,222.0,1.0,1.0,1.0,1.0,True,WGN,-1,-1
250,2.0,47,3699985404,221,221.0,221,230.0,9.0,9.0,9.000000000000002,9.000000000000002,True,WGN,-1,-1
250,2.0,48,164088324,221,221.0,221,228.0,7.0,7.0,7.0,7.0,True,WGN,-1,-1
250,2.0,49,3034592830,221,221.0,221,229.0,8.0,8.0,8.0,8.0,True,WGN,-1,-1
250,2.0,50,2965771773,221,221.0,221,219.0,-2.0,2.0,-2.0,2.0,True,WGN,-1,-1
250,2.0,51,966564149,221,221.0,221,223.0,2.0,2.0,2.0,2.0,True,WGN,-1,-1
250,2.0,52,1779372856,221,221.0,221,222.0,1.0,1.0,1.0,1.0,True,WGN,-1,-1
250,2.0,53,1572617530,221,221.0,221,222.0,1.0,1.0,1.0,1.0,True,WGN,-1,-1
250,2.0,54,17886008,221,221.0,221,223.0,2.0,2.0,2.0,2.0,True,WGN,-1,-1
250,2.0,55,821160269,221,221.0,221,228.0,7.0,7.0,7.0,7.0,True,WGN,-1,-1
250,2.0,56,3908862278,221,221.0,221,229.0,8.0,8.0,8.0,8.0,True,WGN,-1,-1
250,2.0,57,4238484577,221,221.0,221,229.0,8.0,8.0,8.0,8.0,True,WGN,-1,-1
250,2.0,58,3520929494,221,221.0,221,222.0,1.0,1.0,1.0,1.0,True,WGN,-1,-1
250,2.0,59,2085425763,221,221.0,221,223.0,2.0,2.0,2.0,2.0,True,WGN,-1,-1
250,2.0,60,3778885617,221,221.0,221,228.0,7.0,7.0,7.0,7.0,True,WGN,-1,-1
250,2.0,61,2069183492,221,221.0,221,228.0,7.0,7.0,7.0,7.0,True,WGN,-1,-1
250,2.0,62,3670951047,221,221.0,221,223.0,2.0,2.0,2.0,2.0,True,WGN,-1,-1
250,2.0,63,528596522,221,221.0,221,223.0,2.0,2.0,2.0,2.0,True,WGN,-1,-1
250,2.0,64,1266545232,221,221.0,221,223.0,2.0,2.0,2.0,2.0,True,WGN,-1,-1
250,2.0,65,2340122929,221,221.0,221,228.0,7.0,7.0,7.0,7.0,True,WGN,-1,-1
250,2.0,66,2287882190,221,221.0,221,223.0,2.0,2.0,2.0,2.0,True,WGN,-1,-1
250,2.0,67,3971223830,221,221.0,221,229.0,8.0,8.0,8.0,8.0,True,WGN,-1,-1
250,2.0,68,2587219964,221,221.0,221,228.0,7.0,7.0,7.0,7.0,True,WGN,-1,-1
250,2.0,69,1425248911,221,221.0,221,222.0,1.0,1.0,1.0,1.0,True,WGN,-1,-1
250,2.0,70,1176725828,221,221.0,221,222.0,1.0,1.0,1.0,1.0,True,WGN,-1,-1
250,2.0,71,1704111932,221,221.0,221,229.0,8.0,8.0,8.0,8.0,True,WGN,-1,-1
250,2.0,72,3308551809,221,221.0,221,222.0,1.0,1.0,1.0,1.0,True,WGN,-1,-1
250,2.0,73,664422960,221,221.0,221,223.0,2.0,2.0,2.0,2.0,True,WGN,-1,-1
250,2.0,74,981318588,221,221.0,221,228.0,7.0,7.0,7.0,7.0,True,WGN,-1,-1
250,2.0,75,246129466,221,221.0,221,223.0,2.0,2.0,2.0,2.0,True,WGN,-1,-1
250,2.0,76,2608211473,221,221.0,221,229.0,8.0,8.0,8.0,8.0,True,WGN,-1,-1
250,2.0,77,4272553931,221,221.0,221,222.0,1.0,1.0,1.0,1.0,True,WGN,-1,-1
250,2.0,78,909098295,221,221.0,221,229.0,8.0,8.0,8.0,8.0,True,WGN,-1,-1
250,2.0,79,79834736,221,221.0,221,228.0,7.0,7.0,7.0,7.0,True,WGN,-1,-1
250,2.0,80,2707146401,221,221.0,221,233.0,12.0,12.0,12.0,12.0,True,WGN,-1,-1
250,2.0,81,1824012134,221,221.0,221,223.0,2.0,2.0,2.0,2.0,True,WGN,-1,-1
250,2.0,82,361994056,221,221.0,221,232.0,11.0,11.0,11.0,11.0,True,WGN,-1,-1
250,2.0,83,3593082794,221,221.0,221,222.0,1.0,1.0,1.0,1.0,True,WGN,-1,-1
250,2.0,84,4079491773,221,221.0,221,229.0,8.0,8.0,8.0,8.0,True,WGN,-1,-1
250,2.0,85,1701249731,221,221.0,221,223.0,2.0,2.0,2.0,2.0,True,WGN,-1,-1
250,2.0,86,3118825850,221,221.0,221,223.0,2.0,2.0,2.0,2.0,True,WGN,-1,-1
250,2.0,87,2279250700,221,221.0,221,222.0,1.0,1.0,1.0,1.0,True,WGN,-1,-1
250,2.0,88,1401747217,221,221.0,221,222.0,1.0,1.0,1.0,1.0,True,WGN,-1,-1
250,2.0,89,850955703,221,221.0,221,220.0,-1.0,1.0,-1.0,1.0,True,WGN,-1,-1
250,2.0,90,1828536324,221,221.0,221,233.0,12.0,12.0,12.0,12.0,True,WGN,-1,-1
250,2.0,91,3642448171,221,221.0,221,223.0,2.0,2.0,2.0,2.0,True,WGN,-1,-1
250,2.0,92,2126936505,221,221.0,221,231.0,10.0,10.0,10.0,10.0,True,WGN,-1,-1
250,2.0,93,2434490128,221,221.0,221,230.0,9.0,9.0,9.000000000000002,9.000000000000002,True,WGN,-1,-1
250,2.0,94,1473896222,221,221.0,221,229.0,8.0,8.0,8.0,8.0,True,WGN,-1,-1
250,2.0,95,777461827,221,221.0,221,228.0,7.0,7.0,7.0,7.0,True,WGN,-1,-1
250,2.0,96,3630534653,221,221.0,221,222.0,1.0,1.0,1.0,1.0,True,WGN,-1,-1
250,2.0,97,1335653496,221,221.0,221,222.0,1.0,1.0,1.0,1.0,True,WGN,-1,-1
250,2.0,98,1419801689,221,221.0,221,228.0,7.0,7.0,7.0,7.0,True,WGN,-1,-1
250,2.0,99,981212949,221,221.0,221,232.0,11.0,11.0,11.0,11.0,True,WGN,-1,-1
250,2.0,100,2116672829,221,221.0,221,228.0,7.0,7.0,7.0,7.0,True,WGN,-1,-1
250,2.0,101,2161546467,221,221.0,221,223.0,2.0,2.0,2.0,2.0,True,WGN,-1,-1
250,2.0,102,879432726,221,221.0,221,222.0,1.0,1.0,1.0,1.0,True,WGN,-1,-1
250,2.0,103,2639763904,221,221.0,221,220.0,-1.0,1.0,-1.0,1.0,True,WGN,-1,-1
250,2.0,104,4039255383,221,221.0,221,230.0,9.0,9.0,9.000000000000002,9.000000000000002,True,WGN,-1,-1
250,2.0,105,2637659546,221,221.0,221,223.0,2.0,2.0,2.0,2.0,True,WGN,-1,-1
250,2.0,106,1092894139,221,221.0,221,228.0,7.0,7.0,7.0,7.0,True,WGN,-1,-1
250,2.0,107,1888501969,221,221.0,221,223.0,2.0,2.0,2.0,2.0,True,WGN,-1,-1
250,2.0,108,1994212145,221,221.0,221,223.0,2.0,2.0,2.0,2.0,True,WGN,-1,-1
250,2.0,109,584032846,221,221.0,221,229.0,8.0,8.0,8.0,8.0,True,WGN,-1,-1
250,2.0,110,3758149190,221,221.0,221,229.0,8.0,8.0,8.0,8.0,True,WGN,-1,-1
250,2.0,111,1993954591,221,221.0,221,229.0,8.0,8.0,8.0,8.0,True,WGN,-1,-1
250,2.0,112,585500526,221,221.0,221,229.0,8.0,8.0,8.0,8.0,True,WGN,-1,-1
250,2.0,113,732284980,221,221.0,221,234.0,13.0,13.0,13.000000000000002,13.000000000000002,True,WGN,-1,-1
250,2.0,114,945235286,221,221.0,221,220.0,-1.0,1.0,-1.0,1.0,True,WGN,-1,-1
250,2.0,115,1885831678,221,221.0,221,228.0,7.0,7.0,7.0,7.0,True,WGN,-1,-1
250,2.0,116,761520832,221,221.0,221,228.0,7.0,7.0,7.0,7.0,True,WGN,-1,-1
250,2.0,117,2608840209,221,221.0,221,222.0,1.0,1.0,1.0,1.0,True,WGN,-1,-1
250,2.0,118,2144653588,221,221.0,221,230.0,9.0,9.0,9.000000000000002,9.000000000000002,True,WGN,-1,-1
250,2.0,119,331282878,221,221.0,221,223.0,2.0,2.0,2.0,2.0,True,WGN,-1,-1
250,2.0,120,3450362629,221,221.0,221,222.0,1.0,1.0,1.0,1.0,True,WGN,-1,-1
250,2.0,121,1809382775,221,221.0,221,223.0,2.0,2.0,2.0,2.0,True,WGN,-1,-1
250,2.0,122,1267442134,221,221.0,221,228.0,7.0,7.0,7.0,7.0,True,WGN,-1,-1
250,2.0,123,2939127652,221,221.0,221,222.0,1.0,1.0,1.0,1.0,True,WGN,-1,-1
250,2.0,124,1951432380,221,221.0,221,223.0,2.0,2.0,2.0,2.0,True,WGN,-1,-1
250,2.0,125,2874323530,221,221.0,221,228.0,7.0,7.0,7.0,7.0,True,WGN,-1,-1
250,2.0,126,2366865340,221,221.0,221,228.0,7.0,7.0,7.0,7.0,True,WGN,-1,-1
250,2.0,127,4082933264,221,221.0,221,229.0,8.0,8.0,8.0,8.0,True,WGN,-1,-1
250,2.0,128,2341186238,221,221.0,221,228.0,7.0,7.0,7.0,7.0,True,WGN,-1,-1
250,2.0,129,1415943827,221,221.0,221,228.0,7.0,7.0,7.0,7.0,True,WGN,-1,-1
250,2.0,130,2276157757,221,221.0,221,235.0,14.0,14.0,14.0,14.0,True,WGN,-1,-1
250,2.0,131,59747445,221,221.0,221,221.0,0.0,0.0,0.0,0.0,True,WGN,-1,-1
250,2.0,132,3541092582,221,221.0,221,229.0,8.0,8.0,8.0,8.0,True,WGN,-1,-1
250,2.0,133,1873974798,221,221.0,221,228.0,7.0,7.0,7.0,7.0,True,WGN,-1,-1
250,2.0,134,3113330332,221,221.0,221,223.0,2.0,2.0,2.0,2.0,True,WGN,-1,-1
250,2.0,135,98054063,221,221.0,221,222.0,1.0,1.0,1.0,1.0,True,WGN,-1,-1
250,2.0,136,2422103215,221,221.0,221,228.0,7.0,7.0,7.0,7.0,True,WGN,-1,-1
250,2.0,137,1887312635,221,221.0,221,223.0,2.0,2.0,2.0,2.0,True,WGN,-1,-1
250,2.0,138,3324771041,221,221.0,221,228.0,7.0,7.0,7.0,7.0,True,WGN,-1,-1
250,2.0,139,2200418611,221,221.0,221,223.0,2.0,2.0,2.0,2.0,True,WGN,-1,-1
250,2.0,140,4227873410,221,221.0,221,223.0,2.0,2.0,2.0,2.0,True,WGN,-1,-1
250,2.0,141,303002162,221,221.0,221,223.0,2.0,2.0,2.0,2.0,True,WGN,-1,-1
250,2.0,142,2900766261,221,221.0,221,228.0,7.0,7.0,7.0,7.0,True,WGN,-1,-1
250,2.0,143,443175091,221,221.0,221,228.0,7.0,7.0,7.0,7.0,True,WGN,-1,-1
250,2.0,144,3715117044,221,221.0,221,237.0,16.0,16.0,16.0,16.0,True,WGN,-1,-1
250,2.0,145,3634712840,221,221.0,221,223.0,2.0,2.0,2.0,2.0,True,WGN,-1,-1
250,2.0,146,1744717947,221,221.0,221,229.0,8.0,8.0,8.0,8.0,True,WGN,-1,-1
250,2.0,147,3346901303,221,221.0,221,223.0,2.0,2.0,2.0,2.0,True,WGN,-1,-1
250,2.0,148,1294681105,221,221.0,221,219.0,-2.0,2.0,-2.0,2.0,True,WGN,-1,-1
250,2.0,149,1703234695,221,221.0,221,222.0,1.0,1.0,1.0,1.0,True,WGN,-1,-1
250,2.0,150,2453332897,221,221.0,221,223.0,2.0,2.0,2.0,2.0,True,WGN,-1,-1
250,2.0,151,2018950055,221,221.0,221,229.0,8.0,8.0,8.0,8.0,True,WGN,-1,-1
250,2.0,152,2418082073,221,221.0,221,229.0,8.0,8.0,8.0,8.0,True,WGN,-1,-1
250,2.0,153,3675700792,221,221.0,221,228.0,7.0,7.0,7.0,7.0,True,WGN,-1,-1
250,2.0,154,1474155921,221,221.0,221,221.0,0.0,0.0,0.0,0.0,True,WGN,-1,-1
250,2.0,155,3855027159,221,221.0,221,222.0,1.0,1.0,1.0,1.0,True,WGN,-1,-1
250,2.0,156,3955433039,221,221.0,221,229.0,8.0,8.0,8.0,8.0,True,WGN,-1,-1
250,2.0,157,138842235,221,221.0,221,228.0,7.0,7.0,7.0,7.0,True,WGN,-1,-1
250,2.0,158,1292745357,221,221.0,221,221.0,0.0,0.0,0.0,0.0,True,WGN,-1,-1
250,2.0,159,4435229,221,221.0,221,228.0,7.0,7.0,7.0,7.0,True,WGN,-1,-1
250,2.0,160,2446041103,221,221.0,221,219.0,-2.0,2.0,-2.0,2.0,True,WGN,-1,-1
250,2.0,161,3461054890,221,221.0,221,228.0,7.0,7.0,7.0,7.0,True,WGN,-1,-1
250,2.0,162,995009095,221,221.0,221,229.0,8.0,8.0,8.0,8.0,True,WGN,-1,-1
250,2.0,163,3906162738,221,221.0,221,222.0,1.0,1.0,1.0,1.0,True,WGN,-1,-1
250,2.0,164,4072120436,221,221.0,221,222.0,1.0,1.0,1.0,1.0,True,WGN,-1,-1
250,2.0,165,4161640795,221,221.0,221,222.0,1.0,1.0,1.0,1.0,True,WGN,-1,-1
250,2.0,166,1239876802,221,221.0,221,228.0,7.0,7.0,7.0,7.0,True,WGN,-1,-1
250,2.0,167,3241834077,221,221.0,221,219.0,-2.0,2.0,-2.0,2.0,True,WGN,-1,-1
250,2.0,168,681708681,221,221.0,221,223.0,2.0,2.0,2.0,2.0,True,WGN,-1,-1
250,2.0,169,3839626157,221,221.0,221,231.0,10.0,10.0,10.0,10.0,True,WGN,-1,-1
250,2.0,170,1653385136,221,221.0,221,228.0,7.0,7.0,7.0,7.0,True,WGN,-1,-1
250,2.0,171,3309293121,221,221.0,221,229.0,8.0,8.0,8.0,8.0,True,WGN,-1,-1
250,2.0,172,4023244724,221,221.0,221,228.0,7.0,7.0,7.0,7.0,True,WGN,-1,-1
250,2.0,173,2797516695,221,221.0,221,230.0,9.0,9.0,9.000000000000002,9.000000000000002,True,WGN,-1,-1
250,2.0,174,663764493,221,221.0,221,221.0,0.0,0.0,0.0,0.0,True,WGN,-1,-1
250,2.0,175,1256696926,221,221.0,221,228.0,7.0,7.0,7.0,7.0,True,WGN,-1,-1
250,2.0,176,2610313175,221,221.0,221,229.0,8.0,8.0,8.0,8.0,True,WGN,-1,-1
250,2.0,177,3850049363,221,221.0,221,228.0,7.0,7.0,7.0,7.0,True,WGN,-1,-1
250,2.0,178,1972835966,221,221.0,221,223.0,2.0,2.0,2.0,2.0,True,WGN,-1,-1
250,2.0,179,2260773708,221,221.0,221,232.0,11.0,11.0,11.0,11.0,True,WGN,-1,-1
250,2.0,180,977937256,221,221.0,221,222.0,1.0,1.0,1.0,1.0,True,WGN,-1,-1
250,2.0,181,161427310,221,221.0,221,214.0,-7.0,7.0,-7.0,7.0,True,WGN,-1,-1
250,2.0,182,3248980373,221,221.0,221,223.0,2.0,2.0,2.0,2.0,True,WGN,-1,-1
250,2.0,183,3880056,221,221.0,221,229.0,8.0,8.0,8.0,8.0,True,WGN,-1,-1
250,2.0,184,579206414,221,221.0,221,228.0,7.0,7.0,7.0,7.0,True,WGN,-1,-1
250,2.0,185,3656873330,221,221.0,221,222.0,1.0,1.0,1.0,1.0,True,WGN,-1,-1
250,2.0,186,1724969207,221,221.0,221,223.0,2.0,2.0,2.0,2.0,True,WGN,-1,-1
250,2.0,187,2586618472,221,221.0,221,223.0,2.0,2.0,2.0,2.0,True,WGN,-1,-1
250,2.0,188,3828244620,221,221.0,221,229.0,8.0,8.0,8.0,8.0,True,WGN,-1,-1
250,2.0,189,3575008698,221,221.0,221,223.0,2.0,2.0,2.0,2.0,True,WGN,-1,-1
250,2.0,190,10399047,221,221.0,221,223.0,2.0,2.0,2.0,2.0,True,WGN,-1,-1
250,2.0,191,743609716,221,221.0,221,229.0,8.0,8.0,8.0,8.0,True,WGN,-1,-1
250,2.0,192,3054895855,221,221.0,221,228.0,7.0,7.0,7.0,7.0,True,WGN,-1,-1
250,2.0,193,2495739440,221,221.0,221,223.0,2.0,2.0,2.0,2.0,True,WGN,-1,-1
250,2.0,194,125747424,221,221.0,221,229.0,8.0,8.0,8.0,8.0,True,WGN,-1,-1
250,2.0,195,4247217067,221,221.0,221,217.0,-4.0,4.0,-4.0,4.0,True,WGN,-1,-1
250,2.0,196,2947129147,221,221.0,221,228.0,7.0,7.0,7.0,7.0,True,WGN,-1,-1
250,2.0,197,671165815,221,221.0,221,223.0,2.0,2.0,2.0,2.0,True,WGN,-1,-1
250,2.0,198,2578156450,221,221.0,221,228.0,7.0,7.0,7.0,7.0,True,WGN,-1,-1
250,2.0,199,854719755,221,221.0,221,222.0,1.0,1.0,1.0,1.0,True,WGN,-1,-1
300,-10.0,0,1703621633,221,221.0,221,6.0,-215.0,215.0,-215.0,215.0,True,WGN,-1,-1
300,-10.0,1,617816560,221,221.0,221,224.0,3.0,3.0,3.0,3.0,True,WGN,-1,-1
300,-10.0,2,2814570602,221,221.0,221,2.0,-219.0,219.0,-219.0,219.0,True,WGN,-1,-1
300,-10.0,3,3144585950,221,221.0,221,247.0,26.0,26.0,26.000000000000004,26.000000000000004,True,WGN,-1,-1
300,-10.0,4,3914338113,221,221.0,221,16.0,-205.0,205.0,-205.00000000000003,205.00000000000003,True,WGN,-1,-1
300,-10.0,5,185656693,221,221.0,221,2.0,-219.0,219.0,-219.0,219.0,True,WGN,-1,-1
300,-10.0,6,3306891484,221,221.0,221,128.0,-93.0,93.0,-93.0,93.0,True,WGN,-1,-1
300,-10.0,7,3715049530,221,221.0,221,441.0,220.0,220.0,220.0,220.0,True,WGN,-1,-1
300,-10.0,8,2087694507,221,221.0,221,447.0,226.0,226.0,226.0,226.0,True,WGN,-1,-1
300,-10.0,9,3812609701,221,221.0,221,447.0,226.0,226.0,226.0,226.0,True,WGN,-1,-1
300,-10.0,10,1915892102,221,221.0,221,307.0,86.0,86.0,86.0,86.0,True,WGN,-1,-1
300,-10.0,11,2579673469,221,221.0,221,228.0,7.0,7.0,7.0,7.0,True,WGN,-1,-1
300,-10.0,12,1860891909,221,221.0,221,5.0,-216.0,216.0,-216.0,216.0,True,WGN,-1,-1
300,-10.0,13,4152103737,221,221.0,221,2.0,-219.0,219.0,-219.0,219.0,True,WGN,-1,-1
300,-10.0,14,107690522,221,221.0,221,430.0,209.0,209.0,209.0,209.0,True,WGN,-1,-1
300,-10.0,15,277906040,221,221.0,221,446.0,225.0,225.0,225.0,225.0,True,WGN,-1,-1
300,-10.0,16,2734891238,221,221.0,221,439.0,218.0,218.0,218.0,218.0,True,WGN,-1,-1
300,-10.0,17,3022605500,221,221.0,221,3.0,-218.0,218.0,-218.0,218.0,True,WGN,-1,-1
300,-10.0,18,2542954183,221,221.0,221,2.0,-219.0,219.0,-219.0,219.0,True,WGN,-1,-1
300,-10.0,19,719051255,221,221.0,221,3.0,-218.0,218.0,-218.0,218.0,True,WGN,-1,-1
300,-10.0,20,1843337166,221,221.0,221,228.0,7.0,7.0,7.0,7.0,True,WGN,-1,-1
300,-10.0,21,4180620091,221,221.0,221,8.0,-213.0,213.0,-213.0,213.0,True,WGN,-1,-1
300,-10.0,22,3888408002,221,221.0,221,174.0,-47.0,47.0,-47.0,47.0,True,WGN,-1,-1
300,-10.0,23,3879611337,221,221.0,221,288.0,67.0,67.0,67.0,67.0,True,WGN,-1,-1
300,-10.0,24,2762360466,221,221.0,221,213.0,-8.0,8.0,-8.0,8.0,True,WGN,-1,-1
300,-10.0,25,609450373,221,221.0,221,218.0,-3.0,3.0,-3.0,3.0,True,WGN,-1,-1
300,-10.0,26,1580955934,221,221.0,221,5.0,-216.0,216.0,-216.0,216.0,True,WGN,-1,-1
300,-10.0,27,1747427608,221,221.0,221,289.0,68.0,68.0,68.0,68.0,True,WGN,-1,-1
300,-10.0,28,1947172784,221,221.0,221,384.0,163.0,163.0,163.0,163.0,True,WGN,-1,-1
300,-10.0,29,1957949920,221,221.0,221,184.0,-37.0,37.0,-37.0,37.0,True,WGN,-1,-1
300,-10.0,30,1476281659,221,221.0,221,3.0,-218.0,218.0,-218.0,218.0,True,WGN,-1,-1
300,-10.0,31,3130062150,221,221.0,221,41.0,-180.0,180.0,-180.0,180.0,True,WGN,-1,-1
300,-10.0,32,56762665,221,221.0,221,23.0,-198.0,198.0,-198.0,198.0,True,WGN,-1,-1
300,-10.0,33,4185180024,221,221.0,221,222.0,1.0,1.0,1.0,1.0,True,WGN,-1,-1
300,-10.0,34,2969404132,221,221.0,221,244.0,23.0,23.0,23.0,23.0,True,WGN,-1,-1
300,-10.0,35,2194103594,221,221.0,221,224.0,3.0,3.0,3.0,3.0,True,WGN,-1,-1
300,-10.0,36,877384613,221,221.0,221,19.0,-202.0,202.0,-202.0,202.0,True,WGN,-1,-1
300,-10.0,37,3478184403,221,221.0,221,2.0,-219.0,219.0,-219.0,219.0,True,WGN,-1,-1
300,-10.0,38,885312077,221,221.0,221,135.0,-86.0,86.0,-86.0,86.0,True,WGN,-1,-1
300,-10.0,39,6388254,221,221.0,221,179.0,-42.0,42.0,-42.0,42.0,True,WGN,-1,-1
300,-10.0,40,2214840370,221,221.0,221,3.0,-218.0,218.0,-218.0,218.0,True,WGN,-1,-1
300,-10.0,41,1795022283,221,221.0,221,38.0,-183.0,183.0,-183.0,183.0,True,WGN,-1,-1
300,-10.0,42,2538871451,221,221.0,221,226.0,5.0,5.0,5.0,5.0,True,WGN,-1,-1
300,-10.0,43,2364605266,221,221.0,221,219.0,-2.0,2.0,-2.0,2.0,True,WGN,-1,-1
300,-10.0,44,341368428,221,221.0,221,61.0,-160.0,160.0,-160.0,160.0,True,WGN,-1,-1
300,-10.0,45,4086666744,221,221.0,221,2.0,-219.0,219.0,-219.0,219.0,True,WGN,-1,-1
300,-10.0,46,2531739321,221,221.0,221,447.0,226.0,226.0,226.0,226.0,True,WGN,-1,-1
300,-10.0,47,419953072,221,221.0,221,168.0,-53.0,53.0,-53.0,53.0,True,WGN,-1,-1
300,-10.0,48,3353911985,221,221.0,221,47.0,-174.0,174.0,-174.00000000000003,174.00000000000003,True,WGN,-1,-1
300,-10.0,49,2355482162,221,221.0,221,3.0,-218.0,218.0,-218.0,218.0,True,WGN,-1,-1
300,-10.0,50,1099362007,221,221.0,221,54.0,-167.0,167.0,-167.0,167.0,True,WGN,-1,-1
300,-10.0,51,1921375503,221,221.0,221,440.0,219.0,219.0,219.0,219.0,True,WGN,-1,-1
300,-10.0,52,2361843566,221,221.0,221,219.0,-2.0,2.0,-2.0,2.0,True,WGN,-1,-1
300,-10.0,53,1427830029,221,221.0,221,372.0,151.0,151.0,151.0,151.0,True,WGN,-1,-1
300,-10.0,54,3843299860,221,221.0,221,447.0,226.0,226.0,226.0,226.0,True,WGN,-1,-1
300,-10.0,55,4225784150,221,221.0,221,428.0,207.0,207.0,207.00000000000003,207.00000000000003,True,WGN,-1,-1
300,-10.0,56,3271151227,221,221.0,221,403.0,182.0,182.0,182.0,182.0,True,WGN,-1,-1
300,-10.0,57,2785369827,221,221.0,221,447.0,226.0,226.0,226.0,226.0,True,WGN,-1,-1
300,-10.0,58,3331158099,221,221.0,221,180.0,-41.0,41.0,-41.0,41.0,True,WGN,-1,-1
300,-10.0,59,1971032639,221,221.0,221,227.0,6.0,6.0,6.0,6.0,True,WGN,-1,-1
300,-10.0,60,260886123,221,221.0,221,4.0,-217.0,217.0,-217.0,217.0,True,WGN,-1,-1
300,-10.0,61,2838967077,221,221.0,221,415.0,194.0,194.0,194.0,194.0,True,WGN,-1,-1
300,-10.0,62,4276741565,221,221.0,221,216.0,-5.0,5.0,-5.0,5.0,True,WGN,-1,-1
300,-10.0,63,2566047329,221,221.0,221,193.0,-28.0,28.0,-28.0,28.0,True,WGN,-1,-1
300,-10.0,64,1647602814,221,221.0,221,4.0,-217.0,217.0,-217.0,217.0,True,WGN,-1,-1
300,-10.0,65,1018991303,221,221.0,221,223.0,2.0,2.0,2.0,2.0,True,WGN,-1,-1
300,-10.0,66,3222566540,221,221.0,221,271.0,50.0,50.0,50.0,50.0,True,WGN,-1,-1
300,-10.0,67,2253321843,221,221.0,221,15.0,-206.0,206.0,-206.00000000000003,206.00000000000003,True,WGN,-1,-1
300,-10.0,68,2938186495,221,221.0,221,3.0,-218.0,218.0,-218.0,218.0,True,WGN,-1,-1
300,-10.0,69,707364625,221,221.0,221,447.0,226.0,226.0,226.0,226.0,True,WGN,-1,-1
300,-10.0,70,188550466,221,221.0,221,256.0,35.0,35.0,35.0,35.0,True,WGN,-1,-1
300,-10.0,71,393277958,221,221.0,221,196.0,-25.0,25.0,-25.0,25.0,True,WGN,-1,-1
300,-10.0,72,3135145516,221,221.0,221,423.0,202.0,202.0,202.0,202.0,True,WGN,-1,-1
300,-10.0,73,3710555106,221,221.0,221,281.0,60.0,60.0,60.0,60.0,True,WGN,-1,-1
300,-10.0,74,1085084794,221,221.0,221,424.0,203.0,203.0,203.0,203.0,True,WGN,-1,-1
300,-10.0,75,527435414,221,221.0,221,236.0,15.0,15.0,15.0,15.0,True,WGN,-1,-1
300,-10.0,76,1081586747,221,221.0,221,143.0,-78.0,78.0,-78.0,78.0,True,WGN,-1,-1
300,-10.0,77,166697349,221,221.0,221,23.0,-198.0,198.0,-198.0,198.0,True,WGN,-1,-1
300,-10.0,78,2922085792,221,221.0,221,2.0,-219.0,219.0,-219.0,219.0,True,WGN,-1,-1
300,-10.0,79,2639518823,221,221.0,221,231.0,10.0,10.0,10.0,10.0,True,WGN,-1,-1
300,-10.0,80,2764375153,221,221.0,221,20.0,-201.0,201.0,-201.0,201.0,True,WGN,-1,-1
300,-10.0,81,4268803329,221,221.0,221,447.0,226.0,226.0,226.0,226.0,True,WGN,-1,-1
300,-10.0,82,1416332408,221,221.0,221,447.0,226.0,226.0,226.0,226.0,True,WGN,-1,-1
300,-10.0,83,1807862730,221,221.0,221,14.0,-207.0,207.0,-207.00000000000003,207.00000000000003,True,WGN,-1,-1
300,-10.0,84,799987774,221,221.0,221,147.0,-74.0,74.0,-74.0,74.0,True,WGN,-1,-1
300,-10.0,85,745765401,221,221.0,221,214.0,-7.0,7.0,-7.0,7.0,True,WGN,-1,-1
300,-10.0,86,1179972345,221,221.0,221,366.0,145.0,145.0,145.0,145.0,True,WGN,-1,-1
300,-10.0,87,3508815984,221,221.0,221,222.0,1.0,1.0,1.0,1.0,True,WGN,-1,-1
300,-10.0,88,529714541,221,221.0,221,254.0,33.0,33.0,33.0,33.0,True,WGN,-1,-1
300,-10.0,89,2937656519,221,221.0,221,228.0,7.0,7.0,7.0,7.0,True,WGN,-1,-1
300,-10.0,90,3567606570,221,221.0,221,228.0,7.0,7.0,7.0,7.0,True,WGN,-1,-1
300,-10.0,91,1567020824,221,221.0,221,347.0,126.0,126.0,126.0,126.0,True,WGN,-1,-1
300,-10.0,92,1713185896,221,221.0,221,267.0,46.0,46.0,46.0,46.0,True,WGN,-1,-1
300,-10.0,93,3159566070,221,221.0,221,224.0,3.0,3.0,3.0,3.0,True,WGN,-1,-1
300,-10.0,94,2558150917,221,221.0,221,5.0,-216.0,216.0,-216.0,216.0,True,WGN,-1,-1
300,-10.0,95,1265935464,221,221.0,221,312.0,91.0,91.0,91.0,91.0,True,WGN,-1,-1
300,-10.0,96,4220575577,221,221.0,221,446.0,225.0,225.0,225.0,225.0,True,WGN,-1,-1
300,-10.0,97,3062007946,221,221.0,221,22.0,-199.0,199.0,-199.0,199.0,True,WGN,-1,-1
300,-10.0,98,3661924493,221,221.0,221,410.0,189.0,189.0,189.0,189.0,True,WGN,-1,-1
300,-10.0,99,1197649190,221,221.0,221,228.0,7.0,7.0,7.0,7.0,True,WGN,-1,-1
300,-10.0,100,3165863362,221,221.0,221,447.0,226.0,226.0,226.0,226.0,True,WGN,-1,-1
300,-10.0,101,2980096798,221,221.0,221,259.0,38.0,38.0,38.0,38.0,True,WGN,-1,-1
300,-10.0,102,1586476773,221,221.0,221,338.0,117.0,117.0,117.0,117.0,True,WGN,-1,-1
300,-10.0,103,3466804853,221,221.0,221,220.0,-1.0,1.0,-1.0,1.0,True,WGN,-1,-1
300,-10.0,104,3392375979,221,221.0,221,39.0,-182.0,182.0,-182.0,182.0,True,WGN,-1,-1
300,-10.0,105,1366113404,221,221.0,221,447.0,226.0,226.0,226.0,226.0,True,WGN,-1,-1
300,-10.0,106,2182172874,221,221.0,221,258.0,37.0,37.0,37.0,37.0,True,WGN,-1,-1
300,-10.0,107,3386618505,221,221.0,221,442.0,221.0,221.0,221.0,221.0,True,WGN,-1,-1
300,-10.0,108,650940196,221,221.0,221,230.0,9.0,9.0,9.000000000000002,9.000000000000002,True,WGN,-1,-1
300,-10.0,109,2161245225,221,221.0,221,281.0,60.0,60.0,60.0,60.0,True,WGN,-1,-1
300,-10.0,110,2907164912,221,221.0,221,437.0,216.0,216.0,216.0,216.0,True,WGN,-1,-1
300,-10.0,111,2102307776,221,221.0,221,182.0,-39.0,39.0,-39.0,39.0,True,WGN,-1,-1
300,-10.0,112,3634704526,221,221.0,221,447.0,226.0,226.0,226.0,226.0,True,WGN,-1,-1
300,-10.0,113,387176369,221,221.0,221,102.0,-119.0,119.0,-119.00000000000001,119.00000000000001,True,WGN,-1,-1
300,-10.0,114,3703036637,221,221.0,221,8.0,-213.0,213.0,-213.0,213.0,True,WGN,-1,-1
300,-10.0,115,1849811661,221,221.0,221,223.0,2.0,2.0,2.0,2.0,True,WGN,-1,-1
300,-10.0,116,2113172540,221,221.0,221,229.0,8.0,8.0,8.0,8.0,True,WGN,-1,-1
300,-10.0,117,1247341537,221,221.0,221,432.0,211.0,211.0,211.0,211.0,True,WGN,-1,-1
300,-10.0,118,1854073204,221,221.0,221,258.0,37.0,37.0,37.0,37.0,True,WGN,-1,-1
300,-10.0,119,958400215,221,221.0,221,86.0,-135.0,135.0,-135.0,135.0,True,WGN,-1,-1
300,-10.0,120,3899548355,221,221.0,221,199.0,-22.0,22.0,-22.0,22.0,True,WGN,-1,-1
300,-10.0,121,1794549098,221,221.0,221,294.0,73.0,73.0,73.0,73.0,True,WGN,-1,-1
300,-10.0,122,1228985727,221,221.0,221,229.0,8.0,8.0,8.0,8.0,True,WGN,-1,-1
300,-10.0,123,3401313447,221,221.0,221,439.0,218.0,218.0,218.0,218.0,True,WGN,-1,-1
300,-10.0,124,61487314,221,221.0,221,3.0,-218.0,218.0,-218.0,218.0,True,WGN,-1,-1
300,-10.0,125,276041647,221,221.0,221,2.0,-219.0,219.0,-219.0,219.0,True,WGN,-1,-1
300,-10.0,126,682991375,221,221.0,221,222.0,1.0,1.0,1.0,1.0,True,WGN,-1,-1
300,-10.0,127,2406672438,221,221.0,221,446.0,225.0,225.0,225.0,225.0,True,WGN,-1,-1
300,-10.0,128,267982696,221,221.0,221,221.0,0.0,0.0,0.0,0.0,True,WGN,-1,-1
300,-10.0,129,268861129,221,221.0,221,435.0,214.0,214.0,214.0,214.0,True,WGN,-1,-1
300,-10.0,130,3241526291,221,221.0,221,3.0,-218.0,218.0,-218.0,218.0,True,WGN,-1,-1
300,-10.0,131,3796122884,221,221.0,221,284.0,63.0,63.0,63.0,63.0,True,WGN,-1,-1
300,-10.0,132,40332033,221,221.0,221,207.0,-14.0,14.0,-14.0,14.0,True,WGN,-1,-1
300,-10.0,133,2642539209,221,221.0,221,5.0,-216.0,216.0,-216.0,216.0,True,WGN,-1,-1
300,-10.0,134,1700058525,221,221.0,221,9.0,-212.0,212.0,-212.0,212.0,True,WGN,-1,-1
300,-10.0,135,3512110487,221,221.0,221,2.0,-219.0,219.0,-219.0,219.0,True,WGN,-1,-1
300,-10.0,136,3330443077,221,221.0,221,223.0,2.0,2.0,2.0,2.0,True,WGN,-1,-1
300,-10.0,137,723057669,221,221.0,221,2.0,-219.0,219.0,-219.0,219.0,True,WGN,-1,-1
300,-10.0,138,1279052288,221,221.0,221,100.0,-121.0,121.0,-121.0,121.0,True,WGN,-1,-1
300,-10.0,139,3285903372,221,221.0,221,4.0,-217.0,217.0,-217.0,217.0,True,WGN,-1,-1
300,-10.0,140,442073162,221,221.0,221,445.0,224.0,224.0,224.0,224.0,True,WGN,-1,-1
300,-10.0,141,1291059544,221,221.0,221,391.0,170.0,170.0,170.0,170.0,True,WGN,-1,-1
300,-10.0,142,3249798867,221,221.0,221,247.0,26.0,26.0,26.000000000000004,26.000000000000004,True,WGN,-1,-1
300,-10.0,143,3411931259,221,221.0,221,363.0,142.0,142.0,142.00000000000003,142.00000000000003,True,WGN,-1,-1
300,-10.0,144,3689388875,221,221.0,221,228.0,7.0,7.0,7.0,7.0,True,WGN,-1,-1
300,-10.0,145,4206950521,221,221.0,221,221.0,0.0,0.0,0.0,0.0,True,WGN,-1,-1
300,-10.0,146,3292739892,221,221.0,221,178.0,-43.0,43.0,-43.0,43.0,True,WGN,-1,-1
300,-10.0,147,4274045005,221,221.0,221,2.0,-219.0,219.0,-219.0,219.0,True,WGN,-1,-1
300,-10.0,148,3205010945,221,221.0,221,34.0,-187.0,187.0,-187.0,187.0,True,WGN,-1,-1
300,-10.0,149,1385442031,221,221.0,221,63.0,-158.0,158.0,-158.0,158.0,True,WGN,-1,-1
300,-10.0,150,56570908,221,221.0,221,446.0,225.0,225.0,225.0,225.0,True,WGN,-1,-1
300,-10.0,151,1759622470,221,221.0,221,447.0,226.0,226.0,226.0,226.0,True,WGN,-1,-1
300,-10.0,152,3857220948,221,221.0,221,2.0,-219.0,219.0,-219.0,219.0,True,WGN,-1,-1
300,-10.0,153,2126289121,221,221.0,221,214.0,-7.0,7.0,-7.0,7.0,True,WGN,-1,-1
300,-10.0,154,2752452886,221,221.0,221,98.0,-123.0,123.0,-123.0,123.0,True,WGN,-1,-1
300,-10.0,155,164286587,221,221.0,221,446.0,225.0,225.0,225.0,225.0,True,WGN,-1,-1
300,-10.0,156,2107300640,221,221.0,221,311.0,90.0,90.0,90.0,90.0,True,WGN,-1,-1
300,-10.0,157,2714644378,221,221.0,221,447.0,226.0,226.0,226.0,226.0,True,WGN,-1,-1
300,-10.0,158,796588314,221,221.0,221,447.0,226.0,226.0,226.0,226.0,True,WGN,-1,-1
300,-10.0,159,3477359274,221,221.0,221,231.0,10.0,10.0,10.0,10.0,True,WGN,-1,-1
300,-10.0,160,1902806060,221,221.0,221,3.0,-218.0,218.0,-218.0,218.0,True,WGN,-1,-1
300,-10.0,161,3115785568,221,221.0,221,409.0,188.0,188.0,188.0,188.0,True,WGN,-1,-1
300,-10.0,162,592575424,221,221.0,221,224.0,3.0,3.0,3.0,3.0,True,WGN,-1,-1
300,-10.0,163,2272474715,221,221.0,221,199.0,-22.0,22.0,-22.0,22.0,True,WGN,-1,-1
300,-10.0,164,2122301934,221,221.0,221,447.0,226.0,226.0,226.0,226.0,True,WGN,-1,-1
300,-10.0,165,3156560961,221,221.0,221,3.0,-218.0,218.0,-218.0,218.0,True,WGN,-1,-1
300,-10.0,166,1486066859,221,221.0,221,208.0,-13.0,13.0,-13.000000000000002,13.000000000000002,True,WGN,-1,-1
300,-10.0,167,971851878,221,221.0,221,435.0,214.0,214.0,214.0,214.0,True,WGN,-1,-1
300,-10.0,168,391582381,221,221.0,221,279.0,58.0,58.0,58.0,58.0,True,WGN,-1,-1
300,-10.0,169,818680197,221,221.0,221,174.0,-47.0,47.0,-47.0,47.0,True,WGN,-1,-1
300,-10.0,170,3375204209,221,221.0,221,13.0,-208.0,208.0,-208.00000000000003,208.00000000000003,True,WGN,-1,-1
300,-10.0,171,768891622,221,221.0,221,2.0,-219.0,219.0,-219.0,219.0,True,WGN,-1,-1
300,-10.0,172,3887315829,221,221.0,221,224.0,3.0,3.0,3.0,3.0,True,WGN,-1,-1
300,-10.0,173,3136504707,221,221.0,221,2.0,-219.0,219.0,-219.0,219.0,True,WGN,-1,-1
300,-10.0,174,830326188,221,221.0,221,426.0,205.0,205.0,205.00000000000003,205.00000000000003,True,WGN,-1,-1
300,-10.0,175,3549539740,221,221.0,221,214.0,-7.0,7.0,-7.0,7.0,True,WGN,-1,-1
300,-10.0,176,2152144207,221,221.0,221,447.0,226.0,226.0,226.0,226.0,True,WGN,-1,-1
300,-10.0,177,2053528302,221,221.0,221,2.0,-219.0,219.0,-219.0,219.0,True,WGN,-1,-1
300,-10.0,178,890624073,221,221.0,221,2.0,-219.0,219.0,-219.0,219.0,True,WGN,-1,-1
300,-10.0,179,1414584573,221,221.0,221,189.0,-32.0,32.0,-32.0,32.0,True,WGN,-1,-1
300,-10.0,180,3040942850,221,221.0,221,133.0,-88.0,88.0,-88.0,88.0,True,WGN,-1,-1
300,-10.0,181,3148760349,221,221.0,221,332.0,111.0,111.0,111.0,111.0,True,WGN,-1,-1
300,-10.0,182,3879818185,221,221.0,221,52.0,-169.0,169.0,-169.0,169.0,True,WGN,-1,-1
300,-10.0,183,2162483468,221,221.0,221,3.0,-218.0,218.0,-218.0,218.0,True,WGN,-1,-1
300,-10.0,184,2161263455,221,221.0,221,247.0,26.0,26.0,26.000000000000004,26.000000000000004,True,WGN,-1,-1
300,-10.0,185,2580015852,221,221.0,221,315.0,94.0,94.0,94.0,94.0,True,WGN,-1,-1
300,-10.0,186,1405058464,221,221.0,221,58.0,-163.0,163.0,-163.0,163.0,True,WGN,-1,-1
300,-10.0,187,3659154447,221,221.0,221,32.0,-189.0,189.0,-189.0,189.0,True,WGN,-1,-1
300,-10.0,188,38544403,221,221.0,221,300.0,79.0,79.0,79.0,79.0,True,WGN,-1,-1
300,-10.0,189,310776585,221,221.0,221,192.0,-29.0,29.0,-29.0,29.0,True,WGN,-1,-1
300,-10.0,190,3513097973,221,221.0,221,337.0,116.0,116.0,116.0,116.0,True,WGN,-1,-1
300,-10.0,191,1357669704,221,221.0,221,14.0,-207.0,207.0,-207.00000000000003,207.00000000000003,True,WGN,-1,-1
300,-10.0,192,444124042,221,221.0,221,259.0,38.0,38.0,38.0,38.0,True,WGN,-1,-1
300,-10.0,193,1984683168,221,221.0,221,87.0,-134.0,134.0,-134.0,134.0,True,WGN,-1,-1
300,-10.0,194,1127029273,221,221.0,221,7.0,-214.0,214.0,-214.0,214.0,True,WGN,-1,-1
300,-10.0,195,4098874049,221,221.0,221,447.0,226.0,226.0,226.0,226.0,True,WGN,-1,-1
300,-10.0,196,4036379672,221,221.0,221,286.0,65.0,65.0,65.0,65.0,True,WGN,-1,-1
300,-10.0,197,210143555,221,221.0,221,20.0,-201.0,201.0,-201.0,201.0,True,WGN,-1,-1
300,-10.0,198,3321852858,221,221.0,221,18.0,-203.0,203.0,-203.0,203.0,True,WGN,-1,-1
300,-10.0,199,3876991731,221,221.0,221,187.0,-34.0,34.0,-34.0,34.0,True,WGN,-1,-1
300,-8.0,0,204883412,221,221.0,221,446.0,225.0,225.0,225.0,225.0,True,WGN,-1,-1
300,-8.0,1,2920095725,221,221.0,221,3.0,-218.0,218.0,-218.0,218.0,True,WGN,-1,-1
300,-8.0,2,3920674414,221,221.0,221,269.0,48.0,48.0,48.0,48.0,True,WGN,-1,-1
300,-8.0,3,1856860602,221,221.0,221,194.0,-27.0,27.0,-27.0,27.0,True,WGN,-1,-1
300,-8.0,4,935535698,221,221.0,221,443.0,222.0,222.0,222.0,222.0,True,WGN,-1,-1
300,-8.0,5,2005159651,221,221.0,221,228.0,7.0,7.0,7.0,7.0,True,WGN,-1,-1
300,-8.0,6,256319253,221,221.0,221,256.0,35.0,35.0,35.0,35.0,True,WGN,-1,-1
300,-8.0,7,3031801062,221,221.0,221,154.0,-67.0,67.0,-67.0,67.0,True,WGN,-1,-1
300,-8.0,8,2011346447,221,221.0,221,33.0,-188.0,188.0,-188.0,188.0,True,WGN,-1,-1
300,-8.0,9,1238353812,221,221.0,221,223.0,2.0,2.0,2.0,2.0,True,WGN,-1,-1
300,-8.0,10,19569405,221,221.0,221,219.0,-2.0,2.0,-2.0,2.0,True,WGN,-1,-1
300,-8.0,11,2085388361,221,221.0,221,176.0,-45.0,45.0,-45.0,45.0,True,WGN,-1,-1
300,-8.0,12,107541030,221,221.0,221,444.0,223.0,223.0,223.0,223.0,True,WGN,-1,-1
300,-8.0,13,1770137123,221,221.0,221,354.0,133.0,133.0,133.0,133.0,True,WGN,-1,-1
300,-8.0,14,1894936773,221,221.0,221,206.0,-15.0,15.0,-15.0,15.0,True,WGN,-1,-1
300,-8.0,15,2035304362,221,221.0,221,268.0,47.0,47.0,47.0,47.0,True,WGN,-1,-1
300,-8.0,16,1464126047,221,221.0,221,395.0,174.0,174.0,174.00000000000003,174.00000000000003,True,WGN,-1,-1
300,-8.0,17,4053294231,221,221.0,221,433.0,212.0,212.0,212.0,212.0,True,WGN,-1,-1
300,-8.0,18,2195853280,221,221.0,221,269.0,48.0,48.0,48.0,48.0,True,WGN,-1,-1
300,-8.0,19,3181756182,221,221.0,221,227.0,6.0,6.0,6.0,6.0,True,WGN,-1,-1
300,-8.0,20,1902801534,221,221.0,221,440.0,219.0,219.0,219.0,219.0,True,WGN,-1,-1
300,-8.0,21,3626039099,221,221.0,221,409.0,188.0,188.0,188.0,188.0,True,WGN,-1,-1
300,-8.0,22,665195673,221,221.0,221,228.0,7.0,7.0,7.0,7.0,True,WGN,-1,-1
300,-8.0,23,3831870335,221,221.0,221,25.0,-196.0,196.0,-196.0,196.0,True,WGN,-1,-1
300,-8.0,24,393866920,221,221.0,221,230.0,9.0,9.0,9.000000000000002,9.000000000000002,True,WGN,-1,-1
300,-8.0,25,124124442,221,221.0,221,213.0,-8.0,8.0,-8.0,8.0,True,WGN,-1,-1
300,-8.0,26,2742154860,221,221.0,221,218.0,-3.0,3.0,-3.0,3.0,True,WGN,-1,-1
300,-8.0,27,2915359906,221,221.0,221,162.0,-59.0,59.0,-59.00000000000001,59.00000000000001,True,WGN,-1,-1
300,-8.0,28,4085058881,221,221.0,221,223.0,2.0,2.0,2.0,2.0,True,WGN,-1,-1
300,-8.0,29,2512823735,221,221.0,221,6.0,-215.0,215.0,-215.0,215.0,True,WGN,-1,-1
300,-8.0,30,3433224703,221,221.0,221,256.0,35.0,35.0,35.0,35.0,True,WGN,-1,-1
300,-8.0,31,1676679491,221,221.0,221,2.0,-219.0,219.0,-219.0,219.0,True,WGN,-1,-1
300,-8.0,32,3295496385,221,221.0,221,2.0,-219.0,219.0,-219.0,219.0,True,WGN,-1,-1
300,-8.0,33,2558349045,221,221.0,221,50.0,-171.0,171.0,-171.0,171.0,True,WGN,-1,-1
300,-8.0,34,1369031124,221,221.0,221,2.0,-219.0,219.0,-219.0,219.0,True,WGN,-1,-1
300,-8.0,35,346746946,221,221.0,221,236.0,15.0,15.0,15.0,15.0,True,WGN,-1,-1
300,-8.0,36,847950070,221,221.0,221,144.0,-77.0,77.0,-77.0,77.0,True,WGN,-1,-1
300,-8.0,37,3543206237,221,221.0,221,421.0,200.0,200.0,200.0,200.0,True,WGN,-1,-1
300,-8.0,38,527153358,221,221.0,221,443.0,222.0,222.0,222.0,222.0,True,WGN,-1,-1
300,-8.0,39,3013196918,221,221.0,221,201.0,-20.0,20.0,-20.0,20.0,True,WGN,-1,-1
300,-8.0,40,2164866822,221,221.0,221,228.0,7.0,7.0,7.0,7.0,True,WGN,-1,-1
300,-8.0,41,2157039840,221,221.0,221,315.0,94.0,94.0,94.0,94.0,True,WGN,-1,-1
300,-8.0,42,3518916805,221,221.0,221,232.0,11.0,11.0,11.0,11.0,True,WGN,-1,-1
300,-8.0,43,3157508202,221,221.0,221,314.0,93.0,93.0,93.0,93.0,True,WGN,-1,-1
300,-8.0,44,807602478,221,221.0,221,223.0,2.0,2.0,2.0,2.0,True,WGN,-1,-1
300,-8.0,45,3279201380,221,221.0,221,222.0,1.0,1.0,1.0,1.0,True,WGN,-1,-1
300,-8.0,46,1389113803,221,221.0,221,273.0,52.0,52.0,52.00000000000001,52.00000000000001,True,WGN,-1,-1
300,-8.0,47,831555742,221,221.0,221,314.0,93.0,93.0,93.0,93.0,True,WGN,-1,-1
300,-8.0,48,1292965662,221,221.0,221,394.0,173.0,173.0,173.00000000000003,173.00000000000003,True,WGN,-1,-1
300,-8.0,49,31263074,221,221.0,221,223.0,2.0,2.0,2.0,2.0,True,WGN,-1,-1
300,-8.0,50,3402309042,221,221.0,221,193.0,-28.0,28.0,-28.0,28.0,True,WGN,-1,-1
300,-8.0,51,854594122,221,221.0,221,13.0,-208.0,208.0,-208.00000000000003,208.00000000000003,True,WGN,-1,-1
300,-8.0,52,3138965453,221,221.0,221,228.0,7.0,7.0,7.0,7.0,True,WGN,-1,-1
300,-8.0,53,375797895,221,221.0,221,221.0,0.0,0.0,0.0,0.0,True,WGN,-1,-1
300,-8.0,54,4014293902,221,221.0,221,171.0,-50.0,50.0,-50.0,50.0,True,WGN,-1,-1
300,-8.0,55,335284193,221,221.0,221,428.0,207.0,207.0,207.00000000000003,207.00000000000003,True,WGN,-1,-1
300,-8.0,56,1930104294,221,221.0,221,310.0,89.0,89.0,89.0,89.0,True,WGN,-1,-1
300,-8.0,57,3264556498,221,221.0,221,279.0,58.0,58.0,58.0,58.0,True,WGN,-1,-1
300,-8.0,58,3922786262,221,221.0,221,73.0,-148.0,148.0,-148.0,148.0,True,WGN,-1,-1
300,-8.0,59,1627981319,221,221.0,221,227.0,6.0,6.0,6.0,6.0,True,WGN,-1,-1
300,-8.0,60,3035529507,221,221.0,221,2.0,-219.0,219.0,-219.0,219.0,True,WGN,-1,-1
300,-8.0,61,1576734389,221,221.0,221,228.0,7.0,7.0,7.0,7.0,True,WGN,-1,-1
300,-8.0,62,529790904,221,221.0,221,445.0,224.0,224.0,224.0,224.0,True,WGN,-1,-1
300,-8.0,63,1872657257,221,221.0,221,175.0,-46.0,46.0,-46.0,46.0,True,WGN,-1,-1
300,-8.0,64,115304442,221,221.0,221,447.0,226.0,226.0,226.0,226.0,True,WGN,-1,-1
300,-8.0,65,2839830235,221,221.0,221,441.0,220.0,220.0,220.0,220.0,True,WGN,-1,-1
300,-8.0,66,4071285348,221,221.0,221,187.0,-34.0,34.0,-34.0,34.0,True,WGN,-1,-1
300,-8.0,67,1742668043,221,221.0,221,445.0,224.0,224.0,224.0,224.0,True,WGN,-1,-1
300,-8.0,68,3846998488,221,221.0,221,2.0,-219.0,219.0,-219.0,219.0,True,WGN,-1,-1
300,-8.0,69,2791538778,221,221.0,221,226.0,5.0,5.0,5.0,5.0,True,WGN,-1,-1
300,-8.0,70,2739618084,221,221.0,221,243.0,22.0,22.0,22.0,22.0,True,WGN,-1,-1
300,-8.0,71,2020855748,221,221.0,221,267.0,46.0,46.0,46.0,46.0,True,WGN,-1,-1
300,-8.0,72,1336407657,221,221.0,221,188.0,-33.0,33.0,-33.0,33.0,True,WGN,-1,-1
300,-8.0,73,926733967,221,221.0,221,426.0,205.0,205.0,205.00000000000003,205.00000000000003,True,WGN,-1,-1
300,-8.0,74,2770877186,221,221.0,221,77.0,-144.0,144.0,-144.00000000000003,144.00000000000003,True,WGN,-1,-1
300,-8.0,75,2621720185,221,221.0,221,158.0,-63.0,63.0,-63.0,63.0,True,WGN,-1,-1
300,-8.0,76,14159587,221,221.0,221,122.0,-99.0,99.0,-99.0,99.0,True,WGN,-1,-1
300,-8.0,77,1421247742,221,221.0,221,2.0,-219.0,219.0,-219.0,219.0,True,WGN,-1,-1
300,-8.0,78,1364296217,221,221.0,221,251.0,30.0,30.0,30.0,30.0,True,WGN,-1,-1
300,-8.0,79,1548952074,221,221.0,221,422.0,201.0,201.0,201.0,201.0,True,WGN,-1,-1
300,-8.0,80,2982492196,221,221.0,221,14.0,-207.0,207.0,-207.00000000000003,207.00000000000003,True,WGN,-1,-1
300,-8.0,81,2897823250,221,221.0,221,2.0,-219.0,219.0,-219.0,219.0,True,WGN,-1,-1
300,-8.0,82,3255287380,221,221.0,221,428.0,207.0,207.0,207.00000000000003,207.00000000000003,True,WGN,-1,-1
300,-8.0,83,3348348419,221,221.0,221,294.0,73.0,73.0,73.0,73.0,True,WGN,-1,-1
300,-8.0,84,3273723442,221,221.0,221,6.0,-215.0,215.0,-215.0,215.0,True,WGN,-1,-1
300,-8.0,85,1870114880,221,221.0,221,3.0,-218.0,218.0,-218.0,218.0,True,WGN,-1,-1
300,-8.0,86,3477589482,221,221.0,221,308.0,87.0,87.0,87.00000000000001,87.00000000000001,True,WGN,-1,-1
300,-8.0,87,586461956,221,221.0,221,227.0,6.0,6.0,6.0,6.0,True,WGN,-1,-1
300,-8.0,88,1357685332,221,221.0,221,443.0,222.0,222.0,222.0,222.0,True,WGN,-1,-1
300,-8.0,89,2802652353,221,221.0,221,22.0,-199.0,199.0,-199.0,199.0,True,WGN,-1,-1
300,-8.0,90,3488068843,221,221.0,221,447.0,226.0,226.0,226.0,226.0,True,WGN,-1,-1
300,-8.0,91,3898967786,221,221.0,221,446.0,225.0,225.0,225.0,225.0,True,WGN,-1,-1
300,-8.0,92,4049368702,221,221.0,221,171.0,-50.0,50.0,-50.0,50.0,True,WGN,-1,-1
300,-8.0,93,576391351,221,221.0,221,224.0,3.0,3.0,3.0,3.0,True,WGN,-1,-1
300,-8.0,94,3790586465,221,221.0,221,5.0,-216.0,216.0,-216.0,216.0,True,WGN,-1,-1
300,-8.0,95,3699333746,221,221.0,221,2.0,-219.0,219.0,-219.0,219.0,True,WGN,-1,-1
300,-8.0,96,525051118,221,221.0,221,169.0,-52.0,52.0,-52.00000000000001,52.00000000000001,True,WGN,-1,-1
300,-8.0,97,241176385,221,221.0,221,8.0,-213.0,213.0,-213.0,213.0,True,WGN,-1,-1
300,-8.0,98,2645609580,221,221.0,221,227.0,6.0,6.0,6.0,6.0,True,WGN,-1,-1
300,-8.0,99,4134345335,221,221.0,221,220.0,-1.0,1.0,-1.0,1.0,True,WGN,-1,-1
300,-8.0,100,3162896167,221,221.0,221,445.0,224.0,224.0,224.0,224.0,True,WGN,-1,-1
300,-8.0,101,2607786568,221,221.0,221,9.0,-212.0,212.0,-212.0,212.0,True,WGN,-1,-1
300,-8.0,102,787738985,221,221.0,221,182.0,-39.0,39.0,-39.0,39.0,True,WGN,-1,-1
300,-8.0,103,3121136435,221,221.0,221,144.0,-77.0,77.0,-77.0,77.0,True,WGN,-1,-1
300,-8.0,104,2645225384,221,221.0,221,223.0,2.0,2.0,2.0,2.0,True,WGN,-1,-1
300,-8.0,105,1189048774,221,221.0,221,428.0,207.0,207.0,207.00000000000003,207.00000000000003,True,WGN,-1,-1
300,-8.0,106,2563319175,221,221.0,221,109.0,-112.0,112.0,-112.0,112.0,True,WGN,-1,-1
300,-8.0,107,2602398573,221,221.0,221,179.0,-42.0,42.0,-42.0,42.0,True,WGN,-1,-1
300,-8.0,108,2518285268,221,221.0,221,93.0,-128.0,128.0,-128.0,128.0,True,WGN,-1,-1
300,-8.0,109,923380704,221,221.0,221,182.0,-39.0,39.0,-39.0,39.0,True,WGN,-1,-1
300,-8.0,110,1488215798,221,221.0,221,47.0,-174.0,174.0,-174.00000000000003,174.00000000000003,True,WGN,-1,-1
300,-8.0,111,3489880703,221,221.0,221,2.0,-219.0,219.0,-219.0,219.0,True,WGN,-1,-1
300,-8.0,112,514355286,221,221.0,221,447.0,226.0,226.0,226.0,226.0,True,WGN,-1,-1
300,-8.0,113,2227936459,221,221.0,221,251.0,30.0,30.0,30.0,30.0,True,WGN,-1,-1
300,-8.0,114,2278176489,221,221.0,221,298.0,77.0,77.0,77.0,77.0,True,WGN,-1,-1
300,-8.0,115,1339629276,221,221.0,221,339.0,118.0,118.0,118.00000000000001,118.00000000000001,True,WGN,-1,-1
300,-8.0,116,2575780718,221,221.0,221,348.0,127.0,127.0,127.0,127.0,True,WGN,-1,-1
300,-8.0,117,2875157366,221,221.0,221,233.0,12.0,12.0,12.0,12.0,True,WGN,-1,-1
300,-8.0,118,2967643892,221,221.0,221,312.0,91.0,91.0,91.0,91.0,True,WGN,-1,-1
300,-8.0,119,551733859,221,221.0,221,170.0,-51.0,51.0,-51.00000000000001,51.00000000000001,True,WGN,-1,-1
300,-8.0,120,128767919,221,221.0,221,2.0,-219.0,219.0,-219.0,219.0,True,WGN,-1,-1
300,-8.0,121,2813518231,221,221.0,221,246.0,25.0,25.0,25.0,25.0,True,WGN,-1,-1
300,-8.0,122,3589762710,221,221.0,221,3.0,-218.0,218.0,-218.0,218.0,True,WGN,-1,-1
300,-8.0,123,3366907076,221,221.0,221,238.0,17.0,17.0,17.0,17.0,True,WGN,-1,-1
300,-8.0,124,1495890389,221,221.0,221,386.0,165.0,165.0,165.0,165.0,True,WGN,-1,-1
300,-8.0,125,2276196470,221,221.0,221,447.0,226.0,226.0,226.0,226.0,True,WGN,-1,-1
300,-8.0,126,2131155738,221,221.0,221,260.0,39.0,39.0,39.0,39.0,True,WGN,-1,-1
300,-8.0,127,1161651648,221,221.0,221,225.0,4.0,4.0,4.0,4.0,True,WGN,-1,-1
300,-8.0,128,3248256864,221,221.0,221,324.0,103.0,103.0,103.00000000000001,103.00000000000001,True,WGN,-1,-1
300,-8.0,129,469505755,221,221.0,221,447.0,226.0,226.0,226.0,226.0,True,WGN,-1,-1
300,-8.0,130,3995573934,221,221.0,221,360.0,139.0,139.0,139.0,139.0,True,WGN,-1,-1
300,-8.0,131,1215835608,221,221.0,221,6.0,-215.0,215.0,-215.0,215.0,True,WGN,-1,-1
300,-8.0,132,2326366014,221,221.0,221,391.0,170.0,170.0,170.0,170.0,True,WGN,-1,-1
300,-8.0,133,2569794695,221,221.0,221,46.0,-175.0,175.0,-175.00000000000003,175.00000000000003,True,WGN,-1,-1
300,-8.0,134,1104270285,221,221.0,221,2.0,-219.0,219.0,-219.0,219.0,True,WGN,-1,-1
300,-8.0,135,915271557,221,221.0,221,2.0,-219.0,219.0,-219.0,219.0,True,WGN,-1,-1
300,-8.0,136,1882161077,221,221.0,221,248.0,27.0,27.0,27.0,27.0,True,WGN,-1,-1
300,-8.0,137,2754470435,221,221.0,221,140.0,-81.0,81.0,-81.0,81.0,True,WGN,-1,-1
300,-8.0,138,1079882939,221,221.0,221,442.0,221.0,221.0,221.0,221.0,True,WGN,-1,-1
300,-8.0,139,3133261662,221,221.0,221,223.0,2.0,2.0,2.0,2.0,True,WGN,-1,-1
300,-8.0,140,2816572097,221,221.0,221,2.0,-219.0,219.0,-219.0,219.0,True,WGN,-1,-1
300,-8.0,141,3478245640,221,221.0,221,54.0,-167.0,167.0,-167.0,167.0,True,WGN,-1,-1
300,-8.0,142,2987851303,221,221.0,221,235.0,14.0,14.0,14.0,14.0,True,WGN,-1,-1
300,-8.0,143,4042614678,221,221.0,221,217.0,-4.0,4.0,-4.0,4.0,True,WGN,-1,-1
300,-8.0,144,3347876421,221,221.0,221,339.0,118.0,118.0,118.00000000000001,118.00000000000001,True,WGN,-1,-1
300,-8.0,145,2672923702,221,221.0,221,168.0,-53.0,53.0,-53.0,53.0,True,WGN,-1,-1
300,-8.0,146,4218793963,221,221.0,221,2.0,-219.0,219.0,-219.0,219.0,True,WGN,-1,-1
300,-8.0,147,533143535,221,221.0,221,228.0,7.0,7.0,7.0,7.0,True,WGN,-1,-1
300,-8.0,148,3903019020,221,221.0,221,369.0,148.0,148.0,148.0,148.0,True,WGN,-1,-1
300,-8.0,149,2626899534,221,221.0,221,2.0,-219.0,219.0,-219.0,219.0,True,WGN,-1,-1
300,-8.0,150,1779590015,221,221.0,221,179.0,-42.0,42.0,-42.0,42.0,True,WGN,-1,-1
300,-8.0,151,1937525878,221,221.0,221,198.0,-23.0,23.0,-23.0,23.0,True,WGN,-1,-1
300,-8.0,152,2016362377,221,221.0,221,446.0,225.0,225.0,225.0,225.0,True,WGN,-1,-1
300,-8.0,153,1212000576,221,221.0,221,261.0,40.0,40.0,40.0,40.0,True,WGN,-1,-1
300,-8.0,154,1408952251,221,221.0,221,382.0,161.0,161.0,161.0,161.0,True,WGN,-1,-1
300,-8.0,155,656216924,221,221.0,221,299.0,78.0,78.0,78.0,78.0,True,WGN,-1,-1
300,-8.0,156,1390099719,221,221.0,221,154.0,-67.0,67.0,-67.0,67.0,True,WGN,-1,-1
300,-8.0,157,250104985,221,221.0,221,408.0,187.0,187.0,187.0,187.0,True,WGN,-1,-1
300,-8.0,158,1595234214,221,221.0,221,2.0,-219.0,219.0,-219.0,219.0,True,WGN,-1,-1
300,-8.0,159,4247285888,221,221.0,221,14.0,-207.0,207.0,-207.00000000000003,207.00000000000003,True,WGN,-1,-1
300,-8.0,160,303934838,221,221.0,221,447.0,226.0,226.0,226.0,226.0,True,WGN,-1,-1
300,-8.0,161,898023143,221,221.0,221,6.0,-215.0,215.0,-215.0,215.0,True,WGN,-1,-1
300,-8.0,162,2639522219,221,221.0,221,251.0,30.0,30.0,30.0,30.0,True,WGN,-1,-1
300,-8.0,163,1022810224,221,221.0,221,2.0,-219.0,219.0,-219.0,219.0,True,WGN,-1,-1
300,-8.0,164,3146715507,221,221.0,221,224.0,3.0,3.0,3.0,3.0,True,WGN,-1,-1
300,-8.0,165,1145307938,221,221.0,221,446.0,225.0,225.0,225.0,225.0,True,WGN,-1,-1
300,-8.0,166,2004636134,221,221.0,221,297.0,76.0,76.0,76.0,76.0,True,WGN,-1,-1
300,-8.0,167,1622130382,221,221.0,221,439.0,218.0,218.0,218.0,218.0,True,WGN,-1,-1
300,-8.0,168,201971732,221,221.0,221,42.0,-179.0,179.0,-179.0,179.0,True,WGN,-1,-1
300,-8.0,169,1605579470,221,221.0,221,229.0,8.0,8.0,8.0,8.0,True,WGN,-1,-1
300,-8.0,170,2256929093,221,221.0,221,239.0,18.0,18.0,18.000000000000004,18.000000000000004,True,WGN,-1,-1
300,-8.0,171,2465648197,221,221.0,221,372.0,151.0,151.0,151.0,151.0,True,WGN,-1,-1
300,-8.0,172,4261653963,221,221.0,221,206.0,-15.0,15.0,-15.0,15.0,True,WGN,-1,-1
300,-8.0,173,1998954542,221,221.0,221,360.0,139.0,139.0,139.0,139.0,True,WGN,-1,-1
300,-8.0,174,633925694,221,221.0,221,221.0,0.0,0.0,0.0,0.0,True,WGN,-1,-1
300,-8.0,175,2579230797,221,221.0,221,212.0,-9.0,9.0,-9.000000000000002,9.000000000000002,True,WGN,-1,-1
300,-8.0,176,2516488615,221,221.0,221,317.0,96.0,96.0,96.0,96.0,True,WGN,-1,-1
300,-8.0,177,574991906,221,221.0,221,446.0,225.0,225.0,225.0,225.0,True,WGN,-1,-1
300,-8.0,178,2529732489,221,221.0,221,3.0,-218.0,218.0,-218.0,218.0,True,WGN,-1,-1
300,-8.0,179,3790834805,221,221.0,221,224.0,3.0,3.0,3.0,3.0,True,WGN,-1,-1
300,-8.0,180,2242367326,221,221.0,221,25.0,-196.0,196.0,-196.0,196.0,True,WGN,-1,-1
300,-8.0,181,1012867418,221,221.0,221,224.0,3.0,3.0,3.0,3.0,True,WGN,-1,-1
300,-8.0,182,2535660742,221,221.0,221,228.0,7.0,7.0,7.0,7.0,True,WGN,-1,-1
300,-8.0,183,3994947340,221,221.0,221,434.0,213.0,213.0,213.0,213.0,True,WGN,-1,-1
300,-8.0,184,112379562,221,221.0,221,376.0,155.0,155.0,155.0,155.0,True,WGN,-1,-1
300,-8.0,185,2550028695,221,221.0,221,98.0,-123.0,123.0,-123.0,123.0,True,WGN,-1,-1
300,-8.0,186,2354446740,221,221.0,221,2.0,-219.0,219.0,-219.0,219.0,True,WGN,-1,-1
300,-8.0,187,4076760673,221,221.0,221,178.0,-43.0,43.0,-43.0,43.0,True,WGN,-1,-1
300,-8.0,188,906435369,221,221.0,221,419.0,198.0,198.0,198.0,198.0,True,WGN,-1,-1
300,-8.0,189,2173922623,221,221.0,221,214.0,-7.0,7.0,-7.0,7.0,True,WGN,-1,-1
300,-8.0,190,531390880,221,221.0,221,124.0,-97.0,97.0,-97.0,97.0,True,WGN,-1,-1
300,-8.0,191,2348805657,221,221.0,221,2.0,-219.0,219.0,-219.0,219.0,True,WGN,-1,-1
300,-8.0,192,1144522613,221,221.0,221,306.0,85.0,85.0,85.0,85.0,True,WGN,-1,-1
300,-8.0,193,2912256617,221,221.0,221,11.0,-210.0,210.0,-210.0,210.0,True,WGN,-1,-1
300,-8.0,194,3224908057,221,221.0,221,221.0,0.0,0.0,0.0,0.0,True,WGN,-1,-1
300,-8.0,195,1450212293,221,221.0,221,73.0,-148.0,148.0,-148.0,148.0,True,WGN,-1,-1
300,-8.0,196,3218827569,221,221.0,221,2.0,-219.0,219.0,-219.0,219.0,True,WGN,-1,-1
300,-8.0,197,1983230421,221,221.0,221,247.0,26.0,26.0,26.000000000000004,26.000000000000004,True,WGN,-1,-1
300,-8.0,198,2218855455,221,221.0,221,437.0,216.0,216.0,216.0,216.0,True,WGN,-1,-1
300,-8.0,199,4045736939,221,221.0,221,2.0,-219.0,219.0,-219.0,219.0,True,WGN,-1,-1
300,-6.0,0,231218801,221,221.0,221,223.0,2.0,2.0,2.0,2.0,True,WGN,-1,-1
300,-6.0,1,2841876818,221,221.0,221,247.0,26.0,26.0,26.000000000000004,26.000000000000004,True,WGN,-1,-1
300,-6.0,2,3515424708,221,221.0,221,413.0,192.0,192.0,192.0,192.0,True,WGN,-1,-1
300,-6.0,3,852971209,221,221.0,221,235.0,14.0,14.0,14.0,14.0,True,WGN,-1,-1
300,-6.0,4,4032993928,221,221.0,221,221.0,0.0,0.0,0.0,0.0,True,WGN,-1,-1
300,-6.0,5,1472819050,221,221.0,221,105.0,-116.0,116.0,-116.0,116.0,True,WGN,-1,-1
300,-6.0,6,3524655176,221,221.0,221,222.0,1.0,1.0,1.0,1.0,True,WGN,-1,-1
300,-6.0,7,2673561690,221,221.0,221,224.0,3.0,3.0,3.0,3.0,True,WGN,-1,-1
300,-6.0,8,552666795,221,221.0,221,316.0,95.0,95.0,95.0,95.0,True,WGN,-1,-1
300,-6.0,9,772180086,221,221.0,221,434.0,213.0,213.0,213.0,213.0,True,WGN,-1,-1
300,-6.0,10,1996457883,221,221.0,221,251.0,30.0,30.0,30.0,30.0,True,WGN,-1,-1
300,-6.0,11,487369880,221,221.0,221,345.0,124.0,124.0,124.0,124.0,True,WGN,-1,-1
300,-6.0,12,2932453499,221,221.0,221,212.0,-9.0,9.0,-9.000000000000002,9.000000000000002,True,WGN,-1,-1
300,-6.0,13,1458365898,221,221.0,221,227.0,6.0,6.0,6.0,6.0,True,WGN,-1,-1
300,-6.0,14,1557626596,221,221.0,221,222.0,1.0,1.0,1.0,1.0,True,WGN,-1,-1
300,-6.0,15,2562575393,221,221.0,221,230.0,9.0,9.0,9.000000000000002,9.000000000000002,True,WGN,-1,-1
300,-6.0,16,87054854,221,221.0,221,396.0,175.0,175.0,175.00000000000003,175.00000000000003,True,WGN,-1,-1
300,-6.0,17,3979970512,221,221.0,221,147.0,-74.0,74.0,-74.0,74.0,True,WGN,-1,-1
300,-6.0,18,416428105,221,221.0,221,297.0,76.0,76.0,76.0,76.0,True,WGN,-1,-1
300,-6.0,19,297018633,221,221.0,221,279.0,58.0,58.0,58.0,58.0,True,WGN,-1,-1
300,-6.0,20,2805620936,221,221.0,221,229.0,8.0,8.0,8.0,8.0,True,WGN,-1,-1
300,-6.0,21,1651052394,221,221.0,221,342.0,121.0,121.0,121.0,121.0,True,WGN,-1,-1
300,-6.0,22,2475385209,221,221.0,221,206.0,-15.0,15.0,-15.0,15.0,True,WGN,-1,-1
300,-6.0,23,1139200261,221,221.0,221,222.0,1.0,1.0,1.0,1.0,True,WGN,-1,-1
300,-6.0,24,3899063982,221,221.0,221,287.0,66.0,66.0,66.0,66.0,True,WGN,-1,-1
300,-6.0,25,1468796865,221,221.0,221,264.0,43.0,43.0,43.0,43.0,True,WGN,-1,-1
300,-6.0,26,1666248510,221,221.0,221,218.0,-3.0,3.0,-3.0,3.0,True,WGN,-1,-1
300,-6.0,27,2175582147,221,221.0,221,228.0,7.0,7.0,7.0,7.0,True,WGN,-1,-1
300,-6.0,28,3404108927,221,221.0,221,224.0,3.0,3.0,3.0,3.0,True,WGN,-1,-1
300,-6.0,29,1734857692,221,221.0,221,223.0,2.0,2.0,2.0,2.0,True,WGN,-1,-1
300,-6.0,30,58823001,221,221.0,221,219.0,-2.0,2.0,-2.0,2.0,True,WGN,-1,-1
300,-6.0,31,2478642575,221,221.0,221,227.0,6.0,6.0,6.0,6.0,True,WGN,-1,-1
300,-6.0,32,1705266635,221,221.0,221,318.0,97.0,97.0,97.0,97.0,True,WGN,-1,-1
300,-6.0,33,3123275920,221,221.0,221,196.0,-25.0,25.0,-25.0,25.0,True,WGN,-1,-1
300,-6.0,34,2398598812,221,221.0,221,2.0,-219.0,219.0,-219.0,219.0,True,WGN,-1,-1
300,-6.0,35,1904313553,221,221.0,221,2.0,-219.0,219.0,-219.0,219.0,True,WGN,-1,-1
300,-6.0,36,1581758819,221,221.0,221,221.0,0.0,0.0,0.0,0.0,True,WGN,-1,-1
300,-6.0,37,684685615,221,221.0,221,222.0,1.0,1.0,1.0,1.0,True,WGN,-1,-1
300,-6.0,38,1123111428,221,221.0,221,229.0,8.0,8.0,8.0,8.0,True,WGN,-1,-1
300,-6.0,39,2986509342,221,221.0,221,130.0,-91.0,91.0,-91.0,91.0,True,WGN,-1,-1
300,-6.0,40,2011687925,221,221.0,221,58.0,-163.0,163.0,-163.0,163.0,True,WGN,-1,-1
300,-6.0,41,2455319285,221,221.0,221,30.0,-191.0,191.0,-191.0,191.0,True,WGN,-1,-1
300,-6.0,42,1432193330,221,221.0,221,223.0,2.0,2.0,2.0,2.0,True,WGN,-1,-1
300,-6.0,43,3206435458,221,221.0,221,259.0,38.0,38.0,38.0,38.0,True,WGN,-1,-1
300,-6.0,44,366076339,221,221.0,221,270.0,49.0,49.0,49.0,49.0,True,WGN,-1,-1
300,-6.0,45,189860405,221,221.0,221,221.0,0.0,0.0,0.0,0.0,True,WGN,-1,-1
300,-6.0,46,4272498087,221,221.0,221,229.0,8.0,8.0,8.0,8.0,True,WGN,-1,-1
300,-6.0,47,268743578,221,221.0,221,286.0,65.0,65.0,65.0,65.0,True,WGN,-1,-1
300,-6.0,48,1798784854,221,221.0,221,224.0,3.0,3.0,3.0,3.0,True,WGN,-1,-1
300,-6.0,49,2524665799,221,221.0,221,228.0,7.0,7.0,7.0,7.0,True,WGN,-1,-1
300,-6.0,50,3196328504,221,221.0,221,223.0,2.0,2.0,2.0,2.0,True,WGN,-1,-1
300,-6.0,51,1370150346,221,221.0,221,246.0,25.0,25.0,25.0,25.0,True,WGN,-1,-1
300,-6.0,52,501217008,221,221.0,221,222.0,1.0,1.0,1.0,1.0,True,WGN,-1,-1
300,-6.0,53,3292139203,221,221.0,221,275.0,54.0,54.0,54.0,54.0,True,WGN,-1,-1
300,-6.0,54,2418377660,221,221.0,221,247.0,26.0,26.0,26.000000000000004,26.000000000000004,True,WGN,-1,-1
300,-6.0,55,3017035171,221,221.0,221,196.0,-25.0,25.0,-25.0,25.0,True,WGN,-1,-1
300,-6.0,56,1784490977,221,221.0,221,235.0,14.0,14.0,14.0,14.0,True,WGN,-1,-1
300,-6.0,57,1534492302,221,221.0,221,261.0,40.0,40.0,40.0,40.0,True,WGN,-1,-1
300,-6.0,58,789551394,221,221.0,221,224.0,3.0,3.0,3.0,3.0,True,WGN,-1,-1
300,-6.0,59,4223466705,221,221.0,221,206.0,-15.0,15.0,-15.0,15.0,True,WGN,-1,-1
300,-6.0,60,41315437,221,221.0,221,218.0,-3.0,3.0,-3.0,3.0,True,WGN,-1,-1
300,-6.0,61,2040359581,221,221.0,221,228.0,7.0,7.0,7.0,7.0,True,WGN,-1,-1
300,-6.0,62,4068127948,221,221.0,221,221.0,0.0,0.0,0.0,0.0,True,WGN,-1,-1
300,-6.0,63,2484564678,221,221.0,221,221.0,0.0,0.0,0.0,0.0,True,WGN,-1,-1
300,-6.0,64,1832630234,221,221.0,221,223.0,2.0,2.0,2.0,2.0,True,WGN,-1,-1
300,-6.0,65,715170207,221,221.0,221,327.0,106.0,106.0,106.0,106.0,True,WGN,-1,-1
300,-6.0,66,898109045,221,221.0,221,230.0,9.0,9.0,9.000000000000002,9.000000000000002,True,WGN,-1,-1
300,-6.0,67,3633352764,221,221.0,221,230.0,9.0,9.0,9.000000000000002,9.000000000000002,True,WGN,-1,-1
300,-6.0,68,1223344004,221,221.0,221,228.0,7.0,7.0,7.0,7.0,True,WGN,-1,-1
300,-6.0,69,2447997481,221,221.0,221,223.0,2.0,2.0,2.0,2.0,True,WGN,-1,-1
300,-6.0,70,1788385647,221,221.0,221,232.0,11.0,11.0,11.0,11.0,True,WGN,-1,-1
300,-6.0,71,3194097107,221,221.0,221,228.0,7.0,7.0,7.0,7.0,True,WGN,-1,-1
300,-6.0,72,1682062965,221,221.0,221,211.0,-10.0,10.0,-10.0,10.0,True,WGN,-1,-1
300,-6.0,73,1925633632,221,221.0,221,231.0,10.0,10.0,10.0,10.0,True,WGN,-1,-1
300,-6.0,74,4286697,221,221.0,221,109.0,-112.0,112.0,-112.0,112.0,True,WGN,-1,-1
300,-6.0,75,1990981814,221,221.0,221,176.0,-45.0,45.0,-45.0,45.0,True,WGN,-1,-1
300,-6.0,76,3962194559,221,221.0,221,222.0,1.0,1.0,1.0,1.0,True,WGN,-1,-1
300,-6.0,77,2371100954,221,221.0,221,11.0,-210.0,210.0,-210.0,210.0,True,WGN,-1,-1
300,-6.0,78,4291543132,221,221.0,221,228.0,7.0,7.0,7.0,7.0,True,WGN,-1,-1
300,-6.0,79,3204597945,221,221.0,221,243.0,22.0,22.0,22.0,22.0,True,WGN,-1,-1
300,-6.0,80,3211955135,221,221.0,221,433.0,212.0,212.0,212.0,212.0,True,WGN,-1,-1
300,-6.0,81,1363976782,221,221.0,221,228.0,7.0,7.0,7.0,7.0,True,WGN,-1,-1
300,-6.0,82,4098901155,221,221.0,221,223.0,2.0,2.0,2.0,2.0,True,WGN,-1,-1
300,-6.0,83,2392931537,221,221.0,221,242.0,21.0,21.0,21.0,21.0,True,WGN,-1,-1
300,-6.0,84,4036534116,221,221.0,221,433.0,212.0,212.0,212.0,212.0,True,WGN,-1,-1
300,-6.0,85,453191154,221,221.0,221,223.0,2.0,2.0,2.0,2.0,True,WGN,-1,-1
300,-6.0,86,2743927424,221,221.0,221,223.0,2.0,2.0,2.0,2.0,True,WGN,-1,-1
300,-6.0,87,1328433750,221,221.0,221,241.0,20.0,20.0,20.0,20.0,True,WGN,-1,-1
300,-6.0,88,1185408617,221,221.0,221,223.0,2.0,2.0,2.0,2.0,True,WGN,-1,-1
300,-6.0,89,1492508994,221,221.0,221,221.0,0.0,0.0,0.0,0.0,True,WGN,-1,-1
300,-6.0,90,4264337397,221,221.0,221,239.0,18.0,18.0,18.000000000000004,18.000000000000004,True,WGN,-1,-1
300,-6.0,91,731431198,221,221.0,221,223.0,2.0,2.0,2.0,2.0,True,WGN,-1,-1
300,-6.0,92,3278258984,221,221.0,221,2.0,-219.0,219.0,-219.0,219.0,True,WGN,-1,-1
300,-6.0,93,137676768,221,221.0,221,328.0,107.0,107.0,107.0,107.0,True,WGN,-1,-1
300,-6.0,94,720656885,221,221.0,221,222.0,1.0,1.0,1.0,1.0,True,WGN,-1,-1
300,-6.0,95,4189556773,221,221.0,221,207.0,-14.0,14.0,-14.0,14.0,True,WGN,-1,-1
300,-6.0,96,1369600235,221,221.0,221,223.0,2.0,2.0,2.0,2.0,True,WGN,-1,-1
300,-6.0,97,1756936289,221,221.0,221,236.0,15.0,15.0,15.0,15.0,True,WGN,-1,-1
300,-6.0,98,86074458,221,221.0,221,430.0,209.0,209.0,209.0,209.0,True,WGN,-1,-1
300,-6.0,99,1296507105,221,221.0,221,2.0,-219.0,219.0,-219.0,219.0,True,WGN,-1,-1
300,-6.0,100,1424264280,221,221.0,221,219.0,-2.0,2.0,-2.0,2.0,True,WGN,-1,-1
300,-6.0,101,793402355,221,221.0,221,414.0,193.0,193.0,193.0,193.0,True,WGN,-1,-1
300,-6.0,102,2075028025,221,221.0,221,159.0,-62.0,62.0,-62.0,62.0,True,WGN,-1,-1
300,-6.0,103,4290678603,221,221.0,221,227.0,6.0,6.0,6.0,6.0,True,WGN,-1,-1
300,-6.0,104,1920934287,221,221.0,221,229.0,8.0,8.0,8.0,8.0,True,WGN,-1,-1
300,-6.0,105,1227816191,221,221.0,221,224.0,3.0,3.0,3.0,3.0,True,WGN,-1,-1
300,-6.0,106,1209137043,221,221.0,221,226.0,5.0,5.0,5.0,5.0,True,WGN,-1,-1
300,-6.0,107,1469837820,221,221.0,221,232.0,11.0,11.0,11.0,11.0,True,WGN,-1,-1
300,-6.0,108,2349353272,221,221.0,221,227.0,6.0,6.0,6.0,6.0,True,WGN,-1,-1
300,-6.0,109,3727141283,221,221.0,221,208.0,-13.0,13.0,-13.000000000000002,13.000000000000002,True,WGN,-1,-1
300,-6.0,110,315428271,221,221.0,221,224.0,3.0,3.0,3.0,3.0,True,WGN,-1,-1
300,-6.0,111,1364618440,221,221.0,221,228.0,7.0,7.0,7.0,7.0,True,WGN,-1,-1
300,-6.0,112,1727188061,221,221.0,221,229.0,8.0,8.0,8.0,8.0,True,WGN,-1,-1
300,-6.0,113,1475104740,221,221.0,221,222.0,1.0,1.0,1.0,1.0,True,WGN,-1,-1
300,-6.0,114,1226420924,221,221.0,221,132.0,-89.0,89.0,-89.0,89.0,True,WGN,-1,-1
300,-6.0,115,670390995,221,221.0,221,212.0,-9.0,9.0,-9.000000000000002,9.000000000000002,True,WGN,-1,-1
300,-6.0,116,3273544090,221,221.0,221,227.0,6.0,6.0,6.0,6.0,True,WGN,-1,-1
300,-6.0,117,384547296,221,221.0,221,210.0,-11.0,11.0,-11.0,11.0,True,WGN,-1,-1
300,-6.0,118,2633660175,221,221.0,221,220.0,-1.0,1.0,-1.0,1.0,True,WGN,-1,-1
300,-6.0,119,3832821879,221,221.0,221,161.0,-60.0,60.0,-60.0,60.0,True,WGN,-1,-1
300,-6.0,120,263495203,221,221.0,221,141.0,-80.0,80.0,-80.0,80.0,True,WGN,-1,-1
300,-6.0,121,2275591300,221,221.0,221,366.0,145.0,145.0,145.0,145.0,True,WGN,-1,-1
300,-6.0,122,746634153,221,221.0,221,198.0,-23.0,23.0,-23.0,23.0,True,WGN,-1,-1
300,-6.0,123,3690156168,221,221.0,221,228.0,7.0,7.0,7.0,7.0,True,WGN,-1,-1
300,-6.0,124,4100523403,221,221.0,221,215.0,-6.0,6.0,-6.0,6.0,True,WGN,-1,-1
300,-6.0,125,3641990194,221,221.0,221,199.0,-22.0,22.0,-22.0,22.0,True,WGN,-1,-1
300,-6.0,126,3348804702,221,221.0,221,223.0,2.0,2.0,2.0,2.0,True,WGN,-1,-1
300,-6.0,127,4403125,221,221.0,221,205.0,-16.0,16.0,-16.0,16.0,True,WGN,-1,-1
300,-6.0,128,2647161103,221,221.0,221,222.0,1.0,1.0,1.0,1.0,True,WGN,-1,-1
300,-6.0,129,1565085536,221,221.0,221,209.0,-12.0,12.0,-12.0,12.0,True,WGN,-1,-1
300,-6.0,130,2232124673,221,221.0,221,3.0,-218.0,218.0,-218.0,218.0,True,WGN,-1,-1
300,-6.0,131,1956794650,221,221.0,221,223.0,2.0,2.0,2.0,2.0,True,WGN,-1,-1
300,-6.0,132,2661490296,221,221.0,221,2.0,-219.0,219.0,-219.0,219.0,True,WGN,-1,-1
300,-6.0,133,1899172023,221,221.0,221,228.0,7.0,7.0,7.0,7.0,True,WGN,-1,-1
300,-6.0,134,2679058273,221,221.0,221,205.0,-16.0,16.0,-16.0,16.0,True,WGN,-1,-1
300,-6.0,135,4143250063,221,221.0,221,239.0,18.0,18.0,18.000000000000004,18.000000000000004,True,WGN,-1,-1
300,-6.0,136,448732373,221,221.0,221,5.0,-216.0,216.0,-216.0,216.0,True,WGN,-1,-1
300,-6.0,137,4124659869,221,221.0,221,276.0,55.0,55.0,55.0,55.0,True,WGN,-1,-1
300,-6.0,138,2176629754,221,221.0,221,215.0,-6.0,6.0,-6.0,6.0,True,WGN,-1,-1
300,-6.0,139,1697333800,221,221.0,221,3.0,-218.0,218.0,-218.0,218.0,True,WGN,-1,-1
300,-6.0,140,1373249587,221,221.0,221,223.0,2.0,2.0,2.0,2.0,True,WGN,-1,-1
300,-6.0,141,2563916564,221,221.0,221,222.0,1.0,1.0,1.0,1.0,True,WGN,-1,-1
300,-6.0,142,943794642,221,221.0,221,230.0,9.0,9.0,9.000000000000002,9.000000000000002,True,WGN,-1,-1
300,-6.0,143,3968662774,221,221.0,221,229.0,8.0,8.0,8.0,8.0,True,WGN,-1,-1
300,-6.0,144,1516204930,221,221.0,221,227.0,6.0,6.0,6.0,6.0,True,WGN,-1,-1
300,-6.0,145,2042706238,221,221.0,221,223.0,2.0,2.0,2.0,2.0,True,WGN,-1,-1
300,-6.0,146,1387897098,221,221.0,221,230.0,9.0,9.0,9.000000000000002,9.000000000000002,True,WGN,-1,-1
300,-6.0,147,464040176,221,221.0,221,228.0,7.0,7.0,7.0,7.0,True,WGN,-1,-1
300,-6.0,148,2902765680,221,221.0,221,213.0,-8.0,8.0,-8.0,8.0,True,WGN,-1,-1
300,-6.0,149,3773235896,221,221.0,221,223.0,2.0,2.0,2.0,2.0,True,WGN,-1,-1
300,-6.0,150,283576096,221,221.0,221,372.0,151.0,151.0,151.0,151.0,True,WGN,-1,-1
300,-6.0,151,34330744,221,221.0,221,447.0,226.0,226.0,226.0,226.0,True,WGN,-1,-1
300,-6.0,152,232025497,221,221.0,221,215.0,-6.0,6.0,-6.0,6.0,True,WGN,-1,-1
300,-6.0,153,3186192533,221,221.0,221,230.0,9.0,9.0,9.000000000000002,9.000000000000002,True,WGN,-1,-1
300,-6.0,154,2680377752,221,221.0,221,30.0,-191.0,191.0,-191.0,191.0,True,WGN,-1,-1
300,-6.0,155,537693754,221,221.0,221,244.0,23.0,23.0,23.0,23.0,True,WGN,-1,-1
300,-6.0,156,848033468,221,221.0,221,232.0,11.0,11.0,11.0,11.0,True,WGN,-1,-1
300,-6.0,157,3430368422,221,221.0,221,251.0,30.0,30.0,30.0,30.0,True,WGN,-1,-1
300,-6.0,158,3739689371,221,221.0,221,262.0,41.0,41.0,41.0,41.0,True,WGN,-1,-1
300,-6.0,159,206344273,221,221.0,221,427.0,206.0,206.0,206.00000000000003,206.00000000000003,True,WGN,-1,-1
300,-6.0,160,4092544462,221,221.0,221,292.0,71.0,71.0,71.00000000000001,71.00000000000001,True,WGN,-1,-1
300,-6.0,161,13565562,221,221.0,221,154.0,-67.0,67.0,-67.0,67.0,True,WGN,-1,-1
300,-6.0,162,2817498038,221,221.0,221,219.0,-2.0,2.0,-2.0,2.0,True,WGN,-1,-1
300,-6.0,163,2027400711,221,221.0,221,228.0,7.0,7.0,7.0,7.0,True,WGN,-1,-1
300,-6.0,164,2211156179,221,221.0,221,212.0,-9.0,9.0,-9.000000000000002,9.000000000000002,True,WGN,-1,-1
300,-6.0,165,3667242307,221,221.0,221,2.0,-219.0,219.0,-219.0,219.0,True,WGN,-1,-1
300,-6.0,166,1670668261,221,221.0,221,235.0,14.0,14.0,14.0,14.0,True,WGN,-1,-1
300,-6.0,167,282007504,221,221.0,221,3.0,-218.0,218.0,-218.0,218.0,True,WGN,-1,-1
300,-6.0,168,2768452642,221,221.0,221,254.0,33.0,33.0,33.0,33.0,True,WGN,-1,-1
300,-6.0,169,3257347943,221,221.0,221,232.0,11.0,11.0,11.0,11.0,True,WGN,-1,-1
300,-6.0,170,1424316915,221,221.0,221,263.0,42.0,42.0,42.0,42.0,True,WGN,-1,-1
300,-6.0,171,336098313,221,221.0,221,216.0,-5.0,5.0,-5.0,5.0,True,WGN,-1,-1
300,-6.0,172,1420665784,221,221.0,221,7.0,-214.0,214.0,-214.0,214.0,True,WGN,-1,-1
300,-6.0,173,2822920681,221,221.0,221,229.0,8.0,8.0,8.0,8.0,True,WGN,-1,-1
300,-6.0,174,3298688911,221,221.0,221,223.0,2.0,2.0,2.0,2.0,True,WGN,-1,-1
300,-6.0,175,1682432273,221,221.0,221,231.0,10.0,10.0,10.0,10.0,True,WGN,-1,-1
300,-6.0,176,4221211540,221,221.0,221,194.0,-27.0,27.0,-27.0,27.0,True,WGN,-1,-1
300,-6.0,177,2242383372,221,221.0,221,207.0,-14.0,14.0,-14.0,14.0,True,WGN,-1,-1
300,-6.0,178,2931146847,221,221.0,221,2.0,-219.0,219.0,-219.0,219.0,True,WGN,-1,-1
300,-6.0,179,2436893856,221,221.0,221,223.0,2.0,2.0,2.0,2.0,True,WGN,-1,-1
300,-6.0,180,4100522360,221,221.0,221,228.0,7.0,7.0,7.0,7.0,True,WGN,-1,-1
300,-6.0,181,1747197101,221,221.0,221,211.0,-10.0,10.0,-10.0,10.0,True,WGN,-1,-1
300,-6.0,182,2739927562,221,221.0,221,186.0,-35.0,35.0,-35.0,35.0,True,WGN,-1,-1
300,-6.0,183,2224525998,221,221.0,221,223.0,2.0,2.0,2.0,2.0,True,WGN,-1,-1
300,-6.0,184,3195957313,221,221.0,221,221.0,0.0,0.0,0.0,0.0,True,WGN,-1,-1
300,-6.0,185,2397932702,221,221.0,221,213.0,-8.0,8.0,-8.0,8.0,True,WGN,-1,-1
300,-6.0,186,892999619,221,221.0,221,236.0,15.0,15.0,15.0,15.0,True,WGN,-1,-1
300,-6.0,187,2984173748,221,221.0,221,242.0,21.0,21.0,21.0,21.0,True,WGN,-1,-1
300,-6.0,188,3878246850,221,221.0,221,220.0,-1.0,1.0,-1.0,1.0,True,WGN,-1,-1
300,-6.0,189,1182552084,221,221.0,221,442.0,221.0,221.0,221.0,221.0,True,WGN,-1,-1
300,-6.0,190,2008896121,221,221.0,221,262.0,41.0,41.0,41.0,41.0,True,WGN,-1,-1
300,-6.0,191,2713721920,221,221.0,221,232.0,11.0,11.0,11.0,11.0,True,WGN,-1,-1
300,-6.0,192,2702715581,221,221.0,221,252.0,31.0,31.0,31.0,31.0,True,WGN,-1,-1
300,-6.0,193,986966802,221,221.0,221,3.0,-218.0,218.0,-218.0,218.0,True,WGN,-1,-1
300,-6.0,194,3298850308,221,221.0,221,228.0,7.0,7.0,7.0,7.0,True,WGN,-1,-1
300,-6.0,195,370805001,221,221.0,221,211.0,-10.0,10.0,-10.0,10.0,True,WGN,-1,-1
300,-6.0,196,3496662937,221,221.0,221,183.0,-38.0,38.0,-38.0,38.0,True,WGN,-1,-1
300,-6.0,197,3717708011,221,221.0,221,206.0,-15.0,15.0,-15.0,15.0,True,WGN,-1,-1
300,-6.0,198,1318161724,221,221.0,221,223.0,2.0,2.0,2.0,2.0,True,WGN,-1,-1
300,-6.0,199,2801318607,221,221.0,221,223.0,2.0,2.0,2.0,2.0,True,WGN,-1,-1
300,2.0,0,79902612,221,221.0,221,220.0,-1.0,1.0,-1.0,1.0,True,WGN,-1,-1
300,2.0,1,2989412644,221,221.0,221,223.0,2.0,2.0,2.0,2.0,True,WGN,-1,-1
300,2.0,2,799962693,221,221.0,221,222.0,1.0,1.0,1.0,1.0,True,WGN,-1,-1
300,2.0,3,2690194824,221,221.0,221,223.0,2.0,2.0,2.0,2.0,True,WGN,-1,-1
300,2.0,4,4074419686,221,221.0,221,229.0,8.0,8.0,8.0,8.0,True,WGN,-1,-1
300,2.0,5,1466459892,221,221.0,221,223.0,2.0,2.0,2.0,2.0,True,WGN,-1,-1
300,2.0,6,2515153167,221,221.0,221,220.0,-1.0,1.0,-1.0,1.0,True,WGN,-1,-1
300,2.0,7,1839295568,221,221.0,221,223.0,2.0,2.0,2.0,2.0,True,WGN,-1,-1
300,2.0,8,2776427711,221,221.0,221,223.0,2.0,2.0,2.0,2.0,True,WGN,-1,-1
300,2.0,9,2282210781,221,221.0,221,228.0,7.0,7.0,7.0,7.0,True,WGN,-1,-1
300,2.0,10,1365707826,221,221.0,221,222.0,1.0,1.0,1.0,1.0,True,WGN,-1,-1
300,2.0,11,1609374922,221,221.0,221,222.0,1.0,1.0,1.0,1.0,True,WGN,-1,-1
300,2.0,12,613470147,221,221.0,221,223.0,2.0,2.0,2.0,2.0,True,WGN,-1,-1
300,2.0,13,3304406942,221,221.0,221,229.0,8.0,8.0,8.0,8.0,True,WGN,-1,-1
300,2.0,14,2537458537,221,221.0,221,235.0,14.0,14.0,14.0,14.0,True,WGN,-1,-1
300,2.0,15,3169597197,221,221.0,221,228.0,7.0,7.0,7.0,7.0,True,WGN,-1,-1
300,2.0,16,2797607204,221,221.0,221,222.0,1.0,1.0,1.0,1.0,True,WGN,-1,-1
300,2.0,17,1095942314,221,221.0,221,228.0,7.0,7.0,7.0,7.0,True,WGN,-1,-1
300,2.0,18,3832584446,221,221.0,221,228.0,7.0,7.0,7.0,7.0,True,WGN,-1,-1
300,2.0,19,2967897378,221,221.0,221,223.0,2.0,2.0,2.0,2.0,True,WGN,-1,-1
300,2.0,20,293131531,221,221.0,221,223.0,2.0,2.0,2.0,2.0,True,WGN,-1,-1
300,2.0,21,2360097358,221,221.0,221,223.0,2.0,2.0,2.0,2.0,True,WGN,-1,-1
300,2.0,22,695718769,221,221.0,221,221.0,0.0,0.0,0.0,0.0,True,WGN,-1,-1
300,2.0,23,579655176,221,221.0,221,228.0,7.0,7.0,7.0,7.0,True,WGN,-1,-1
300,2.0,24,1849649077,221,221.0,221,223.0,2.0,2.0,2.0,2.0,True,WGN,-1,-1
300,2.0,25,2051126954,221,221.0,221,223.0,2.0,2.0,2.0,2.0,True,WGN,-1,-1
300,2.0,26,3238049488,221,221.0,221,220.0,-1.0,1.0,-1.0,1.0,True,WGN,-1,-1
300,2.0,27,4088399116,221,221.0,221,229.0,8.0,8.0,8.0,8.0,True,WGN,-1,-1
300,2.0,28,1549750549,221,221.0,221,233.0,12.0,12.0,12.0,12.0,True,WGN,-1,-1
300,2.0,29,72069092,221,221.0,221,228.0,7.0,7.0,7.0,7.0,True,WGN,-1,-1
300,2.0,30,392304150,221,221.0,221,223.0,2.0,2.0,2.0,2.0,True,WGN,-1,-1
300,2.0,31,3660761886,221,221.0,221,222.0,1.0,1.0,1.0,1.0,True,WGN,-1,-1
300,2.0,32,682997001,221,221.0,221,232.0,11.0,11.0,11.0,11.0,True,WGN,-1,-1
300,2.0,33,1996111363,221,221.0,221,223.0,2.0,2.0,2.0,2.0,True,WGN,-1,-1
300,2.0,34,2961901662,221,221.0,221,228.0,7.0,7.0,7.0,7.0,True,WGN,-1,-1
300,2.0,35,4171086962,221,221.0,221,262.0,41.0,41.0,41.0,41.0,True,WGN,-1,-1
300,2.0,36,1729714746,221,221.0,221,223.0,2.0,2.0,2.0,2.0,True,WGN,-1,-1
300,2.0,37,4045281986,221,221.0,221,222.0,1.0,1.0,1.0,1.0,True,WGN,-1,-1
300,2.0,38,1426856647,221,221.0,221,228.0,7.0,7.0,7.0,7.0,True,WGN,-1,-1
300,2.0,39,1873239701,221,221.0,221,223.0,2.0,2.0,2.0,2.0,True,WGN,-1,-1
300,2.0,40,2988382933,221,221.0,221,228.0,7.0,7.0,7.0,7.0,True,WGN,-1,-1
300,2.0,41,674226058,221,221.0,221,223.0,2.0,2.0,2.0,2.0,True,WGN,-1,-1
300,2.0,42,1388764725,221,221.0,221,228.0,7.0,7.0,7.0,7.0,True,WGN,-1,-1
300,2.0,43,660529064,221,221.0,221,231.0,10.0,10.0,10.0,10.0,True,WGN,-1,-1
300,2.0,44,1688084189,221,221.0,221,228.0,7.0,7.0,7.0,7.0,True,WGN,-1,-1
300,2.0,45,3521605339,221,221.0,221,222.0,1.0,1.0,1.0,1.0,True,WGN,-1,-1
300,2.0,46,2556633616,221,221.0,221,228.0,7.0,7.0,7.0,7.0,True,WGN,-1,-1
300,2.0,47,4264664719,221,221.0,221,228.0,7.0,7.0,7.0,7.0,True,WGN,-1,-1
300,2.0,48,3212573519,221,221.0,221,233.0,12.0,12.0,12.0,12.0,True,WGN,-1,-1
300,2.0,49,4081396463,221,221.0,221,223.0,2.0,2.0,2.0,2.0,True,WGN,-1,-1
300,2.0,50,3321775744,221,221.0,221,215.0,-6.0,6.0,-6.0,6.0,True,WGN,-1,-1
300,2.0,51,1800216286,221,221.0,221,223.0,2.0,2.0,2.0,2.0,True,WGN,-1,-1
300,2.0,52,87178962,221,221.0,221,220.0,-1.0,1.0,-1.0,1.0,True,WGN,-1,-1
300,2.0,53,1481112847,221,221.0,221,229.0,8.0,8.0,8.0,8.0,True,WGN,-1,-1
300,2.0,54,2765563020,221,221.0,221,223.0,2.0,2.0,2.0,2.0,True,WGN,-1,-1
300,2.0,55,4209766263,221,221.0,221,228.0,7.0,7.0,7.0,7.0,True,WGN,-1,-1
300,2.0,56,407105273,221,221.0,221,223.0,2.0,2.0,2.0,2.0,True,WGN,-1,-1
300,2.0,57,1841387273,221,221.0,221,228.0,7.0,7.0,7.0,7.0,True,WGN,-1,-1
300,2.0,58,3458892670,221,221.0,221,223.0,2.0,2.0,2.0,2.0,True,WGN,-1,-1
300,2.0,59,3985162554,221,221.0,221,228.0,7.0,7.0,7.0,7.0,True,WGN,-1,-1
300,2.0,60,1761934703,221,221.0,221,222.0,1.0,1.0,1.0,1.0,True,WGN,-1,-1
300,2.0,61,2890486757,221,221.0,221,222.0,1.0,1.0,1.0,1.0,True,WGN,-1,-1
300,2.0,62,1478848371,221,221.0,221,228.0,7.0,7.0,7.0,7.0,True,WGN,-1,-1
300,2.0,63,415737270,221,221.0,221,223.0,2.0,2.0,2.0,2.0,True,WGN,-1,-1
300,2.0,64,1603370946,221,221.0,221,230.0,9.0,9.0,9.000000000000002,9.000000000000002,True,WGN,-1,-1
300,2.0,65,2770897897,221,221.0,221,221.0,0.0,0.0,0.0,0.0,True,WGN,-1,-1
300,2.0,66,1633870419,221,221.0,221,229.0,8.0,8.0,8.0,8.0,True,WGN,-1,-1
300,2.0,67,3770552718,221,221.0,221,228.0,7.0,7.0,7.0,7.0,True,WGN,-1,-1
300,2.0,68,3770293993,221,221.0,221,223.0,2.0,2.0,2.0,2.0,True,WGN,-1,-1
300,2.0,69,4008807090,221,221.0,221,228.0,7.0,7.0,7.0,7.0,True,WGN,-1,-1
300,2.0,70,1602047565,221,221.0,221,233.0,12.0,12.0,12.0,12.0,True,WGN,-1,-1
300,2.0,71,218316485,221,221.0,221,222.0,1.0,1.0,1.0,1.0,True,WGN,-1,-1
300,2.0,72,3079522272,221,221.0,221,207.0,-14.0,14.0,-14.0,14.0,True,WGN,-1,-1
300,2.0,73,57190117,221,221.0,221,228.0,7.0,7.0,7.0,7.0,True,WGN,-1,-1
300,2.0,74,2602509074,221,221.0,221,228.0,7.0,7.0,7.0,7.0,True,WGN,-1,-1
300,2.0,75,3009324845,221,221.0,221,223.0,2.0,2.0,2.0,2.0,True,WGN,-1,-1
300,2.0,76,3551731813,221,221.0,221,223.0,2.0,2.0,2.0,2.0,True,WGN,-1,-1
300,2.0,77,4083769588,221,221.0,221,228.0,7.0,7.0,7.0,7.0,True,WGN,-1,-1
300,2.0,78,606961298,221,221.0,221,219.0,-2.0,2.0,-2.0,2.0,True,WGN,-1,-1
300,2.0,79,491458732,221,221.0,221,231.0,10.0,10.0,10.0,10.0,True,WGN,-1,-1
300,2.0,80,2890197636,221,221.0,221,223.0,2.0,2.0,2.0,2.0,True,WGN,-1,-1
300,2.0,81,3235133472,221,221.0,221,221.0,0.0,0.0,0.0,0.0,True,WGN,-1,-1
300,2.0,82,3546443314,221,221.0,221,223.0,2.0,2.0,2.0,2.0,True,WGN,-1,-1
300,2.0,83,2528196581,221,221.0,221,223.0,2.0,2.0,2.0,2.0,True,WGN,-1,-1
300,2.0,84,3287938970,221,221.0,221,223.0,2.0,2.0,2.0,2.0,True,WGN,-1,-1
300,2.0,85,2640347385,221,221.0,221,228.0,7.0,7.0,7.0,7.0,True,WGN,-1,-1
300,2.0,86,4285266539,221,221.0,221,228.0,7.0,7.0,7.0,7.0,True,WGN,-1,-1
300,2.0,87,3689999889,221,221.0,221,228.0,7.0,7.0,7.0,7.0,True,WGN,-1,-1
300,2.0,88,1805766180,221,221.0,221,223.0,2.0,2.0,2.0,2.0,True,WGN,-1,-1
300,2.0,89,3206522987,221,221.0,221,223.0,2.0,2.0,2.0,2.0,True,WGN,-1,-1
300,2.0,90,2805932430,221,221.0,221,223.0,2.0,2.0,2.0,2.0,True,WGN,-1,-1
300,2.0,91,2795366982,221,221.0,221,199.0,-22.0,22.0,-22.0,22.0,True,WGN,-1,-1
300,2.0,92,327393111,221,221.0,221,223.0,2.0,2.0,2.0,2.0,True,WGN,-1,-1
300,2.0,93,1564385690,221,221.0,221,211.0,-10.0,10.0,-10.0,10.0,True,WGN,-1,-1
300,2.0,94,2024156231,221,221.0,221,228.0,7.0,7.0,7.0,7.0,True,WGN,-1,-1
300,2.0,95,1324883174,221,221.0,221,228.0,7.0,7.0,7.0,7.0,True,WGN,-1,-1
300,2.0,96,2463264994,221,221.0,221,230.0,9.0,9.0,9.000000000000002,9.000000000000002,True,WGN,-1,-1
300,2.0,97,3466923725,221,221.0,221,228.0,7.0,7.0,7.0,7.0,True,WGN,-1,-1
300,2.0,98,340250847,221,221.0,221,228.0,7.0,7.0,7.0,7.0,True,WGN,-1,-1
300,2.0,99,1880516965,221,221.0,221,238.0,17.0,17.0,17.0,17.0,True,WGN,-1,-1
300,2.0,100,548339262,221,221.0,221,223.0,2.0,2.0,2.0,2.0,True,WGN,-1,-1
300,2.0,101,3219525076,221,221.0,221,233.0,12.0,12.0,12.0,12.0,True,WGN,-1,-1
300,2.0,102,3556771764,221,221.0,221,223.0,2.0,2.0,2.0,2.0,True,WGN,-1,-1
300,2.0,103,981591920,221,221.0,221,229.0,8.0,8.0,8.0,8.0,True,WGN,-1,-1
300,2.0,104,3432977858,221,221.0,221,228.0,7.0,7.0,7.0,7.0,True,WGN,-1,-1
300,2.0,105,366081399,221,221.0,221,228.0,7.0,7.0,7.0,7.0,True,WGN,-1,-1
300,2.0,106,767762806,221,221.0,221,223.0,2.0,2.0,2.0,2.0,True,WGN,-1,-1
300,2.0,107,3486049403,221,221.0,221,228.0,7.0,7.0,7.0,7.0,True,WGN,-1,-1
300,2.0,108,780094932,221,221.0,221,230.0,9.0,9.0,9.000000000000002,9.000000000000002,True,WGN,-1,-1
300,2.0,109,687835193,221,221.0,221,223.0,2.0,2.0,2.0,2.0,True,WGN,-1,-1
300,2.0,110,1617268172,221,221.0,221,223.0,2.0,2.0,2.0,2.0,True,WGN,-1,-1
300,2.0,111,2619338524,221,221.0,221,230.0,9.0,9.0,9.000000000000002,9.000000000000002,True,WGN,-1,-1
300,2.0,112,1987528777,221,221.0,221,223.0,2.0,2.0,2.0,2.0,True,WGN,-1,-1
300,2.0,113,3111383557,221,221.0,221,223.0,2.0,2.0,2.0,2.0,True,WGN,-1,-1
300,2.0,114,2108253742,221,221.0,221,223.0,2.0,2.0,2.0,2.0,True,WGN,-1,-1
300,2.0,115,2885264339,221,221.0,221,223.0,2.0,2.0,2.0,2.0,True,WGN,-1,-1
300,2.0,116,2384437898,221,221.0,221,228.0,7.0,7.0,7.0,7.0,True,WGN,-1,-1
300,2.0,117,961018649,221,221.0,221,223.0,2.0,2.0,2.0,2.0,True,WGN,-1,-1
300,2.0,118,2203585284,221,221.0,221,223.0,2.0,2.0,2.0,2.0,True,WGN,-1,-1
300,2.0,119,986319631,221,221.0,221,219.0,-2.0,2.0,-2.0,2.0,True,WGN,-1,-1
300,2.0,120,700581224,221,221.0,221,223.0,2.0,2.0,2.0,2.0,True,WGN,-1,-1
300,2.0,121,2231164784,221,221.0,221,228.0,7.0,7.0,7.0,7.0,True,WGN,-1,-1
300,2.0,122,1183274694,221,221.0,221,222.0,1.0,1.0,1.0,1.0,True,WGN,-1,-1
300,2.0,123,405625135,221,221.0,221,223.0,2.0,2.0,2.0,2.0,True,WGN,-1,-1
300,2.0,124,1666024117,221,221.0,221,223.0,2.0,2.0,2.0,2.0,True,WGN,-1,-1
300,2.0,125,2705730070,221,221.0,221,251.0,30.0,30.0,30.0,30.0,True,WGN,-1,-1
300,2.0,126,3204680093,221,221.0,221,228.0,7.0,7.0,7.0,7.0,True,WGN,-1,-1
300,2.0,127,54209426,221,221.0,221,216.0,-5.0,5.0,-5.0,5.0,True,WGN,-1,-1
300,2.0,128,1213660457,221,221.0,221,230.0,9.0,9.0,9.000000000000002,9.000000000000002,True,WGN,-1,-1
300,2.0,129,4011336484,221,221.0,221,223.0,2.0,2.0,2.0,2.0,True,WGN,-1,-1
300,2.0,130,1106940990,221,221.0,221,223.0,2.0,2.0,2.0,2.0,True,WGN,-1,-1
300,2.0,131,3434215215,221,221.0,221,228.0,7.0,7.0,7.0,7.0,True,WGN,-1,-1
300,2.0,132,783459131,221,221.0,221,228.0,7.0,7.0,7.0,7.0,True,WGN,-1,-1
300,2.0,133,4265701777,221,221.0,221,223.0,2.0,2.0,2.0,2.0,True,WGN,-1,-1
300,2.0,134,2260677610,221,221.0,221,228.0,7.0,7.0,7.0,7.0,True,WGN,-1,-1
300,2.0,135,702641876,221,221.0,221,228.0,7.0,7.0,7.0,7.0,True,WGN,-1,-1
300,2.0,136,843523648,221,221.0,221,229.0,8.0,8.0,8.0,8.0,True,WGN,-1,-1
300,2.0,137,4139857907,221,221.0,221,211.0,-10.0,10.0,-10.0,10.0,True,WGN,-1,-1
300,2.0,138,1524894269,221,221.0,221,228.0,7.0,7.0,7.0,7.0,True,WGN,-1,-1
300,2.0,139,2538649661,221,221.0,221,221.0,0.0,0.0,0.0,0.0,True,WGN,-1,-1
300,2.0,140,3472462349,221,221.0,221,228.0,7.0,7.0,7.0,7.0,True,WGN,-1,-1
300,2.0,141,779985621,221,221.0,221,229.0,8.0,8.0,8.0,8.0,True,WGN,-1,-1
300,2.0,142,3871915772,221,221.0,221,223.0,2.0,2.0,2.0,2.0,True,WGN,-1,-1
300,2.0,143,1165251445,221,221.0,221,223.0,2.0,2.0,2.0,2.0,True,WGN,-1,-1
300,2.0,144,2730196047,221,221.0,221,232.0,11.0,11.0,11.0,11.0,True,WGN,-1,-1
300,2.0,145,433052478,221,221.0,221,222.0,1.0,1.0,1.0,1.0,True,WGN,-1,-1
300,2.0,146,504485272,221,221.0,221,228.0,7.0,7.0,7.0,7.0,True,WGN,-1,-1
300,2.0,147,2246485235,221,221.0,221,221.0,0.0,0.0,0.0,0.0,True,WGN,-1,-1
300,2.0,148,965215139,221,221.0,221,223.0,2.0,2.0,2.0,2.0,True,WGN,-1,-1
300,2.0,149,3064713838,221,221.0,221,223.0,2.0,2.0,2.0,2.0,True,WGN,-1,-1
300,2.0,150,779998871,221,221.0,221,223.0,2.0,2.0,2.0,2.0,True,WGN,-1,-1
300,2.0,151,510910892,221,221.0,221,223.0,2.0,2.0,2.0,2.0,True,WGN,-1,-1
300,2.0,152,439933614,221,221.0,221,228.0,7.0,7.0,7.0,7.0,True,WGN,-1,-1
300,2.0,153,406434412,221,221.0,221,228.0,7.0,7.0,7.0,7.0,True,WGN,-1,-1
300,2.0,154,3470082943,221,221.0,221,223.0,2.0,2.0,2.0,2.0,True,WGN,-1,-1
300,2.0,155,3967558613,221,221.0,221,223.0,2.0,2.0,2.0,2.0,True,WGN,-1,-1
300,2.0,156,390979109,221,221.0,221,229.0,8.0,8.0,8.0,8.0,True,WGN,-1,-1
300,2.0,157,3605766423,221,221.0,221,223.0,2.0,2.0,2.0,2.0,True,WGN,-1,-1
300,2.0,158,3507723048,221,221.0,221,222.0,1.0,1.0,1.0,1.0,True,WGN,-1,-1
300,2.0,159,451191478,221,221.0,221,231.0,10.0,10.0,10.0,10.0,True,WGN,-1,-1
300,2.0,160,2291153541,221,221.0,221,223.0,2.0,2.0,2.0,2.0,True,WGN,-1,-1
300,2.0,161,4282282309,221,221.0,221,228.0,7.0,7.0,7.0,7.0,True,WGN,-1,-1
300,2.0,162,3968359607,221,221.0,221,222.0,1.0,1.0,1.0,1.0,True,WGN,-1,-1
300,2.0,163,3561503586,221,221.0,221,219.0,-2.0,2.0,-2.0,2.0,True,WGN,-1,-1
300,2.0,164,2763349928,221,221.0,221,228.0,7.0,7.0,7.0,7.0,True,WGN,-1,-1
300,2.0,165,1663178339,221,221.0,221,223.0,2.0,2.0,2.0,2.0,True,WGN,-1,-1
300,2.0,166,3448271467,221,221.0,221,229.0,8.0,8.0,8.0,8.0,True,WGN,-1,-1
300,2.0,167,2604015034,221,221.0,221,228.0,7.0,7.0,7.0,7.0,True,WGN,-1,-1
300,2.0,168,251976725,221,221.0,221,232.0,11.0,11.0,11.0,11.0,True,WGN,-1,-1
300,2.0,169,2752240687,221,221.0,221,239.0,18.0,18.0,18.000000000000004,18.000000000000004,True,WGN,-1,-1
300,2.0,170,824534178,221,221.0,221,222.0,1.0,1.0,1.0,1.0,True,WGN,-1,-1
300,2.0,171,2689093039,221,221.0,221,228.0,7.0,7.0,7.0,7.0,True,WGN,-1,-1
300,2.0,172,1085772938,221,221.0,221,222.0,1.0,1.0,1.0,1.0,True,WGN,-1,-1
300,2.0,173,1404079270,221,221.0,221,223.0,2.0,2.0,2.0,2.0,True,WGN,-1,-1
300,2.0,174,3409310561,221,221.0,221,228.0,7.0,7.0,7.0,7.0,True,WGN,-1,-1
300,2.0,175,3293605048,221,221.0,221,223.0,2.0,2.0,2.0,2.0,True,WGN,-1,-1
300,2.0,176,1265508107,221,221.0,221,223.0,2.0,2.0,2.0,2.0,True,WGN,-1,-1
300,2.0,177,773796693,221,221.0,221,228.0,7.0,7.0,7.0,7.0,True,WGN,-1,-1
300,2.0,178,2203543904,221,221.0,221,223.0,2.0,2.0,2.0,2.0,True,WGN,-1,-1
300,2.0,179,839855111,221,221.0,221,223.0,2.0,2.0,2.0,2.0,True,WGN,-1,-1
300,2.0,180,788910139,221,221.0,221,232.0,11.0,11.0,11.0,11.0,True,WGN,-1,-1
300,2.0,181,3787152356,221,221.0,221,223.0,2.0,2.0,2.0,2.0,True,WGN,-1,-1
300,2.0,182,4156910553,221,221.0,221,228.0,7.0,7.0,7.0,7.0,True,WGN,-1,-1
300,2.0,183,2940360816,221,221.0,221,223.0,2.0,2.0,2.0,2.0,True,WGN,-1,-1
300,2.0,184,2880385140,221,221.0,221,228.0,7.0,7.0,7.0,7.0,True,WGN,-1,-1
300,2.0,185,951271567,221,221.0,221,223.0,2.0,2.0,2.0,2.0,True,WGN,-1,-1
300,2.0,186,176743655,221,221.0,221,231.0,10.0,10.0,10.0,10.0,True,WGN,-1,-1
300,2.0,187,359028336,221,221.0,221,228.0,7.0,7.0,7.0,7.0,True,WGN,-1,-1
300,2.0,188,4114443627,221,221.0,221,231.0,10.0,10.0,10.0,10.0,True,WGN,-1,-1
300,2.0,189,2242877321,221,221.0,221,223.0,2.0,2.0,2.0,2.0,True,WGN,-1,-1
300,2.0,190,3197587719,221,221.0,221,233.0,12.0,12.0,12.0,12.0,True,WGN,-1,-1
300,2.0,191,104248930,221,221.0,221,228.0,7.0,7.0,7.0,7.0,True,WGN,-1,-1
300,2.0,192,107797195,221,221.0,221,223.0,2.0,2.0,2.0,2.0,True,WGN,-1,-1
300,2.0,193,1717141107,221,221.0,221,230.0,9.0,9.0,9.000000000000002,9.000000000000002,True,WGN,-1,-1
300,2.0,194,391727505,221,221.0,221,223.0,2.0,2.0,2.0,2.0,True,WGN,-1,-1
300,2.0,195,39555204,221,221.0,221,223.0,2.0,2.0,2.0,2.0,True,WGN,-1,-1
300,2.0,196,4292321726,221,221.0,221,222.0,1.0,1.0,1.0,1.0,True,WGN,-1,-1
300,2.0,197,882289076,221,221.0,221,228.0,7.0,7.0,7.0,7.0,True,WGN,-1,-1
300,2.0,198,3569713251,221,221.0,221,228.0,7.0,7.0,7.0,7.0,True,WGN,-1,-1
300,2.0,199,1233802218,221,221.0,221,223.0,2.0,2.0,2.0,2.0,True,WGN,-1,-1
