experiment_id,frequency_hz,snr_db,repeat_id,seed,waveform,noise_type,noise_source_id,sample_rate_hz,sample_interval_ms,n_samples,reference_arrival_sample,reference_arrival_ms,reference_method,source_file
100_-10.0_0,100,-10.0,0,130883009,ricker,WGN,-1,1000,1,1000,213,213.0,AIC_prepeak_clean,Table_1\results_aic\raw_aic_results.csv
100_-10.0_1,100,-10.0,1,2848563235,ricker,WGN,-1,1000,1,1000,213,213.0,AIC_prepeak_clean,Table_1\results_aic\raw_aic_results.csv
100_-10.0_2,100,-10.0,2,3136500927,ricker,WGN,-1,1000,1,1000,213,213.0,AIC_prepeak_clean,Table_1\results_aic\raw_aic_results.csv
100_-10.0_3,100,-10.0,3,1826782195,ricker,WGN,-1,1000,1,1000,213,213.0,AIC_prepeak_clean,Table_1\results_aic\raw_aic_results.csv
100_-10.0_4,100,-10.0,4,664763852,ricker,WGN,-1,1000,1,1000,213,213.0,AIC_prepeak_clean,Table_1\results_aic\raw_aic_results.csv
100_-10.0_5,100,-10.0,5,2415822091,ricker,WGN,-1,1000,1,1000,213,213.0,AIC_prepeak_clean,Table_1\results_aic\raw_aic_results.csv
100_-10.0_6,100,-10.0,6,1456147836,ricker,WGN,-1,1000,1,1000,213,213.0,AIC_prepeak_clean,Table_1\results_aic\raw_aic_results.csv
100_-10.0_7,100,-10.0,7,3470723315,ricker,WGN,-1,1000,1,1000,213,213.0,AIC_prepeak_clean,Table_1\results_aic\raw_aic_results.csv
100_-10.0_8,100,-10.0,8,615595807,ricker,WGN,-1,1000,1,1000,213,213.0,AIC_prepeak_clean,Table_1\results_aic\raw_aic_results.csv
100_-10.0_9,100,-10.0,9,3126019678,ricker,WGN,-1,1000,1,1000,213,213.0,AIC_prepeak_clean,Table_1\results_aic\raw_aic_results.csv
100_-10.0_10,100,-10.0,10,4003367977,ricker,WGN,-1,1000,1,1000,213,213.0,AIC_prepeak_clean,Table_1\results_aic\raw_aic_results.csv
100_-10.0_11,100,-10.0,11,2366640082,ricker,WGN,-1,1000,1,1000,213,213.0,AIC_prepeak_clean,Table_1\results_aic\raw_aic_results.csv
100_-10.0_12,100,-10.0,12,2038635433,ricker,WGN,-1,1000,1,1000,213,213.0,AIC_prepeak_clean,Table_1\results_aic\raw_aic_results.csv
100_-10.0_13,100,-10.0,13,3249556868,ricker,WGN,-1,1000,1,1000,213,213.0,AIC_prepeak_clean,Table_1\results_aic\raw_aic_results.csv
100_-10.0_14,100,-10.0,14,3295871950,ricker,WGN,-1,1000,1,1000,213,213.0,AIC_prepeak_clean,Table_1\results_aic\raw_aic_results.csv
100_-10.0_15,100,-10.0,15,1297074382,ricker,WGN,-1,1000,1,1000,213,213.0,AIC_prepeak_clean,Table_1\results_aic\raw_aic_results.csv
100_-10.0_16,100,-10.0,16,3215563385,ricker,WGN,-1,1000,1,1000,213,213.0,AIC_prepeak_clean,Table_1\results_aic\raw_aic_results.csv
100_-10.0_17,100,-10.0,17,1307110349,ricker,WGN,-1,1000,1,1000,213,213.0,AIC_prepeak_clean,Table_1\results_aic\raw_aic_results.csv
100_-10.0_18,100,-10.0,18,610128799,ricker,WGN,-1,1000,1,1000,213,213.0,AIC_prepeak_clean,Table_1\results_aic\raw_aic_results.csv
100_-10.0_19,100,-10.0,19,264955535,ricker,WGN,-1,1000,1,1000,213,213.0,AIC_prepeak_clean,Table_1\results_aic\raw_aic_results.csv
100_-10.0_20,100,-10.0,20,1585617531,ricker,WGN,-1,1000,1,1000,213,213.0,AIC_prepeak_clean,Table_1\results_aic\raw_aic_results.csv
100_-10.0_21,100,-10.0,21,3523706142,ricker,WGN,-1,1000,1,1000,213,213.0,AIC_prepeak_clean,Table_1\results_aic\raw_aic_results.csv
100_-10.0_22,100,-10.0,22,3021360988,ricker,WGN,-1,1000,1,1000,213,213.0,AIC_prepeak_clean,Table_1\results_aic\raw_aic_results.csv
100_-10.0_23,100,-10.0,23,2605615079,ricker,WGN,-1,1000,1,1000,213,213.0,AIC_prepeak_clean,Table_1\results_aic\raw_aic_results.csv
100_-10.0_24,100,-10.0,24,1117262687,ricker,WGN,-1,1000,1,1000,213,213.0,AIC_prepeak_clean,Table_1\results_aic\raw_aic_results.csv
100_-10.0_25,100,-10.0,25,1982082693,ricker,WGN,-1,1000,1,1000,213,213.0,AIC_prepeak_clean,Table_1\results_aic\raw_aic_results.csv
100_-10.0_26,100,-10.0,26,725104754,ricker,WGN,-1,1000,1,1000,213,213.0,AIC_prepeak_clean,Table_1\results_aic\raw_aic_results.csv
100_-10.0_27,100,-10.0,27,2017918315,ricker,WGN,-1,1000,1,1000,213,213.0,AIC_prepeak_clean,Table_1\results_aic\raw_aic_results.csv
100_-10.0_28,100,-10.0,28,2512306136,ricker,WGN,-1,1000,1,1000,213,213.0,AIC_prepeak_clean,Table_1\results_aic\raw_aic_results.csv
100_-10.0_29,100,-10.0,29,3734087972,ricker,WGN,-1,1000,1,1000,213,213.0,AIC_prepeak_clean,Table_1\results_aic\raw_aic_results.csv
100_-10.0_30,100,-10.0,30,2031677799,ricker,WGN,-1,1000,1,1000,213,213.0,AIC_prepeak_clean,Table_1\results_aic\raw_aic_results.csv
100_-10.0_31,100,-10.0,31,1529033994,ricker,WGN,-1,1000,1,1000,213,213.0,AIC_prepeak_clean,Table_1\results_aic\raw_aic_results.csv
100_-10.0_32,100,-10.0,32,1054904213,ricker,WGN,-1,1000,1,1000,213,213.0,AIC_prepeak_clean,Table_1\results_aic\raw_aic_results.csv
100_-10.0_33,100,-10.0,33,3770052635,ricker,WGN,-1,1000,1,1000,213,213.0,AIC_prepeak_clean,Table_1\results_aic\raw_aic_results.csv
100_-10.0_34,100,-10.0,34,3304252083,ricker,WGN,-1,1000,1,1000,213,213.0,AIC_prepeak_clean,Table_1\results_aic\raw_aic_results.csv
100_-10.0_35,100,-10.0,35,3000241809,ricker,WGN,-1,1000,1,1000,213,213.0,AIC_prepeak_clean,Table_1\results_aic\raw_aic_results.csv
100_-10.0_36,100,-10.0,36,439964667,ricker,WGN,-1,1000,1,1000,213,213.0,AIC_prepeak_clean,Table_1\results_aic\raw_aic_results.csv
100_-10.0_37,100,-10.0,37,8738977,ricker,WGN,-1,1000,1,1000,213,213.0,AIC_prepeak_clean,Table_1\results_aic\raw_aic_results.csv
100_-10.0_38,100,-10.0,38,395446981,ricker,WGN,-1,1000,1,1000,213,213.0,AIC_prepeak_clean,Table_1\results_aic\raw_aic_results.csv
100_-10.0_39,100,-10.0,39,1178773752,ricker,WGN,-1,1000,1,1000,213,213.0,AIC_prepeak_clean,Table_1\results_aic\raw_aic_results.csv
100_-10.0_40,100,-10.0,40,3152229494,ricker,WGN,-1,1000,1,1000,213,213.0,AIC_prepeak_clean,Table_1\results_aic\raw_aic_results.csv
100_-10.0_41,100,-10.0,41,3821989113,ricker,WGN,-1,1000,1,1000,213,213.0,AIC_prepeak_clean,Table_1\results_aic\raw_aic_results.csv
100_-10.0_42,100,-10.0,42,2918812666,ricker,WGN,-1,1000,1,1000,213,213.0,AIC_prepeak_clean,Table_1\results_aic\raw_aic_results.csv
100_-10.0_43,100,-10.0,43,3414978100,ricker,WGN,-1,1000,1,1000,213,213.0,AIC_prepeak_clean,Table_1\results_aic\raw_aic_results.csv
100_-10.0_44,100,-10.0,44,210888858,ricker,WGN,-1,1000,1,1000,213,213.0,AIC_prepeak_clean,Table_1\results_aic\raw_aic_results.csv
100_-10.0_45,100,-10.0,45,774945823,ricker,WGN,-1,1000,1,1000,213,213.0,AIC_prepeak_clean,Table_1\results_aic\raw_aic_results.csv
100_-10.0_46,100,-10.0,46,2812292110,ricker,WGN,-1,1000,1,1000,213,213.0,AIC_prepeak_clean,Table_1\results_aic\raw_aic_results.csv
100_-10.0_47,100,-10.0,47,1331285179,ricker,WGN,-1,1000,1,1000,213,213.0,AIC_prepeak_clean,Table_1\results_aic\raw_aic_results.csv
100_-10.0_48,100,-10.0,48,2041249878,ricker,WGN,-1,1000,1,1000,213,213.0,AIC_prepeak_clean,Table_1\results_aic\raw_aic_results.csv
100_-10.0_49,100,-10.0,49,3999033554,ricker,WGN,-1,1000,1,1000,213,213.0,AIC_prepeak_clean,Table_1\results_aic\raw_aic_results.csv
100_-10.0_50,100,-10.0,50,1313789035,ricker,WGN,-1,1000,1,1000,213,213.0,AIC_prepeak_clean,Table_1\results_aic\raw_aic_results.csv
100_-10.0_51,100,-10.0,51,1482074987,ricker,WGN,-1,1000,1,1000,213,213.0,AIC_prepeak_clean,Table_1\results_aic\raw_aic_results.csv
100_-10.0_52,100,-10.0,52,143048269,ricker,WGN,-1,1000,1,1000,213,213.0,AIC_prepeak_clean,Table_1\results_aic\raw_aic_results.csv
100_-10.0_53,100,-10.0,53,1066684088,ricker,WGN,-1,1000,1,1000,213,213.0,AIC_prepeak_clean,Table_1\results_aic\raw_aic_results.csv
100_-10.0_54,100,-10.0,54,3100572967,ricker,WGN,-1,1000,1,1000,213,213.0,AIC_prepeak_clean,Table_1\results_aic\raw_aic_results.csv
100_-10.0_55,100,-10.0,55,1746997072,ricker,WGN,-1,1000,1,1000,213,213.0,AIC_prepeak_clean,Table_1\results_aic\raw_aic_results.csv
100_-10.0_56,100,-10.0,56,3597157218,ricker,WGN,-1,1000,1,1000,213,213.0,AIC_prepeak_clean,Table_1\results_aic\raw_aic_results.csv
100_-10.0_57,100,-10.0,57,1418217191,ricker,WGN,-1,1000,1,1000,213,213.0,AIC_prepeak_clean,Table_1\results_aic\raw_aic_results.csv
100_-10.0_58,100,-10.0,58,3821503720,ricker,WGN,-1,1000,1,1000,213,213.0,AIC_prepeak_clean,Table_1\results_aic\raw_aic_results.csv
100_-10.0_59,100,-10.0,59,3737741894,ricker,WGN,-1,1000,1,1000,213,213.0,AIC_prepeak_clean,Table_1\results_aic\raw_aic_results.csv
100_-10.0_60,100,-10.0,60,765798204,ricker,WGN,-1,1000,1,1000,213,213.0,AIC_prepeak_clean,Table_1\results_aic\raw_aic_results.csv
100_-10.0_61,100,-10.0,61,2828013663,ricker,WGN,-1,1000,1,1000,213,213.0,AIC_prepeak_clean,Table_1\results_aic\raw_aic_results.csv
100_-10.0_62,100,-10.0,62,3723051137,ricker,WGN,-1,1000,1,1000,213,213.0,AIC_prepeak_clean,Table_1\results_aic\raw_aic_results.csv
100_-10.0_63,100,-10.0,63,2647062579,ricker,WGN,-1,1000,1,1000,213,213.0,AIC_prepeak_clean,Table_1\results_aic\raw_aic_results.csv
100_-10.0_64,100,-10.0,64,2326735196,ricker,WGN,-1,1000,1,1000,213,213.0,AIC_prepeak_clean,Table_1\results_aic\raw_aic_results.csv
100_-10.0_65,100,-10.0,65,2281912710,ricker,WGN,-1,1000,1,1000,213,213.0,AIC_prepeak_clean,Table_1\results_aic\raw_aic_results.csv
100_-10.0_66,100,-10.0,66,3616425042,ricker,WGN,-1,1000,1,1000,213,213.0,AIC_prepeak_clean,Table_1\results_aic\raw_aic_results.csv
100_-10.0_67,100,-10.0,67,3850661378,ricker,WGN,-1,1000,1,1000,213,213.0,AIC_prepeak_clean,Table_1\results_aic\raw_aic_results.csv
100_-10.0_68,100,-10.0,68,486693484,ricker,WGN,-1,1000,1,1000,213,213.0,AIC_prepeak_clean,Table_1\results_aic\raw_aic_results.csv
100_-10.0_69,100,-10.0,69,3378628463,ricker,WGN,-1,1000,1,1000,213,213.0,AIC_prepeak_clean,Table_1\results_aic\raw_aic_results.csv
100_-10.0_70,100,-10.0,70,3087754340,ricker,WGN,-1,1000,1,1000,213,213.0,AIC_prepeak_clean,Table_1\results_aic\raw_aic_results.csv
100_-10.0_71,100,-10.0,71,2765805392,ricker,WGN,-1,1000,1,1000,213,213.0,AIC_prepeak_clean,Table_1\results_aic\raw_aic_results.csv
100_-10.0_72,100,-10.0,72,2256829030,ricker,WGN,-1,1000,1,1000,213,213.0,AIC_prepeak_clean,Table_1\results_aic\raw_aic_results.csv
100_-10.0_73,100,-10.0,73,2051966371,ricker,WGN,-1,1000,1,1000,213,213.0,AIC_prepeak_clean,Table_1\results_aic\raw_aic_results.csv
100_-10.0_74,100,-10.0,74,3454165393,ricker,WGN,-1,1000,1,1000,213,213.0,AIC_prepeak_clean,Table_1\results_aic\raw_aic_results.csv
100_-10.0_75,100,-10.0,75,380484544,ricker,WGN,-1,1000,1,1000,213,213.0,AIC_prepeak_clean,Table_1\results_aic\raw_aic_results.csv
100_-10.0_76,100,-10.0,76,3534593648,ricker,WGN,-1,1000,1,1000,213,213.0,AIC_prepeak_clean,Table_1\results_aic\raw_aic_results.csv
100_-10.0_77,100,-10.0,77,4013433817,ricker,WGN,-1,1000,1,1000,213,213.0,AIC_prepeak_clean,Table_1\results_aic\raw_aic_results.csv
100_-10.0_78,100,-10.0,78,2813003284,ricker,WGN,-1,1000,1,1000,213,213.0,AIC_prepeak_clean,Table_1\results_aic\raw_aic_results.csv
100_-10.0_79,100,-10.0,79,1750226781,ricker,WGN,-1,1000,1,1000,213,213.0,AIC_prepeak_clean,Table_1\results_aic\raw_aic_results.csv
100_-10.0_80,100,-10.0,80,3067354628,ricker,WGN,-1,1000,1,1000,213,213.0,AIC_prepeak_clean,Table_1\results_aic\raw_aic_results.csv
100_-10.0_81,100,-10.0,81,109686842,ricker,WGN,-1,1000,1,1000,213,213.0,AIC_prepeak_clean,Table_1\results_aic\raw_aic_results.csv
100_-10.0_82,100,-10.0,82,3884049539,ricker,WGN,-1,1000,1,1000,213,213.0,AIC_prepeak_clean,Table_1\results_aic\raw_aic_results.csv
100_-10.0_83,100,-10.0,83,2419132615,ricker,WGN,-1,1000,1,1000,213,213.0,AIC_prepeak_clean,Table_1\results_aic\raw_aic_results.csv
100_-10.0_84,100,-10.0,84,572901189,ricker,WGN,-1,1000,1,1000,213,213.0,AIC_prepeak_clean,Table_1\results_aic\raw_aic_results.csv
100_-10.0_85,100,-10.0,85,3322371372,ricker,WGN,-1,1000,1,1000,213,213.0,AIC_prepeak_clean,Table_1\results_aic\raw_aic_results.csv
100_-10.0_86,100,-10.0,86,800172406,ricker,WGN,-1,1000,1,1000,213,213.0,AIC_prepeak_clean,Table_1\results_aic\raw_aic_results.csv
100_-10.0_87,100,-10.0,87,4219936306,ricker,WGN,-1,1000,1,1000,213,213.0,AIC_prepeak_clean,Table_1\results_aic\raw_aic_results.csv
100_-10.0_88,100,-10.0,88,848721859,ricker,WGN,-1,1000,1,1000,213,213.0,AIC_prepeak_clean,Table_1\results_aic\raw_aic_results.csv
100_-10.0_89,100,-10.0,89,662912106,ricker,WGN,-1,1000,1,1000,213,213.0,AIC_prepeak_clean,Table_1\results_aic\raw_aic_results.csv
100_-10.0_90,100,-10.0,90,590301241,ricker,WGN,-1,1000,1,1000,213,213.0,AIC_prepeak_clean,Table_1\results_aic\raw_aic_results.csv
100_-10.0_91,100,-10.0,91,2939827334,ricker,WGN,-1,1000,1,1000,213,213.0,AIC_prepeak_clean,Table_1\results_aic\raw_aic_results.csv
100_-10.0_92,100,-10.0,92,3732336685,ricker,WGN,-1,1000,1,1000,213,213.0,AIC_prepeak_clean,Table_1\results_aic\raw_aic_results.csv
100_-10.0_93,100,-10.0,93,3652567467,ricker,WGN,-1,1000,1,1000,213,213.0,AIC_prepeak_clean,Table_1\results_aic\raw_aic_results.csv
100_-10.0_94,100,-10.0,94,2408787008,ricker,WGN,-1,1000,1,1000,213,213.0,AIC_prepeak_clean,Table_1\results_aic\raw_aic_results.csv
100_-10.0_95,100,-10.0,95,3306774511,ricker,WGN,-1,1000,1,1000,213,213.0,AIC_prepeak_clean,Table_1\results_aic\raw_aic_results.csv
100_-10.0_96,100,-10.0,96,2089175742,ricker,WGN,-1,1000,1,1000,213,213.0,AIC_prepeak_clean,Table_1\results_aic\raw_aic_results.csv
100_-10.0_97,100,-10.0,97,1560035470,ricker,WGN,-1,1000,1,1000,213,213.0,AIC_prepeak_clean,Table_1\results_aic\raw_aic_results.csv
100_-10.0_98,100,-10.0,98,546098383,ricker,WGN,-1,1000,1,1000,213,213.0,AIC_prepeak_clean,Table_1\results_aic\raw_aic_results.csv
100_-10.0_99,100,-10.0,99,2932588314,ricker,WGN,-1,1000,1,1000,213,213.0,AIC_prepeak_clean,Table_1\results_aic\raw_aic_results.csv
100_-10.0_100,100,-10.0,100,2878908735,ricker,WGN,-1,1000,1,1000,213,213.0,AIC_prepeak_clean,Table_1\results_aic\raw_aic_results.csv
100_-10.0_101,100,-10.0,101,3142588963,ricker,WGN,-1,1000,1,1000,213,213.0,AIC_prepeak_clean,Table_1\results_aic\raw_aic_results.csv
100_-10.0_102,100,-10.0,102,2026769271,ricker,WGN,-1,1000,1,1000,213,213.0,AIC_prepeak_clean,Table_1\results_aic\raw_aic_results.csv
100_-10.0_103,100,-10.0,103,587418126,ricker,WGN,-1,1000,1,1000,213,213.0,AIC_prepeak_clean,Table_1\results_aic\raw_aic_results.csv
100_-10.0_104,100,-10.0,104,2713249438,ricker,WGN,-1,1000,1,1000,213,213.0,AIC_prepeak_clean,Table_1\results_aic\raw_aic_results.csv
100_-10.0_105,100,-10.0,105,3755388573,ricker,WGN,-1,1000,1,1000,213,213.0,AIC_prepeak_clean,Table_1\results_aic\raw_aic_results.csv
100_-10.0_106,100,-10.0,106,4045411826,ricker,WGN,-1,1000,1,1000,213,213.0,AIC_prepeak_clean,Table_1\results_aic\raw_aic_results.csv
100_-10.0_107,100,-10.0,107,3784361447,ricker,WGN,-1,1000,1,1000,213,213.0,AIC_prepeak_clean,Table_1\results_aic\raw_aic_results.csv
100_-10.0_108,100,-10.0,108,3584800043,ricker,WGN,-1,1000,1,1000,213,213.0,AIC_prepeak_clean,Table_1\results_aic\raw_aic_results.csv
100_-10.0_109,100,-10.0,109,4207719658,ricker,WGN,-1,1000,1,1000,213,213.0,AIC_prepeak_clean,Table_1\results_aic\raw_aic_results.csv
100_-10.0_110,100,-10.0,110,1630275797,ricker,WGN,-1,1000,1,1000,213,213.0,AIC_prepeak_clean,Table_1\results_aic\raw_aic_results.csv
100_-10.0_111,100,-10.0,111,498653751,ricker,WGN,-1,1000,1,1000,213,213.0,AIC_prepeak_clean,Table_1\results_aic\raw_aic_results.csv
100_-10.0_112,100,-10.0,112,3269380911,ricker,WGN,-1,1000,1,1000,213,213.0,AIC_prepeak_clean,Table_1\results_aic\raw_aic_results.csv
100_-10.0_113,100,-10.0,113,1176345268,ricker,WGN,-1,1000,1,1000,213,213.0,AIC_prepeak_clean,Table_1\results_aic\raw_aic_results.csv
100_-10.0_114,100,-10.0,114,3859113008,ricker,WGN,-1,1000,1,1000,213,213.0,AIC_prepeak_clean,Table_1\results_aic\raw_aic_results.csv
100_-10.0_115,100,-10.0,115,2225383257,ricker,WGN,-1,1000,1,1000,213,213.0,AIC_prepeak_clean,Table_1\results_aic\raw_aic_results.csv
100_-10.0_116,100,-10.0,116,1351422511,ricker,WGN,-1,1000,1,1000,213,213.0,AIC_prepeak_clean,Table_1\results_aic\raw_aic_results.csv
100_-10.0_117,100,-10.0,117,3174758376,ricker,WGN,-1,1000,1,1000,213,213.0,AIC_prepeak_clean,Table_1\results_aic\raw_aic_results.csv
100_-10.0_118,100,-10.0,118,1853399382,ricker,WGN,-1,1000,1,1000,213,213.0,AIC_prepeak_clean,Table_1\results_aic\raw_aic_results.csv
100_-10.0_119,100,-10.0,119,2420725757,ricker,WGN,-1,1000,1,1000,213,213.0,AIC_prepeak_clean,Table_1\results_aic\raw_aic_results.csv
100_-10.0_120,100,-10.0,120,2740824243,ricker,WGN,-1,1000,1,1000,213,213.0,AIC_prepeak_clean,Table_1\results_aic\raw_aic_results.csv
100_-10.0_121,100,-10.0,121,182487068,ricker,WGN,-1,1000,1,1000,213,213.0,AIC_prepeak_clean,Table_1\results_aic\raw_aic_results.csv
100_-10.0_122,100,-10.0,122,1906250693,ricker,WGN,-1,1000,1,1000,213,213.0,AIC_prepeak_clean,Table_1\results_aic\raw_aic_results.csv
100_-10.0_123,100,-10.0,123,2603485835,ricker,WGN,-1,1000,1,1000,213,213.0,AIC_prepeak_clean,Table_1\results_aic\raw_aic_results.csv
100_-10.0_124,100,-10.0,124,2806507646,ricker,WGN,-1,1000,1,1000,213,213.0,AIC_prepeak_clean,Table_1\results_aic\raw_aic_results.csv
100_-10.0_125,100,-10.0,125,3175017470,ricker,WGN,-1,1000,1,1000,213,213.0,AIC_prepeak_clean,Table_1\results_aic\raw_aic_results.csv
100_-10.0_126,100,-10.0,126,394417196,ricker,WGN,-1,1000,1,1000,213,213.0,AIC_prepeak_clean,Table_1\results_aic\raw_aic_results.csv
100_-10.0_127,100,-10.0,127,1404900548,ricker,WGN,-1,1000,1,1000,213,213.0,AIC_prepeak_clean,Table_1\results_aic\raw_aic_results.csv
100_-10.0_128,100,-10.0,128,1432619754,ricker,WGN,-1,1000,1,1000,213,213.0,AIC_prepeak_clean,Table_1\results_aic\raw_aic_results.csv
100_-10.0_129,100,-10.0,129,2445824448,ricker,WGN,-1,1000,1,1000,213,213.0,AIC_prepeak_clean,Table_1\results_aic\raw_aic_results.csv
100_-10.0_130,100,-10.0,130,383875380,ricker,WGN,-1,1000,1,1000,213,213.0,AIC_prepeak_clean,Table_1\results_aic\raw_aic_results.csv
100_-10.0_131,100,-10.0,131,2145501049,ricker,WGN,-1,1000,1,1000,213,213.0,AIC_prepeak_clean,Table_1\results_aic\raw_aic_results.csv
100_-10.0_132,100,-10.0,132,4035281190,ricker,WGN,-1,1000,1,1000,213,213.0,AIC_prepeak_clean,Table_1\results_aic\raw_aic_results.csv
100_-10.0_133,100,-10.0,133,3900368896,ricker,WGN,-1,1000,1,1000,213,213.0,AIC_prepeak_clean,Table_1\results_aic\raw_aic_results.csv
100_-10.0_134,100,-10.0,134,2201865683,ricker,WGN,-1,1000,1,1000,213,213.0,AIC_prepeak_clean,Table_1\results_aic\raw_aic_results.csv
100_-10.0_135,100,-10.0,135,2198129785,ricker,WGN,-1,1000,1,1000,213,213.0,AIC_prepeak_clean,Table_1\results_aic\raw_aic_results.csv
100_-10.0_136,100,-10.0,136,3395645279,ricker,WGN,-1,1000,1,1000,213,213.0,AIC_prepeak_clean,Table_1\results_aic\raw_aic_results.csv
100_-10.0_137,100,-10.0,137,3702406461,ricker,WGN,-1,1000,1,1000,213,213.0,AIC_prepeak_clean,Table_1\results_aic\raw_aic_results.csv
100_-10.0_138,100,-10.0,138,720375782,ricker,WGN,-1,1000,1,1000,213,213.0,AIC_prepeak_clean,Table_1\results_aic\raw_aic_results.csv
100_-10.0_139,100,-10.0,139,31076656,ricker,WGN,-1,1000,1,1000,213,213.0,AIC_prepeak_clean,Table_1\results_aic\raw_aic_results.csv
100_-10.0_140,100,-10.0,140,962833270,ricker,WGN,-1,1000,1,1000,213,213.0,AIC_prepeak_clean,Table_1\results_aic\raw_aic_results.csv
100_-10.0_141,100,-10.0,141,2381575004,ricker,WGN,-1,1000,1,1000,213,213.0,AIC_prepeak_clean,Table_1\results_aic\raw_aic_results.csv
100_-10.0_142,100,-10.0,142,2263386588,ricker,WGN,-1,1000,1,1000,213,213.0,AIC_prepeak_clean,Table_1\results_aic\raw_aic_results.csv
100_-10.0_143,100,-10.0,143,2150170252,ricker,WGN,-1,1000,1,1000,213,213.0,AIC_prepeak_clean,Table_1\results_aic\raw_aic_results.csv
100_-10.0_144,100,-10.0,144,585458417,ricker,WGN,-1,1000,1,1000,213,213.0,AIC_prepeak_clean,Table_1\results_aic\raw_aic_results.csv
100_-10.0_145,100,-10.0,145,4163351050,ricker,WGN,-1,1000,1,1000,213,213.0,AIC_prepeak_clean,Table_1\results_aic\raw_aic_results.csv
100_-10.0_146,100,-10.0,146,1731236627,ricker,WGN,-1,1000,1,1000,213,213.0,AIC_prepeak_clean,Table_1\results_aic\raw_aic_results.csv
100_-10.0_147,100,-10.0,147,1418255223,ricker,WGN,-1,1000,1,1000,213,213.0,AIC_prepeak_clean,Table_1\results_aic\raw_aic_results.csv
100_-10.0_148,100,-10.0,148,2202686156,ricker,WGN,-1,1000,1,1000,213,213.0,AIC_prepeak_clean,Table_1\results_aic\raw_aic_results.csv
100_-10.0_149,100,-10.0,149,572174628,ricker,WGN,-1,1000,1,1000,213,213.0,AIC_prepeak_clean,Table_1\results_aic\raw_aic_results.csv
100_-10.0_150,100,-10.0,150,1242203937,ricker,WGN,-1,1000,1,1000,213,213.0,AIC_prepeak_clean,Table_1\results_aic\raw_aic_results.csv
100_-10.0_151,100,-10.0,151,374196752,ricker,WGN,-1,1000,1,1000,213,213.0,AIC_prepeak_clean,Table_1\results_aic\raw_aic_results.csv
100_-10.0_152,100,-10.0,152,2073157370,ricker,WGN,-1,1000,1,1000,213,213.0,AIC_prepeak_clean,Table_1\results_aic\raw_aic_results.csv
100_-10.0_153,100,-10.0,153,2635885312,ricker,WGN,-1,1000,1,1000,213,213.0,AIC_prepeak_clean,Table_1\results_aic\raw_aic_results.csv
100_-10.0_154,100,-10.0,154,4246402726,ricker,WGN,-1,1000,1,1000,213,213.0,AIC_prepeak_clean,Table_1\results_aic\raw_aic_results.csv
100_-10.0_155,100,-10.0,155,2906460057,ricker,WGN,-1,1000,1,1000,213,213.0,AIC_prepeak_clean,Table_1\results_aic\raw_aic_results.csv
100_-10.0_156,100,-10.0,156,3970279792,ricker,WGN,-1,1000,1,1000,213,213.0,AIC_prepeak_clean,Table_1\results_aic\raw_aic_results.csv
100_-10.0_157,100,-10.0,157,204314111,ricker,WGN,-1,1000,1,1000,213,213.0,AIC_prepeak_clean,Table_1\results_aic\raw_aic_results.csv
100_-10.0_158,100,-10.0,158,941226867,ricker,WGN,-1,1000,1,1000,213,213.0,AIC_prepeak_clean,Table_1\results_aic\raw_aic_results.csv
100_-10.0_159,100,-10.0,159,3420228552,ricker,WGN,-1,1000,1,1000,213,213.0,AIC_prepeak_clean,Table_1\results_aic\raw_aic_results.csv
100_-10.0_160,100,-10.0,160,117710113,ricker,WGN,-1,1000,1,1000,213,213.0,AIC_prepeak_clean,Table_1\results_aic\raw_aic_results.csv
100_-10.0_161,100,-10.0,161,641614394,ricker,WGN,-1,1000,1,1000,213,213.0,AIC_prepeak_clean,Table_1\results_aic\raw_aic_results.csv
100_-10.0_162,100,-10.0,162,1286239673,ricker,WGN,-1,1000,1,1000,213,213.0,AIC_prepeak_clean,Table_1\results_aic\raw_aic_results.csv
100_-10.0_163,100,-10.0,163,267932417,ricker,WGN,-1,1000,1,1000,213,213.0,AIC_prepeak_clean,Table_1\results_aic\raw_aic_results.csv
100_-10.0_164,100,-10.0,164,2397872863,ricker,WGN,-1,1000,1,1000,213,213.0,AIC_prepeak_clean,Table_1\results_aic\raw_aic_results.csv
100_-10.0_165,100,-10.0,165,275403186,ricker,WGN,-1,1000,1,1000,213,213.0,AIC_prepeak_clean,Table_1\results_aic\raw_aic_results.csv
100_-10.0_166,100,-10.0,166,2982519875,ricker,WGN,-1,1000,1,1000,213,213.0,AIC_prepeak_clean,Table_1\results_aic\raw_aic_results.csv
100_-10.0_167,100,-10.0,167,3814917092,ricker,WGN,-1,1000,1,1000,213,213.0,AIC_prepeak_clean,Table_1\results_aic\raw_aic_results.csv
100_-10.0_168,100,-10.0,168,1882817902,ricker,WGN,-1,1000,1,1000,213,213.0,AIC_prepeak_clean,Table_1\results_aic\raw_aic_results.csv
100_-10.0_169,100,-10.0,169,3806575640,ricker,WGN,-1,1000,1,1000,213,213.0,AIC_prepeak_clean,Table_1\results_aic\raw_aic_results.csv
100_-10.0_170,100,-10.0,170,1094719995,ricker,WGN,-1,1000,1,1000,213,213.0,AIC_prepeak_clean,Table_1\results_aic\raw_aic_results.csv
100_-10.0_171,100,-10.0,171,2957062953,ricker,WGN,-1,1000,1,1000,213,213.0,AIC_prepeak_clean,Table_1\results_aic\raw_aic_results.csv
100_-10.0_172,100,-10.0,172,1792803682,ricker,WGN,-1,1000,1,1000,213,213.0,AIC_prepeak_clean,Table_1\results_aic\raw_aic_results.csv
100_-10.0_173,100,-10.0,173,4144364308,ricker,WGN,-1,1000,1,1000,213,213.0,AIC_prepeak_clean,Table_1\results_aic\raw_aic_results.csv
100_-10.0_174,100,-10.0,174,1979437507,ricker,WGN,-1,1000,1,1000,213,213.0,AIC_prepeak_clean,Table_1\results_aic\raw_aic_results.csv
100_-10.0_175,100,-10.0,175,826289542,ricker,WGN,-1,1000,1,1000,213,213.0,AIC_prepeak_clean,Table_1\results_aic\raw_aic_results.csv
100_-10.0_176,100,-10.0,176,166136247,ricker,WGN,-1,1000,1,1000,213,213.0,AIC_prepeak_clean,Table_1\results_aic\raw_aic_results.csv
100_-10.0_177,100,-10.0,177,407182186,ricker,WGN,-1,1000,1,1000,213,213.0,AIC_prepeak_clean,Table_1\results_aic\raw_aic_results.csv
100_-10.0_178,100,-10.0,178,859178632,ricker,WGN,-1,1000,1,1000,213,213.0,AIC_prepeak_clean,Table_1\results_aic\raw_aic_results.csv
100_-10.0_179,100,-10.0,179,260283771,ricker,WGN,-1,1000,1,1000,213,213.0,AIC_prepeak_clean,Table_1\results_aic\raw_aic_results.csv
100_-10.0_180,100,-10.0,180,3981594696,ricker,WGN,-1,1000,1,1000,213,213.0,AIC_prepeak_clean,Table_1\results_aic\raw_aic_results.csv
100_-10.0_181,100,-10.0,181,531369000,ricker,WGN,-1,1000,1,1000,213,213.0,AIC_prepeak_clean,Table_1\results_aic\raw_aic_results.csv
100_-10.0_182,100,-10.0,182,286641290,ricker,WGN,-1,1000,1,1000,213,213.0,AIC_prepeak_clean,Table_1\results_aic\raw_aic_results.csv
100_-10.0_183,100,-10.0,183,1395267905,ricker,WGN,-1,1000,1,1000,213,213.0,AIC_prepeak_clean,Table_1\results_aic\raw_aic_results.csv
100_-10.0_184,100,-10.0,184,3188772216,ricker,WGN,-1,1000,1,1000,213,213.0,AIC_prepeak_clean,Table_1\results_aic\raw_aic_results.csv
100_-10.0_185,100,-10.0,185,409557222,ricker,WGN,-1,1000,1,1000,213,213.0,AIC_prepeak_clean,Table_1\results_aic\raw_aic_results.csv
100_-10.0_186,100,-10.0,186,700869476,ricker,WGN,-1,1000,1,1000,213,213.0,AIC_prepeak_clean,Table_1\results_aic\raw_aic_results.csv
100_-10.0_187,100,-10.0,187,3191037099,ricker,WGN,-1,1000,1,1000,213,213.0,AIC_prepeak_clean,Table_1\results_aic\raw_aic_results.csv
100_-10.0_188,100,-10.0,188,928743561,ricker,WGN,-1,1000,1,1000,213,213.0,AIC_prepeak_clean,Table_1\results_aic\raw_aic_results.csv
100_-10.0_189,100,-10.0,189,1773660385,ricker,WGN,-1,1000,1,1000,213,213.0,AIC_prepeak_clean,Table_1\results_aic\raw_aic_results.csv
100_-10.0_190,100,-10.0,190,2371450893,ricker,WGN,-1,1000,1,1000,213,213.0,AIC_prepeak_clean,Table_1\results_aic\raw_aic_results.csv
100_-10.0_191,100,-10.0,191,3995748765,ricker,WGN,-1,1000,1,1000,213,213.0,AIC_prepeak_clean,Table_1\results_aic\raw_aic_results.csv
100_-10.0_192,100,-10.0,192,2158655975,ricker,WGN,-1,1000,1,1000,213,213.0,AIC_prepeak_clean,Table_1\results_aic\raw_aic_results.csv
100_-10.0_193,100,-10.0,193,1711968832,ricker,WGN,-1,1000,1,1000,213,213.0,AIC_prepeak_clean,Table_1\results_aic\raw_aic_results.csv
100_-10.0_194,100,-10.0,194,2271828372,ricker,WGN,-1,1000,1,1000,213,213.0,AIC_prepeak_clean,Table_1\results_aic\raw_aic_results.csv
100_-10.0_195,100,-10.0,195,3542444409,ricker,WGN,-1,1000,1,1000,213,213.0,AIC_prepeak_clean,Table_1\results_aic\raw_aic_results.csv
100_-10.0_196,100,-10.0,196,2011214242,ricker,WGN,-1,1000,1,1000,213,213.0,AIC_prepeak_clean,Table_1\results_aic\raw_aic_results.csv
100_-10.0_197,100,-10.0,197,4294428164,ricker,WGN,-1,1000,1,1000,213,213.0,AIC_prepeak_clean,Table_1\results_aic\raw_aic_results.csv
100_-10.0_198,100,-10.0,198,1615770428,ricker,WGN,-1,1000,1,1000,213,213.0,AIC_prepeak_clean,Table_1\results_aic\raw_aic_results.csv
100_-10.0_199,100,-10.0,199,2160392464,ricker,WGN,-1,1000,1,1000,213,213.0,AIC_prepeak_clean,Table_1\results_aic\raw_aic_results.csv
100_-8.0_0,100,-8.0,0,2357232997,ricker,WGN,-1,1000,1,1000,213,213.0,AIC_prepeak_clean,Table_1\results_aic\raw_aic_results.csv
100_-8.0_1,100,-8.0,1,2040892247,ricker,WGN,-1,1000,1,1000,213,213.0,AIC_prepeak_clean,Table_1\results_aic\raw_aic_results.csv
100_-8.0_2,100,-8.0,2,3707260784,ricker,WGN,-1,1000,1,1000,213,213.0,AIC_prepeak_clean,Table_1\results_aic\raw_aic_results.csv
100_-8.0_3,100,-8.0,3,2179716031,ricker,WGN,-1,1000,1,1000,213,213.0,AIC_prepeak_clean,Table_1\results_aic\raw_aic_results.csv
100_-8.0_4,100,-8.0,4,686919141,ricker,WGN,-1,1000,1,1000,213,213.0,AIC_prepeak_clean,Table_1\results_aic\raw_aic_results.csv
100_-8.0_5,100,-8.0,5,199058619,ricker,WGN,-1,1000,1,1000,213,213.0,AIC_prepeak_clean,Table_1\results_aic\raw_aic_results.csv
100_-8.0_6,100,-8.0,6,1325953565,ricker,WGN,-1,1000,1,1000,213,213.0,AIC_prepeak_clean,Table_1\results_aic\raw_aic_results.csv
100_-8.0_7,100,-8.0,7,637754218,ricker,WGN,-1,1000,1,1000,213,213.0,AIC_prepeak_clean,Table_1\results_aic\raw_aic_results.csv
100_-8.0_8,100,-8.0,8,3690193774,ricker,WGN,-1,1000,1,1000,213,213.0,AIC_prepeak_clean,Table_1\results_aic\raw_aic_results.csv
100_-8.0_9,100,-8.0,9,1557929965,ricker,WGN,-1,1000,1,1000,213,213.0,AIC_prepeak_clean,Table_1\results_aic\raw_aic_results.csv
100_-8.0_10,100,-8.0,10,3361362796,ricker,WGN,-1,1000,1,1000,213,213.0,AIC_prepeak_clean,Table_1\results_aic\raw_aic_results.csv
100_-8.0_11,100,-8.0,11,3881400815,ricker,WGN,-1,1000,1,1000,213,213.0,AIC_prepeak_clean,Table_1\results_aic\raw_aic_results.csv
100_-8.0_12,100,-8.0,12,3695317744,ricker,WGN,-1,1000,1,1000,213,213.0,AIC_prepeak_clean,Table_1\results_aic\raw_aic_results.csv
100_-8.0_13,100,-8.0,13,4230041053,ricker,WGN,-1,1000,1,1000,213,213.0,AIC_prepeak_clean,Table_1\results_aic\raw_aic_results.csv
100_-8.0_14,100,-8.0,14,1012886615,ricker,WGN,-1,1000,1,1000,213,213.0,AIC_prepeak_clean,Table_1\results_aic\raw_aic_results.csv
100_-8.0_15,100,-8.0,15,813255485,ricker,WGN,-1,1000,1,1000,213,213.0,AIC_prepeak_clean,Table_1\results_aic\raw_aic_results.csv
100_-8.0_16,100,-8.0,16,3389486803,ricker,WGN,-1,1000,1,1000,213,213.0,AIC_prepeak_clean,Table_1\results_aic\raw_aic_results.csv
100_-8.0_17,100,-8.0,17,943759129,ricker,WGN,-1,1000,1,1000,213,213.0,AIC_prepeak_clean,Table_1\results_aic\raw_aic_results.csv
100_-8.0_18,100,-8.0,18,1188713580,ricker,WGN,-1,1000,1,1000,213,213.0,AIC_prepeak_clean,Table_1\results_aic\raw_aic_results.csv
100_-8.0_19,100,-8.0,19,2073004583,ricker,WGN,-1,1000,1,1000,213,213.0,AIC_prepeak_clean,Table_1\results_aic\raw_aic_results.csv
100_-8.0_20,100,-8.0,20,3825822058,ricker,WGN,-1,1000,1,1000,213,213.0,AIC_prepeak_clean,Table_1\results_aic\raw_aic_results.csv
100_-8.0_21,100,-8.0,21,326683228,ricker,WGN,-1,1000,1,1000,213,213.0,AIC_prepeak_clean,Table_1\results_aic\raw_aic_results.csv
100_-8.0_22,100,-8.0,22,3615393862,ricker,WGN,-1,1000,1,1000,213,213.0,AIC_prepeak_clean,Table_1\results_aic\raw_aic_results.csv
100_-8.0_23,100,-8.0,23,2252867402,ricker,WGN,-1,1000,1,1000,213,213.0,AIC_prepeak_clean,Table_1\results_aic\raw_aic_results.csv
100_-8.0_24,100,-8.0,24,2354674886,ricker,WGN,-1,1000,1,1000,213,213.0,AIC_prepeak_clean,Table_1\results_aic\raw_aic_results.csv
100_-8.0_25,100,-8.0,25,3224496433,ricker,WGN,-1,1000,1,1000,213,213.0,AIC_prepeak_clean,Table_1\results_aic\raw_aic_results.csv
100_-8.0_26,100,-8.0,26,2734020161,ricker,WGN,-1,1000,1,1000,213,213.0,AIC_prepeak_clean,Table_1\results_aic\raw_aic_results.csv
100_-8.0_27,100,-8.0,27,2915990137,ricker,WGN,-1,1000,1,1000,213,213.0,AIC_prepeak_clean,Table_1\results_aic\raw_aic_results.csv
100_-8.0_28,100,-8.0,28,974193578,ricker,WGN,-1,1000,1,1000,213,213.0,AIC_prepeak_clean,Table_1\results_aic\raw_aic_results.csv
100_-8.0_29,100,-8.0,29,3115643964,ricker,WGN,-1,1000,1,1000,213,213.0,AIC_prepeak_clean,Table_1\results_aic\raw_aic_results.csv
100_-8.0_30,100,-8.0,30,1909309252,ricker,WGN,-1,1000,1,1000,213,213.0,AIC_prepeak_clean,Table_1\results_aic\raw_aic_results.csv
100_-8.0_31,100,-8.0,31,2618236625,ricker,WGN,-1,1000,1,1000,213,213.0,AIC_prepeak_clean,Table_1\results_aic\raw_aic_results.csv
100_-8.0_32,100,-8.0,32,2747877463,ricker,WGN,-1,1000,1,1000,213,213.0,AIC_prepeak_clean,Table_1\results_aic\raw_aic_results.csv
100_-8.0_33,100,-8.0,33,41647612,ricker,WGN,-1,1000,1,1000,213,213.0,AIC_prepeak_clean,Table_1\results_aic\raw_aic_results.csv
100_-8.0_34,100,-8.0,34,2424266028,ricker,WGN,-1,1000,1,1000,213,213.0,AIC_prepeak_clean,Table_1\results_aic\raw_aic_results.csv
100_-8.0_35,100,-8.0,35,2605513104,ricker,WGN,-1,1000,1,1000,213,213.0,AIC_prepeak_clean,Table_1\results_aic\raw_aic_results.csv
100_-8.0_36,100,-8.0,36,2991333408,ricker,WGN,-1,1000,1,1000,213,213.0,AIC_prepeak_clean,Table_1\results_aic\raw_aic_results.csv
100_-8.0_37,100,-8.0,37,1173247087,ricker,WGN,-1,1000,1,1000,213,213.0,AIC_prepeak_clean,Table_1\results_aic\raw_aic_results.csv
100_-8.0_38,100,-8.0,38,1919321553,ricker,WGN,-1,1000,1,1000,213,213.0,AIC_prepeak_clean,Table_1\results_aic\raw_aic_results.csv
100_-8.0_39,100,-8.0,39,3965107672,ricker,WGN,-1,1000,1,1000,213,213.0,AIC_prepeak_clean,Table_1\results_aic\raw_aic_results.csv
100_-8.0_40,100,-8.0,40,2599833605,ricker,WGN,-1,1000,1,1000,213,213.0,AIC_prepeak_clean,Table_1\results_aic\raw_aic_results.csv
100_-8.0_41,100,-8.0,41,18796714,ricker,WGN,-1,1000,1,1000,213,213.0,AIC_prepeak_clean,Table_1\results_aic\raw_aic_results.csv
100_-8.0_42,100,-8.0,42,205292010,ricker,WGN,-1,1000,1,1000,213,213.0,AIC_prepeak_clean,Table_1\results_aic\raw_aic_results.csv
100_-8.0_43,100,-8.0,43,2020130562,ricker,WGN,-1,1000,1,1000,213,213.0,AIC_prepeak_clean,Table_1\results_aic\raw_aic_results.csv
100_-8.0_44,100,-8.0,44,1117387837,ricker,WGN,-1,1000,1,1000,213,213.0,AIC_prepeak_clean,Table_1\results_aic\raw_aic_results.csv
100_-8.0_45,100,-8.0,45,1494781063,ricker,WGN,-1,1000,1,1000,213,213.0,AIC_prepeak_clean,Table_1\results_aic\raw_aic_results.csv
100_-8.0_46,100,-8.0,46,429576172,ricker,WGN,-1,1000,1,1000,213,213.0,AIC_prepeak_clean,Table_1\results_aic\raw_aic_results.csv
100_-8.0_47,100,-8.0,47,4010807601,ricker,WGN,-1,1000,1,1000,213,213.0,AIC_prepeak_clean,Table_1\results_aic\raw_aic_results.csv
100_-8.0_48,100,-8.0,48,217682754,ricker,WGN,-1,1000,1,1000,213,213.0,AIC_prepeak_clean,Table_1\results_aic\raw_aic_results.csv
100_-8.0_49,100,-8.0,49,3256659502,ricker,WGN,-1,1000,1,1000,213,213.0,AIC_prepeak_clean,Table_1\results_aic\raw_aic_results.csv
100_-8.0_50,100,-8.0,50,1650775113,ricker,WGN,-1,1000,1,1000,213,213.0,AIC_prepeak_clean,Table_1\results_aic\raw_aic_results.csv
100_-8.0_51,100,-8.0,51,399403592,ricker,WGN,-1,1000,1,1000,213,213.0,AIC_prepeak_clean,Table_1\results_aic\raw_aic_results.csv
100_-8.0_52,100,-8.0,52,973275717,ricker,WGN,-1,1000,1,1000,213,213.0,AIC_prepeak_clean,Table_1\results_aic\raw_aic_results.csv
100_-8.0_53,100,-8.0,53,1198656986,ricker,WGN,-1,1000,1,1000,213,213.0,AIC_prepeak_clean,Table_1\results_aic\raw_aic_results.csv
100_-8.0_54,100,-8.0,54,813383635,ricker,WGN,-1,1000,1,1000,213,213.0,AIC_prepeak_clean,Table_1\results_aic\raw_aic_results.csv
100_-8.0_55,100,-8.0,55,1558450324,ricker,WGN,-1,1000,1,1000,213,213.0,AIC_prepeak_clean,Table_1\results_aic\raw_aic_results.csv
100_-8.0_56,100,-8.0,56,1784679553,ricker,WGN,-1,1000,1,1000,213,213.0,AIC_prepeak_clean,Table_1\results_aic\raw_aic_results.csv
100_-8.0_57,100,-8.0,57,43474442,ricker,WGN,-1,1000,1,1000,213,213.0,AIC_prepeak_clean,Table_1\results_aic\raw_aic_results.csv
100_-8.0_58,100,-8.0,58,2700917299,ricker,WGN,-1,1000,1,1000,213,213.0,AIC_prepeak_clean,Table_1\results_aic\raw_aic_results.csv
100_-8.0_59,100,-8.0,59,3410009236,ricker,WGN,-1,1000,1,1000,213,213.0,AIC_prepeak_clean,Table_1\results_aic\raw_aic_results.csv
100_-8.0_60,100,-8.0,60,3337823119,ricker,WGN,-1,1000,1,1000,213,213.0,AIC_prepeak_clean,Table_1\results_aic\raw_aic_results.csv
100_-8.0_61,100,-8.0,61,4028417876,ricker,WGN,-1,1000,1,1000,213,213.0,AIC_prepeak_clean,Table_1\results_aic\raw_aic_results.csv
100_-8.0_62,100,-8.0,62,3194979801,ricker,WGN,-1,1000,1,1000,213,213.0,AIC_prepeak_clean,Table_1\results_aic\raw_aic_results.csv
100_-8.0_63,100,-8.0,63,3915216557,ricker,WGN,-1,1000,1,1000,213,213.0,AIC_prepeak_clean,Table_1\results_aic\raw_aic_results.csv
100_-8.0_64,100,-8.0,64,3319996256,ricker,WGN,-1,1000,1,1000,213,213.0,AIC_prepeak_clean,Table_1\results_aic\raw_aic_results.csv
100_-8.0_65,100,-8.0,65,2267918334,ricker,WGN,-1,1000,1,1000,213,213.0,AIC_prepeak_clean,Table_1\results_aic\raw_aic_results.csv
100_-8.0_66,100,-8.0,66,2621243693,ricker,WGN,-1,1000,1,1000,213,213.0,AIC_prepeak_clean,Table_1\results_aic\raw_aic_results.csv
100_-8.0_67,100,-8.0,67,3108141501,ricker,WGN,-1,1000,1,1000,213,213.0,AIC_prepeak_clean,Table_1\results_aic\raw_aic_results.csv
100_-8.0_68,100,-8.0,68,124115773,ricker,WGN,-1,1000,1,1000,213,213.0,AIC_prepeak_clean,Table_1\results_aic\raw_aic_results.csv
100_-8.0_69,100,-8.0,69,797140130,ricker,WGN,-1,1000,1,1000,213,213.0,AIC_prepeak_clean,Table_1\results_aic\raw_aic_results.csv
100_-8.0_70,100,-8.0,70,171433699,ricker,WGN,-1,1000,1,1000,213,213.0,AIC_prepeak_clean,Table_1\results_aic\raw_aic_results.csv
100_-8.0_71,100,-8.0,71,40623788,ricker,WGN,-1,1000,1,1000,213,213.0,AIC_prepeak_clean,Table_1\results_aic\raw_aic_results.csv
100_-8.0_72,100,-8.0,72,2480854141,ricker,WGN,-1,1000,1,1000,213,213.0,AIC_prepeak_clean,Table_1\results_aic\raw_aic_results.csv
100_-8.0_73,100,-8.0,73,3966388417,ricker,WGN,-1,1000,1,1000,213,213.0,AIC_prepeak_clean,Table_1\results_aic\raw_aic_results.csv
100_-8.0_74,100,-8.0,74,680740138,ricker,WGN,-1,1000,1,1000,213,213.0,AIC_prepeak_clean,Table_1\results_aic\raw_aic_results.csv
100_-8.0_75,100,-8.0,75,1799777520,ricker,WGN,-1,1000,1,1000,213,213.0,AIC_prepeak_clean,Table_1\results_aic\raw_aic_results.csv
100_-8.0_76,100,-8.0,76,3458602932,ricker,WGN,-1,1000,1,1000,213,213.0,AIC_prepeak_clean,Table_1\results_aic\raw_aic_results.csv
100_-8.0_77,100,-8.0,77,52889567,ricker,WGN,-1,1000,1,1000,213,213.0,AIC_prepeak_clean,Table_1\results_aic\raw_aic_results.csv
100_-8.0_78,100,-8.0,78,2859071763,ricker,WGN,-1,1000,1,1000,213,213.0,AIC_prepeak_clean,Table_1\results_aic\raw_aic_results.csv
100_-8.0_79,100,-8.0,79,3302838102,ricker,WGN,-1,1000,1,1000,213,213.0,AIC_prepeak_clean,Table_1\results_aic\raw_aic_results.csv
100_-8.0_80,100,-8.0,80,2713926881,ricker,WGN,-1,1000,1,1000,213,213.0,AIC_prepeak_clean,Table_1\results_aic\raw_aic_results.csv
100_-8.0_81,100,-8.0,81,1470866761,ricker,WGN,-1,1000,1,1000,213,213.0,AIC_prepeak_clean,Table_1\results_aic\raw_aic_results.csv
100_-8.0_82,100,-8.0,82,3869573930,ricker,WGN,-1,1000,1,1000,213,213.0,AIC_prepeak_clean,Table_1\results_aic\raw_aic_results.csv
100_-8.0_83,100,-8.0,83,1411907197,ricker,WGN,-1,1000,1,1000,213,213.0,AIC_prepeak_clean,Table_1\results_aic\raw_aic_results.csv
100_-8.0_84,100,-8.0,84,2782467353,ricker,WGN,-1,1000,1,1000,213,213.0,AIC_prepeak_clean,Table_1\results_aic\raw_aic_results.csv
100_-8.0_85,100,-8.0,85,3853668971,ricker,WGN,-1,1000,1,1000,213,213.0,AIC_prepeak_clean,Table_1\results_aic\raw_aic_results.csv
100_-8.0_86,100,-8.0,86,3912670882,ricker,WGN,-1,1000,1,1000,213,213.0,AIC_prepeak_clean,Table_1\results_aic\raw_aic_results.csv
100_-8.0_87,100,-8.0,87,2451122306,ricker,WGN,-1,1000,1,1000,213,213.0,AIC_prepeak_clean,Table_1\results_aic\raw_aic_results.csv
100_-8.0_88,100,-8.0,88,1983522974,ricker,WGN,-1,1000,1,1000,213,213.0,AIC_prepeak_clean,Table_1\results_aic\raw_aic_results.csv
100_-8.0_89,100,-8.0,89,338498517,ricker,WGN,-1,1000,1,1000,213,213.0,AIC_prepeak_clean,Table_1\results_aic\raw_aic_results.csv
100_-8.0_90,100,-8.0,90,2023914702,ricker,WGN,-1,1000,1,1000,213,213.0,AIC_prepeak_clean,Table_1\results_aic\raw_aic_results.csv
100_-8.0_91,100,-8.0,91,3131833464,ricker,WGN,-1,1000,1,1000,213,213.0,AIC_prepeak_clean,Table_1\results_aic\raw_aic_results.csv
100_-8.0_92,100,-8.0,92,547755239,ricker,WGN,-1,1000,1,1000,213,213.0,AIC_prepeak_clean,Table_1\results_aic\raw_aic_results.csv
100_-8.0_93,100,-8.0,93,999045126,ricker,WGN,-1,1000,1,1000,213,213.0,AIC_prepeak_clean,Table_1\results_aic\raw_aic_results.csv
100_-8.0_94,100,-8.0,94,2193116238,ricker,WGN,-1,1000,1,1000,213,213.0,AIC_prepeak_clean,Table_1\results_aic\raw_aic_results.csv
100_-8.0_95,100,-8.0,95,4153551903,ricker,WGN,-1,1000,1,1000,213,213.0,AIC_prepeak_clean,Table_1\results_aic\raw_aic_results.csv
100_-8.0_96,100,-8.0,96,2449837928,ricker,WGN,-1,1000,1,1000,213,213.0,AIC_prepeak_clean,Table_1\results_aic\raw_aic_results.csv
100_-8.0_97,100,-8.0,97,3481297748,ricker,WGN,-1,1000,1,1000,213,213.0,AIC_prepeak_clean,Table_1\results_aic\raw_aic_results.csv
100_-8.0_98,100,-8.0,98,849339561,ricker,WGN,-1,1000,1,1000,213,213.0,AIC_prepeak_clean,Table_1\results_aic\raw_aic_results.csv
100_-8.0_99,100,-8.0,99,289363546,ricker,WGN,-1,1000,1,1000,213,213.0,AIC_prepeak_clean,Table_1\results_aic\raw_aic_results.csv
100_-8.0_100,100,-8.0,100,3234760248,ricker,WGN,-1,1000,1,1000,213,213.0,AIC_prepeak_clean,Table_1\results_aic\raw_aic_results.csv
100_-8.0_101,100,-8.0,101,1918831394,ricker,WGN,-1,1000,1,1000,213,213.0,AIC_prepeak_clean,Table_1\results_aic\raw_aic_results.csv
100_-8.0_102,100,-8.0,102,3128448454,ricker,WGN,-1,1000,1,1000,213,213.0,AIC_prepeak_clean,Table_1\results_aic\raw_aic_results.csv
100_-8.0_103,100,-8.0,103,1709764697,ricker,WGN,-1,1000,1,1000,213,213.0,AIC_prepeak_clean,Table_1\results_aic\raw_aic_results.csv
100_-8.0_104,100,-8.0,104,2062325638,ricker,WGN,-1,1000,1,1000,213,213.0,AIC_prepeak_clean,Table_1\results_aic\raw_aic_results.csv
100_-8.0_105,100,-8.0,105,2201197512,ricker,WGN,-1,1000,1,1000,213,213.0,AIC_prepeak_clean,Table_1\results_aic\raw_aic_results.csv
100_-8.0_106,100,-8.0,106,3089973108,ricker,WGN,-1,1000,1,1000,213,213.0,AIC_prepeak_clean,Table_1\results_aic\raw_aic_results.csv
100_-8.0_107,100,-8.0,107,2702895693,ricker,WGN,-1,1000,1,1000,213,213.0,AIC_prepeak_clean,Table_1\results_aic\raw_aic_results.csv
100_-8.0_108,100,-8.0,108,616775881,ricker,WGN,-1,1000,1,1000,213,213.0,AIC_prepeak_clean,Table_1\results_aic\raw_aic_results.csv
100_-8.0_109,100,-8.0,109,2603922431,ricker,WGN,-1,1000,1,1000,213,213.0,AIC_prepeak_clean,Table_1\results_aic\raw_aic_results.csv
100_-8.0_110,100,-8.0,110,769816361,ricker,WGN,-1,1000,1,1000,213,213.0,AIC_prepeak_clean,Table_1\results_aic\raw_aic_results.csv
100_-8.0_111,100,-8.0,111,1717719219,ricker,WGN,-1,1000,1,1000,213,213.0,AIC_prepeak_clean,Table_1\results_aic\raw_aic_results.csv
100_-8.0_112,100,-8.0,112,2423076040,ricker,WGN,-1,1000,1,1000,213,213.0,AIC_prepeak_clean,Table_1\results_aic\raw_aic_results.csv
100_-8.0_113,100,-8.0,113,1515962046,ricker,WGN,-1,1000,1,1000,213,213.0,AIC_prepeak_clean,Table_1\results_aic\raw_aic_results.csv
100_-8.0_114,100,-8.0,114,1812629169,ricker,WGN,-1,1000,1,1000,213,213.0,AIC_prepeak_clean,Table_1\results_aic\raw_aic_results.csv
100_-8.0_115,100,-8.0,115,4000209027,ricker,WGN,-1,1000,1,1000,213,213.0,AIC_prepeak_clean,Table_1\results_aic\raw_aic_results.csv
100_-8.0_116,100,-8.0,116,1381580349,ricker,WGN,-1,1000,1,1000,213,213.0,AIC_prepeak_clean,Table_1\results_aic\raw_aic_results.csv
100_-8.0_117,100,-8.0,117,3206042849,ricker,WGN,-1,1000,1,1000,213,213.0,AIC_prepeak_clean,Table_1\results_aic\raw_aic_results.csv
100_-8.0_118,100,-8.0,118,246772131,ricker,WGN,-1,1000,1,1000,213,213.0,AIC_prepeak_clean,Table_1\results_aic\raw_aic_results.csv
100_-8.0_119,100,-8.0,119,2082692987,ricker,WGN,-1,1000,1,1000,213,213.0,AIC_prepeak_clean,Table_1\results_aic\raw_aic_results.csv
100_-8.0_120,100,-8.0,120,199872343,ricker,WGN,-1,1000,1,1000,213,213.0,AIC_prepeak_clean,Table_1\results_aic\raw_aic_results.csv
100_-8.0_121,100,-8.0,121,2429122630,ricker,WGN,-1,1000,1,1000,213,213.0,AIC_prepeak_clean,Table_1\results_aic\raw_aic_results.csv
100_-8.0_122,100,-8.0,122,3626060609,ricker,WGN,-1,1000,1,1000,213,213.0,AIC_prepeak_clean,Table_1\results_aic\raw_aic_results.csv
100_-8.0_123,100,-8.0,123,740997329,ricker,WGN,-1,1000,1,1000,213,213.0,AIC_prepeak_clean,Table_1\results_aic\raw_aic_results.csv
100_-8.0_124,100,-8.0,124,59782470,ricker,WGN,-1,1000,1,1000,213,213.0,AIC_prepeak_clean,Table_1\results_aic\raw_aic_results.csv
100_-8.0_125,100,-8.0,125,1120687165,ricker,WGN,-1,1000,1,1000,213,213.0,AIC_prepeak_clean,Table_1\results_aic\raw_aic_results.csv
100_-8.0_126,100,-8.0,126,575333454,ricker,WGN,-1,1000,1,1000,213,213.0,AIC_prepeak_clean,Table_1\results_aic\raw_aic_results.csv
100_-8.0_127,100,-8.0,127,3565140572,ricker,WGN,-1,1000,1,1000,213,213.0,AIC_prepeak_clean,Table_1\results_aic\raw_aic_results.csv
100_-8.0_128,100,-8.0,128,1803463211,ricker,WGN,-1,1000,1,1000,213,213.0,AIC_prepeak_clean,Table_1\results_aic\raw_aic_results.csv
100_-8.0_129,100,-8.0,129,3727050914,ricker,WGN,-1,1000,1,1000,213,213.0,AIC_prepeak_clean,Table_1\results_aic\raw_aic_results.csv
100_-8.0_130,100,-8.0,130,1662429980,ricker,WGN,-1,1000,1,1000,213,213.0,AIC_prepeak_clean,Table_1\results_aic\raw_aic_results.csv
100_-8.0_131,100,-8.0,131,396881415,ricker,WGN,-1,1000,1,1000,213,213.0,AIC_prepeak_clean,Table_1\results_aic\raw_aic_results.csv
100_-8.0_132,100,-8.0,132,2505764441,ricker,WGN,-1,1000,1,1000,213,213.0,AIC_prepeak_clean,Table_1\results_aic\raw_aic_results.csv
100_-8.0_133,100,-8.0,133,389695760,ricker,WGN,-1,1000,1,1000,213,213.0,AIC_prepeak_clean,Table_1\results_aic\raw_aic_results.csv
100_-8.0_134,100,-8.0,134,2169842436,ricker,WGN,-1,1000,1,1000,213,213.0,AIC_prepeak_clean,Table_1\results_aic\raw_aic_results.csv
100_-8.0_135,100,-8.0,135,2262180281,ricker,WGN,-1,1000,1,1000,213,213.0,AIC_prepeak_clean,Table_1\results_aic\raw_aic_results.csv
100_-8.0_136,100,-8.0,136,1760264395,ricker,WGN,-1,1000,1,1000,213,213.0,AIC_prepeak_clean,Table_1\results_aic\raw_aic_results.csv
100_-8.0_137,100,-8.0,137,3603057091,ricker,WGN,-1,1000,1,1000,213,213.0,AIC_prepeak_clean,Table_1\results_aic\raw_aic_results.csv
100_-8.0_138,100,-8.0,138,769001795,ricker,WGN,-1,1000,1,1000,213,213.0,AIC_prepeak_clean,Table_1\results_aic\raw_aic_results.csv
100_-8.0_139,100,-8.0,139,3363286668,ricker,WGN,-1,1000,1,1000,213,213.0,AIC_prepeak_clean,Table_1\results_aic\raw_aic_results.csv
100_-8.0_140,100,-8.0,140,1386351826,ricker,WGN,-1,1000,1,1000,213,213.0,AIC_prepeak_clean,Table_1\results_aic\raw_aic_results.csv
100_-8.0_141,100,-8.0,141,1799535632,ricker,WGN,-1,1000,1,1000,213,213.0,AIC_prepeak_clean,Table_1\results_aic\raw_aic_results.csv
100_-8.0_142,100,-8.0,142,2048634314,ricker,WGN,-1,1000,1,1000,213,213.0,AIC_prepeak_clean,Table_1\results_aic\raw_aic_results.csv
100_-8.0_143,100,-8.0,143,1365660620,ricker,WGN,-1,1000,1,1000,213,213.0,AIC_prepeak_clean,Table_1\results_aic\raw_aic_results.csv
100_-8.0_144,100,-8.0,144,3097425138,ricker,WGN,-1,1000,1,1000,213,213.0,AIC_prepeak_clean,Table_1\results_aic\raw_aic_results.csv
100_-8.0_145,100,-8.0,145,2566226337,ricker,WGN,-1,1000,1,1000,213,213.0,AIC_prepeak_clean,Table_1\results_aic\raw_aic_results.csv
100_-8.0_146,100,-8.0,146,4286400466,ricker,WGN,-1,1000,1,1000,213,213.0,AIC_prepeak_clean,Table_1\results_aic\raw_aic_results.csv
100_-8.0_147,100,-8.0,147,4098065394,ricker,WGN,-1,1000,1,1000,213,213.0,AIC_prepeak_clean,Table_1\results_aic\raw_aic_results.csv
100_-8.0_148,100,-8.0,148,1000201648,ricker,WGN,-1,1000,1,1000,213,213.0,AIC_prepeak_clean,Table_1\results_aic\raw_aic_results.csv
100_-8.0_149,100,-8.0,149,2590052912,ricker,WGN,-1,1000,1,1000,213,213.0,AIC_prepeak_clean,Table_1\results_aic\raw_aic_results.csv
100_-8.0_150,100,-8.0,150,2177892183,ricker,WGN,-1,1000,1,1000,213,213.0,AIC_prepeak_clean,Table_1\results_aic\raw_aic_results.csv
100_-8.0_151,100,-8.0,151,1102519241,ricker,WGN,-1,1000,1,1000,213,213.0,AIC_prepeak_clean,Table_1\results_aic\raw_aic_results.csv
100_-8.0_152,100,-8.0,152,2154030295,ricker,WGN,-1,1000,1,1000,213,213.0,AIC_prepeak_clean,Table_1\results_aic\raw_aic_results.csv
100_-8.0_153,100,-8.0,153,3358533639,ricker,WGN,-1,1000,1,1000,213,213.0,AIC_prepeak_clean,Table_1\results_aic\raw_aic_results.csv
100_-8.0_154,100,-8.0,154,932375472,ricker,WGN,-1,1000,1,1000,213,213.0,AIC_prepeak_clean,Table_1\results_aic\raw_aic_results.csv
100_-8.0_155,100,-8.0,155,442956097,ricker,WGN,-1,1000,1,1000,213,213.0,AIC_prepeak_clean,Table_1\results_aic\raw_aic_results.csv
100_-8.0_156,100,-8.0,156,2282758860,ricker,WGN,-1,1000,1,1000,213,213.0,AIC_prepeak_clean,Table_1\results_aic\raw_aic_results.csv
100_-8.0_157,100,-8.0,157,635801255,ricker,WGN,-1,1000,1,1000,213,213.0,AIC_prepeak_clean,Table_1\results_aic\raw_aic_results.csv
100_-8.0_158,100,-8.0,158,2144709192,ricker,WGN,-1,1000,1,1000,213,213.0,AIC_prepeak_clean,Table_1\results_aic\raw_aic_results.csv
100_-8.0_159,100,-8.0,159,904367618,ricker,WGN,-1,1000,1,1000,213,213.0,AIC_prepeak_clean,Table_1\results_aic\raw_aic_results.csv
100_-8.0_160,100,-8.0,160,2475932165,ricker,WGN,-1,1000,1,1000,213,213.0,AIC_prepeak_clean,Table_1\results_aic\raw_aic_results.csv
100_-8.0_161,100,-8.0,161,1220459944,ricker,WGN,-1,1000,1,1000,213,213.0,AIC_prepeak_clean,Table_1\results_aic\raw_aic_results.csv
100_-8.0_162,100,-8.0,162,445890895,ricker,WGN,-1,1000,1,1000,213,213.0,AIC_prepeak_clean,Table_1\results_aic\raw_aic_results.csv
100_-8.0_163,100,-8.0,163,223572232,ricker,WGN,-1,1000,1,1000,213,213.0,AIC_prepeak_clean,Table_1\results_aic\raw_aic_results.csv
100_-8.0_164,100,-8.0,164,3113923448,ricker,WGN,-1,1000,1,1000,213,213.0,AIC_prepeak_clean,Table_1\results_aic\raw_aic_results.csv
100_-8.0_165,100,-8.0,165,872463962,ricker,WGN,-1,1000,1,1000,213,213.0,AIC_prepeak_clean,Table_1\results_aic\raw_aic_results.csv
100_-8.0_166,100,-8.0,166,1955127629,ricker,WGN,-1,1000,1,1000,213,213.0,AIC_prepeak_clean,Table_1\results_aic\raw_aic_results.csv
100_-8.0_167,100,-8.0,167,389091612,ricker,WGN,-1,1000,1,1000,213,213.0,AIC_prepeak_clean,Table_1\results_aic\raw_aic_results.csv
100_-8.0_168,100,-8.0,168,736427196,ricker,WGN,-1,1000,1,1000,213,213.0,AIC_prepeak_clean,Table_1\results_aic\raw_aic_results.csv
100_-8.0_169,100,-8.0,169,61189578,ricker,WGN,-1,1000,1,1000,213,213.0,AIC_prepeak_clean,Table_1\results_aic\raw_aic_results.csv
100_-8.0_170,100,-8.0,170,623668050,ricker,WGN,-1,1000,1,1000,213,213.0,AIC_prepeak_clean,Table_1\results_aic\raw_aic_results.csv
100_-8.0_171,100,-8.0,171,2544687126,ricker,WGN,-1,1000,1,1000,213,213.0,AIC_prepeak_clean,Table_1\results_aic\raw_aic_results.csv
100_-8.0_172,100,-8.0,172,1691043958,ricker,WGN,-1,1000,1,1000,213,213.0,AIC_prepeak_clean,Table_1\results_aic\raw_aic_results.csv
100_-8.0_173,100,-8.0,173,2379451777,ricker,WGN,-1,1000,1,1000,213,213.0,AIC_prepeak_clean,Table_1\results_aic\raw_aic_results.csv
100_-8.0_174,100,-8.0,174,1722487685,ricker,WGN,-1,1000,1,1000,213,213.0,AIC_prepeak_clean,Table_1\results_aic\raw_aic_results.csv
100_-8.0_175,100,-8.0,175,2591429767,ricker,WGN,-1,1000,1,1000,213,213.0,AIC_prepeak_clean,Table_1\results_aic\raw_aic_results.csv
100_-8.0_176,100,-8.0,176,3392075560,ricker,WGN,-1,1000,1,1000,213,213.0,AIC_prepeak_clean,Table_1\results_aic\raw_aic_results.csv
100_-8.0_177,100,-8.0,177,444431041,ricker,WGN,-1,1000,1,1000,213,213.0,AIC_prepeak_clean,Table_1\results_aic\raw_aic_results.csv
100_-8.0_178,100,-8.0,178,3565646313,ricker,WGN,-1,1000,1,1000,213,213.0,AIC_prepeak_clean,Table_1\results_aic\raw_aic_results.csv
100_-8.0_179,100,-8.0,179,2902921793,ricker,WGN,-1,1000,1,1000,213,213.0,AIC_prepeak_clean,Table_1\results_aic\raw_aic_results.csv
100_-8.0_180,100,-8.0,180,3959087838,ricker,WGN,-1,1000,1,1000,213,213.0,AIC_prepeak_clean,Table_1\results_aic\raw_aic_results.csv
100_-8.0_181,100,-8.0,181,3369307198,ricker,WGN,-1,1000,1,1000,213,213.0,AIC_prepeak_clean,Table_1\results_aic\raw_aic_results.csv
100_-8.0_182,100,-8.0,182,1274961949,ricker,WGN,-1,1000,1,1000,213,213.0,AIC_prepeak_clean,Table_1\results_aic\raw_aic_results.csv
100_-8.0_183,100,-8.0,183,3587114917,ricker,WGN,-1,1000,1,1000,213,213.0,AIC_prepeak_clean,Table_1\results_aic\raw_aic_results.csv
100_-8.0_184,100,-8.0,184,1748363552,ricker,WGN,-1,1000,1,1000,213,213.0,AIC_prepeak_clean,Table_1\results_aic\raw_aic_results.csv
100_-8.0_185,100,-8.0,185,3007757779,ricker,WGN,-1,1000,1,1000,213,213.0,AIC_prepeak_clean,Table_1\results_aic\raw_aic_results.csv
100_-8.0_186,100,-8.0,186,437153616,ricker,WGN,-1,1000,1,1000,213,213.0,AIC_prepeak_clean,Table_1\results_aic\raw_aic_results.csv
100_-8.0_187,100,-8.0,187,82902234,ricker,WGN,-1,1000,1,1000,213,213.0,AIC_prepeak_clean,Table_1\results_aic\raw_aic_results.csv
100_-8.0_188,100,-8.0,188,365252570,ricker,WGN,-1,1000,1,1000,213,213.0,AIC_prepeak_clean,Table_1\results_aic\raw_aic_results.csv
100_-8.0_189,100,-8.0,189,341178250,ricker,WGN,-1,1000,1,1000,213,213.0,AIC_prepeak_clean,Table_1\results_aic\raw_aic_results.csv
100_-8.0_190,100,-8.0,190,3522551275,ricker,WGN,-1,1000,1,1000,213,213.0,AIC_prepeak_clean,Table_1\results_aic\raw_aic_results.csv
100_-8.0_191,100,-8.0,191,4211725102,ricker,WGN,-1,1000,1,1000,213,213.0,AIC_prepeak_clean,Table_1\results_aic\raw_aic_results.csv
100_-8.0_192,100,-8.0,192,2286634725,ricker,WGN,-1,1000,1,1000,213,213.0,AIC_prepeak_clean,Table_1\results_aic\raw_aic_results.csv
100_-8.0_193,100,-8.0,193,4293737669,ricker,WGN,-1,1000,1,1000,213,213.0,AIC_prepeak_clean,Table_1\results_aic\raw_aic_results.csv
100_-8.0_194,100,-8.0,194,2979375846,ricker,WGN,-1,1000,1,1000,213,213.0,AIC_prepeak_clean,Table_1\results_aic\raw_aic_results.csv
100_-8.0_195,100,-8.0,195,3943703542,ricker,WGN,-1,1000,1,1000,213,213.0,AIC_prepeak_clean,Table_1\results_aic\raw_aic_results.csv
100_-8.0_196,100,-8.0,196,2011177797,ricker,WGN,-1,1000,1,1000,213,213.0,AIC_prepeak_clean,Table_1\results_aic\raw_aic_results.csv
100_-8.0_197,100,-8.0,197,1270396405,ricker,WGN,-1,1000,1,1000,213,213.0,AIC_prepeak_clean,Table_1\results_aic\raw_aic_results.csv
100_-8.0_198,100,-8.0,198,1203905840,ricker,WGN,-1,1000,1,1000,213,213.0,AIC_prepeak_clean,Table_1\results_aic\raw_aic_results.csv
100_-8.0_199,100,-8.0,199,1061966050,ricker,WGN,-1,1000,1,1000,213,213.0,AIC_prepeak_clean,Table_1\results_aic\raw_aic_results.csv
100_-6.0_0,100,-6.0,0,2856448218,ricker,WGN,-1,1000,1,1000,213,213.0,AIC_prepeak_clean,Table_1\results_aic\raw_aic_results.csv
100_-6.0_1,100,-6.0,1,276354609,ricker,WGN,-1,1000,1,1000,213,213.0,AIC_prepeak_clean,Table_1\results_aic\raw_aic_results.csv
100_-6.0_2,100,-6.0,2,3997231642,ricker,WGN,-1,1000,1,1000,213,213.0,AIC_prepeak_clean,Table_1\results_aic\raw_aic_results.csv
100_-6.0_3,100,-6.0,3,584376160,ricker,WGN,-1,1000,1,1000,213,213.0,AIC_prepeak_clean,Table_1\results_aic\raw_aic_results.csv
100_-6.0_4,100,-6.0,4,2610165571,ricker,WGN,-1,1000,1,1000,213,213.0,AIC_prepeak_clean,Table_1\results_aic\raw_aic_results.csv
100_-6.0_5,100,-6.0,5,1201913249,ricker,WGN,-1,1000,1,1000,213,213.0,AIC_prepeak_clean,Table_1\results_aic\raw_aic_results.csv
100_-6.0_6,100,-6.0,6,3855087774,ricker,WGN,-1,1000,1,1000,213,213.0,AIC_prepeak_clean,Table_1\results_aic\raw_aic_results.csv
100_-6.0_7,100,-6.0,7,1029237342,ricker,WGN,-1,1000,1,1000,213,213.0,AIC_prepeak_clean,Table_1\results_aic\raw_aic_results.csv
100_-6.0_8,100,-6.0,8,3959795901,ricker,WGN,-1,1000,1,1000,213,213.0,AIC_prepeak_clean,Table_1\results_aic\raw_aic_results.csv
100_-6.0_9,100,-6.0,9,1095587783,ricker,WGN,-1,1000,1,1000,213,213.0,AIC_prepeak_clean,Table_1\results_aic\raw_aic_results.csv
100_-6.0_10,100,-6.0,10,1766022796,ricker,WGN,-1,1000,1,1000,213,213.0,AIC_prepeak_clean,Table_1\results_aic\raw_aic_results.csv
100_-6.0_11,100,-6.0,11,2628180743,ricker,WGN,-1,1000,1,1000,213,213.0,AIC_prepeak_clean,Table_1\results_aic\raw_aic_results.csv
100_-6.0_12,100,-6.0,12,133433272,ricker,WGN,-1,1000,1,1000,213,213.0,AIC_prepeak_clean,Table_1\results_aic\raw_aic_results.csv
100_-6.0_13,100,-6.0,13,1273266049,ricker,WGN,-1,1000,1,1000,213,213.0,AIC_prepeak_clean,Table_1\results_aic\raw_aic_results.csv
100_-6.0_14,100,-6.0,14,2805090461,ricker,WGN,-1,1000,1,1000,213,213.0,AIC_prepeak_clean,Table_1\results_aic\raw_aic_results.csv
100_-6.0_15,100,-6.0,15,505432245,ricker,WGN,-1,1000,1,1000,213,213.0,AIC_prepeak_clean,Table_1\results_aic\raw_aic_results.csv
100_-6.0_16,100,-6.0,16,3559671874,ricker,WGN,-1,1000,1,1000,213,213.0,AIC_prepeak_clean,Table_1\results_aic\raw_aic_results.csv
100_-6.0_17,100,-6.0,17,2160772428,ricker,WGN,-1,1000,1,1000,213,213.0,AIC_prepeak_clean,Table_1\results_aic\raw_aic_results.csv
100_-6.0_18,100,-6.0,18,210658104,ricker,WGN,-1,1000,1,1000,213,213.0,AIC_prepeak_clean,Table_1\results_aic\raw_aic_results.csv
100_-6.0_19,100,-6.0,19,3472651036,ricker,WGN,-1,1000,1,1000,213,213.0,AIC_prepeak_clean,Table_1\results_aic\raw_aic_results.csv
100_-6.0_20,100,-6.0,20,1863571560,ricker,WGN,-1,1000,1,1000,213,213.0,AIC_prepeak_clean,Table_1\results_aic\raw_aic_results.csv
100_-6.0_21,100,-6.0,21,2003768853,ricker,WGN,-1,1000,1,1000,213,213.0,AIC_prepeak_clean,Table_1\results_aic\raw_aic_results.csv
100_-6.0_22,100,-6.0,22,2614920717,ricker,WGN,-1,1000,1,1000,213,213.0,AIC_prepeak_clean,Table_1\results_aic\raw_aic_results.csv
100_-6.0_23,100,-6.0,23,4217848724,ricker,WGN,-1,1000,1,1000,213,213.0,AIC_prepeak_clean,Table_1\results_aic\raw_aic_results.csv
100_-6.0_24,100,-6.0,24,2149005135,ricker,WGN,-1,1000,1,1000,213,213.0,AIC_prepeak_clean,Table_1\results_aic\raw_aic_results.csv
100_-6.0_25,100,-6.0,25,2347890725,ricker,WGN,-1,1000,1,1000,213,213.0,AIC_prepeak_clean,Table_1\results_aic\raw_aic_results.csv
100_-6.0_26,100,-6.0,26,3781762504,ricker,WGN,-1,1000,1,1000,213,213.0,AIC_prepeak_clean,Table_1\results_aic\raw_aic_results.csv
100_-6.0_27,100,-6.0,27,1599842758,ricker,WGN,-1,1000,1,1000,213,213.0,AIC_prepeak_clean,Table_1\results_aic\raw_aic_results.csv
100_-6.0_28,100,-6.0,28,2726706107,ricker,WGN,-1,1000,1,1000,213,213.0,AIC_prepeak_clean,Table_1\results_aic\raw_aic_results.csv
100_-6.0_29,100,-6.0,29,2026185950,ricker,WGN,-1,1000,1,1000,213,213.0,AIC_prepeak_clean,Table_1\results_aic\raw_aic_results.csv
100_-6.0_30,100,-6.0,30,150438976,ricker,WGN,-1,1000,1,1000,213,213.0,AIC_prepeak_clean,Table_1\results_aic\raw_aic_results.csv
100_-6.0_31,100,-6.0,31,1058727559,ricker,WGN,-1,1000,1,1000,213,213.0,AIC_prepeak_clean,Table_1\results_aic\raw_aic_results.csv
100_-6.0_32,100,-6.0,32,1636430956,ricker,WGN,-1,1000,1,1000,213,213.0,AIC_prepeak_clean,Table_1\results_aic\raw_aic_results.csv
100_-6.0_33,100,-6.0,33,664821429,ricker,WGN,-1,1000,1,1000,213,213.0,AIC_prepeak_clean,Table_1\results_aic\raw_aic_results.csv
100_-6.0_34,100,-6.0,34,4185149505,ricker,WGN,-1,1000,1,1000,213,213.0,AIC_prepeak_clean,Table_1\results_aic\raw_aic_results.csv
100_-6.0_35,100,-6.0,35,2356390028,ricker,WGN,-1,1000,1,1000,213,213.0,AIC_prepeak_clean,Table_1\results_aic\raw_aic_results.csv
100_-6.0_36,100,-6.0,36,3398051013,ricker,WGN,-1,1000,1,1000,213,213.0,AIC_prepeak_clean,Table_1\results_aic\raw_aic_results.csv
100_-6.0_37,100,-6.0,37,3487310037,ricker,WGN,-1,1000,1,1000,213,213.0,AIC_prepeak_clean,Table_1\results_aic\raw_aic_results.csv
100_-6.0_38,100,-6.0,38,3495822605,ricker,WGN,-1,1000,1,1000,213,213.0,AIC_prepeak_clean,Table_1\results_aic\raw_aic_results.csv
100_-6.0_39,100,-6.0,39,2831647107,ricker,WGN,-1,1000,1,1000,213,213.0,AIC_prepeak_clean,Table_1\results_aic\raw_aic_results.csv
100_-6.0_40,100,-6.0,40,2756502606,ricker,WGN,-1,1000,1,1000,213,213.0,AIC_prepeak_clean,Table_1\results_aic\raw_aic_results.csv
100_-6.0_41,100,-6.0,41,2697729286,ricker,WGN,-1,1000,1,1000,213,213.0,AIC_prepeak_clean,Table_1\results_aic\raw_aic_results.csv
100_-6.0_42,100,-6.0,42,3903336192,ricker,WGN,-1,1000,1,1000,213,213.0,AIC_prepeak_clean,Table_1\results_aic\raw_aic_results.csv
100_-6.0_43,100,-6.0,43,1300944496,ricker,WGN,-1,1000,1,1000,213,213.0,AIC_prepeak_clean,Table_1\results_aic\raw_aic_results.csv
100_-6.0_44,100,-6.0,44,3178519331,ricker,WGN,-1,1000,1,1000,213,213.0,AIC_prepeak_clean,Table_1\results_aic\raw_aic_results.csv
100_-6.0_45,100,-6.0,45,58009105,ricker,WGN,-1,1000,1,1000,213,213.0,AIC_prepeak_clean,Table_1\results_aic\raw_aic_results.csv
100_-6.0_46,100,-6.0,46,4145210459,ricker,WGN,-1,1000,1,1000,213,213.0,AIC_prepeak_clean,Table_1\results_aic\raw_aic_results.csv
100_-6.0_47,100,-6.0,47,3358154297,ricker,WGN,-1,1000,1,1000,213,213.0,AIC_prepeak_clean,Table_1\results_aic\raw_aic_results.csv
100_-6.0_48,100,-6.0,48,1074910631,ricker,WGN,-1,1000,1,1000,213,213.0,AIC_prepeak_clean,Table_1\results_aic\raw_aic_results.csv
100_-6.0_49,100,-6.0,49,4028633914,ricker,WGN,-1,1000,1,1000,213,213.0,AIC_prepeak_clean,Table_1\results_aic\raw_aic_results.csv
100_-6.0_50,100,-6.0,50,2372577001,ricker,WGN,-1,1000,1,1000,213,213.0,AIC_prepeak_clean,Table_1\results_aic\raw_aic_results.csv
100_-6.0_51,100,-6.0,51,3167755390,ricker,WGN,-1,1000,1,1000,213,213.0,AIC_prepeak_clean,Table_1\results_aic\raw_aic_results.csv
100_-6.0_52,100,-6.0,52,1272618668,ricker,WGN,-1,1000,1,1000,213,213.0,AIC_prepeak_clean,Table_1\results_aic\raw_aic_results.csv
100_-6.0_53,100,-6.0,53,3978988168,ricker,WGN,-1,1000,1,1000,213,213.0,AIC_prepeak_clean,Table_1\results_aic\raw_aic_results.csv
100_-6.0_54,100,-6.0,54,3773248473,ricker,WGN,-1,1000,1,1000,213,213.0,AIC_prepeak_clean,Table_1\results_aic\raw_aic_results.csv
100_-6.0_55,100,-6.0,55,932928676,ricker,WGN,-1,1000,1,1000,213,213.0,AIC_prepeak_clean,Table_1\results_aic\raw_aic_results.csv
100_-6.0_56,100,-6.0,56,1499435855,ricker,WGN,-1,1000,1,1000,213,213.0,AIC_prepeak_clean,Table_1\results_aic\raw_aic_results.csv
100_-6.0_57,100,-6.0,57,3371734393,ricker,WGN,-1,1000,1,1000,213,213.0,AIC_prepeak_clean,Table_1\results_aic\raw_aic_results.csv
100_-6.0_58,100,-6.0,58,751817167,ricker,WGN,-1,1000,1,1000,213,213.0,AIC_prepeak_clean,Table_1\results_aic\raw_aic_results.csv
100_-6.0_59,100,-6.0,59,3146001265,ricker,WGN,-1,1000,1,1000,213,213.0,AIC_prepeak_clean,Table_1\results_aic\raw_aic_results.csv
100_-6.0_60,100,-6.0,60,3180978762,ricker,WGN,-1,1000,1,1000,213,213.0,AIC_prepeak_clean,Table_1\results_aic\raw_aic_results.csv
100_-6.0_61,100,-6.0,61,1681295055,ricker,WGN,-1,1000,1,1000,213,213.0,AIC_prepeak_clean,Table_1\results_aic\raw_aic_results.csv
100_-6.0_62,100,-6.0,62,329908241,ricker,WGN,-1,1000,1,1000,213,213.0,AIC_prepeak_clean,Table_1\results_aic\raw_aic_results.csv
100_-6.0_63,100,-6.0,63,459282562,ricker,WGN,-1,1000,1,1000,213,213.0,AIC_prepeak_clean,Table_1\results_aic\raw_aic_results.csv
100_-6.0_64,100,-6.0,64,1370546568,ricker,WGN,-1,1000,1,1000,213,213.0,AIC_prepeak_clean,Table_1\results_aic\raw_aic_results.csv
100_-6.0_65,100,-6.0,65,3830476132,ricker,WGN,-1,1000,1,1000,213,213.0,AIC_prepeak_clean,Table_1\results_aic\raw_aic_results.csv
100_-6.0_66,100,-6.0,66,198359354,ricker,WGN,-1,1000,1,1000,213,213.0,AIC_prepeak_clean,Table_1\results_aic\raw_aic_results.csv
100_-6.0_67,100,-6.0,67,2837480462,ricker,WGN,-1,1000,1,1000,213,213.0,AIC_prepeak_clean,Table_1\results_aic\raw_aic_results.csv
100_-6.0_68,100,-6.0,68,991850157,ricker,WGN,-1,1000,1,1000,213,213.0,AIC_prepeak_clean,Table_1\results_aic\raw_aic_results.csv
100_-6.0_69,100,-6.0,69,412896910,ricker,WGN,-1,1000,1,1000,213,213.0,AIC_prepeak_clean,Table_1\results_aic\raw_aic_results.csv
100_-6.0_70,100,-6.0,70,1887926487,ricker,WGN,-1,1000,1,1000,213,213.0,AIC_prepeak_clean,Table_1\results_aic\raw_aic_results.csv
100_-6.0_71,100,-6.0,71,561624384,ricker,WGN,-1,1000,1,1000,213,213.0,AIC_prepeak_clean,Table_1\results_aic\raw_aic_results.csv
100_-6.0_72,100,-6.0,72,1631124039,ricker,WGN,-1,1000,1,1000,213,213.0,AIC_prepeak_clean,Table_1\results_aic\raw_aic_results.csv
100_-6.0_73,100,-6.0,73,2217436201,ricker,WGN,-1,1000,1,1000,213,213.0,AIC_prepeak_clean,Table_1\results_aic\raw_aic_results.csv
100_-6.0_74,100,-6.0,74,3266689895,ricker,WGN,-1,1000,1,1000,213,213.0,AIC_prepeak_clean,Table_1\results_aic\raw_aic_results.csv
100_-6.0_75,100,-6.0,75,1307926017,ricker,WGN,-1,1000,1,1000,213,213.0,AIC_prepeak_clean,Table_1\results_aic\raw_aic_results.csv
100_-6.0_76,100,-6.0,76,4135341598,ricker,WGN,-1,1000,1,1000,213,213.0,AIC_prepeak_clean,Table_1\results_aic\raw_aic_results.csv
100_-6.0_77,100,-6.0,77,4009935338,ricker,WGN,-1,1000,1,1000,213,213.0,AIC_prepeak_clean,Table_1\results_aic\raw_aic_results.csv
100_-6.0_78,100,-6.0,78,81661599,ricker,WGN,-1,1000,1,1000,213,213.0,AIC_prepeak_clean,Table_1\results_aic\raw_aic_results.csv
100_-6.0_79,100,-6.0,79,1740964101,ricker,WGN,-1,1000,1,1000,213,213.0,AIC_prepeak_clean,Table_1\results_aic\raw_aic_results.csv
100_-6.0_80,100,-6.0,80,4286825925,ricker,WGN,-1,1000,1,1000,213,213.0,AIC_prepeak_clean,Table_1\results_aic\raw_aic_results.csv
100_-6.0_81,100,-6.0,81,1311383635,ricker,WGN,-1,1000,1,1000,213,213.0,AIC_prepeak_clean,Table_1\results_aic\raw_aic_results.csv
100_-6.0_82,100,-6.0,82,1587582110,ricker,WGN,-1,1000,1,1000,213,213.0,AIC_prepeak_clean,Table_1\results_aic\raw_aic_results.csv
100_-6.0_83,100,-6.0,83,1146069761,ricker,WGN,-1,1000,1,1000,213,213.0,AIC_prepeak_clean,Table_1\results_aic\raw_aic_results.csv
100_-6.0_84,100,-6.0,84,2174934821,ricker,WGN,-1,1000,1,1000,213,213.0,AIC_prepeak_clean,Table_1\results_aic\raw_aic_results.csv
100_-6.0_85,100,-6.0,85,1220037695,ricker,WGN,-1,1000,1,1000,213,213.0,AIC_prepeak_clean,Table_1\results_aic\raw_aic_results.csv
100_-6.0_86,100,-6.0,86,2838888205,ricker,WGN,-1,1000,1,1000,213,213.0,AIC_prepeak_clean,Table_1\results_aic\raw_aic_results.csv
100_-6.0_87,100,-6.0,87,2824932979,ricker,WGN,-1,1000,1,1000,213,213.0,AIC_prepeak_clean,Table_1\results_aic\raw_aic_results.csv
100_-6.0_88,100,-6.0,88,2887759681,ricker,WGN,-1,1000,1,1000,213,213.0,AIC_prepeak_clean,Table_1\results_aic\raw_aic_results.csv
100_-6.0_89,100,-6.0,89,650952009,ricker,WGN,-1,1000,1,1000,213,213.0,AIC_prepeak_clean,Table_1\results_aic\raw_aic_results.csv
100_-6.0_90,100,-6.0,90,1507404033,ricker,WGN,-1,1000,1,1000,213,213.0,AIC_prepeak_clean,Table_1\results_aic\raw_aic_results.csv
100_-6.0_91,100,-6.0,91,88326352,ricker,WGN,-1,1000,1,1000,213,213.0,AIC_prepeak_clean,Table_1\results_aic\raw_aic_results.csv
100_-6.0_92,100,-6.0,92,1314910787,ricker,WGN,-1,1000,1,1000,213,213.0,AIC_prepeak_clean,Table_1\results_aic\raw_aic_results.csv
100_-6.0_93,100,-6.0,93,4267370827,ricker,WGN,-1,1000,1,1000,213,213.0,AIC_prepeak_clean,Table_1\results_aic\raw_aic_results.csv
100_-6.0_94,100,-6.0,94,981906631,ricker,WGN,-1,1000,1,1000,213,213.0,AIC_prepeak_clean,Table_1\results_aic\raw_aic_results.csv
100_-6.0_95,100,-6.0,95,4087348259,ricker,WGN,-1,1000,1,1000,213,213.0,AIC_prepeak_clean,Table_1\results_aic\raw_aic_results.csv
100_-6.0_96,100,-6.0,96,3094398446,ricker,WGN,-1,1000,1,1000,213,213.0,AIC_prepeak_clean,Table_1\results_aic\raw_aic_results.csv
100_-6.0_97,100,-6.0,97,1737014718,ricker,WGN,-1,1000,1,1000,213,213.0,AIC_prepeak_clean,Table_1\results_aic\raw_aic_results.csv
100_-6.0_98,100,-6.0,98,529433274,ricker,WGN,-1,1000,1,1000,213,213.0,AIC_prepeak_clean,Table_1\results_aic\raw_aic_results.csv
100_-6.0_99,100,-6.0,99,1896338063,ricker,WGN,-1,1000,1,1000,213,213.0,AIC_prepeak_clean,Table_1\results_aic\raw_aic_results.csv
100_-6.0_100,100,-6.0,100,2268963023,ricker,WGN,-1,1000,1,1000,213,213.0,AIC_prepeak_clean,Table_1\results_aic\raw_aic_results.csv
100_-6.0_101,100,-6.0,101,1207654553,ricker,WGN,-1,1000,1,1000,213,213.0,AIC_prepeak_clean,Table_1\results_aic\raw_aic_results.csv
100_-6.0_102,100,-6.0,102,3407180015,ricker,WGN,-1,1000,1,1000,213,213.0,AIC_prepeak_clean,Table_1\results_aic\raw_aic_results.csv
100_-6.0_103,100,-6.0,103,3470046498,ricker,WGN,-1,1000,1,1000,213,213.0,AIC_prepeak_clean,Table_1\results_aic\raw_aic_results.csv
100_-6.0_104,100,-6.0,104,1994345376,ricker,WGN,-1,1000,1,1000,213,213.0,AIC_prepeak_clean,Table_1\results_aic\raw_aic_results.csv
100_-6.0_105,100,-6.0,105,2978731150,ricker,WGN,-1,1000,1,1000,213,213.0,AIC_prepeak_clean,Table_1\results_aic\raw_aic_results.csv
100_-6.0_106,100,-6.0,106,1315002530,ricker,WGN,-1,1000,1,1000,213,213.0,AIC_prepeak_clean,Table_1\results_aic\raw_aic_results.csv
100_-6.0_107,100,-6.0,107,1543257241,ricker,WGN,-1,1000,1,1000,213,213.0,AIC_prepeak_clean,Table_1\results_aic\raw_aic_results.csv
100_-6.0_108,100,-6.0,108,3387446688,ricker,WGN,-1,1000,1,1000,213,213.0,AIC_prepeak_clean,Table_1\results_aic\raw_aic_results.csv
100_-6.0_109,100,-6.0,109,3277720525,ricker,WGN,-1,1000,1,1000,213,213.0,AIC_prepeak_clean,Table_1\results_aic\raw_aic_results.csv
100_-6.0_110,100,-6.0,110,324952794,ricker,WGN,-1,1000,1,1000,213,213.0,AIC_prepeak_clean,Table_1\results_aic\raw_aic_results.csv
100_-6.0_111,100,-6.0,111,3056597818,ricker,WGN,-1,1000,1,1000,213,213.0,AIC_prepeak_clean,Table_1\results_aic\raw_aic_results.csv
100_-6.0_112,100,-6.0,112,2262894711,ricker,WGN,-1,1000,1,1000,213,213.0,AIC_prepeak_clean,Table_1\results_aic\raw_aic_results.csv
100_-6.0_113,100,-6.0,113,2037123642,ricker,WGN,-1,1000,1,1000,213,213.0,AIC_prepeak_clean,Table_1\results_aic\raw_aic_results.csv
100_-6.0_114,100,-6.0,114,2057260464,ricker,WGN,-1,1000,1,1000,213,213.0,AIC_prepeak_clean,Table_1\results_aic\raw_aic_results.csv
100_-6.0_115,100,-6.0,115,508706206,ricker,WGN,-1,1000,1,1000,213,213.0,AIC_prepeak_clean,Table_1\results_aic\raw_aic_results.csv
100_-6.0_116,100,-6.0,116,1565440998,ricker,WGN,-1,1000,1,1000,213,213.0,AIC_prepeak_clean,Table_1\results_aic\raw_aic_results.csv
100_-6.0_117,100,-6.0,117,2521073668,ricker,WGN,-1,1000,1,1000,213,213.0,AIC_prepeak_clean,Table_1\results_aic\raw_aic_results.csv
100_-6.0_118,100,-6.0,118,3042884670,ricker,WGN,-1,1000,1,1000,213,213.0,AIC_prepeak_clean,Table_1\results_aic\raw_aic_results.csv
100_-6.0_119,100,-6.0,119,1053678023,ricker,WGN,-1,1000,1,1000,213,213.0,AIC_prepeak_clean,Table_1\results_aic\raw_aic_results.csv
100_-6.0_120,100,-6.0,120,2912832663,ricker,WGN,-1,1000,1,1000,213,213.0,AIC_prepeak_clean,Table_1\results_aic\raw_aic_results.csv
100_-6.0_121,100,-6.0,121,2099448150,ricker,WGN,-1,1000,1,1000,213,213.0,AIC_prepeak_clean,Table_1\results_aic\raw_aic_results.csv
100_-6.0_122,100,-6.0,122,449238984,ricker,WGN,-1,1000,1,1000,213,213.0,AIC_prepeak_clean,Table_1\results_aic\raw_aic_results.csv
100_-6.0_123,100,-6.0,123,3679513473,ricker,WGN,-1,1000,1,1000,213,213.0,AIC_prepeak_clean,Table_1\results_aic\raw_aic_results.csv
100_-6.0_124,100,-6.0,124,3666509692,ricker,WGN,-1,1000,1,1000,213,213.0,AIC_prepeak_clean,Table_1\results_aic\raw_aic_results.csv
100_-6.0_125,100,-6.0,125,914971352,ricker,WGN,-1,1000,1,1000,213,213.0,AIC_prepeak_clean,Table_1\results_aic\raw_aic_results.csv
100_-6.0_126,100,-6.0,126,1224250944,ricker,WGN,-1,1000,1,1000,213,213.0,AIC_prepeak_clean,Table_1\results_aic\raw_aic_results.csv
100_-6.0_127,100,-6.0,127,4252872881,ricker,WGN,-1,1000,1,1000,213,213.0,AIC_prepeak_clean,Table_1\results_aic\raw_aic_results.csv
100_-6.0_128,100,-6.0,128,1795438174,ricker,WGN,-1,1000,1,1000,213,213.0,AIC_prepeak_clean,Table_1\results_aic\raw_aic_results.csv
100_-6.0_129,100,-6.0,129,3305628654,ricker,WGN,-1,1000,1,1000,213,213.0,AIC_prepeak_clean,Table_1\results_aic\raw_aic_results.csv
100_-6.0_130,100,-6.0,130,3575295782,ricker,WGN,-1,1000,1,1000,213,213.0,AIC_prepeak_clean,Table_1\results_aic\raw_aic_results.csv
100_-6.0_131,100,-6.0,131,3025969980,ricker,WGN,-1,1000,1,1000,213,213.0,AIC_prepeak_clean,Table_1\results_aic\raw_aic_results.csv
100_-6.0_132,100,-6.0,132,2696809738,ricker,WGN,-1,1000,1,1000,213,213.0,AIC_prepeak_clean,Table_1\results_aic\raw_aic_results.csv
100_-6.0_133,100,-6.0,133,1691765400,ricker,WGN,-1,1000,1,1000,213,213.0,AIC_prepeak_clean,Table_1\results_aic\raw_aic_results.csv
100_-6.0_134,100,-6.0,134,1169889798,ricker,WGN,-1,1000,1,1000,213,213.0,AIC_prepeak_clean,Table_1\results_aic\raw_aic_results.csv
100_-6.0_135,100,-6.0,135,321010757,ricker,WGN,-1,1000,1,1000,213,213.0,AIC_prepeak_clean,Table_1\results_aic\raw_aic_results.csv
100_-6.0_136,100,-6.0,136,1674891027,ricker,WGN,-1,1000,1,1000,213,213.0,AIC_prepeak_clean,Table_1\results_aic\raw_aic_results.csv
100_-6.0_137,100,-6.0,137,3366785509,ricker,WGN,-1,1000,1,1000,213,213.0,AIC_prepeak_clean,Table_1\results_aic\raw_aic_results.csv
100_-6.0_138,100,-6.0,138,1676178070,ricker,WGN,-1,1000,1,1000,213,213.0,AIC_prepeak_clean,Table_1\results_aic\raw_aic_results.csv
100_-6.0_139,100,-6.0,139,2127084987,ricker,WGN,-1,1000,1,1000,213,213.0,AIC_prepeak_clean,Table_1\results_aic\raw_aic_results.csv
100_-6.0_140,100,-6.0,140,3850042897,ricker,WGN,-1,1000,1,1000,213,213.0,AIC_prepeak_clean,Table_1\results_aic\raw_aic_results.csv
100_-6.0_141,100,-6.0,141,1779800579,ricker,WGN,-1,1000,1,1000,213,213.0,AIC_prepeak_clean,Table_1\results_aic\raw_aic_results.csv
100_-6.0_142,100,-6.0,142,4232814920,ricker,WGN,-1,1000,1,1000,213,213.0,AIC_prepeak_clean,Table_1\results_aic\raw_aic_results.csv
100_-6.0_143,100,-6.0,143,2558069927,ricker,WGN,-1,1000,1,1000,213,213.0,AIC_prepeak_clean,Table_1\results_aic\raw_aic_results.csv
100_-6.0_144,100,-6.0,144,248144209,ricker,WGN,-1,1000,1,1000,213,213.0,AIC_prepeak_clean,Table_1\results_aic\raw_aic_results.csv
100_-6.0_145,100,-6.0,145,2215098004,ricker,WGN,-1,1000,1,1000,213,213.0,AIC_prepeak_clean,Table_1\results_aic\raw_aic_results.csv
100_-6.0_146,100,-6.0,146,1822104239,ricker,WGN,-1,1000,1,1000,213,213.0,AIC_prepeak_clean,Table_1\results_aic\raw_aic_results.csv
100_-6.0_147,100,-6.0,147,560535292,ricker,WGN,-1,1000,1,1000,213,213.0,AIC_prepeak_clean,Table_1\results_aic\raw_aic_results.csv
100_-6.0_148,100,-6.0,148,2607113309,ricker,WGN,-1,1000,1,1000,213,213.0,AIC_prepeak_clean,Table_1\results_aic\raw_aic_results.csv
100_-6.0_149,100,-6.0,149,2808874826,ricker,WGN,-1,1000,1,1000,213,213.0,AIC_prepeak_clean,Table_1\results_aic\raw_aic_results.csv
100_-6.0_150,100,-6.0,150,2783571618,ricker,WGN,-1,1000,1,1000,213,213.0,AIC_prepeak_clean,Table_1\results_aic\raw_aic_results.csv
100_-6.0_151,100,-6.0,151,346064403,ricker,WGN,-1,1000,1,1000,213,213.0,AIC_prepeak_clean,Table_1\results_aic\raw_aic_results.csv
100_-6.0_152,100,-6.0,152,1141328578,ricker,WGN,-1,1000,1,1000,213,213.0,AIC_prepeak_clean,Table_1\results_aic\raw_aic_results.csv
100_-6.0_153,100,-6.0,153,3308060705,ricker,WGN,-1,1000,1,1000,213,213.0,AIC_prepeak_clean,Table_1\results_aic\raw_aic_results.csv
100_-6.0_154,100,-6.0,154,1719358809,ricker,WGN,-1,1000,1,1000,213,213.0,AIC_prepeak_clean,Table_1\results_aic\raw_aic_results.csv
100_-6.0_155,100,-6.0,155,3962407954,ricker,WGN,-1,1000,1,1000,213,213.0,AIC_prepeak_clean,Table_1\results_aic\raw_aic_results.csv
100_-6.0_156,100,-6.0,156,3029314219,ricker,WGN,-1,1000,1,1000,213,213.0,AIC_prepeak_clean,Table_1\results_aic\raw_aic_results.csv
100_-6.0_157,100,-6.0,157,189239464,ricker,WGN,-1,1000,1,1000,213,213.0,AIC_prepeak_clean,Table_1\results_aic\raw_aic_results.csv
100_-6.0_158,100,-6.0,158,3912343752,ricker,WGN,-1,1000,1,1000,213,213.0,AIC_prepeak_clean,Table_1\results_aic\raw_aic_results.csv
100_-6.0_159,100,-6.0,159,4225484936,ricker,WGN,-1,1000,1,1000,213,213.0,AIC_prepeak_clean,Table_1\results_aic\raw_aic_results.csv
100_-6.0_160,100,-6.0,160,4131942595,ricker,WGN,-1,1000,1,1000,213,213.0,AIC_prepeak_clean,Table_1\results_aic\raw_aic_results.csv
100_-6.0_161,100,-6.0,161,287120384,ricker,WGN,-1,1000,1,1000,213,213.0,AIC_prepeak_clean,Table_1\results_aic\raw_aic_results.csv
100_-6.0_162,100,-6.0,162,3325754746,ricker,WGN,-1,1000,1,1000,213,213.0,AIC_prepeak_clean,Table_1\results_aic\raw_aic_results.csv
100_-6.0_163,100,-6.0,163,1105617103,ricker,WGN,-1,1000,1,1000,213,213.0,AIC_prepeak_clean,Table_1\results_aic\raw_aic_results.csv
100_-6.0_164,100,-6.0,164,1472345440,ricker,WGN,-1,1000,1,1000,213,213.0,AIC_prepeak_clean,Table_1\results_aic\raw_aic_results.csv
100_-6.0_165,100,-6.0,165,1135608744,ricker,WGN,-1,1000,1,1000,213,213.0,AIC_prepeak_clean,Table_1\results_aic\raw_aic_results.csv
100_-6.0_166,100,-6.0,166,1784636471,ricker,WGN,-1,1000,1,1000,213,213.0,AIC_prepeak_clean,Table_1\results_aic\raw_aic_results.csv
100_-6.0_167,100,-6.0,167,2772348630,ricker,WGN,-1,1000,1,1000,213,213.0,AIC_prepeak_clean,Table_1\results_aic\raw_aic_results.csv
100_-6.0_168,100,-6.0,168,2274841682,ricker,WGN,-1,1000,1,1000,213,213.0,AIC_prepeak_clean,Table_1\results_aic\raw_aic_results.csv
100_-6.0_169,100,-6.0,169,3494804462,ricker,WGN,-1,1000,1,1000,213,213.0,AIC_prepeak_clean,Table_1\results_aic\raw_aic_results.csv
100_-6.0_170,100,-6.0,170,2310789015,ricker,WGN,-1,1000,1,1000,213,213.0,AIC_prepeak_clean,Table_1\results_aic\raw_aic_results.csv
100_-6.0_171,100,-6.0,171,2455022567,ricker,WGN,-1,1000,1,1000,213,213.0,AIC_prepeak_clean,Table_1\results_aic\raw_aic_results.csv
100_-6.0_172,100,-6.0,172,3596720564,ricker,WGN,-1,1000,1,1000,213,213.0,AIC_prepeak_clean,Table_1\results_aic\raw_aic_results.csv
100_-6.0_173,100,-6.0,173,2520535087,ricker,WGN,-1,1000,1,1000,213,213.0,AIC_prepeak_clean,Table_1\results_aic\raw_aic_results.csv
100_-6.0_174,100,-6.0,174,3201450179,ricker,WGN,-1,1000,1,1000,213,213.0,AIC_prepeak_clean,Table_1\results_aic\raw_aic_results.csv
100_-6.0_175,100,-6.0,175,529946343,ricker,WGN,-1,1000,1,1000,213,213.0,AIC_prepeak_clean,Table_1\results_aic\raw_aic_results.csv
100_-6.0_176,100,-6.0,176,2755141294,ricker,WGN,-1,1000,1,1000,213,213.0,AIC_prepeak_clean,Table_1\results_aic\raw_aic_results.csv
100_-6.0_177,100,-6.0,177,1226876024,ricker,WGN,-1,1000,1,1000,213,213.0,AIC_prepeak_clean,Table_1\results_aic\raw_aic_results.csv
100_-6.0_178,100,-6.0,178,1677644302,ricker,WGN,-1,1000,1,1000,213,213.0,AIC_prepeak_clean,Table_1\results_aic\raw_aic_results.csv
100_-6.0_179,100,-6.0,179,3722879014,ricker,WGN,-1,1000,1,1000,213,213.0,AIC_prepeak_clean,Table_1\results_aic\raw_aic_results.csv
100_-6.0_180,100,-6.0,180,3193324433,ricker,WGN,-1,1000,1,1000,213,213.0,AIC_prepeak_clean,Table_1\results_aic\raw_aic_results.csv
100_-6.0_181,100,-6.0,181,1012469057,ricker,WGN,-1,1000,1,1000,213,213.0,AIC_prepeak_clean,Table_1\results_aic\raw_aic_results.csv
100_-6.0_182,100,-6.0,182,110697464,ricker,WGN,-1,1000,1,1000,213,213.0,AIC_prepeak_clean,Table_1\results_aic\raw_aic_results.csv
100_-6.0_183,100,-6.0,183,914257042,ricker,WGN,-1,1000,1,1000,213,213.0,AIC_prepeak_clean,Table_1\results_aic\raw_aic_results.csv
100_-6.0_184,100,-6.0,184,2977889219,ricker,WGN,-1,1000,1,1000,213,213.0,AIC_prepeak_clean,Table_1\results_aic\raw_aic_results.csv
100_-6.0_185,100,-6.0,185,4043717013,ricker,WGN,-1,1000,1,1000,213,213.0,AIC_prepeak_clean,Table_1\results_aic\raw_aic_results.csv
100_-6.0_186,100,-6.0,186,433823558,ricker,WGN,-1,1000,1,1000,213,213.0,AIC_prepeak_clean,Table_1\results_aic\raw_aic_results.csv
100_-6.0_187,100,-6.0,187,4208915112,ricker,WGN,-1,1000,1,1000,213,213.0,AIC_prepeak_clean,Table_1\results_aic\raw_aic_results.csv
100_-6.0_188,100,-6.0,188,2770926064,ricker,WGN,-1,1000,1,1000,213,213.0,AIC_prepeak_clean,Table_1\results_aic\raw_aic_results.csv
100_-6.0_189,100,-6.0,189,4006467665,ricker,WGN,-1,1000,1,1000,213,213.0,AIC_prepeak_clean,Table_1\results_aic\raw_aic_results.csv
100_-6.0_190,100,-6.0,190,1720242440,ricker,WGN,-1,1000,1,1000,213,213.0,AIC_prepeak_clean,Table_1\results_aic\raw_aic_results.csv
100_-6.0_191,100,-6.0,191,1068412360,ricker,WGN,-1,1000,1,1000,213,213.0,AIC_prepeak_clean,Table_1\results_aic\raw_aic_results.csv
100_-6.0_192,100,-6.0,192,903821669,ricker,WGN,-1,1000,1,1000,213,213.0,AIC_prepeak_clean,Table_1\results_aic\raw_aic_results.csv
100_-6.0_193,100,-6.0,193,3290046575,ricker,WGN,-1,1000,1,1000,213,213.0,AIC_prepeak_clean,Table_1\results_aic\raw_aic_results.csv
100_-6.0_194,100,-6.0,194,333440490,ricker,WGN,-1,1000,1,1000,213,213.0,AIC_prepeak_clean,Table_1\results_aic\raw_aic_results.csv
100_-6.0_195,100,-6.0,195,4110961093,ricker,WGN,-1,1000,1,1000,213,213.0,AIC_prepeak_clean,Table_1\results_aic\raw_aic_results.csv
100_-6.0_196,100,-6.0,196,3826939478,ricker,WGN,-1,1000,1,1000,213,213.0,AIC_prepeak_clean,Table_1\results_aic\raw_aic_results.csv
100_-6.0_197,100,-6.0,197,3113698986,ricker,WGN,-1,1000,1,1000,213,213.0,AIC_prepeak_clean,Table_1\results_aic\raw_aic_results.csv
100_-6.0_198,100,-6.0,198,1948511503,ricker,WGN,-1,1000,1,1000,213,213.0,AIC_prepeak_clean,Table_1\results_aic\raw_aic_results.csv
100_-6.0_199,100,-6.0,199,481074518,ricker,WGN,-1,1000,1,1000,213,213.0,AIC_prepeak_clean,Table_1\results_aic\raw_aic_results.csv
100_2.0_0,100,2.0,0,3443019651,ricker,WGN,-1,1000,1,1000,213,213.0,AIC_prepeak_clean,Table_1\results_aic\raw_aic_results.csv
100_2.0_1,100,2.0,1,1340224099,ricker,WGN,-1,1000,1,1000,213,213.0,AIC_prepeak_clean,Table_1\results_aic\raw_aic_results.csv
100_2.0_2,100,2.0,2,4147868363,ricker,WGN,-1,1000,1,1000,213,213.0,AIC_prepeak_clean,Table_1\results_aic\raw_aic_results.csv
100_2.0_3,100,2.0,3,2388684029,ricker,WGN,-1,1000,1,1000,213,213.0,AIC_prepeak_clean,Table_1\results_aic\raw_aic_results.csv
100_2.0_4,100,2.0,4,3408842382,ricker,WGN,-1,1000,1,1000,213,213.0,AIC_prepeak_clean,Table_1\results_aic\raw_aic_results.csv
100_2.0_5,100,2.0,5,936727707,ricker,WGN,-1,1000,1,1000,213,213.0,AIC_prepeak_clean,Table_1\results_aic\raw_aic_results.csv
100_2.0_6,100,2.0,6,1527000682,ricker,WGN,-1,1000,1,1000,213,213.0,AIC_prepeak_clean,Table_1\results_aic\raw_aic_results.csv
100_2.0_7,100,2.0,7,4272126332,ricker,WGN,-1,1000,1,1000,213,213.0,AIC_prepeak_clean,Table_1\results_aic\raw_aic_results.csv
100_2.0_8,100,2.0,8,2713973362,ricker,WGN,-1,1000,1,1000,213,213.0,AIC_prepeak_clean,Table_1\results_aic\raw_aic_results.csv
100_2.0_9,100,2.0,9,936692203,ricker,WGN,-1,1000,1,1000,213,213.0,AIC_prepeak_clean,Table_1\results_aic\raw_aic_results.csv
100_2.0_10,100,2.0,10,3936868615,ricker,WGN,-1,1000,1,1000,213,213.0,AIC_prepeak_clean,Table_1\results_aic\raw_aic_results.csv
100_2.0_11,100,2.0,11,1141640209,ricker,WGN,-1,1000,1,1000,213,213.0,AIC_prepeak_clean,Table_1\results_aic\raw_aic_results.csv
100_2.0_12,100,2.0,12,1384403372,ricker,WGN,-1,1000,1,1000,213,213.0,AIC_prepeak_clean,Table_1\results_aic\raw_aic_results.csv
100_2.0_13,100,2.0,13,189451625,ricker,WGN,-1,1000,1,1000,213,213.0,AIC_prepeak_clean,Table_1\results_aic\raw_aic_results.csv
100_2.0_14,100,2.0,14,279764955,ricker,WGN,-1,1000,1,1000,213,213.0,AIC_prepeak_clean,Table_1\results_aic\raw_aic_results.csv
100_2.0_15,100,2.0,15,3193208261,ricker,WGN,-1,1000,1,1000,213,213.0,AIC_prepeak_clean,Table_1\results_aic\raw_aic_results.csv
100_2.0_16,100,2.0,16,1406470400,ricker,WGN,-1,1000,1,1000,213,213.0,AIC_prepeak_clean,Table_1\results_aic\raw_aic_results.csv
100_2.0_17,100,2.0,17,2992998971,ricker,WGN,-1,1000,1,1000,213,213.0,AIC_prepeak_clean,Table_1\results_aic\raw_aic_results.csv
100_2.0_18,100,2.0,18,2290690541,ricker,WGN,-1,1000,1,1000,213,213.0,AIC_prepeak_clean,Table_1\results_aic\raw_aic_results.csv
100_2.0_19,100,2.0,19,2568110917,ricker,WGN,-1,1000,1,1000,213,213.0,AIC_prepeak_clean,Table_1\results_aic\raw_aic_results.csv
100_2.0_20,100,2.0,20,4171691342,ricker,WGN,-1,1000,1,1000,213,213.0,AIC_prepeak_clean,Table_1\results_aic\raw_aic_results.csv
100_2.0_21,100,2.0,21,208468377,ricker,WGN,-1,1000,1,1000,213,213.0,AIC_prepeak_clean,Table_1\results_aic\raw_aic_results.csv
100_2.0_22,100,2.0,22,600515348,ricker,WGN,-1,1000,1,1000,213,213.0,AIC_prepeak_clean,Table_1\results_aic\raw_aic_results.csv
100_2.0_23,100,2.0,23,218596316,ricker,WGN,-1,1000,1,1000,213,213.0,AIC_prepeak_clean,Table_1\results_aic\raw_aic_results.csv
100_2.0_24,100,2.0,24,2291103331,ricker,WGN,-1,1000,1,1000,213,213.0,AIC_prepeak_clean,Table_1\results_aic\raw_aic_results.csv
100_2.0_25,100,2.0,25,1337737854,ricker,WGN,-1,1000,1,1000,213,213.0,AIC_prepeak_clean,Table_1\results_aic\raw_aic_results.csv
100_2.0_26,100,2.0,26,3713553827,ricker,WGN,-1,1000,1,1000,213,213.0,AIC_prepeak_clean,Table_1\results_aic\raw_aic_results.csv
100_2.0_27,100,2.0,27,2093669099,ricker,WGN,-1,1000,1,1000,213,213.0,AIC_prepeak_clean,Table_1\results_aic\raw_aic_results.csv
100_2.0_28,100,2.0,28,2957072468,ricker,WGN,-1,1000,1,1000,213,213.0,AIC_prepeak_clean,Table_1\results_aic\raw_aic_results.csv
100_2.0_29,100,2.0,29,543055831,ricker,WGN,-1,1000,1,1000,213,213.0,AIC_prepeak_clean,Table_1\results_aic\raw_aic_results.csv
100_2.0_30,100,2.0,30,2445328429,ricker,WGN,-1,1000,1,1000,213,213.0,AIC_prepeak_clean,Table_1\results_aic\raw_aic_results.csv
100_2.0_31,100,2.0,31,4232485211,ricker,WGN,-1,1000,1,1000,213,213.0,AIC_prepeak_clean,Table_1\results_aic\raw_aic_results.csv
100_2.0_32,100,2.0,32,4244407630,ricker,WGN,-1,1000,1,1000,213,213.0,AIC_prepeak_clean,Table_1\results_aic\raw_aic_results.csv
100_2.0_33,100,2.0,33,3694813085,ricker,WGN,-1,1000,1,1000,213,213.0,AIC_prepeak_clean,Table_1\results_aic\raw_aic_results.csv
100_2.0_34,100,2.0,34,1127788583,ricker,WGN,-1,1000,1,1000,213,213.0,AIC_prepeak_clean,Table_1\results_aic\raw_aic_results.csv
100_2.0_35,100,2.0,35,3552716490,ricker,WGN,-1,1000,1,1000,213,213.0,AIC_prepeak_clean,Table_1\results_aic\raw_aic_results.csv
100_2.0_36,100,2.0,36,2043298112,ricker,WGN,-1,1000,1,1000,213,213.0,AIC_prepeak_clean,Table_1\results_aic\raw_aic_results.csv
100_2.0_37,100,2.0,37,963897114,ricker,WGN,-1,1000,1,1000,213,213.0,AIC_prepeak_clean,Table_1\results_aic\raw_aic_results.csv
100_2.0_38,100,2.0,38,612168956,ricker,WGN,-1,1000,1,1000,213,213.0,AIC_prepeak_clean,Table_1\results_aic\raw_aic_results.csv
100_2.0_39,100,2.0,39,2500299771,ricker,WGN,-1,1000,1,1000,213,213.0,AIC_prepeak_clean,Table_1\results_aic\raw_aic_results.csv
100_2.0_40,100,2.0,40,1397645095,ricker,WGN,-1,1000,1,1000,213,213.0,AIC_prepeak_clean,Table_1\results_aic\raw_aic_results.csv
100_2.0_41,100,2.0,41,611767315,ricker,WGN,-1,1000,1,1000,213,213.0,AIC_prepeak_clean,Table_1\results_aic\raw_aic_results.csv
100_2.0_42,100,2.0,42,1858317640,ricker,WGN,-1,1000,1,1000,213,213.0,AIC_prepeak_clean,Table_1\results_aic\raw_aic_results.csv
100_2.0_43,100,2.0,43,3577578843,ricker,WGN,-1,1000,1,1000,213,213.0,AIC_prepeak_clean,Table_1\results_aic\raw_aic_results.csv
100_2.0_44,100,2.0,44,1141307058,ricker,WGN,-1,1000,1,1000,213,213.0,AIC_prepeak_clean,Table_1\results_aic\raw_aic_results.csv
100_2.0_45,100,2.0,45,4100544295,ricker,WGN,-1,1000,1,1000,213,213.0,AIC_prepeak_clean,Table_1\results_aic\raw_aic_results.csv
100_2.0_46,100,2.0,46,2270046241,ricker,WGN,-1,1000,1,1000,213,213.0,AIC_prepeak_clean,Table_1\results_aic\raw_aic_results.csv
100_2.0_47,100,2.0,47,1757775354,ricker,WGN,-1,1000,1,1000,213,213.0,AIC_prepeak_clean,Table_1\results_aic\raw_aic_results.csv
100_2.0_48,100,2.0,48,1544042475,ricker,WGN,-1,1000,1,1000,213,213.0,AIC_prepeak_clean,Table_1\results_aic\raw_aic_results.csv
100_2.0_49,100,2.0,49,253477461,ricker,WGN,-1,1000,1,1000,213,213.0,AIC_prepeak_clean,Table_1\results_aic\raw_aic_results.csv
100_2.0_50,100,2.0,50,2305801146,ricker,WGN,-1,1000,1,1000,213,213.0,AIC_prepeak_clean,Table_1\results_aic\raw_aic_results.csv
100_2.0_51,100,2.0,51,277308161,ricker,WGN,-1,1000,1,1000,213,213.0,AIC_prepeak_clean,Table_1\results_aic\raw_aic_results.csv
100_2.0_52,100,2.0,52,2751664741,ricker,WGN,-1,1000,1,1000,213,213.0,AIC_prepeak_clean,Table_1\results_aic\raw_aic_results.csv
100_2.0_53,100,2.0,53,1915287742,ricker,WGN,-1,1000,1,1000,213,213.0,AIC_prepeak_clean,Table_1\results_aic\raw_aic_results.csv
100_2.0_54,100,2.0,54,3135525329,ricker,WGN,-1,1000,1,1000,213,213.0,AIC_prepeak_clean,Table_1\results_aic\raw_aic_results.csv
100_2.0_55,100,2.0,55,4053215366,ricker,WGN,-1,1000,1,1000,213,213.0,AIC_prepeak_clean,Table_1\results_aic\raw_aic_results.csv
100_2.0_56,100,2.0,56,3820769882,ricker,WGN,-1,1000,1,1000,213,213.0,AIC_prepeak_clean,Table_1\results_aic\raw_aic_results.csv
100_2.0_57,100,2.0,57,2509845594,ricker,WGN,-1,1000,1,1000,213,213.0,AIC_prepeak_clean,Table_1\results_aic\raw_aic_results.csv
100_2.0_58,100,2.0,58,803885786,ricker,WGN,-1,1000,1,1000,213,213.0,AIC_prepeak_clean,Table_1\results_aic\raw_aic_results.csv
100_2.0_59,100,2.0,59,1470788523,ricker,WGN,-1,1000,1,1000,213,213.0,AIC_prepeak_clean,Table_1\results_aic\raw_aic_results.csv
100_2.0_60,100,2.0,60,1715312432,ricker,WGN,-1,1000,1,1000,213,213.0,AIC_prepeak_clean,Table_1\results_aic\raw_aic_results.csv
100_2.0_61,100,2.0,61,1818528205,ricker,WGN,-1,1000,1,1000,213,213.0,AIC_prepeak_clean,Table_1\results_aic\raw_aic_results.csv
100_2.0_62,100,2.0,62,2751148136,ricker,WGN,-1,1000,1,1000,213,213.0,AIC_prepeak_clean,Table_1\results_aic\raw_aic_results.csv
100_2.0_63,100,2.0,63,2405150142,ricker,WGN,-1,1000,1,1000,213,213.0,AIC_prepeak_clean,Table_1\results_aic\raw_aic_results.csv
100_2.0_64,100,2.0,64,2984148603,ricker,WGN,-1,1000,1,1000,213,213.0,AIC_prepeak_clean,Table_1\results_aic\raw_aic_results.csv
100_2.0_65,100,2.0,65,2011066831,ricker,WGN,-1,1000,1,1000,213,213.0,AIC_prepeak_clean,Table_1\results_aic\raw_aic_results.csv
100_2.0_66,100,2.0,66,141744808,ricker,WGN,-1,1000,1,1000,213,213.0,AIC_prepeak_clean,Table_1\results_aic\raw_aic_results.csv
100_2.0_67,100,2.0,67,668148192,ricker,WGN,-1,1000,1,1000,213,213.0,AIC_prepeak_clean,Table_1\results_aic\raw_aic_results.csv
100_2.0_68,100,2.0,68,1748333261,ricker,WGN,-1,1000,1,1000,213,213.0,AIC_prepeak_clean,Table_1\results_aic\raw_aic_results.csv
100_2.0_69,100,2.0,69,294486901,ricker,WGN,-1,1000,1,1000,213,213.0,AIC_prepeak_clean,Table_1\results_aic\raw_aic_results.csv
100_2.0_70,100,2.0,70,3812699483,ricker,WGN,-1,1000,1,1000,213,213.0,AIC_prepeak_clean,Table_1\results_aic\raw_aic_results.csv
100_2.0_71,100,2.0,71,3145379321,ricker,WGN,-1,1000,1,1000,213,213.0,AIC_prepeak_clean,Table_1\results_aic\raw_aic_results.csv
100_2.0_72,100,2.0,72,3742261609,ricker,WGN,-1,1000,1,1000,213,213.0,AIC_prepeak_clean,Table_1\results_aic\raw_aic_results.csv
100_2.0_73,100,2.0,73,387847642,ricker,WGN,-1,1000,1,1000,213,213.0,AIC_prepeak_clean,Table_1\results_aic\raw_aic_results.csv
100_2.0_74,100,2.0,74,2558152821,ricker,WGN,-1,1000,1,1000,213,213.0,AIC_prepeak_clean,Table_1\results_aic\raw_aic_results.csv
100_2.0_75,100,2.0,75,1110062565,ricker,WGN,-1,1000,1,1000,213,213.0,AIC_prepeak_clean,Table_1\results_aic\raw_aic_results.csv
100_2.0_76,100,2.0,76,151435447,ricker,WGN,-1,1000,1,1000,213,213.0,AIC_prepeak_clean,Table_1\results_aic\raw_aic_results.csv
100_2.0_77,100,2.0,77,1522108551,ricker,WGN,-1,1000,1,1000,213,213.0,AIC_prepeak_clean,Table_1\results_aic\raw_aic_results.csv
100_2.0_78,100,2.0,78,2788621569,ricker,WGN,-1,1000,1,1000,213,213.0,AIC_prepeak_clean,Table_1\results_aic\raw_aic_results.csv
100_2.0_79,100,2.0,79,3716982549,ricker,WGN,-1,1000,1,1000,213,213.0,AIC_prepeak_clean,Table_1\results_aic\raw_aic_results.csv
100_2.0_80,100,2.0,80,995435649,ricker,WGN,-1,1000,1,1000,213,213.0,AIC_prepeak_clean,Table_1\results_aic\raw_aic_results.csv
100_2.0_81,100,2.0,81,1749623684,ricker,WGN,-1,1000,1,1000,213,213.0,AIC_prepeak_clean,Table_1\results_aic\raw_aic_results.csv
100_2.0_82,100,2.0,82,4115492428,ricker,WGN,-1,1000,1,1000,213,213.0,AIC_prepeak_clean,Table_1\results_aic\raw_aic_results.csv
100_2.0_83,100,2.0,83,2942282287,ricker,WGN,-1,1000,1,1000,213,213.0,AIC_prepeak_clean,Table_1\results_aic\raw_aic_results.csv
100_2.0_84,100,2.0,84,969889258,ricker,WGN,-1,1000,1,1000,213,213.0,AIC_prepeak_clean,Table_1\results_aic\raw_aic_results.csv
100_2.0_85,100,2.0,85,47378077,ricker,WGN,-1,1000,1,1000,213,213.0,AIC_prepeak_clean,Table_1\results_aic\raw_aic_results.csv
100_2.0_86,100,2.0,86,517883976,ricker,WGN,-1,1000,1,1000,213,213.0,AIC_prepeak_clean,Table_1\results_aic\raw_aic_results.csv
100_2.0_87,100,2.0,87,2579304851,ricker,WGN,-1,1000,1,1000,213,213.0,AIC_prepeak_clean,Table_1\results_aic\raw_aic_results.csv
100_2.0_88,100,2.0,88,2583137488,ricker,WGN,-1,1000,1,1000,213,213.0,AIC_prepeak_clean,Table_1\results_aic\raw_aic_results.csv
100_2.0_89,100,2.0,89,3025207951,ricker,WGN,-1,1000,1,1000,213,213.0,AIC_prepeak_clean,Table_1\results_aic\raw_aic_results.csv
100_2.0_90,100,2.0,90,2376568653,ricker,WGN,-1,1000,1,1000,213,213.0,AIC_prepeak_clean,Table_1\results_aic\raw_aic_results.csv
100_2.0_91,100,2.0,91,670214951,ricker,WGN,-1,1000,1,1000,213,213.0,AIC_prepeak_clean,Table_1\results_aic\raw_aic_results.csv
100_2.0_92,100,2.0,92,3821826661,ricker,WGN,-1,1000,1,1000,213,213.0,AIC_prepeak_clean,Table_1\results_aic\raw_aic_results.csv
100_2.0_93,100,2.0,93,3076906870,ricker,WGN,-1,1000,1,1000,213,213.0,AIC_prepeak_clean,Table_1\results_aic\raw_aic_results.csv
100_2.0_94,100,2.0,94,2778178076,ricker,WGN,-1,1000,1,1000,213,213.0,AIC_prepeak_clean,Table_1\results_aic\raw_aic_results.csv
100_2.0_95,100,2.0,95,1164156234,ricker,WGN,-1,1000,1,1000,213,213.0,AIC_prepeak_clean,Table_1\results_aic\raw_aic_results.csv
100_2.0_96,100,2.0,96,571358832,ricker,WGN,-1,1000,1,1000,213,213.0,AIC_prepeak_clean,Table_1\results_aic\raw_aic_results.csv
100_2.0_97,100,2.0,97,3851444698,ricker,WGN,-1,1000,1,1000,213,213.0,AIC_prepeak_clean,Table_1\results_aic\raw_aic_results.csv
100_2.0_98,100,2.0,98,1488329129,ricker,WGN,-1,1000,1,1000,213,213.0,AIC_prepeak_clean,Table_1\results_aic\raw_aic_results.csv
100_2.0_99,100,2.0,99,2298828892,ricker,WGN,-1,1000,1,1000,213,213.0,AIC_prepeak_clean,Table_1\results_aic\raw_aic_results.csv
100_2.0_100,100,2.0,100,2863656010,ricker,WGN,-1,1000,1,1000,213,213.0,AIC_prepeak_clean,Table_1\results_aic\raw_aic_results.csv
100_2.0_101,100,2.0,101,1960360855,ricker,WGN,-1,1000,1,1000,213,213.0,AIC_prepeak_clean,Table_1\results_aic\raw_aic_results.csv
100_2.0_102,100,2.0,102,3359990123,ricker,WGN,-1,1000,1,1000,213,213.0,AIC_prepeak_clean,Table_1\results_aic\raw_aic_results.csv
100_2.0_103,100,2.0,103,2978982397,ricker,WGN,-1,1000,1,1000,213,213.0,AIC_prepeak_clean,Table_1\results_aic\raw_aic_results.csv
100_2.0_104,100,2.0,104,1450997363,ricker,WGN,-1,1000,1,1000,213,213.0,AIC_prepeak_clean,Table_1\results_aic\raw_aic_results.csv
100_2.0_105,100,2.0,105,1794756825,ricker,WGN,-1,1000,1,1000,213,213.0,AIC_prepeak_clean,Table_1\results_aic\raw_aic_results.csv
100_2.0_106,100,2.0,106,3891966620,ricker,WGN,-1,1000,1,1000,213,213.0,AIC_prepeak_clean,Table_1\results_aic\raw_aic_results.csv
100_2.0_107,100,2.0,107,1781593836,ricker,WGN,-1,1000,1,1000,213,213.0,AIC_prepeak_clean,Table_1\results_aic\raw_aic_results.csv
100_2.0_108,100,2.0,108,2147332478,ricker,WGN,-1,1000,1,1000,213,213.0,AIC_prepeak_clean,Table_1\results_aic\raw_aic_results.csv
100_2.0_109,100,2.0,109,4169498030,ricker,WGN,-1,1000,1,1000,213,213.0,AIC_prepeak_clean,Table_1\results_aic\raw_aic_results.csv
100_2.0_110,100,2.0,110,1300210622,ricker,WGN,-1,1000,1,1000,213,213.0,AIC_prepeak_clean,Table_1\results_aic\raw_aic_results.csv
100_2.0_111,100,2.0,111,3888195995,ricker,WGN,-1,1000,1,1000,213,213.0,AIC_prepeak_clean,Table_1\results_aic\raw_aic_results.csv
100_2.0_112,100,2.0,112,2487489599,ricker,WGN,-1,1000,1,1000,213,213.0,AIC_prepeak_clean,Table_1\results_aic\raw_aic_results.csv
100_2.0_113,100,2.0,113,3325565564,ricker,WGN,-1,1000,1,1000,213,213.0,AIC_prepeak_clean,Table_1\results_aic\raw_aic_results.csv
100_2.0_114,100,2.0,114,2299853578,ricker,WGN,-1,1000,1,1000,213,213.0,AIC_prepeak_clean,Table_1\results_aic\raw_aic_results.csv
100_2.0_115,100,2.0,115,1648027571,ricker,WGN,-1,1000,1,1000,213,213.0,AIC_prepeak_clean,Table_1\results_aic\raw_aic_results.csv
100_2.0_116,100,2.0,116,864332791,ricker,WGN,-1,1000,1,1000,213,213.0,AIC_prepeak_clean,Table_1\results_aic\raw_aic_results.csv
100_2.0_117,100,2.0,117,322866035,ricker,WGN,-1,1000,1,1000,213,213.0,AIC_prepeak_clean,Table_1\results_aic\raw_aic_results.csv
100_2.0_118,100,2.0,118,4171471528,ricker,WGN,-1,1000,1,1000,213,213.0,AIC_prepeak_clean,Table_1\results_aic\raw_aic_results.csv
100_2.0_119,100,2.0,119,3510812754,ricker,WGN,-1,1000,1,1000,213,213.0,AIC_prepeak_clean,Table_1\results_aic\raw_aic_results.csv
100_2.0_120,100,2.0,120,947916752,ricker,WGN,-1,1000,1,1000,213,213.0,AIC_prepeak_clean,Table_1\results_aic\raw_aic_results.csv
100_2.0_121,100,2.0,121,622689107,ricker,WGN,-1,1000,1,1000,213,213.0,AIC_prepeak_clean,Table_1\results_aic\raw_aic_results.csv
100_2.0_122,100,2.0,122,1181168551,ricker,WGN,-1,1000,1,1000,213,213.0,AIC_prepeak_clean,Table_1\results_aic\raw_aic_results.csv
100_2.0_123,100,2.0,123,3720579642,ricker,WGN,-1,1000,1,1000,213,213.0,AIC_prepeak_clean,Table_1\results_aic\raw_aic_results.csv
100_2.0_124,100,2.0,124,2683516230,ricker,WGN,-1,1000,1,1000,213,213.0,AIC_prepeak_clean,Table_1\results_aic\raw_aic_results.csv
100_2.0_125,100,2.0,125,1123666526,ricker,WGN,-1,1000,1,1000,213,213.0,AIC_prepeak_clean,Table_1\results_aic\raw_aic_results.csv
100_2.0_126,100,2.0,126,1397453729,ricker,WGN,-1,1000,1,1000,213,213.0,AIC_prepeak_clean,Table_1\results_aic\raw_aic_results.csv
100_2.0_127,100,2.0,127,3553807891,ricker,WGN,-1,1000,1,1000,213,213.0,AIC_prepeak_clean,Table_1\results_aic\raw_aic_results.csv
100_2.0_128,100,2.0,128,347625493,ricker,WGN,-1,1000,1,1000,213,213.0,AIC_prepeak_clean,Table_1\results_aic\raw_aic_results.csv
100_2.0_129,100,2.0,129,2107739354,ricker,WGN,-1,1000,1,1000,213,213.0,AIC_prepeak_clean,Table_1\results_aic\raw_aic_results.csv
100_2.0_130,100,2.0,130,1383300091,ricker,WGN,-1,1000,1,1000,213,213.0,AIC_prepeak_clean,Table_1\results_aic\raw_aic_results.csv
100_2.0_131,100,2.0,131,1588879833,ricker,WGN,-1,1000,1,1000,213,213.0,AIC_prepeak_clean,Table_1\results_aic\raw_aic_results.csv
100_2.0_132,100,2.0,132,491046103,ricker,WGN,-1,1000,1,1000,213,213.0,AIC_prepeak_clean,Table_1\results_aic\raw_aic_results.csv
100_2.0_133,100,2.0,133,2678323139,ricker,WGN,-1,1000,1,1000,213,213.0,AIC_prepeak_clean,Table_1\results_aic\raw_aic_results.csv
100_2.0_134,100,2.0,134,2524625392,ricker,WGN,-1,1000,1,1000,213,213.0,AIC_prepeak_clean,Table_1\results_aic\raw_aic_results.csv
100_2.0_135,100,2.0,135,1896000790,ricker,WGN,-1,1000,1,1000,213,213.0,AIC_prepeak_clean,Table_1\results_aic\raw_aic_results.csv
100_2.0_136,100,2.0,136,1943713068,ricker,WGN,-1,1000,1,1000,213,213.0,AIC_prepeak_clean,Table_1\results_aic\raw_aic_results.csv
100_2.0_137,100,2.0,137,1520115132,ricker,WGN,-1,1000,1,1000,213,213.0,AIC_prepeak_clean,Table_1\results_aic\raw_aic_results.csv
100_2.0_138,100,2.0,138,1466182540,ricker,WGN,-1,1000,1,1000,213,213.0,AIC_prepeak_clean,Table_1\results_aic\raw_aic_results.csv
100_2.0_139,100,2.0,139,1361626745,ricker,WGN,-1,1000,1,1000,213,213.0,AIC_prepeak_clean,Table_1\results_aic\raw_aic_results.csv
100_2.0_140,100,2.0,140,210277428,ricker,WGN,-1,1000,1,1000,213,213.0,AIC_prepeak_clean,Table_1\results_aic\raw_aic_results.csv
100_2.0_141,100,2.0,141,3707450694,ricker,WGN,-1,1000,1,1000,213,213.0,AIC_prepeak_clean,Table_1\results_aic\raw_aic_results.csv
100_2.0_142,100,2.0,142,1289032678,ricker,WGN,-1,1000,1,1000,213,213.0,AIC_prepeak_clean,Table_1\results_aic\raw_aic_results.csv
100_2.0_143,100,2.0,143,3104203477,ricker,WGN,-1,1000,1,1000,213,213.0,AIC_prepeak_clean,Table_1\results_aic\raw_aic_results.csv
100_2.0_144,100,2.0,144,875271815,ricker,WGN,-1,1000,1,1000,213,213.0,AIC_prepeak_clean,Table_1\results_aic\raw_aic_results.csv
100_2.0_145,100,2.0,145,1969499087,ricker,WGN,-1,1000,1,1000,213,213.0,AIC_prepeak_clean,Table_1\results_aic\raw_aic_results.csv
100_2.0_146,100,2.0,146,1956280570,ricker,WGN,-1,1000,1,1000,213,213.0,AIC_prepeak_clean,Table_1\results_aic\raw_aic_results.csv
100_2.0_147,100,2.0,147,1060769926,ricker,WGN,-1,1000,1,1000,213,213.0,AIC_prepeak_clean,Table_1\results_aic\raw_aic_results.csv
100_2.0_148,100,2.0,148,2630255925,ricker,WGN,-1,1000,1,1000,213,213.0,AIC_prepeak_clean,Table_1\results_aic\raw_aic_results.csv
100_2.0_149,100,2.0,149,3604778223,ricker,WGN,-1,1000,1,1000,213,213.0,AIC_prepeak_clean,Table_1\results_aic\raw_aic_results.csv
100_2.0_150,100,2.0,150,295999746,ricker,WGN,-1,1000,1,1000,213,213.0,AIC_prepeak_clean,Table_1\results_aic\raw_aic_results.csv
100_2.0_151,100,2.0,151,760481097,ricker,WGN,-1,1000,1,1000,213,213.0,AIC_prepeak_clean,Table_1\results_aic\raw_aic_results.csv
100_2.0_152,100,2.0,152,2608068747,ricker,WGN,-1,1000,1,1000,213,213.0,AIC_prepeak_clean,Table_1\results_aic\raw_aic_results.csv
100_2.0_153,100,2.0,153,968515381,ricker,WGN,-1,1000,1,1000,213,213.0,AIC_prepeak_clean,Table_1\results_aic\raw_aic_results.csv
100_2.0_154,100,2.0,154,2717845156,ricker,WGN,-1,1000,1,1000,213,213.0,AIC_prepeak_clean,Table_1\results_aic\raw_aic_results.csv
100_2.0_155,100,2.0,155,2429556910,ricker,WGN,-1,1000,1,1000,213,213.0,AIC_prepeak_clean,Table_1\results_aic\raw_aic_results.csv
100_2.0_156,100,2.0,156,1181249655,ricker,WGN,-1,1000,1,1000,213,213.0,AIC_prepeak_clean,Table_1\results_aic\raw_aic_results.csv
100_2.0_157,100,2.0,157,890691668,ricker,WGN,-1,1000,1,1000,213,213.0,AIC_prepeak_clean,Table_1\results_aic\raw_aic_results.csv
100_2.0_158,100,2.0,158,1926356642,ricker,WGN,-1,1000,1,1000,213,213.0,AIC_prepeak_clean,Table_1\results_aic\raw_aic_results.csv
100_2.0_159,100,2.0,159,3829855925,ricker,WGN,-1,1000,1,1000,213,213.0,AIC_prepeak_clean,Table_1\results_aic\raw_aic_results.csv
100_2.0_160,100,2.0,160,3913663536,ricker,WGN,-1,1000,1,1000,213,213.0,AIC_prepeak_clean,Table_1\results_aic\raw_aic_results.csv
100_2.0_161,100,2.0,161,1313181568,ricker,WGN,-1,1000,1,1000,213,213.0,AIC_prepeak_clean,Table_1\results_aic\raw_aic_results.csv
100_2.0_162,100,2.0,162,1380504762,ricker,WGN,-1,1000,1,1000,213,213.0,AIC_prepeak_clean,Table_1\results_aic\raw_aic_results.csv
100_2.0_163,100,2.0,163,1992351957,ricker,WGN,-1,1000,1,1000,213,213.0,AIC_prepeak_clean,Table_1\results_aic\raw_aic_results.csv
100_2.0_164,100,2.0,164,2932339459,ricker,WGN,-1,1000,1,1000,213,213.0,AIC_prepeak_clean,Table_1\results_aic\raw_aic_results.csv
100_2.0_165,100,2.0,165,2315013208,ricker,WGN,-1,1000,1,1000,213,213.0,AIC_prepeak_clean,Table_1\results_aic\raw_aic_results.csv
100_2.0_166,100,2.0,166,1632013440,ricker,WGN,-1,1000,1,1000,213,213.0,AIC_prepeak_clean,Table_1\results_aic\raw_aic_results.csv
100_2.0_167,100,2.0,167,1245581940,ricker,WGN,-1,1000,1,1000,213,213.0,AIC_prepeak_clean,Table_1\results_aic\raw_aic_results.csv
100_2.0_168,100,2.0,168,2123272643,ricker,WGN,-1,1000,1,1000,213,213.0,AIC_prepeak_clean,Table_1\results_aic\raw_aic_results.csv
100_2.0_169,100,2.0,169,1996542214,ricker,WGN,-1,1000,1,1000,213,213.0,AIC_prepeak_clean,Table_1\results_aic\raw_aic_results.csv
100_2.0_170,100,2.0,170,212980586,ricker,WGN,-1,1000,1,1000,213,213.0,AIC_prepeak_clean,Table_1\results_aic\raw_aic_results.csv
100_2.0_171,100,2.0,171,2445774854,ricker,WGN,-1,1000,1,1000,213,213.0,AIC_prepeak_clean,Table_1\results_aic\raw_aic_results.csv
100_2.0_172,100,2.0,172,884857463,ricker,WGN,-1,1000,1,1000,213,213.0,AIC_prepeak_clean,Table_1\results_aic\raw_aic_results.csv
100_2.0_173,100,2.0,173,3485911817,ricker,WGN,-1,1000,1,1000,213,213.0,AIC_prepeak_clean,Table_1\results_aic\raw_aic_results.csv
100_2.0_174,100,2.0,174,3363099055,ricker,WGN,-1,1000,1,1000,213,213.0,AIC_prepeak_clean,Table_1\results_aic\raw_aic_results.csv
100_2.0_175,100,2.0,175,3456214220,ricker,WGN,-1,1000,1,1000,213,213.0,AIC_prepeak_clean,Table_1\results_aic\raw_aic_results.csv
100_2.0_176,100,2.0,176,2937153320,ricker,WGN,-1,1000,1,1000,213,213.0,AIC_prepeak_clean,Table_1\results_aic\raw_aic_results.csv
100_2.0_177,100,2.0,177,509826022,ricker,WGN,-1,1000,1,1000,213,213.0,AIC_prepeak_clean,Table_1\results_aic\raw_aic_results.csv
100_2.0_178,100,2.0,178,3213204775,ricker,WGN,-1,1000,1,1000,213,213.0,AIC_prepeak_clean,Table_1\results_aic\raw_aic_results.csv
100_2.0_179,100,2.0,179,4247260465,ricker,WGN,-1,1000,1,1000,213,213.0,AIC_prepeak_clean,Table_1\results_aic\raw_aic_results.csv
100_2.0_180,100,2.0,180,1365471725,ricker,WGN,-1,1000,1,1000,213,213.0,AIC_prepeak_clean,Table_1\results_aic\raw_aic_results.csv
100_2.0_181,100,2.0,181,2643880940,ricker,WGN,-1,1000,1,1000,213,213.0,AIC_prepeak_clean,Table_1\results_aic\raw_aic_results.csv
100_2.0_182,100,2.0,182,3767619399,ricker,WGN,-1,1000,1,1000,213,213.0,AIC_prepeak_clean,Table_1\results_aic\raw_aic_results.csv
100_2.0_183,100,2.0,183,416759368,ricker,WGN,-1,1000,1,1000,213,213.0,AIC_prepeak_clean,Table_1\results_aic\raw_aic_results.csv
100_2.0_184,100,2.0,184,338681994,ricker,WGN,-1,1000,1,1000,213,213.0,AIC_prepeak_clean,Table_1\results_aic\raw_aic_results.csv
100_2.0_185,100,2.0,185,1256058592,ricker,WGN,-1,1000,1,1000,213,213.0,AIC_prepeak_clean,Table_1\results_aic\raw_aic_results.csv
100_2.0_186,100,2.0,186,575275723,ricker,WGN,-1,1000,1,1000,213,213.0,AIC_prepeak_clean,Table_1\results_aic\raw_aic_results.csv
100_2.0_187,100,2.0,187,1851007339,ricker,WGN,-1,1000,1,1000,213,213.0,AIC_prepeak_clean,Table_1\results_aic\raw_aic_results.csv
100_2.0_188,100,2.0,188,3812786784,ricker,WGN,-1,1000,1,1000,213,213.0,AIC_prepeak_clean,Table_1\results_aic\raw_aic_results.csv
100_2.0_189,100,2.0,189,4079680410,ricker,WGN,-1,1000,1,1000,213,213.0,AIC_prepeak_clean,Table_1\results_aic\raw_aic_results.csv
100_2.0_190,100,2.0,190,3079082075,ricker,WGN,-1,1000,1,1000,213,213.0,AIC_prepeak_clean,Table_1\results_aic\raw_aic_results.csv
100_2.0_191,100,2.0,191,866442317,ricker,WGN,-1,1000,1,1000,213,213.0,AIC_prepeak_clean,Table_1\results_aic\raw_aic_results.csv
100_2.0_192,100,2.0,192,3379460088,ricker,WGN,-1,1000,1,1000,213,213.0,AIC_prepeak_clean,Table_1\results_aic\raw_aic_results.csv
100_2.0_193,100,2.0,193,992815452,ricker,WGN,-1,1000,1,1000,213,213.0,AIC_prepeak_clean,Table_1\results_aic\raw_aic_results.csv
100_2.0_194,100,2.0,194,3232784037,ricker,WGN,-1,1000,1,1000,213,213.0,AIC_prepeak_clean,Table_1\results_aic\raw_aic_results.csv
100_2.0_195,100,2.0,195,3203081226,ricker,WGN,-1,1000,1,1000,213,213.0,AIC_prepeak_clean,Table_1\results_aic\raw_aic_results.csv
100_2.0_196,100,2.0,196,466016547,ricker,WGN,-1,1000,1,1000,213,213.0,AIC_prepeak_clean,Table_1\results_aic\raw_aic_results.csv
100_2.0_197,100,2.0,197,3923646254,ricker,WGN,-1,1000,1,1000,213,213.0,AIC_prepeak_clean,Table_1\results_aic\raw_aic_results.csv
100_2.0_198,100,2.0,198,4250070934,ricker,WGN,-1,1000,1,1000,213,213.0,AIC_prepeak_clean,Table_1\results_aic\raw_aic_results.csv
100_2.0_199,100,2.0,199,1324268470,ricker,WGN,-1,1000,1,1000,213,213.0,AIC_prepeak_clean,Table_1\results_aic\raw_aic_results.csv
150_-10.0_0,150,-10.0,0,3119651256,ricker,WGN,-1,1000,1,1000,217,217.0,AIC_prepeak_clean,Table_1\results_aic\raw_aic_results.csv
150_-10.0_1,150,-10.0,1,4120913771,ricker,WGN,-1,1000,1,1000,217,217.0,AIC_prepeak_clean,Table_1\results_aic\raw_aic_results.csv
150_-10.0_2,150,-10.0,2,1849648013,ricker,WGN,-1,1000,1,1000,217,217.0,AIC_prepeak_clean,Table_1\results_aic\raw_aic_results.csv
150_-10.0_3,150,-10.0,3,570075304,ricker,WGN,-1,1000,1,1000,217,217.0,AIC_prepeak_clean,Table_1\results_aic\raw_aic_results.csv
150_-10.0_4,150,-10.0,4,226025356,ricker,WGN,-1,1000,1,1000,217,217.0,AIC_prepeak_clean,Table_1\results_aic\raw_aic_results.csv
150_-10.0_5,150,-10.0,5,1573320927,ricker,WGN,-1,1000,1,1000,217,217.0,AIC_prepeak_clean,Table_1\results_aic\raw_aic_results.csv
150_-10.0_6,150,-10.0,6,1382057977,ricker,WGN,-1,1000,1,1000,217,217.0,AIC_prepeak_clean,Table_1\results_aic\raw_aic_results.csv
150_-10.0_7,150,-10.0,7,1897191632,ricker,WGN,-1,1000,1,1000,217,217.0,AIC_prepeak_clean,Table_1\results_aic\raw_aic_results.csv
150_-10.0_8,150,-10.0,8,2518624712,ricker,WGN,-1,1000,1,1000,217,217.0,AIC_prepeak_clean,Table_1\results_aic\raw_aic_results.csv
150_-10.0_9,150,-10.0,9,1003489034,ricker,WGN,-1,1000,1,1000,217,217.0,AIC_prepeak_clean,Table_1\results_aic\raw_aic_results.csv
150_-10.0_10,150,-10.0,10,2722695646,ricker,WGN,-1,1000,1,1000,217,217.0,AIC_prepeak_clean,Table_1\results_aic\raw_aic_results.csv
150_-10.0_11,150,-10.0,11,1285564252,ricker,WGN,-1,1000,1,1000,217,217.0,AIC_prepeak_clean,Table_1\results_aic\raw_aic_results.csv
150_-10.0_12,150,-10.0,12,976149748,ricker,WGN,-1,1000,1,1000,217,217.0,AIC_prepeak_clean,Table_1\results_aic\raw_aic_results.csv
150_-10.0_13,150,-10.0,13,656616862,ricker,WGN,-1,1000,1,1000,217,217.0,AIC_prepeak_clean,Table_1\results_aic\raw_aic_results.csv
150_-10.0_14,150,-10.0,14,1416834099,ricker,WGN,-1,1000,1,1000,217,217.0,AIC_prepeak_clean,Table_1\results_aic\raw_aic_results.csv
150_-10.0_15,150,-10.0,15,1728829225,ricker,WGN,-1,1000,1,1000,217,217.0,AIC_prepeak_clean,Table_1\results_aic\raw_aic_results.csv
150_-10.0_16,150,-10.0,16,3136054437,ricker,WGN,-1,1000,1,1000,217,217.0,AIC_prepeak_clean,Table_1\results_aic\raw_aic_results.csv
150_-10.0_17,150,-10.0,17,3199826361,ricker,WGN,-1,1000,1,1000,217,217.0,AIC_prepeak_clean,Table_1\results_aic\raw_aic_results.csv
150_-10.0_18,150,-10.0,18,3015421545,ricker,WGN,-1,1000,1,1000,217,217.0,AIC_prepeak_clean,Table_1\results_aic\raw_aic_results.csv
150_-10.0_19,150,-10.0,19,3728116637,ricker,WGN,-1,1000,1,1000,217,217.0,AIC_prepeak_clean,Table_1\results_aic\raw_aic_results.csv
150_-10.0_20,150,-10.0,20,945139465,ricker,WGN,-1,1000,1,1000,217,217.0,AIC_prepeak_clean,Table_1\results_aic\raw_aic_results.csv
150_-10.0_21,150,-10.0,21,98875460,ricker,WGN,-1,1000,1,1000,217,217.0,AIC_prepeak_clean,Table_1\results_aic\raw_aic_results.csv
150_-10.0_22,150,-10.0,22,3290414121,ricker,WGN,-1,1000,1,1000,217,217.0,AIC_prepeak_clean,Table_1\results_aic\raw_aic_results.csv
150_-10.0_23,150,-10.0,23,684939792,ricker,WGN,-1,1000,1,1000,217,217.0,AIC_prepeak_clean,Table_1\results_aic\raw_aic_results.csv
150_-10.0_24,150,-10.0,24,1406932197,ricker,WGN,-1,1000,1,1000,217,217.0,AIC_prepeak_clean,Table_1\results_aic\raw_aic_results.csv
150_-10.0_25,150,-10.0,25,1722107029,ricker,WGN,-1,1000,1,1000,217,217.0,AIC_prepeak_clean,Table_1\results_aic\raw_aic_results.csv
150_-10.0_26,150,-10.0,26,3329158167,ricker,WGN,-1,1000,1,1000,217,217.0,AIC_prepeak_clean,Table_1\results_aic\raw_aic_results.csv
150_-10.0_27,150,-10.0,27,2298384277,ricker,WGN,-1,1000,1,1000,217,217.0,AIC_prepeak_clean,Table_1\results_aic\raw_aic_results.csv
150_-10.0_28,150,-10.0,28,2961167528,ricker,WGN,-1,1000,1,1000,217,217.0,AIC_prepeak_clean,Table_1\results_aic\raw_aic_results.csv
150_-10.0_29,150,-10.0,29,3675986373,ricker,WGN,-1,1000,1,1000,217,217.0,AIC_prepeak_clean,Table_1\results_aic\raw_aic_results.csv
150_-10.0_30,150,-10.0,30,3764114120,ricker,WGN,-1,1000,1,1000,217,217.0,AIC_prepeak_clean,Table_1\results_aic\raw_aic_results.csv
150_-10.0_31,150,-10.0,31,80819076,ricker,WGN,-1,1000,1,1000,217,217.0,AIC_prepeak_clean,Table_1\results_aic\raw_aic_results.csv
150_-10.0_32,150,-10.0,32,2160222444,ricker,WGN,-1,1000,1,1000,217,217.0,AIC_prepeak_clean,Table_1\results_aic\raw_aic_results.csv
150_-10.0_33,150,-10.0,33,47152297,ricker,WGN,-1,1000,1,1000,217,217.0,AIC_prepeak_clean,Table_1\results_aic\raw_aic_results.csv
150_-10.0_34,150,-10.0,34,2296289042,ricker,WGN,-1,1000,1,1000,217,217.0,AIC_prepeak_clean,Table_1\results_aic\raw_aic_results.csv
150_-10.0_35,150,-10.0,35,822640156,ricker,WGN,-1,1000,1,1000,217,217.0,AIC_prepeak_clean,Table_1\results_aic\raw_aic_results.csv
150_-10.0_36,150,-10.0,36,180104555,ricker,WGN,-1,1000,1,1000,217,217.0,AIC_prepeak_clean,Table_1\results_aic\raw_aic_results.csv
150_-10.0_37,150,-10.0,37,3217237180,ricker,WGN,-1,1000,1,1000,217,217.0,AIC_prepeak_clean,Table_1\results_aic\raw_aic_results.csv
150_-10.0_38,150,-10.0,38,2359958669,ricker,WGN,-1,1000,1,1000,217,217.0,AIC_prepeak_clean,Table_1\results_aic\raw_aic_results.csv
150_-10.0_39,150,-10.0,39,1597330979,ricker,WGN,-1,1000,1,1000,217,217.0,AIC_prepeak_clean,Table_1\results_aic\raw_aic_results.csv
150_-10.0_40,150,-10.0,40,3343132409,ricker,WGN,-1,1000,1,1000,217,217.0,AIC_prepeak_clean,Table_1\results_aic\raw_aic_results.csv
150_-10.0_41,150,-10.0,41,1971312424,ricker,WGN,-1,1000,1,1000,217,217.0,AIC_prepeak_clean,Table_1\results_aic\raw_aic_results.csv
150_-10.0_42,150,-10.0,42,3092014268,ricker,WGN,-1,1000,1,1000,217,217.0,AIC_prepeak_clean,Table_1\results_aic\raw_aic_results.csv
150_-10.0_43,150,-10.0,43,916877522,ricker,WGN,-1,1000,1,1000,217,217.0,AIC_prepeak_clean,Table_1\results_aic\raw_aic_results.csv
150_-10.0_44,150,-10.0,44,140881536,ricker,WGN,-1,1000,1,1000,217,217.0,AIC_prepeak_clean,Table_1\results_aic\raw_aic_results.csv
150_-10.0_45,150,-10.0,45,2571902968,ricker,WGN,-1,1000,1,1000,217,217.0,AIC_prepeak_clean,Table_1\results_aic\raw_aic_results.csv
150_-10.0_46,150,-10.0,46,3716568183,ricker,WGN,-1,1000,1,1000,217,217.0,AIC_prepeak_clean,Table_1\results_aic\raw_aic_results.csv
150_-10.0_47,150,-10.0,47,2621337999,ricker,WGN,-1,1000,1,1000,217,217.0,AIC_prepeak_clean,Table_1\results_aic\raw_aic_results.csv
150_-10.0_48,150,-10.0,48,500578663,ricker,WGN,-1,1000,1,1000,217,217.0,AIC_prepeak_clean,Table_1\results_aic\raw_aic_results.csv
150_-10.0_49,150,-10.0,49,2076983506,ricker,WGN,-1,1000,1,1000,217,217.0,AIC_prepeak_clean,Table_1\results_aic\raw_aic_results.csv
150_-10.0_50,150,-10.0,50,2878551685,ricker,WGN,-1,1000,1,1000,217,217.0,AIC_prepeak_clean,Table_1\results_aic\raw_aic_results.csv
150_-10.0_51,150,-10.0,51,3561574151,ricker,WGN,-1,1000,1,1000,217,217.0,AIC_prepeak_clean,Table_1\results_aic\raw_aic_results.csv
150_-10.0_52,150,-10.0,52,1175505710,ricker,WGN,-1,1000,1,1000,217,217.0,AIC_prepeak_clean,Table_1\results_aic\raw_aic_results.csv
150_-10.0_53,150,-10.0,53,761831482,ricker,WGN,-1,1000,1,1000,217,217.0,AIC_prepeak_clean,Table_1\results_aic\raw_aic_results.csv
150_-10.0_54,150,-10.0,54,3803600554,ricker,WGN,-1,1000,1,1000,217,217.0,AIC_prepeak_clean,Table_1\results_aic\raw_aic_results.csv
150_-10.0_55,150,-10.0,55,3611734494,ricker,WGN,-1,1000,1,1000,217,217.0,AIC_prepeak_clean,Table_1\results_aic\raw_aic_results.csv
150_-10.0_56,150,-10.0,56,4228197227,ricker,WGN,-1,1000,1,1000,217,217.0,AIC_prepeak_clean,Table_1\results_aic\raw_aic_results.csv
150_-10.0_57,150,-10.0,57,1758092142,ricker,WGN,-1,1000,1,1000,217,217.0,AIC_prepeak_clean,Table_1\results_aic\raw_aic_results.csv
150_-10.0_58,150,-10.0,58,3270379938,ricker,WGN,-1,1000,1,1000,217,217.0,AIC_prepeak_clean,Table_1\results_aic\raw_aic_results.csv
150_-10.0_59,150,-10.0,59,833576067,ricker,WGN,-1,1000,1,1000,217,217.0,AIC_prepeak_clean,Table_1\results_aic\raw_aic_results.csv
150_-10.0_60,150,-10.0,60,2983924440,ricker,WGN,-1,1000,1,1000,217,217.0,AIC_prepeak_clean,Table_1\results_aic\raw_aic_results.csv
150_-10.0_61,150,-10.0,61,600111162,ricker,WGN,-1,1000,1,1000,217,217.0,AIC_prepeak_clean,Table_1\results_aic\raw_aic_results.csv
150_-10.0_62,150,-10.0,62,819632834,ricker,WGN,-1,1000,1,1000,217,217.0,AIC_prepeak_clean,Table_1\results_aic\raw_aic_results.csv
150_-10.0_63,150,-10.0,63,1375030795,ricker,WGN,-1,1000,1,1000,217,217.0,AIC_prepeak_clean,Table_1\results_aic\raw_aic_results.csv
150_-10.0_64,150,-10.0,64,1861892073,ricker,WGN,-1,1000,1,1000,217,217.0,AIC_prepeak_clean,Table_1\results_aic\raw_aic_results.csv
150_-10.0_65,150,-10.0,65,3841052497,ricker,WGN,-1,1000,1,1000,217,217.0,AIC_prepeak_clean,Table_1\results_aic\raw_aic_results.csv
150_-10.0_66,150,-10.0,66,2923673397,ricker,WGN,-1,1000,1,1000,217,217.0,AIC_prepeak_clean,Table_1\results_aic\raw_aic_results.csv
150_-10.0_67,150,-10.0,67,2900497074,ricker,WGN,-1,1000,1,1000,217,217.0,AIC_prepeak_clean,Table_1\results_aic\raw_aic_results.csv
150_-10.0_68,150,-10.0,68,2233372007,ricker,WGN,-1,1000,1,1000,217,217.0,AIC_prepeak_clean,Table_1\results_aic\raw_aic_results.csv
150_-10.0_69,150,-10.0,69,126901861,ricker,WGN,-1,1000,1,1000,217,217.0,AIC_prepeak_clean,Table_1\results_aic\raw_aic_results.csv
150_-10.0_70,150,-10.0,70,3323960929,ricker,WGN,-1,1000,1,1000,217,217.0,AIC_prepeak_clean,Table_1\results_aic\raw_aic_results.csv
150_-10.0_71,150,-10.0,71,3706069789,ricker,WGN,-1,1000,1,1000,217,217.0,AIC_prepeak_clean,Table_1\results_aic\raw_aic_results.csv
150_-10.0_72,150,-10.0,72,1398128155,ricker,WGN,-1,1000,1,1000,217,217.0,AIC_prepeak_clean,Table_1\results_aic\raw_aic_results.csv
150_-10.0_73,150,-10.0,73,1240863952,ricker,WGN,-1,1000,1,1000,217,217.0,AIC_prepeak_clean,Table_1\results_aic\raw_aic_results.csv
150_-10.0_74,150,-10.0,74,1615821980,ricker,WGN,-1,1000,1,1000,217,217.0,AIC_prepeak_clean,Table_1\results_aic\raw_aic_results.csv
150_-10.0_75,150,-10.0,75,4286459238,ricker,WGN,-1,1000,1,1000,217,217.0,AIC_prepeak_clean,Table_1\results_aic\raw_aic_results.csv
150_-10.0_76,150,-10.0,76,1037856101,ricker,WGN,-1,1000,1,1000,217,217.0,AIC_prepeak_clean,Table_1\results_aic\raw_aic_results.csv
150_-10.0_77,150,-10.0,77,2945373954,ricker,WGN,-1,1000,1,1000,217,217.0,AIC_prepeak_clean,Table_1\results_aic\raw_aic_results.csv
150_-10.0_78,150,-10.0,78,2685683099,ricker,WGN,-1,1000,1,1000,217,217.0,AIC_prepeak_clean,Table_1\results_aic\raw_aic_results.csv
150_-10.0_79,150,-10.0,79,908582186,ricker,WGN,-1,1000,1,1000,217,217.0,AIC_prepeak_clean,Table_1\results_aic\raw_aic_results.csv
150_-10.0_80,150,-10.0,80,226453844,ricker,WGN,-1,1000,1,1000,217,217.0,AIC_prepeak_clean,Table_1\results_aic\raw_aic_results.csv
150_-10.0_81,150,-10.0,81,3224319319,ricker,WGN,-1,1000,1,1000,217,217.0,AIC_prepeak_clean,Table_1\results_aic\raw_aic_results.csv
150_-10.0_82,150,-10.0,82,779070503,ricker,WGN,-1,1000,1,1000,217,217.0,AIC_prepeak_clean,Table_1\results_aic\raw_aic_results.csv
150_-10.0_83,150,-10.0,83,970789524,ricker,WGN,-1,1000,1,1000,217,217.0,AIC_prepeak_clean,Table_1\results_aic\raw_aic_results.csv
150_-10.0_84,150,-10.0,84,1665912136,ricker,WGN,-1,1000,1,1000,217,217.0,AIC_prepeak_clean,Table_1\results_aic\raw_aic_results.csv
150_-10.0_85,150,-10.0,85,607815314,ricker,WGN,-1,1000,1,1000,217,217.0,AIC_prepeak_clean,Table_1\results_aic\raw_aic_results.csv
150_-10.0_86,150,-10.0,86,3455301879,ricker,WGN,-1,1000,1,1000,217,217.0,AIC_prepeak_clean,Table_1\results_aic\raw_aic_results.csv
150_-10.0_87,150,-10.0,87,4237910866,ricker,WGN,-1,1000,1,1000,217,217.0,AIC_prepeak_clean,Table_1\results_aic\raw_aic_results.csv
150_-10.0_88,150,-10.0,88,3815382553,ricker,WGN,-1,1000,1,1000,217,217.0,AIC_prepeak_clean,Table_1\results_aic\raw_aic_results.csv
150_-10.0_89,150,-10.0,89,3498378055,ricker,WGN,-1,1000,1,1000,217,217.0,AIC_prepeak_clean,Table_1\results_aic\raw_aic_results.csv
150_-10.0_90,150,-10.0,90,2725924724,ricker,WGN,-1,1000,1,1000,217,217.0,AIC_prepeak_clean,Table_1\results_aic\raw_aic_results.csv
150_-10.0_91,150,-10.0,91,805460856,ricker,WGN,-1,1000,1,1000,217,217.0,AIC_prepeak_clean,Table_1\results_aic\raw_aic_results.csv
150_-10.0_92,150,-10.0,92,25315730,ricker,WGN,-1,1000,1,1000,217,217.0,AIC_prepeak_clean,Table_1\results_aic\raw_aic_results.csv
150_-10.0_93,150,-10.0,93,1125744663,ricker,WGN,-1,1000,1,1000,217,217.0,AIC_prepeak_clean,Table_1\results_aic\raw_aic_results.csv
150_-10.0_94,150,-10.0,94,933654661,ricker,WGN,-1,1000,1,1000,217,217.0,AIC_prepeak_clean,Table_1\results_aic\raw_aic_results.csv
150_-10.0_95,150,-10.0,95,1462324002,ricker,WGN,-1,1000,1,1000,217,217.0,AIC_prepeak_clean,Table_1\results_aic\raw_aic_results.csv
150_-10.0_96,150,-10.0,96,109446511,ricker,WGN,-1,1000,1,1000,217,217.0,AIC_prepeak_clean,Table_1\results_aic\raw_aic_results.csv
150_-10.0_97,150,-10.0,97,518657205,ricker,WGN,-1,1000,1,1000,217,217.0,AIC_prepeak_clean,Table_1\results_aic\raw_aic_results.csv
150_-10.0_98,150,-10.0,98,2601989189,ricker,WGN,-1,1000,1,1000,217,217.0,AIC_prepeak_clean,Table_1\results_aic\raw_aic_results.csv
150_-10.0_99,150,-10.0,99,1607590898,ricker,WGN,-1,1000,1,1000,217,217.0,AIC_prepeak_clean,Table_1\results_aic\raw_aic_results.csv
150_-10.0_100,150,-10.0,100,2481056444,ricker,WGN,-1,1000,1,1000,217,217.0,AIC_prepeak_clean,Table_1\results_aic\raw_aic_results.csv
150_-10.0_101,150,-10.0,101,1449075648,ricker,WGN,-1,1000,1,1000,217,217.0,AIC_prepeak_clean,Table_1\results_aic\raw_aic_results.csv
150_-10.0_102,150,-10.0,102,3044242371,ricker,WGN,-1,1000,1,1000,217,217.0,AIC_prepeak_clean,Table_1\results_aic\raw_aic_results.csv
150_-10.0_103,150,-10.0,103,2275494160,ricker,WGN,-1,1000,1,1000,217,217.0,AIC_prepeak_clean,Table_1\results_aic\raw_aic_results.csv
150_-10.0_104,150,-10.0,104,2189686959,ricker,WGN,-1,1000,1,1000,217,217.0,AIC_prepeak_clean,Table_1\results_aic\raw_aic_results.csv
150_-10.0_105,150,-10.0,105,3744262341,ricker,WGN,-1,1000,1,1000,217,217.0,AIC_prepeak_clean,Table_1\results_aic\raw_aic_results.csv
150_-10.0_106,150,-10.0,106,3281092688,ricker,WGN,-1,1000,1,1000,217,217.0,AIC_prepeak_clean,Table_1\results_aic\raw_aic_results.csv
150_-10.0_107,150,-10.0,107,3312313197,ricker,WGN,-1,1000,1,1000,217,217.0,AIC_prepeak_clean,Table_1\results_aic\raw_aic_results.csv
150_-10.0_108,150,-10.0,108,1371569531,ricker,WGN,-1,1000,1,1000,217,217.0,AIC_prepeak_clean,Table_1\results_aic\raw_aic_results.csv
150_-10.0_109,150,-10.0,109,2263783968,ricker,WGN,-1,1000,1,1000,217,217.0,AIC_prepeak_clean,Table_1\results_aic\raw_aic_results.csv
150_-10.0_110,150,-10.0,110,2841135642,ricker,WGN,-1,1000,1,1000,217,217.0,AIC_prepeak_clean,Table_1\results_aic\raw_aic_results.csv
150_-10.0_111,150,-10.0,111,577666759,ricker,WGN,-1,1000,1,1000,217,217.0,AIC_prepeak_clean,Table_1\results_aic\raw_aic_results.csv
150_-10.0_112,150,-10.0,112,2321190404,ricker,WGN,-1,1000,1,1000,217,217.0,AIC_prepeak_clean,Table_1\results_aic\raw_aic_results.csv
150_-10.0_113,150,-10.0,113,2056503595,ricker,WGN,-1,1000,1,1000,217,217.0,AIC_prepeak_clean,Table_1\results_aic\raw_aic_results.csv
150_-10.0_114,150,-10.0,114,3173012411,ricker,WGN,-1,1000,1,1000,217,217.0,AIC_prepeak_clean,Table_1\results_aic\raw_aic_results.csv
150_-10.0_115,150,-10.0,115,2649296650,ricker,WGN,-1,1000,1,1000,217,217.0,AIC_prepeak_clean,Table_1\results_aic\raw_aic_results.csv
150_-10.0_116,150,-10.0,116,1734539630,ricker,WGN,-1,1000,1,1000,217,217.0,AIC_prepeak_clean,Table_1\results_aic\raw_aic_results.csv
150_-10.0_117,150,-10.0,117,4026089284,ricker,WGN,-1,1000,1,1000,217,217.0,AIC_prepeak_clean,Table_1\results_aic\raw_aic_results.csv
150_-10.0_118,150,-10.0,118,604668997,ricker,WGN,-1,1000,1,1000,217,217.0,AIC_prepeak_clean,Table_1\results_aic\raw_aic_results.csv
150_-10.0_119,150,-10.0,119,793895249,ricker,WGN,-1,1000,1,1000,217,217.0,AIC_prepeak_clean,Table_1\results_aic\raw_aic_results.csv
150_-10.0_120,150,-10.0,120,2305358132,ricker,WGN,-1,1000,1,1000,217,217.0,AIC_prepeak_clean,Table_1\results_aic\raw_aic_results.csv
150_-10.0_121,150,-10.0,121,2668146156,ricker,WGN,-1,1000,1,1000,217,217.0,AIC_prepeak_clean,Table_1\results_aic\raw_aic_results.csv
150_-10.0_122,150,-10.0,122,4019635318,ricker,WGN,-1,1000,1,1000,217,217.0,AIC_prepeak_clean,Table_1\results_aic\raw_aic_results.csv
150_-10.0_123,150,-10.0,123,2471072987,ricker,WGN,-1,1000,1,1000,217,217.0,AIC_prepeak_clean,Table_1\results_aic\raw_aic_results.csv
150_-10.0_124,150,-10.0,124,4043097215,ricker,WGN,-1,1000,1,1000,217,217.0,AIC_prepeak_clean,Table_1\results_aic\raw_aic_results.csv
150_-10.0_125,150,-10.0,125,3841079846,ricker,WGN,-1,1000,1,1000,217,217.0,AIC_prepeak_clean,Table_1\results_aic\raw_aic_results.csv
150_-10.0_126,150,-10.0,126,3773482365,ricker,WGN,-1,1000,1,1000,217,217.0,AIC_prepeak_clean,Table_1\results_aic\raw_aic_results.csv
150_-10.0_127,150,-10.0,127,3588022961,ricker,WGN,-1,1000,1,1000,217,217.0,AIC_prepeak_clean,Table_1\results_aic\raw_aic_results.csv
150_-10.0_128,150,-10.0,128,2580215732,ricker,WGN,-1,1000,1,1000,217,217.0,AIC_prepeak_clean,Table_1\results_aic\raw_aic_results.csv
150_-10.0_129,150,-10.0,129,1972781828,ricker,WGN,-1,1000,1,1000,217,217.0,AIC_prepeak_clean,Table_1\results_aic\raw_aic_results.csv
150_-10.0_130,150,-10.0,130,3690427367,ricker,WGN,-1,1000,1,1000,217,217.0,AIC_prepeak_clean,Table_1\results_aic\raw_aic_results.csv
150_-10.0_131,150,-10.0,131,590378417,ricker,WGN,-1,1000,1,1000,217,217.0,AIC_prepeak_clean,Table_1\results_aic\raw_aic_results.csv
150_-10.0_132,150,-10.0,132,3869556080,ricker,WGN,-1,1000,1,1000,217,217.0,AIC_prepeak_clean,Table_1\results_aic\raw_aic_results.csv
150_-10.0_133,150,-10.0,133,1548481526,ricker,WGN,-1,1000,1,1000,217,217.0,AIC_prepeak_clean,Table_1\results_aic\raw_aic_results.csv
150_-10.0_134,150,-10.0,134,3373822828,ricker,WGN,-1,1000,1,1000,217,217.0,AIC_prepeak_clean,Table_1\results_aic\raw_aic_results.csv
150_-10.0_135,150,-10.0,135,1191779015,ricker,WGN,-1,1000,1,1000,217,217.0,AIC_prepeak_clean,Table_1\results_aic\raw_aic_results.csv
150_-10.0_136,150,-10.0,136,3364132108,ricker,WGN,-1,1000,1,1000,217,217.0,AIC_prepeak_clean,Table_1\results_aic\raw_aic_results.csv
150_-10.0_137,150,-10.0,137,3947431127,ricker,WGN,-1,1000,1,1000,217,217.0,AIC_prepeak_clean,Table_1\results_aic\raw_aic_results.csv
150_-10.0_138,150,-10.0,138,2847957783,ricker,WGN,-1,1000,1,1000,217,217.0,AIC_prepeak_clean,Table_1\results_aic\raw_aic_results.csv
150_-10.0_139,150,-10.0,139,347618819,ricker,WGN,-1,1000,1,1000,217,217.0,AIC_prepeak_clean,Table_1\results_aic\raw_aic_results.csv
150_-10.0_140,150,-10.0,140,3315756532,ricker,WGN,-1,1000,1,1000,217,217.0,AIC_prepeak_clean,Table_1\results_aic\raw_aic_results.csv
150_-10.0_141,150,-10.0,141,2021364892,ricker,WGN,-1,1000,1,1000,217,217.0,AIC_prepeak_clean,Table_1\results_aic\raw_aic_results.csv
150_-10.0_142,150,-10.0,142,2253531680,ricker,WGN,-1,1000,1,1000,217,217.0,AIC_prepeak_clean,Table_1\results_aic\raw_aic_results.csv
150_-10.0_143,150,-10.0,143,601220462,ricker,WGN,-1,1000,1,1000,217,217.0,AIC_prepeak_clean,Table_1\results_aic\raw_aic_results.csv
150_-10.0_144,150,-10.0,144,3419000268,ricker,WGN,-1,1000,1,1000,217,217.0,AIC_prepeak_clean,Table_1\results_aic\raw_aic_results.csv
150_-10.0_145,150,-10.0,145,1396383672,ricker,WGN,-1,1000,1,1000,217,217.0,AIC_prepeak_clean,Table_1\results_aic\raw_aic_results.csv
150_-10.0_146,150,-10.0,146,1612064518,ricker,WGN,-1,1000,1,1000,217,217.0,AIC_prepeak_clean,Table_1\results_aic\raw_aic_results.csv
150_-10.0_147,150,-10.0,147,3444868098,ricker,WGN,-1,1000,1,1000,217,217.0,AIC_prepeak_clean,Table_1\results_aic\raw_aic_results.csv
150_-10.0_148,150,-10.0,148,3193699164,ricker,WGN,-1,1000,1,1000,217,217.0,AIC_prepeak_clean,Table_1\results_aic\raw_aic_results.csv
150_-10.0_149,150,-10.0,149,1257670577,ricker,WGN,-1,1000,1,1000,217,217.0,AIC_prepeak_clean,Table_1\results_aic\raw_aic_results.csv
150_-10.0_150,150,-10.0,150,1974017751,ricker,WGN,-1,1000,1,1000,217,217.0,AIC_prepeak_clean,Table_1\results_aic\raw_aic_results.csv
150_-10.0_151,150,-10.0,151,82686327,ricker,WGN,-1,1000,1,1000,217,217.0,AIC_prepeak_clean,Table_1\results_aic\raw_aic_results.csv
150_-10.0_152,150,-10.0,152,3720496998,ricker,WGN,-1,1000,1,1000,217,217.0,AIC_prepeak_clean,Table_1\results_aic\raw_aic_results.csv
150_-10.0_153,150,-10.0,153,4134747108,ricker,WGN,-1,1000,1,1000,217,217.0,AIC_prepeak_clean,Table_1\results_aic\raw_aic_results.csv
150_-10.0_154,150,-10.0,154,2145226562,ricker,WGN,-1,1000,1,1000,217,217.0,AIC_prepeak_clean,Table_1\results_aic\raw_aic_results.csv
150_-10.0_155,150,-10.0,155,1825482996,ricker,WGN,-1,1000,1,1000,217,217.0,AIC_prepeak_clean,Table_1\results_aic\raw_aic_results.csv
150_-10.0_156,150,-10.0,156,1596566047,ricker,WGN,-1,1000,1,1000,217,217.0,AIC_prepeak_clean,Table_1\results_aic\raw_aic_results.csv
150_-10.0_157,150,-10.0,157,335261836,ricker,WGN,-1,1000,1,1000,217,217.0,AIC_prepeak_clean,Table_1\results_aic\raw_aic_results.csv
150_-10.0_158,150,-10.0,158,477941449,ricker,WGN,-1,1000,1,1000,217,217.0,AIC_prepeak_clean,Table_1\results_aic\raw_aic_results.csv
150_-10.0_159,150,-10.0,159,990969858,ricker,WGN,-1,1000,1,1000,217,217.0,AIC_prepeak_clean,Table_1\results_aic\raw_aic_results.csv
150_-10.0_160,150,-10.0,160,3113904283,ricker,WGN,-1,1000,1,1000,217,217.0,AIC_prepeak_clean,Table_1\results_aic\raw_aic_results.csv
150_-10.0_161,150,-10.0,161,426764838,ricker,WGN,-1,1000,1,1000,217,217.0,AIC_prepeak_clean,Table_1\results_aic\raw_aic_results.csv
150_-10.0_162,150,-10.0,162,1384553165,ricker,WGN,-1,1000,1,1000,217,217.0,AIC_prepeak_clean,Table_1\results_aic\raw_aic_results.csv
150_-10.0_163,150,-10.0,163,4177960148,ricker,WGN,-1,1000,1,1000,217,217.0,AIC_prepeak_clean,Table_1\results_aic\raw_aic_results.csv
150_-10.0_164,150,-10.0,164,2326152618,ricker,WGN,-1,1000,1,1000,217,217.0,AIC_prepeak_clean,Table_1\results_aic\raw_aic_results.csv
150_-10.0_165,150,-10.0,165,421469776,ricker,WGN,-1,1000,1,1000,217,217.0,AIC_prepeak_clean,Table_1\results_aic\raw_aic_results.csv
150_-10.0_166,150,-10.0,166,1688122349,ricker,WGN,-1,1000,1,1000,217,217.0,AIC_prepeak_clean,Table_1\results_aic\raw_aic_results.csv
150_-10.0_167,150,-10.0,167,1826895643,ricker,WGN,-1,1000,1,1000,217,217.0,AIC_prepeak_clean,Table_1\results_aic\raw_aic_results.csv
150_-10.0_168,150,-10.0,168,296007172,ricker,WGN,-1,1000,1,1000,217,217.0,AIC_prepeak_clean,Table_1\results_aic\raw_aic_results.csv
150_-10.0_169,150,-10.0,169,3822225195,ricker,WGN,-1,1000,1,1000,217,217.0,AIC_prepeak_clean,Table_1\results_aic\raw_aic_results.csv
150_-10.0_170,150,-10.0,170,750238809,ricker,WGN,-1,1000,1,1000,217,217.0,AIC_prepeak_clean,Table_1\results_aic\raw_aic_results.csv
150_-10.0_171,150,-10.0,171,1303543198,ricker,WGN,-1,1000,1,1000,217,217.0,AIC_prepeak_clean,Table_1\results_aic\raw_aic_results.csv
150_-10.0_172,150,-10.0,172,1558608654,ricker,WGN,-1,1000,1,1000,217,217.0,AIC_prepeak_clean,Table_1\results_aic\raw_aic_results.csv
150_-10.0_173,150,-10.0,173,671098485,ricker,WGN,-1,1000,1,1000,217,217.0,AIC_prepeak_clean,Table_1\results_aic\raw_aic_results.csv
150_-10.0_174,150,-10.0,174,1326766462,ricker,WGN,-1,1000,1,1000,217,217.0,AIC_prepeak_clean,Table_1\results_aic\raw_aic_results.csv
150_-10.0_175,150,-10.0,175,2638375403,ricker,WGN,-1,1000,1,1000,217,217.0,AIC_prepeak_clean,Table_1\results_aic\raw_aic_results.csv
150_-10.0_176,150,-10.0,176,2950112558,ricker,WGN,-1,1000,1,1000,217,217.0,AIC_prepeak_clean,Table_1\results_aic\raw_aic_results.csv
150_-10.0_177,150,-10.0,177,1752266170,ricker,WGN,-1,1000,1,1000,217,217.0,AIC_prepeak_clean,Table_1\results_aic\raw_aic_results.csv
150_-10.0_178,150,-10.0,178,3831927051,ricker,WGN,-1,1000,1,1000,217,217.0,AIC_prepeak_clean,Table_1\results_aic\raw_aic_results.csv
150_-10.0_179,150,-10.0,179,3149221786,ricker,WGN,-1,1000,1,1000,217,217.0,AIC_prepeak_clean,Table_1\results_aic\raw_aic_results.csv
150_-10.0_180,150,-10.0,180,1838231440,ricker,WGN,-1,1000,1,1000,217,217.0,AIC_prepeak_clean,Table_1\results_aic\raw_aic_results.csv
150_-10.0_181,150,-10.0,181,1592879273,ricker,WGN,-1,1000,1,1000,217,217.0,AIC_prepeak_clean,Table_1\results_aic\raw_aic_results.csv
150_-10.0_182,150,-10.0,182,732570616,ricker,WGN,-1,1000,1,1000,217,217.0,AIC_prepeak_clean,Table_1\results_aic\raw_aic_results.csv
150_-10.0_183,150,-10.0,183,78379428,ricker,WGN,-1,1000,1,1000,217,217.0,AIC_prepeak_clean,Table_1\results_aic\raw_aic_results.csv
150_-10.0_184,150,-10.0,184,3669899717,ricker,WGN,-1,1000,1,1000,217,217.0,AIC_prepeak_clean,Table_1\results_aic\raw_aic_results.csv
150_-10.0_185,150,-10.0,185,837324817,ricker,WGN,-1,1000,1,1000,217,217.0,AIC_prepeak_clean,Table_1\results_aic\raw_aic_results.csv
150_-10.0_186,150,-10.0,186,3841244008,ricker,WGN,-1,1000,1,1000,217,217.0,AIC_prepeak_clean,Table_1\results_aic\raw_aic_results.csv
150_-10.0_187,150,-10.0,187,78335029,ricker,WGN,-1,1000,1,1000,217,217.0,AIC_prepeak_clean,Table_1\results_aic\raw_aic_results.csv
150_-10.0_188,150,-10.0,188,3745635603,ricker,WGN,-1,1000,1,1000,217,217.0,AIC_prepeak_clean,Table_1\results_aic\raw_aic_results.csv
150_-10.0_189,150,-10.0,189,488778932,ricker,WGN,-1,1000,1,1000,217,217.0,AIC_prepeak_clean,Table_1\results_aic\raw_aic_results.csv
150_-10.0_190,150,-10.0,190,688828928,ricker,WGN,-1,1000,1,1000,217,217.0,AIC_prepeak_clean,Table_1\results_aic\raw_aic_results.csv
150_-10.0_191,150,-10.0,191,1584375348,ricker,WGN,-1,1000,1,1000,217,217.0,AIC_prepeak_clean,Table_1\results_aic\raw_aic_results.csv
150_-10.0_192,150,-10.0,192,3946014094,ricker,WGN,-1,1000,1,1000,217,217.0,AIC_prepeak_clean,Table_1\results_aic\raw_aic_results.csv
150_-10.0_193,150,-10.0,193,4249852040,ricker,WGN,-1,1000,1,1000,217,217.0,AIC_prepeak_clean,Table_1\results_aic\raw_aic_results.csv
150_-10.0_194,150,-10.0,194,2110498255,ricker,WGN,-1,1000,1,1000,217,217.0,AIC_prepeak_clean,Table_1\results_aic\raw_aic_results.csv
150_-10.0_195,150,-10.0,195,4216630512,ricker,WGN,-1,1000,1,1000,217,217.0,AIC_prepeak_clean,Table_1\results_aic\raw_aic_results.csv
150_-10.0_196,150,-10.0,196,3552015638,ricker,WGN,-1,1000,1,1000,217,217.0,AIC_prepeak_clean,Table_1\results_aic\raw_aic_results.csv
150_-10.0_197,150,-10.0,197,1687284884,ricker,WGN,-1,1000,1,1000,217,217.0,AIC_prepeak_clean,Table_1\results_aic\raw_aic_results.csv
150_-10.0_198,150,-10.0,198,2744703542,ricker,WGN,-1,1000,1,1000,217,217.0,AIC_prepeak_clean,Table_1\results_aic\raw_aic_results.csv
150_-10.0_199,150,-10.0,199,2093579153,ricker,WGN,-1,1000,1,1000,217,217.0,AIC_prepeak_clean,Table_1\results_aic\raw_aic_results.csv
150_-8.0_0,150,-8.0,0,450724243,ricker,WGN,-1,1000,1,1000,217,217.0,AIC_prepeak_clean,Table_1\results_aic\raw_aic_results.csv
150_-8.0_1,150,-8.0,1,142969953,ricker,WGN,-1,1000,1,1000,217,217.0,AIC_prepeak_clean,Table_1\results_aic\raw_aic_results.csv
150_-8.0_2,150,-8.0,2,1026190443,ricker,WGN,-1,1000,1,1000,217,217.0,AIC_prepeak_clean,Table_1\results_aic\raw_aic_results.csv
150_-8.0_3,150,-8.0,3,1460068305,ricker,WGN,-1,1000,1,1000,217,217.0,AIC_prepeak_clean,Table_1\results_aic\raw_aic_results.csv
150_-8.0_4,150,-8.0,4,920810115,ricker,WGN,-1,1000,1,1000,217,217.0,AIC_prepeak_clean,Table_1\results_aic\raw_aic_results.csv
150_-8.0_5,150,-8.0,5,1974344278,ricker,WGN,-1,1000,1,1000,217,217.0,AIC_prepeak_clean,Table_1\results_aic\raw_aic_results.csv
150_-8.0_6,150,-8.0,6,2659172689,ricker,WGN,-1,1000,1,1000,217,217.0,AIC_prepeak_clean,Table_1\results_aic\raw_aic_results.csv
150_-8.0_7,150,-8.0,7,4124311776,ricker,WGN,-1,1000,1,1000,217,217.0,AIC_prepeak_clean,Table_1\results_aic\raw_aic_results.csv
150_-8.0_8,150,-8.0,8,3933766730,ricker,WGN,-1,1000,1,1000,217,217.0,AIC_prepeak_clean,Table_1\results_aic\raw_aic_results.csv
150_-8.0_9,150,-8.0,9,2869007272,ricker,WGN,-1,1000,1,1000,217,217.0,AIC_prepeak_clean,Table_1\results_aic\raw_aic_results.csv
150_-8.0_10,150,-8.0,10,827468363,ricker,WGN,-1,1000,1,1000,217,217.0,AIC_prepeak_clean,Table_1\results_aic\raw_aic_results.csv
150_-8.0_11,150,-8.0,11,3663395679,ricker,WGN,-1,1000,1,1000,217,217.0,AIC_prepeak_clean,Table_1\results_aic\raw_aic_results.csv
150_-8.0_12,150,-8.0,12,3247416073,ricker,WGN,-1,1000,1,1000,217,217.0,AIC_prepeak_clean,Table_1\results_aic\raw_aic_results.csv
150_-8.0_13,150,-8.0,13,1160518749,ricker,WGN,-1,1000,1,1000,217,217.0,AIC_prepeak_clean,Table_1\results_aic\raw_aic_results.csv
150_-8.0_14,150,-8.0,14,406047458,ricker,WGN,-1,1000,1,1000,217,217.0,AIC_prepeak_clean,Table_1\results_aic\raw_aic_results.csv
150_-8.0_15,150,-8.0,15,347450086,ricker,WGN,-1,1000,1,1000,217,217.0,AIC_prepeak_clean,Table_1\results_aic\raw_aic_results.csv
150_-8.0_16,150,-8.0,16,1961962848,ricker,WGN,-1,1000,1,1000,217,217.0,AIC_prepeak_clean,Table_1\results_aic\raw_aic_results.csv
150_-8.0_17,150,-8.0,17,3881858365,ricker,WGN,-1,1000,1,1000,217,217.0,AIC_prepeak_clean,Table_1\results_aic\raw_aic_results.csv
150_-8.0_18,150,-8.0,18,1878521776,ricker,WGN,-1,1000,1,1000,217,217.0,AIC_prepeak_clean,Table_1\results_aic\raw_aic_results.csv
150_-8.0_19,150,-8.0,19,116252910,ricker,WGN,-1,1000,1,1000,217,217.0,AIC_prepeak_clean,Table_1\results_aic\raw_aic_results.csv
150_-8.0_20,150,-8.0,20,1356929735,ricker,WGN,-1,1000,1,1000,217,217.0,AIC_prepeak_clean,Table_1\results_aic\raw_aic_results.csv
150_-8.0_21,150,-8.0,21,2298481344,ricker,WGN,-1,1000,1,1000,217,217.0,AIC_prepeak_clean,Table_1\results_aic\raw_aic_results.csv
150_-8.0_22,150,-8.0,22,2095401151,ricker,WGN,-1,1000,1,1000,217,217.0,AIC_prepeak_clean,Table_1\results_aic\raw_aic_results.csv
150_-8.0_23,150,-8.0,23,1287807135,ricker,WGN,-1,1000,1,1000,217,217.0,AIC_prepeak_clean,Table_1\results_aic\raw_aic_results.csv
150_-8.0_24,150,-8.0,24,3494089916,ricker,WGN,-1,1000,1,1000,217,217.0,AIC_prepeak_clean,Table_1\results_aic\raw_aic_results.csv
150_-8.0_25,150,-8.0,25,1412026621,ricker,WGN,-1,1000,1,1000,217,217.0,AIC_prepeak_clean,Table_1\results_aic\raw_aic_results.csv
150_-8.0_26,150,-8.0,26,3379964510,ricker,WGN,-1,1000,1,1000,217,217.0,AIC_prepeak_clean,Table_1\results_aic\raw_aic_results.csv
150_-8.0_27,150,-8.0,27,751616190,ricker,WGN,-1,1000,1,1000,217,217.0,AIC_prepeak_clean,Table_1\results_aic\raw_aic_results.csv
150_-8.0_28,150,-8.0,28,2336289902,ricker,WGN,-1,1000,1,1000,217,217.0,AIC_prepeak_clean,Table_1\results_aic\raw_aic_results.csv
150_-8.0_29,150,-8.0,29,1125627321,ricker,WGN,-1,1000,1,1000,217,217.0,AIC_prepeak_clean,Table_1\results_aic\raw_aic_results.csv
150_-8.0_30,150,-8.0,30,1658296080,ricker,WGN,-1,1000,1,1000,217,217.0,AIC_prepeak_clean,Table_1\results_aic\raw_aic_results.csv
150_-8.0_31,150,-8.0,31,865939933,ricker,WGN,-1,1000,1,1000,217,217.0,AIC_prepeak_clean,Table_1\results_aic\raw_aic_results.csv
150_-8.0_32,150,-8.0,32,2936981861,ricker,WGN,-1,1000,1,1000,217,217.0,AIC_prepeak_clean,Table_1\results_aic\raw_aic_results.csv
150_-8.0_33,150,-8.0,33,895334252,ricker,WGN,-1,1000,1,1000,217,217.0,AIC_prepeak_clean,Table_1\results_aic\raw_aic_results.csv
150_-8.0_34,150,-8.0,34,2752007681,ricker,WGN,-1,1000,1,1000,217,217.0,AIC_prepeak_clean,Table_1\results_aic\raw_aic_results.csv
150_-8.0_35,150,-8.0,35,2707775032,ricker,WGN,-1,1000,1,1000,217,217.0,AIC_prepeak_clean,Table_1\results_aic\raw_aic_results.csv
150_-8.0_36,150,-8.0,36,1358360146,ricker,WGN,-1,1000,1,1000,217,217.0,AIC_prepeak_clean,Table_1\results_aic\raw_aic_results.csv
150_-8.0_37,150,-8.0,37,1615445998,ricker,WGN,-1,1000,1,1000,217,217.0,AIC_prepeak_clean,Table_1\results_aic\raw_aic_results.csv
150_-8.0_38,150,-8.0,38,1516068297,ricker,WGN,-1,1000,1,1000,217,217.0,AIC_prepeak_clean,Table_1\results_aic\raw_aic_results.csv
150_-8.0_39,150,-8.0,39,807850330,ricker,WGN,-1,1000,1,1000,217,217.0,AIC_prepeak_clean,Table_1\results_aic\raw_aic_results.csv
150_-8.0_40,150,-8.0,40,533132133,ricker,WGN,-1,1000,1,1000,217,217.0,AIC_prepeak_clean,Table_1\results_aic\raw_aic_results.csv
150_-8.0_41,150,-8.0,41,3379833117,ricker,WGN,-1,1000,1,1000,217,217.0,AIC_prepeak_clean,Table_1\results_aic\raw_aic_results.csv
150_-8.0_42,150,-8.0,42,2395633032,ricker,WGN,-1,1000,1,1000,217,217.0,AIC_prepeak_clean,Table_1\results_aic\raw_aic_results.csv
150_-8.0_43,150,-8.0,43,4245473877,ricker,WGN,-1,1000,1,1000,217,217.0,AIC_prepeak_clean,Table_1\results_aic\raw_aic_results.csv
150_-8.0_44,150,-8.0,44,959407011,ricker,WGN,-1,1000,1,1000,217,217.0,AIC_prepeak_clean,Table_1\results_aic\raw_aic_results.csv
150_-8.0_45,150,-8.0,45,2009201913,ricker,WGN,-1,1000,1,1000,217,217.0,AIC_prepeak_clean,Table_1\results_aic\raw_aic_results.csv
150_-8.0_46,150,-8.0,46,1949696331,ricker,WGN,-1,1000,1,1000,217,217.0,AIC_prepeak_clean,Table_1\results_aic\raw_aic_results.csv
150_-8.0_47,150,-8.0,47,2522475716,ricker,WGN,-1,1000,1,1000,217,217.0,AIC_prepeak_clean,Table_1\results_aic\raw_aic_results.csv
150_-8.0_48,150,-8.0,48,2904576339,ricker,WGN,-1,1000,1,1000,217,217.0,AIC_prepeak_clean,Table_1\results_aic\raw_aic_results.csv
150_-8.0_49,150,-8.0,49,4264403797,ricker,WGN,-1,1000,1,1000,217,217.0,AIC_prepeak_clean,Table_1\results_aic\raw_aic_results.csv
150_-8.0_50,150,-8.0,50,2382342331,ricker,WGN,-1,1000,1,1000,217,217.0,AIC_prepeak_clean,Table_1\results_aic\raw_aic_results.csv
150_-8.0_51,150,-8.0,51,2691416708,ricker,WGN,-1,1000,1,1000,217,217.0,AIC_prepeak_clean,Table_1\results_aic\raw_aic_results.csv
150_-8.0_52,150,-8.0,52,2308829681,ricker,WGN,-1,1000,1,1000,217,217.0,AIC_prepeak_clean,Table_1\results_aic\raw_aic_results.csv
150_-8.0_53,150,-8.0,53,2138813709,ricker,WGN,-1,1000,1,1000,217,217.0,AIC_prepeak_clean,Table_1\results_aic\raw_aic_results.csv
150_-8.0_54,150,-8.0,54,1317396074,ricker,WGN,-1,1000,1,1000,217,217.0,AIC_prepeak_clean,Table_1\results_aic\raw_aic_results.csv
150_-8.0_55,150,-8.0,55,1884267577,ricker,WGN,-1,1000,1,1000,217,217.0,AIC_prepeak_clean,Table_1\results_aic\raw_aic_results.csv
150_-8.0_56,150,-8.0,56,900431272,ricker,WGN,-1,1000,1,1000,217,217.0,AIC_prepeak_clean,Table_1\results_aic\raw_aic_results.csv
150_-8.0_57,150,-8.0,57,2077896179,ricker,WGN,-1,1000,1,1000,217,217.0,AIC_prepeak_clean,Table_1\results_aic\raw_aic_results.csv
150_-8.0_58,150,-8.0,58,4100701509,ricker,WGN,-1,1000,1,1000,217,217.0,AIC_prepeak_clean,Table_1\results_aic\raw_aic_results.csv
150_-8.0_59,150,-8.0,59,1406351642,ricker,WGN,-1,1000,1,1000,217,217.0,AIC_prepeak_clean,Table_1\results_aic\raw_aic_results.csv
150_-8.0_60,150,-8.0,60,4025355394,ricker,WGN,-1,1000,1,1000,217,217.0,AIC_prepeak_clean,Table_1\results_aic\raw_aic_results.csv
150_-8.0_61,150,-8.0,61,2597518785,ricker,WGN,-1,1000,1,1000,217,217.0,AIC_prepeak_clean,Table_1\results_aic\raw_aic_results.csv
150_-8.0_62,150,-8.0,62,2314118374,ricker,WGN,-1,1000,1,1000,217,217.0,AIC_prepeak_clean,Table_1\results_aic\raw_aic_results.csv
150_-8.0_63,150,-8.0,63,705141389,ricker,WGN,-1,1000,1,1000,217,217.0,AIC_prepeak_clean,Table_1\results_aic\raw_aic_results.csv
150_-8.0_64,150,-8.0,64,3790344277,ricker,WGN,-1,1000,1,1000,217,217.0,AIC_prepeak_clean,Table_1\results_aic\raw_aic_results.csv
150_-8.0_65,150,-8.0,65,1087874322,ricker,WGN,-1,1000,1,1000,217,217.0,AIC_prepeak_clean,Table_1\results_aic\raw_aic_results.csv
150_-8.0_66,150,-8.0,66,1165818489,ricker,WGN,-1,1000,1,1000,217,217.0,AIC_prepeak_clean,Table_1\results_aic\raw_aic_results.csv
150_-8.0_67,150,-8.0,67,1944852506,ricker,WGN,-1,1000,1,1000,217,217.0,AIC_prepeak_clean,Table_1\results_aic\raw_aic_results.csv
150_-8.0_68,150,-8.0,68,1226094739,ricker,WGN,-1,1000,1,1000,217,217.0,AIC_prepeak_clean,Table_1\results_aic\raw_aic_results.csv
150_-8.0_69,150,-8.0,69,2093870016,ricker,WGN,-1,1000,1,1000,217,217.0,AIC_prepeak_clean,Table_1\results_aic\raw_aic_results.csv
150_-8.0_70,150,-8.0,70,3151411304,ricker,WGN,-1,1000,1,1000,217,217.0,AIC_prepeak_clean,Table_1\results_aic\raw_aic_results.csv
150_-8.0_71,150,-8.0,71,3206765246,ricker,WGN,-1,1000,1,1000,217,217.0,AIC_prepeak_clean,Table_1\results_aic\raw_aic_results.csv
150_-8.0_72,150,-8.0,72,3343400108,ricker,WGN,-1,1000,1,1000,217,217.0,AIC_prepeak_clean,Table_1\results_aic\raw_aic_results.csv
150_-8.0_73,150,-8.0,73,450279931,ricker,WGN,-1,1000,1,1000,217,217.0,AIC_prepeak_clean,Table_1\results_aic\raw_aic_results.csv
150_-8.0_74,150,-8.0,74,3133488182,ricker,WGN,-1,1000,1,1000,217,217.0,AIC_prepeak_clean,Table_1\results_aic\raw_aic_results.csv
150_-8.0_75,150,-8.0,75,4210295943,ricker,WGN,-1,1000,1,1000,217,217.0,AIC_prepeak_clean,Table_1\results_aic\raw_aic_results.csv
150_-8.0_76,150,-8.0,76,1224353584,ricker,WGN,-1,1000,1,1000,217,217.0,AIC_prepeak_clean,Table_1\results_aic\raw_aic_results.csv
150_-8.0_77,150,-8.0,77,1356174572,ricker,WGN,-1,1000,1,1000,217,217.0,AIC_prepeak_clean,Table_1\results_aic\raw_aic_results.csv
150_-8.0_78,150,-8.0,78,1532684477,ricker,WGN,-1,1000,1,1000,217,217.0,AIC_prepeak_clean,Table_1\results_aic\raw_aic_results.csv
150_-8.0_79,150,-8.0,79,1606514752,ricker,WGN,-1,1000,1,1000,217,217.0,AIC_prepeak_clean,Table_1\results_aic\raw_aic_results.csv
150_-8.0_80,150,-8.0,80,952459196,ricker,WGN,-1,1000,1,1000,217,217.0,AIC_prepeak_clean,Table_1\results_aic\raw_aic_results.csv
150_-8.0_81,150,-8.0,81,4263879109,ricker,WGN,-1,1000,1,1000,217,217.0,AIC_prepeak_clean,Table_1\results_aic\raw_aic_results.csv
150_-8.0_82,150,-8.0,82,957035032,ricker,WGN,-1,1000,1,1000,217,217.0,AIC_prepeak_clean,Table_1\results_aic\raw_aic_results.csv
150_-8.0_83,150,-8.0,83,3652554913,ricker,WGN,-1,1000,1,1000,217,217.0,AIC_prepeak_clean,Table_1\results_aic\raw_aic_results.csv
150_-8.0_84,150,-8.0,84,3549408175,ricker,WGN,-1,1000,1,1000,217,217.0,AIC_prepeak_clean,Table_1\results_aic\raw_aic_results.csv
150_-8.0_85,150,-8.0,85,492123337,ricker,WGN,-1,1000,1,1000,217,217.0,AIC_prepeak_clean,Table_1\results_aic\raw_aic_results.csv
150_-8.0_86,150,-8.0,86,1788614105,ricker,WGN,-1,1000,1,1000,217,217.0,AIC_prepeak_clean,Table_1\results_aic\raw_aic_results.csv
150_-8.0_87,150,-8.0,87,1584439156,ricker,WGN,-1,1000,1,1000,217,217.0,AIC_prepeak_clean,Table_1\results_aic\raw_aic_results.csv
150_-8.0_88,150,-8.0,88,4029341854,ricker,WGN,-1,1000,1,1000,217,217.0,AIC_prepeak_clean,Table_1\results_aic\raw_aic_results.csv
150_-8.0_89,150,-8.0,89,1510921338,ricker,WGN,-1,1000,1,1000,217,217.0,AIC_prepeak_clean,Table_1\results_aic\raw_aic_results.csv
150_-8.0_90,150,-8.0,90,79279965,ricker,WGN,-1,1000,1,1000,217,217.0,AIC_prepeak_clean,Table_1\results_aic\raw_aic_results.csv
150_-8.0_91,150,-8.0,91,3281722415,ricker,WGN,-1,1000,1,1000,217,217.0,AIC_prepeak_clean,Table_1\results_aic\raw_aic_results.csv
150_-8.0_92,150,-8.0,92,2356321739,ricker,WGN,-1,1000,1,1000,217,217.0,AIC_prepeak_clean,Table_1\results_aic\raw_aic_results.csv
150_-8.0_93,150,-8.0,93,10081078,ricker,WGN,-1,1000,1,1000,217,217.0,AIC_prepeak_clean,Table_1\results_aic\raw_aic_results.csv
150_-8.0_94,150,-8.0,94,961170195,ricker,WGN,-1,1000,1,1000,217,217.0,AIC_prepeak_clean,Table_1\results_aic\raw_aic_results.csv
150_-8.0_95,150,-8.0,95,1919463925,ricker,WGN,-1,1000,1,1000,217,217.0,AIC_prepeak_clean,Table_1\results_aic\raw_aic_results.csv
150_-8.0_96,150,-8.0,96,3964139132,ricker,WGN,-1,1000,1,1000,217,217.0,AIC_prepeak_clean,Table_1\results_aic\raw_aic_results.csv
150_-8.0_97,150,-8.0,97,4256986410,ricker,WGN,-1,1000,1,1000,217,217.0,AIC_prepeak_clean,Table_1\results_aic\raw_aic_results.csv
150_-8.0_98,150,-8.0,98,3157048079,ricker,WGN,-1,1000,1,1000,217,217.0,AIC_prepeak_clean,Table_1\results_aic\raw_aic_results.csv
150_-8.0_99,150,-8.0,99,3995820341,ricker,WGN,-1,1000,1,1000,217,217.0,AIC_prepeak_clean,Table_1\results_aic\raw_aic_results.csv
150_-8.0_100,150,-8.0,100,221028864,ricker,WGN,-1,1000,1,1000,217,217.0,AIC_prepeak_clean,Table_1\results_aic\raw_aic_results.csv
150_-8.0_101,150,-8.0,101,3724071518,ricker,WGN,-1,1000,1,1000,217,217.0,AIC_prepeak_clean,Table_1\results_aic\raw_aic_results.csv
150_-8.0_102,150,-8.0,102,3709208234,ricker,WGN,-1,1000,1,1000,217,217.0,AIC_prepeak_clean,Table_1\results_aic\raw_aic_results.csv
150_-8.0_103,150,-8.0,103,702240000,ricker,WGN,-1,1000,1,1000,217,217.0,AIC_prepeak_clean,Table_1\results_aic\raw_aic_results.csv
150_-8.0_104,150,-8.0,104,2302202242,ricker,WGN,-1,1000,1,1000,217,217.0,AIC_prepeak_clean,Table_1\results_aic\raw_aic_results.csv
150_-8.0_105,150,-8.0,105,717297240,ricker,WGN,-1,1000,1,1000,217,217.0,AIC_prepeak_clean,Table_1\results_aic\raw_aic_results.csv
150_-8.0_106,150,-8.0,106,815415010,ricker,WGN,-1,1000,1,1000,217,217.0,AIC_prepeak_clean,Table_1\results_aic\raw_aic_results.csv
150_-8.0_107,150,-8.0,107,1062280044,ricker,WGN,-1,1000,1,1000,217,217.0,AIC_prepeak_clean,Table_1\results_aic\raw_aic_results.csv
150_-8.0_108,150,-8.0,108,2761693330,ricker,WGN,-1,1000,1,1000,217,217.0,AIC_prepeak_clean,Table_1\results_aic\raw_aic_results.csv
150_-8.0_109,150,-8.0,109,341801972,ricker,WGN,-1,1000,1,1000,217,217.0,AIC_prepeak_clean,Table_1\results_aic\raw_aic_results.csv
150_-8.0_110,150,-8.0,110,196411726,ricker,WGN,-1,1000,1,1000,217,217.0,AIC_prepeak_clean,Table_1\results_aic\raw_aic_results.csv
150_-8.0_111,150,-8.0,111,363958232,ricker,WGN,-1,1000,1,1000,217,217.0,AIC_prepeak_clean,Table_1\results_aic\raw_aic_results.csv
150_-8.0_112,150,-8.0,112,4227960932,ricker,WGN,-1,1000,1,1000,217,217.0,AIC_prepeak_clean,Table_1\results_aic\raw_aic_results.csv
150_-8.0_113,150,-8.0,113,1558156547,ricker,WGN,-1,1000,1,1000,217,217.0,AIC_prepeak_clean,Table_1\results_aic\raw_aic_results.csv
150_-8.0_114,150,-8.0,114,177729012,ricker,WGN,-1,1000,1,1000,217,217.0,AIC_prepeak_clean,Table_1\results_aic\raw_aic_results.csv
150_-8.0_115,150,-8.0,115,3616963395,ricker,WGN,-1,1000,1,1000,217,217.0,AIC_prepeak_clean,Table_1\results_aic\raw_aic_results.csv
150_-8.0_116,150,-8.0,116,357183599,ricker,WGN,-1,1000,1,1000,217,217.0,AIC_prepeak_clean,Table_1\results_aic\raw_aic_results.csv
150_-8.0_117,150,-8.0,117,2117903785,ricker,WGN,-1,1000,1,1000,217,217.0,AIC_prepeak_clean,Table_1\results_aic\raw_aic_results.csv
150_-8.0_118,150,-8.0,118,2802135652,ricker,WGN,-1,1000,1,1000,217,217.0,AIC_prepeak_clean,Table_1\results_aic\raw_aic_results.csv
150_-8.0_119,150,-8.0,119,3965944577,ricker,WGN,-1,1000,1,1000,217,217.0,AIC_prepeak_clean,Table_1\results_aic\raw_aic_results.csv
150_-8.0_120,150,-8.0,120,3113777879,ricker,WGN,-1,1000,1,1000,217,217.0,AIC_prepeak_clean,Table_1\results_aic\raw_aic_results.csv
150_-8.0_121,150,-8.0,121,2062100169,ricker,WGN,-1,1000,1,1000,217,217.0,AIC_prepeak_clean,Table_1\results_aic\raw_aic_results.csv
150_-8.0_122,150,-8.0,122,2787865044,ricker,WGN,-1,1000,1,1000,217,217.0,AIC_prepeak_clean,Table_1\results_aic\raw_aic_results.csv
150_-8.0_123,150,-8.0,123,396650873,ricker,WGN,-1,1000,1,1000,217,217.0,AIC_prepeak_clean,Table_1\results_aic\raw_aic_results.csv
150_-8.0_124,150,-8.0,124,1936995657,ricker,WGN,-1,1000,1,1000,217,217.0,AIC_prepeak_clean,Table_1\results_aic\raw_aic_results.csv
150_-8.0_125,150,-8.0,125,2277173975,ricker,WGN,-1,1000,1,1000,217,217.0,AIC_prepeak_clean,Table_1\results_aic\raw_aic_results.csv
150_-8.0_126,150,-8.0,126,1465079833,ricker,WGN,-1,1000,1,1000,217,217.0,AIC_prepeak_clean,Table_1\results_aic\raw_aic_results.csv
150_-8.0_127,150,-8.0,127,1026002412,ricker,WGN,-1,1000,1,1000,217,217.0,AIC_prepeak_clean,Table_1\results_aic\raw_aic_results.csv
150_-8.0_128,150,-8.0,128,2568251943,ricker,WGN,-1,1000,1,1000,217,217.0,AIC_prepeak_clean,Table_1\results_aic\raw_aic_results.csv
150_-8.0_129,150,-8.0,129,3928529538,ricker,WGN,-1,1000,1,1000,217,217.0,AIC_prepeak_clean,Table_1\results_aic\raw_aic_results.csv
150_-8.0_130,150,-8.0,130,2198897233,ricker,WGN,-1,1000,1,1000,217,217.0,AIC_prepeak_clean,Table_1\results_aic\raw_aic_results.csv
150_-8.0_131,150,-8.0,131,3871753125,ricker,WGN,-1,1000,1,1000,217,217.0,AIC_prepeak_clean,Table_1\results_aic\raw_aic_results.csv
150_-8.0_132,150,-8.0,132,365078269,ricker,WGN,-1,1000,1,1000,217,217.0,AIC_prepeak_clean,Table_1\results_aic\raw_aic_results.csv
150_-8.0_133,150,-8.0,133,2882209356,ricker,WGN,-1,1000,1,1000,217,217.0,AIC_prepeak_clean,Table_1\results_aic\raw_aic_results.csv
150_-8.0_134,150,-8.0,134,2625880464,ricker,WGN,-1,1000,1,1000,217,217.0,AIC_prepeak_clean,Table_1\results_aic\raw_aic_results.csv
150_-8.0_135,150,-8.0,135,2911442794,ricker,WGN,-1,1000,1,1000,217,217.0,AIC_prepeak_clean,Table_1\results_aic\raw_aic_results.csv
150_-8.0_136,150,-8.0,136,310744413,ricker,WGN,-1,1000,1,1000,217,217.0,AIC_prepeak_clean,Table_1\results_aic\raw_aic_results.csv
150_-8.0_137,150,-8.0,137,3986601676,ricker,WGN,-1,1000,1,1000,217,217.0,AIC_prepeak_clean,Table_1\results_aic\raw_aic_results.csv
150_-8.0_138,150,-8.0,138,611845381,ricker,WGN,-1,1000,1,1000,217,217.0,AIC_prepeak_clean,Table_1\results_aic\raw_aic_results.csv
150_-8.0_139,150,-8.0,139,1332158081,ricker,WGN,-1,1000,1,1000,217,217.0,AIC_prepeak_clean,Table_1\results_aic\raw_aic_results.csv
150_-8.0_140,150,-8.0,140,244329916,ricker,WGN,-1,1000,1,1000,217,217.0,AIC_prepeak_clean,Table_1\results_aic\raw_aic_results.csv
150_-8.0_141,150,-8.0,141,3024533778,ricker,WGN,-1,1000,1,1000,217,217.0,AIC_prepeak_clean,Table_1\results_aic\raw_aic_results.csv
150_-8.0_142,150,-8.0,142,1513429817,ricker,WGN,-1,1000,1,1000,217,217.0,AIC_prepeak_clean,Table_1\results_aic\raw_aic_results.csv
150_-8.0_143,150,-8.0,143,3645526017,ricker,WGN,-1,1000,1,1000,217,217.0,AIC_prepeak_clean,Table_1\results_aic\raw_aic_results.csv
150_-8.0_144,150,-8.0,144,2049230883,ricker,WGN,-1,1000,1,1000,217,217.0,AIC_prepeak_clean,Table_1\results_aic\raw_aic_results.csv
150_-8.0_145,150,-8.0,145,3976741443,ricker,WGN,-1,1000,1,1000,217,217.0,AIC_prepeak_clean,Table_1\results_aic\raw_aic_results.csv
150_-8.0_146,150,-8.0,146,1870895514,ricker,WGN,-1,1000,1,1000,217,217.0,AIC_prepeak_clean,Table_1\results_aic\raw_aic_results.csv
150_-8.0_147,150,-8.0,147,3802661363,ricker,WGN,-1,1000,1,1000,217,217.0,AIC_prepeak_clean,Table_1\results_aic\raw_aic_results.csv
150_-8.0_148,150,-8.0,148,936860214,ricker,WGN,-1,1000,1,1000,217,217.0,AIC_prepeak_clean,Table_1\results_aic\raw_aic_results.csv
150_-8.0_149,150,-8.0,149,12144766,ricker,WGN,-1,1000,1,1000,217,217.0,AIC_prepeak_clean,Table_1\results_aic\raw_aic_results.csv
150_-8.0_150,150,-8.0,150,1588519551,ricker,WGN,-1,1000,1,1000,217,217.0,AIC_prepeak_clean,Table_1\results_aic\raw_aic_results.csv
150_-8.0_151,150,-8.0,151,1730924464,ricker,WGN,-1,1000,1,1000,217,217.0,AIC_prepeak_clean,Table_1\results_aic\raw_aic_results.csv
150_-8.0_152,150,-8.0,152,3521417041,ricker,WGN,-1,1000,1,1000,217,217.0,AIC_prepeak_clean,Table_1\results_aic\raw_aic_results.csv
150_-8.0_153,150,-8.0,153,1251356165,ricker,WGN,-1,1000,1,1000,217,217.0,AIC_prepeak_clean,Table_1\results_aic\raw_aic_results.csv
150_-8.0_154,150,-8.0,154,392781035,ricker,WGN,-1,1000,1,1000,217,217.0,AIC_prepeak_clean,Table_1\results_aic\raw_aic_results.csv
150_-8.0_155,150,-8.0,155,1074034528,ricker,WGN,-1,1000,1,1000,217,217.0,AIC_prepeak_clean,Table_1\results_aic\raw_aic_results.csv
150_-8.0_156,150,-8.0,156,4229851054,ricker,WGN,-1,1000,1,1000,217,217.0,AIC_prepeak_clean,Table_1\results_aic\raw_aic_results.csv
150_-8.0_157,150,-8.0,157,731172866,ricker,WGN,-1,1000,1,1000,217,217.0,AIC_prepeak_clean,Table_1\results_aic\raw_aic_results.csv
150_-8.0_158,150,-8.0,158,887889980,ricker,WGN,-1,1000,1,1000,217,217.0,AIC_prepeak_clean,Table_1\results_aic\raw_aic_results.csv
150_-8.0_159,150,-8.0,159,1446205672,ricker,WGN,-1,1000,1,1000,217,217.0,AIC_prepeak_clean,Table_1\results_aic\raw_aic_results.csv
150_-8.0_160,150,-8.0,160,98451811,ricker,WGN,-1,1000,1,1000,217,217.0,AIC_prepeak_clean,Table_1\results_aic\raw_aic_results.csv
150_-8.0_161,150,-8.0,161,3589955730,ricker,WGN,-1,1000,1,1000,217,217.0,AIC_prepeak_clean,Table_1\results_aic\raw_aic_results.csv
150_-8.0_162,150,-8.0,162,219743315,ricker,WGN,-1,1000,1,1000,217,217.0,AIC_prepeak_clean,Table_1\results_aic\raw_aic_results.csv
150_-8.0_163,150,-8.0,163,3089175963,ricker,WGN,-1,1000,1,1000,217,217.0,AIC_prepeak_clean,Table_1\results_aic\raw_aic_results.csv
150_-8.0_164,150,-8.0,164,1589690153,ricker,WGN,-1,1000,1,1000,217,217.0,AIC_prepeak_clean,Table_1\results_aic\raw_aic_results.csv
150_-8.0_165,150,-8.0,165,3077727619,ricker,WGN,-1,1000,1,1000,217,217.0,AIC_prepeak_clean,Table_1\results_aic\raw_aic_results.csv
150_-8.0_166,150,-8.0,166,4259114466,ricker,WGN,-1,1000,1,1000,217,217.0,AIC_prepeak_clean,Table_1\results_aic\raw_aic_results.csv
150_-8.0_167,150,-8.0,167,2868124916,ricker,WGN,-1,1000,1,1000,217,217.0,AIC_prepeak_clean,Table_1\results_aic\raw_aic_results.csv
150_-8.0_168,150,-8.0,168,3367591104,ricker,WGN,-1,1000,1,1000,217,217.0,AIC_prepeak_clean,Table_1\results_aic\raw_aic_results.csv
150_-8.0_169,150,-8.0,169,3355720728,ricker,WGN,-1,1000,1,1000,217,217.0,AIC_prepeak_clean,Table_1\results_aic\raw_aic_results.csv
150_-8.0_170,150,-8.0,170,2491200389,ricker,WGN,-1,1000,1,1000,217,217.0,AIC_prepeak_clean,Table_1\results_aic\raw_aic_results.csv
150_-8.0_171,150,-8.0,171,3791589408,ricker,WGN,-1,1000,1,1000,217,217.0,AIC_prepeak_clean,Table_1\results_aic\raw_aic_results.csv
150_-8.0_172,150,-8.0,172,837137779,ricker,WGN,-1,1000,1,1000,217,217.0,AIC_prepeak_clean,Table_1\results_aic\raw_aic_results.csv
150_-8.0_173,150,-8.0,173,2861221746,ricker,WGN,-1,1000,1,1000,217,217.0,AIC_prepeak_clean,Table_1\results_aic\raw_aic_results.csv
150_-8.0_174,150,-8.0,174,1941618672,ricker,WGN,-1,1000,1,1000,217,217.0,AIC_prepeak_clean,Table_1\results_aic\raw_aic_results.csv
150_-8.0_175,150,-8.0,175,864923097,ricker,WGN,-1,1000,1,1000,217,217.0,AIC_prepeak_clean,Table_1\results_aic\raw_aic_results.csv
150_-8.0_176,150,-8.0,176,3974359636,ricker,WGN,-1,1000,1,1000,217,217.0,AIC_prepeak_clean,Table_1\results_aic\raw_aic_results.csv
150_-8.0_177,150,-8.0,177,246669149,ricker,WGN,-1,1000,1,1000,217,217.0,AIC_prepeak_clean,Table_1\results_aic\raw_aic_results.csv
150_-8.0_178,150,-8.0,178,2027667735,ricker,WGN,-1,1000,1,1000,217,217.0,AIC_prepeak_clean,Table_1\results_aic\raw_aic_results.csv
150_-8.0_179,150,-8.0,179,748044007,ricker,WGN,-1,1000,1,1000,217,217.0,AIC_prepeak_clean,Table_1\results_aic\raw_aic_results.csv
150_-8.0_180,150,-8.0,180,120517832,ricker,WGN,-1,1000,1,1000,217,217.0,AIC_prepeak_clean,Table_1\results_aic\raw_aic_results.csv
150_-8.0_181,150,-8.0,181,1522409588,ricker,WGN,-1,1000,1,1000,217,217.0,AIC_prepeak_clean,Table_1\results_aic\raw_aic_results.csv
150_-8.0_182,150,-8.0,182,2421591794,ricker,WGN,-1,1000,1,1000,217,217.0,AIC_prepeak_clean,Table_1\results_aic\raw_aic_results.csv
150_-8.0_183,150,-8.0,183,2606858552,ricker,WGN,-1,1000,1,1000,217,217.0,AIC_prepeak_clean,Table_1\results_aic\raw_aic_results.csv
150_-8.0_184,150,-8.0,184,1848538996,ricker,WGN,-1,1000,1,1000,217,217.0,AIC_prepeak_clean,Table_1\results_aic\raw_aic_results.csv
150_-8.0_185,150,-8.0,185,1033520312,ricker,WGN,-1,1000,1,1000,217,217.0,AIC_prepeak_clean,Table_1\results_aic\raw_aic_results.csv
150_-8.0_186,150,-8.0,186,3897101739,ricker,WGN,-1,1000,1,1000,217,217.0,AIC_prepeak_clean,Table_1\results_aic\raw_aic_results.csv
150_-8.0_187,150,-8.0,187,1675222208,ricker,WGN,-1,1000,1,1000,217,217.0,AIC_prepeak_clean,Table_1\results_aic\raw_aic_results.csv
150_-8.0_188,150,-8.0,188,2201110100,ricker,WGN,-1,1000,1,1000,217,217.0,AIC_prepeak_clean,Table_1\results_aic\raw_aic_results.csv
150_-8.0_189,150,-8.0,189,4105890655,ricker,WGN,-1,1000,1,1000,217,217.0,AIC_prepeak_clean,Table_1\results_aic\raw_aic_results.csv
150_-8.0_190,150,-8.0,190,2326527277,ricker,WGN,-1,1000,1,1000,217,217.0,AIC_prepeak_clean,Table_1\results_aic\raw_aic_results.csv
150_-8.0_191,150,-8.0,191,566505039,ricker,WGN,-1,1000,1,1000,217,217.0,AIC_prepeak_clean,Table_1\results_aic\raw_aic_results.csv
150_-8.0_192,150,-8.0,192,154137062,ricker,WGN,-1,1000,1,1000,217,217.0,AIC_prepeak_clean,Table_1\results_aic\raw_aic_results.csv
150_-8.0_193,150,-8.0,193,1216102305,ricker,WGN,-1,1000,1,1000,217,217.0,AIC_prepeak_clean,Table_1\results_aic\raw_aic_results.csv
150_-8.0_194,150,-8.0,194,4093252094,ricker,WGN,-1,1000,1,1000,217,217.0,AIC_prepeak_clean,Table_1\results_aic\raw_aic_results.csv
150_-8.0_195,150,-8.0,195,1456530083,ricker,WGN,-1,1000,1,1000,217,217.0,AIC_prepeak_clean,Table_1\results_aic\raw_aic_results.csv
150_-8.0_196,150,-8.0,196,1443706816,ricker,WGN,-1,1000,1,1000,217,217.0,AIC_prepeak_clean,Table_1\results_aic\raw_aic_results.csv
150_-8.0_197,150,-8.0,197,442139379,ricker,WGN,-1,1000,1,1000,217,217.0,AIC_prepeak_clean,Table_1\results_aic\raw_aic_results.csv
150_-8.0_198,150,-8.0,198,3877851595,ricker,WGN,-1,1000,1,1000,217,217.0,AIC_prepeak_clean,Table_1\results_aic\raw_aic_results.csv
150_-8.0_199,150,-8.0,199,3410733564,ricker,WGN,-1,1000,1,1000,217,217.0,AIC_prepeak_clean,Table_1\results_aic\raw_aic_results.csv
150_-6.0_0,150,-6.0,0,2007822793,ricker,WGN,-1,1000,1,1000,217,217.0,AIC_prepeak_clean,Table_1\results_aic\raw_aic_results.csv
150_-6.0_1,150,-6.0,1,3461245539,ricker,WGN,-1,1000,1,1000,217,217.0,AIC_prepeak_clean,Table_1\results_aic\raw_aic_results.csv
150_-6.0_2,150,-6.0,2,1890172032,ricker,WGN,-1,1000,1,1000,217,217.0,AIC_prepeak_clean,Table_1\results_aic\raw_aic_results.csv
150_-6.0_3,150,-6.0,3,1406050988,ricker,WGN,-1,1000,1,1000,217,217.0,AIC_prepeak_clean,Table_1\results_aic\raw_aic_results.csv
150_-6.0_4,150,-6.0,4,1738323118,ricker,WGN,-1,1000,1,1000,217,217.0,AIC_prepeak_clean,Table_1\results_aic\raw_aic_results.csv
150_-6.0_5,150,-6.0,5,3048641659,ricker,WGN,-1,1000,1,1000,217,217.0,AIC_prepeak_clean,Table_1\results_aic\raw_aic_results.csv
150_-6.0_6,150,-6.0,6,1769011040,ricker,WGN,-1,1000,1,1000,217,217.0,AIC_prepeak_clean,Table_1\results_aic\raw_aic_results.csv
150_-6.0_7,150,-6.0,7,2787620600,ricker,WGN,-1,1000,1,1000,217,217.0,AIC_prepeak_clean,Table_1\results_aic\raw_aic_results.csv
150_-6.0_8,150,-6.0,8,1623577673,ricker,WGN,-1,1000,1,1000,217,217.0,AIC_prepeak_clean,Table_1\results_aic\raw_aic_results.csv
150_-6.0_9,150,-6.0,9,4142144918,ricker,WGN,-1,1000,1,1000,217,217.0,AIC_prepeak_clean,Table_1\results_aic\raw_aic_results.csv
150_-6.0_10,150,-6.0,10,2762096582,ricker,WGN,-1,1000,1,1000,217,217.0,AIC_prepeak_clean,Table_1\results_aic\raw_aic_results.csv
150_-6.0_11,150,-6.0,11,3129875429,ricker,WGN,-1,1000,1,1000,217,217.0,AIC_prepeak_clean,Table_1\results_aic\raw_aic_results.csv
150_-6.0_12,150,-6.0,12,28519549,ricker,WGN,-1,1000,1,1000,217,217.0,AIC_prepeak_clean,Table_1\results_aic\raw_aic_results.csv
150_-6.0_13,150,-6.0,13,3593902887,ricker,WGN,-1,1000,1,1000,217,217.0,AIC_prepeak_clean,Table_1\results_aic\raw_aic_results.csv
150_-6.0_14,150,-6.0,14,2328729199,ricker,WGN,-1,1000,1,1000,217,217.0,AIC_prepeak_clean,Table_1\results_aic\raw_aic_results.csv
150_-6.0_15,150,-6.0,15,826613885,ricker,WGN,-1,1000,1,1000,217,217.0,AIC_prepeak_clean,Table_1\results_aic\raw_aic_results.csv
150_-6.0_16,150,-6.0,16,3880607360,ricker,WGN,-1,1000,1,1000,217,217.0,AIC_prepeak_clean,Table_1\results_aic\raw_aic_results.csv
150_-6.0_17,150,-6.0,17,268698342,ricker,WGN,-1,1000,1,1000,217,217.0,AIC_prepeak_clean,Table_1\results_aic\raw_aic_results.csv
150_-6.0_18,150,-6.0,18,3190458452,ricker,WGN,-1,1000,1,1000,217,217.0,AIC_prepeak_clean,Table_1\results_aic\raw_aic_results.csv
150_-6.0_19,150,-6.0,19,3304732132,ricker,WGN,-1,1000,1,1000,217,217.0,AIC_prepeak_clean,Table_1\results_aic\raw_aic_results.csv
150_-6.0_20,150,-6.0,20,2239615333,ricker,WGN,-1,1000,1,1000,217,217.0,AIC_prepeak_clean,Table_1\results_aic\raw_aic_results.csv
150_-6.0_21,150,-6.0,21,3188512766,ricker,WGN,-1,1000,1,1000,217,217.0,AIC_prepeak_clean,Table_1\results_aic\raw_aic_results.csv
150_-6.0_22,150,-6.0,22,2051795657,ricker,WGN,-1,1000,1,1000,217,217.0,AIC_prepeak_clean,Table_1\results_aic\raw_aic_results.csv
150_-6.0_23,150,-6.0,23,670690417,ricker,WGN,-1,1000,1,1000,217,217.0,AIC_prepeak_clean,Table_1\results_aic\raw_aic_results.csv
150_-6.0_24,150,-6.0,24,411287528,ricker,WGN,-1,1000,1,1000,217,217.0,AIC_prepeak_clean,Table_1\results_aic\raw_aic_results.csv
150_-6.0_25,150,-6.0,25,2212283376,ricker,WGN,-1,1000,1,1000,217,217.0,AIC_prepeak_clean,Table_1\results_aic\raw_aic_results.csv
150_-6.0_26,150,-6.0,26,3240207711,ricker,WGN,-1,1000,1,1000,217,217.0,AIC_prepeak_clean,Table_1\results_aic\raw_aic_results.csv
150_-6.0_27,150,-6.0,27,767627301,ricker,WGN,-1,1000,1,1000,217,217.0,AIC_prepeak_clean,Table_1\results_aic\raw_aic_results.csv
150_-6.0_28,150,-6.0,28,3568433019,ricker,WGN,-1,1000,1,1000,217,217.0,AIC_prepeak_clean,Table_1\results_aic\raw_aic_results.csv
150_-6.0_29,150,-6.0,29,4035621700,ricker,WGN,-1,1000,1,1000,217,217.0,AIC_prepeak_clean,Table_1\results_aic\raw_aic_results.csv
150_-6.0_30,150,-6.0,30,2701515923,ricker,WGN,-1,1000,1,1000,217,217.0,AIC_prepeak_clean,Table_1\results_aic\raw_aic_results.csv
150_-6.0_31,150,-6.0,31,3361363328,ricker,WGN,-1,1000,1,1000,217,217.0,AIC_prepeak_clean,Table_1\results_aic\raw_aic_results.csv
150_-6.0_32,150,-6.0,32,3571970953,ricker,WGN,-1,1000,1,1000,217,217.0,AIC_prepeak_clean,Table_1\results_aic\raw_aic_results.csv
150_-6.0_33,150,-6.0,33,3590169928,ricker,WGN,-1,1000,1,1000,217,217.0,AIC_prepeak_clean,Table_1\results_aic\raw_aic_results.csv
150_-6.0_34,150,-6.0,34,2585348515,ricker,WGN,-1,1000,1,1000,217,217.0,AIC_prepeak_clean,Table_1\results_aic\raw_aic_results.csv
150_-6.0_35,150,-6.0,35,1344584301,ricker,WGN,-1,1000,1,1000,217,217.0,AIC_prepeak_clean,Table_1\results_aic\raw_aic_results.csv
150_-6.0_36,150,-6.0,36,1573742658,ricker,WGN,-1,1000,1,1000,217,217.0,AIC_prepeak_clean,Table_1\results_aic\raw_aic_results.csv
150_-6.0_37,150,-6.0,37,2653129724,ricker,WGN,-1,1000,1,1000,217,217.0,AIC_prepeak_clean,Table_1\results_aic\raw_aic_results.csv
150_-6.0_38,150,-6.0,38,4067565533,ricker,WGN,-1,1000,1,1000,217,217.0,AIC_prepeak_clean,Table_1\results_aic\raw_aic_results.csv
150_-6.0_39,150,-6.0,39,3409305179,ricker,WGN,-1,1000,1,1000,217,217.0,AIC_prepeak_clean,Table_1\results_aic\raw_aic_results.csv
150_-6.0_40,150,-6.0,40,1959454073,ricker,WGN,-1,1000,1,1000,217,217.0,AIC_prepeak_clean,Table_1\results_aic\raw_aic_results.csv
150_-6.0_41,150,-6.0,41,174069602,ricker,WGN,-1,1000,1,1000,217,217.0,AIC_prepeak_clean,Table_1\results_aic\raw_aic_results.csv
150_-6.0_42,150,-6.0,42,2815921990,ricker,WGN,-1,1000,1,1000,217,217.0,AIC_prepeak_clean,Table_1\results_aic\raw_aic_results.csv
150_-6.0_43,150,-6.0,43,2071484775,ricker,WGN,-1,1000,1,1000,217,217.0,AIC_prepeak_clean,Table_1\results_aic\raw_aic_results.csv
150_-6.0_44,150,-6.0,44,1425225351,ricker,WGN,-1,1000,1,1000,217,217.0,AIC_prepeak_clean,Table_1\results_aic\raw_aic_results.csv
150_-6.0_45,150,-6.0,45,2616774634,ricker,WGN,-1,1000,1,1000,217,217.0,AIC_prepeak_clean,Table_1\results_aic\raw_aic_results.csv
150_-6.0_46,150,-6.0,46,2295508922,ricker,WGN,-1,1000,1,1000,217,217.0,AIC_prepeak_clean,Table_1\results_aic\raw_aic_results.csv
150_-6.0_47,150,-6.0,47,503660862,ricker,WGN,-1,1000,1,1000,217,217.0,AIC_prepeak_clean,Table_1\results_aic\raw_aic_results.csv
150_-6.0_48,150,-6.0,48,1334894398,ricker,WGN,-1,1000,1,1000,217,217.0,AIC_prepeak_clean,Table_1\results_aic\raw_aic_results.csv
150_-6.0_49,150,-6.0,49,1001211072,ricker,WGN,-1,1000,1,1000,217,217.0,AIC_prepeak_clean,Table_1\results_aic\raw_aic_results.csv
150_-6.0_50,150,-6.0,50,23322546,ricker,WGN,-1,1000,1,1000,217,217.0,AIC_prepeak_clean,Table_1\results_aic\raw_aic_results.csv
150_-6.0_51,150,-6.0,51,3438532643,ricker,WGN,-1,1000,1,1000,217,217.0,AIC_prepeak_clean,Table_1\results_aic\raw_aic_results.csv
150_-6.0_52,150,-6.0,52,986012504,ricker,WGN,-1,1000,1,1000,217,217.0,AIC_prepeak_clean,Table_1\results_aic\raw_aic_results.csv
150_-6.0_53,150,-6.0,53,4286198453,ricker,WGN,-1,1000,1,1000,217,217.0,AIC_prepeak_clean,Table_1\results_aic\raw_aic_results.csv
150_-6.0_54,150,-6.0,54,3764397664,ricker,WGN,-1,1000,1,1000,217,217.0,AIC_prepeak_clean,Table_1\results_aic\raw_aic_results.csv
150_-6.0_55,150,-6.0,55,1843542151,ricker,WGN,-1,1000,1,1000,217,217.0,AIC_prepeak_clean,Table_1\results_aic\raw_aic_results.csv
150_-6.0_56,150,-6.0,56,1473299269,ricker,WGN,-1,1000,1,1000,217,217.0,AIC_prepeak_clean,Table_1\results_aic\raw_aic_results.csv
150_-6.0_57,150,-6.0,57,2218144634,ricker,WGN,-1,1000,1,1000,217,217.0,AIC_prepeak_clean,Table_1\results_aic\raw_aic_results.csv
150_-6.0_58,150,-6.0,58,1845239552,ricker,WGN,-1,1000,1,1000,217,217.0,AIC_prepeak_clean,Table_1\results_aic\raw_aic_results.csv
150_-6.0_59,150,-6.0,59,3172361784,ricker,WGN,-1,1000,1,1000,217,217.0,AIC_prepeak_clean,Table_1\results_aic\raw_aic_results.csv
150_-6.0_60,150,-6.0,60,1035878085,ricker,WGN,-1,1000,1,1000,217,217.0,AIC_prepeak_clean,Table_1\results_aic\raw_aic_results.csv
150_-6.0_61,150,-6.0,61,405988123,ricker,WGN,-1,1000,1,1000,217,217.0,AIC_prepeak_clean,Table_1\results_aic\raw_aic_results.csv
150_-6.0_62,150,-6.0,62,2972890270,ricker,WGN,-1,1000,1,1000,217,217.0,AIC_prepeak_clean,Table_1\results_aic\raw_aic_results.csv
150_-6.0_63,150,-6.0,63,1990068338,ricker,WGN,-1,1000,1,1000,217,217.0,AIC_prepeak_clean,Table_1\results_aic\raw_aic_results.csv
150_-6.0_64,150,-6.0,64,1295537969,ricker,WGN,-1,1000,1,1000,217,217.0,AIC_prepeak_clean,Table_1\results_aic\raw_aic_results.csv
150_-6.0_65,150,-6.0,65,496394523,ricker,WGN,-1,1000,1,1000,217,217.0,AIC_prepeak_clean,Table_1\results_aic\raw_aic_results.csv
150_-6.0_66,150,-6.0,66,2628941873,ricker,WGN,-1,1000,1,1000,217,217.0,AIC_prepeak_clean,Table_1\results_aic\raw_aic_results.csv
150_-6.0_67,150,-6.0,67,967348350,ricker,WGN,-1,1000,1,1000,217,217.0,AIC_prepeak_clean,Table_1\results_aic\raw_aic_results.csv
150_-6.0_68,150,-6.0,68,1626411589,ricker,WGN,-1,1000,1,1000,217,217.0,AIC_prepeak_clean,Table_1\results_aic\raw_aic_results.csv
150_-6.0_69,150,-6.0,69,1326637308,ricker,WGN,-1,1000,1,1000,217,217.0,AIC_prepeak_clean,Table_1\results_aic\raw_aic_results.csv
150_-6.0_70,150,-6.0,70,2222176228,ricker,WGN,-1,1000,1,1000,217,217.0,AIC_prepeak_clean,Table_1\results_aic\raw_aic_results.csv
150_-6.0_71,150,-6.0,71,3931904399,ricker,WGN,-1,1000,1,1000,217,217.0,AIC_prepeak_clean,Table_1\results_aic\raw_aic_results.csv
150_-6.0_72,150,-6.0,72,2058527352,ricker,WGN,-1,1000,1,1000,217,217.0,AIC_prepeak_clean,Table_1\results_aic\raw_aic_results.csv
150_-6.0_73,150,-6.0,73,4293566176,ricker,WGN,-1,1000,1,1000,217,217.0,AIC_prepeak_clean,Table_1\results_aic\raw_aic_results.csv
150_-6.0_74,150,-6.0,74,386558648,ricker,WGN,-1,1000,1,1000,217,217.0,AIC_prepeak_clean,Table_1\results_aic\raw_aic_results.csv
150_-6.0_75,150,-6.0,75,3301921808,ricker,WGN,-1,1000,1,1000,217,217.0,AIC_prepeak_clean,Table_1\results_aic\raw_aic_results.csv
150_-6.0_76,150,-6.0,76,1309966360,ricker,WGN,-1,1000,1,1000,217,217.0,AIC_prepeak_clean,Table_1\results_aic\raw_aic_results.csv
150_-6.0_77,150,-6.0,77,228964170,ricker,WGN,-1,1000,1,1000,217,217.0,AIC_prepeak_clean,Table_1\results_aic\raw_aic_results.csv
150_-6.0_78,150,-6.0,78,2210174360,ricker,WGN,-1,1000,1,1000,217,217.0,AIC_prepeak_clean,Table_1\results_aic\raw_aic_results.csv
150_-6.0_79,150,-6.0,79,4067488129,ricker,WGN,-1,1000,1,1000,217,217.0,AIC_prepeak_clean,Table_1\results_aic\raw_aic_results.csv
150_-6.0_80,150,-6.0,80,115932144,ricker,WGN,-1,1000,1,1000,217,217.0,AIC_prepeak_clean,Table_1\results_aic\raw_aic_results.csv
150_-6.0_81,150,-6.0,81,3269453070,ricker,WGN,-1,1000,1,1000,217,217.0,AIC_prepeak_clean,Table_1\results_aic\raw_aic_results.csv
150_-6.0_82,150,-6.0,82,2714871082,ricker,WGN,-1,1000,1,1000,217,217.0,AIC_prepeak_clean,Table_1\results_aic\raw_aic_results.csv
150_-6.0_83,150,-6.0,83,2040356922,ricker,WGN,-1,1000,1,1000,217,217.0,AIC_prepeak_clean,Table_1\results_aic\raw_aic_results.csv
150_-6.0_84,150,-6.0,84,1637398672,ricker,WGN,-1,1000,1,1000,217,217.0,AIC_prepeak_clean,Table_1\results_aic\raw_aic_results.csv
150_-6.0_85,150,-6.0,85,860026631,ricker,WGN,-1,1000,1,1000,217,217.0,AIC_prepeak_clean,Table_1\results_aic\raw_aic_results.csv
150_-6.0_86,150,-6.0,86,1304888570,ricker,WGN,-1,1000,1,1000,217,217.0,AIC_prepeak_clean,Table_1\results_aic\raw_aic_results.csv
150_-6.0_87,150,-6.0,87,612897829,ricker,WGN,-1,1000,1,1000,217,217.0,AIC_prepeak_clean,Table_1\results_aic\raw_aic_results.csv
150_-6.0_88,150,-6.0,88,2772799827,ricker,WGN,-1,1000,1,1000,217,217.0,AIC_prepeak_clean,Table_1\results_aic\raw_aic_results.csv
150_-6.0_89,150,-6.0,89,1231675545,ricker,WGN,-1,1000,1,1000,217,217.0,AIC_prepeak_clean,Table_1\results_aic\raw_aic_results.csv
150_-6.0_90,150,-6.0,90,2072095841,ricker,WGN,-1,1000,1,1000,217,217.0,AIC_prepeak_clean,Table_1\results_aic\raw_aic_results.csv
150_-6.0_91,150,-6.0,91,2397725717,ricker,WGN,-1,1000,1,1000,217,217.0,AIC_prepeak_clean,Table_1\results_aic\raw_aic_results.csv
150_-6.0_92,150,-6.0,92,3487221180,ricker,WGN,-1,1000,1,1000,217,217.0,AIC_prepeak_clean,Table_1\results_aic\raw_aic_results.csv
150_-6.0_93,150,-6.0,93,2644890621,ricker,WGN,-1,1000,1,1000,217,217.0,AIC_prepeak_clean,Table_1\results_aic\raw_aic_results.csv
150_-6.0_94,150,-6.0,94,1165030274,ricker,WGN,-1,1000,1,1000,217,217.0,AIC_prepeak_clean,Table_1\results_aic\raw_aic_results.csv
150_-6.0_95,150,-6.0,95,844765205,ricker,WGN,-1,1000,1,1000,217,217.0,AIC_prepeak_clean,Table_1\results_aic\raw_aic_results.csv
150_-6.0_96,150,-6.0,96,490014910,ricker,WGN,-1,1000,1,1000,217,217.0,AIC_prepeak_clean,Table_1\results_aic\raw_aic_results.csv
150_-6.0_97,150,-6.0,97,1776673252,ricker,WGN,-1,1000,1,1000,217,217.0,AIC_prepeak_clean,Table_1\results_aic\raw_aic_results.csv
150_-6.0_98,150,-6.0,98,3086378108,ricker,WGN,-1,1000,1,1000,217,217.0,AIC_prepeak_clean,Table_1\results_aic\raw_aic_results.csv
150_-6.0_99,150,-6.0,99,3960911816,ricker,WGN,-1,1000,1,1000,217,217.0,AIC_prepeak_clean,Table_1\results_aic\raw_aic_results.csv
150_-6.0_100,150,-6.0,100,2265079120,ricker,WGN,-1,1000,1,1000,217,217.0,AIC_prepeak_clean,Table_1\results_aic\raw_aic_results.csv
150_-6.0_101,150,-6.0,101,538311763,ricker,WGN,-1,1000,1,1000,217,217.0,AIC_prepeak_clean,Table_1\results_aic\raw_aic_results.csv
150_-6.0_102,150,-6.0,102,1100348722,ricker,WGN,-1,1000,1,1000,217,217.0,AIC_prepeak_clean,Table_1\results_aic\raw_aic_results.csv
150_-6.0_103,150,-6.0,103,2963820193,ricker,WGN,-1,1000,1,1000,217,217.0,AIC_prepeak_clean,Table_1\results_aic\raw_aic_results.csv
150_-6.0_104,150,-6.0,104,1048978786,ricker,WGN,-1,1000,1,1000,217,217.0,AIC_prepeak_clean,Table_1\results_aic\raw_aic_results.csv
150_-6.0_105,150,-6.0,105,3455475736,ricker,WGN,-1,1000,1,1000,217,217.0,AIC_prepeak_clean,Table_1\results_aic\raw_aic_results.csv
150_-6.0_106,150,-6.0,106,171425608,ricker,WGN,-1,1000,1,1000,217,217.0,AIC_prepeak_clean,Table_1\results_aic\raw_aic_results.csv
150_-6.0_107,150,-6.0,107,3614631551,ricker,WGN,-1,1000,1,1000,217,217.0,AIC_prepeak_clean,Table_1\results_aic\raw_aic_results.csv
150_-6.0_108,150,-6.0,108,3278352041,ricker,WGN,-1,1000,1,1000,217,217.0,AIC_prepeak_clean,Table_1\results_aic\raw_aic_results.csv
150_-6.0_109,150,-6.0,109,281000532,ricker,WGN,-1,1000,1,1000,217,217.0,AIC_prepeak_clean,Table_1\results_aic\raw_aic_results.csv
150_-6.0_110,150,-6.0,110,3263447262,ricker,WGN,-1,1000,1,1000,217,217.0,AIC_prepeak_clean,Table_1\results_aic\raw_aic_results.csv
150_-6.0_111,150,-6.0,111,1057164079,ricker,WGN,-1,1000,1,1000,217,217.0,AIC_prepeak_clean,Table_1\results_aic\raw_aic_results.csv
150_-6.0_112,150,-6.0,112,961872926,ricker,WGN,-1,1000,1,1000,217,217.0,AIC_prepeak_clean,Table_1\results_aic\raw_aic_results.csv
150_-6.0_113,150,-6.0,113,2521664795,ricker,WGN,-1,1000,1,1000,217,217.0,AIC_prepeak_clean,Table_1\results_aic\raw_aic_results.csv
150_-6.0_114,150,-6.0,114,3293374088,ricker,WGN,-1,1000,1,1000,217,217.0,AIC_prepeak_clean,Table_1\results_aic\raw_aic_results.csv
150_-6.0_115,150,-6.0,115,2449037728,ricker,WGN,-1,1000,1,1000,217,217.0,AIC_prepeak_clean,Table_1\results_aic\raw_aic_results.csv
150_-6.0_116,150,-6.0,116,765621097,ricker,WGN,-1,1000,1,1000,217,217.0,AIC_prepeak_clean,Table_1\results_aic\raw_aic_results.csv
150_-6.0_117,150,-6.0,117,1456878702,ricker,WGN,-1,1000,1,1000,217,217.0,AIC_prepeak_clean,Table_1\results_aic\raw_aic_results.csv
150_-6.0_118,150,-6.0,118,2780934798,ricker,WGN,-1,1000,1,1000,217,217.0,AIC_prepeak_clean,Table_1\results_aic\raw_aic_results.csv
150_-6.0_119,150,-6.0,119,2830331390,ricker,WGN,-1,1000,1,1000,217,217.0,AIC_prepeak_clean,Table_1\results_aic\raw_aic_results.csv
150_-6.0_120,150,-6.0,120,1116002685,ricker,WGN,-1,1000,1,1000,217,217.0,AIC_prepeak_clean,Table_1\results_aic\raw_aic_results.csv
150_-6.0_121,150,-6.0,121,1481642249,ricker,WGN,-1,1000,1,1000,217,217.0,AIC_prepeak_clean,Table_1\results_aic\raw_aic_results.csv
150_-6.0_122,150,-6.0,122,3317030457,ricker,WGN,-1,1000,1,1000,217,217.0,AIC_prepeak_clean,Table_1\results_aic\raw_aic_results.csv
150_-6.0_123,150,-6.0,123,4220608625,ricker,WGN,-1,1000,1,1000,217,217.0,AIC_prepeak_clean,Table_1\results_aic\raw_aic_results.csv
150_-6.0_124,150,-6.0,124,3440539519,ricker,WGN,-1,1000,1,1000,217,217.0,AIC_prepeak_clean,Table_1\results_aic\raw_aic_results.csv
150_-6.0_125,150,-6.0,125,786647935,ricker,WGN,-1,1000,1,1000,217,217.0,AIC_prepeak_clean,Table_1\results_aic\raw_aic_results.csv
150_-6.0_126,150,-6.0,126,1116121188,ricker,WGN,-1,1000,1,1000,217,217.0,AIC_prepeak_clean,Table_1\results_aic\raw_aic_results.csv
150_-6.0_127,150,-6.0,127,1934346713,ricker,WGN,-1,1000,1,1000,217,217.0,AIC_prepeak_clean,Table_1\results_aic\raw_aic_results.csv
150_-6.0_128,150,-6.0,128,3600146391,ricker,WGN,-1,1000,1,1000,217,217.0,AIC_prepeak_clean,Table_1\results_aic\raw_aic_results.csv
150_-6.0_129,150,-6.0,129,2254572029,ricker,WGN,-1,1000,1,1000,217,217.0,AIC_prepeak_clean,Table_1\results_aic\raw_aic_results.csv
150_-6.0_130,150,-6.0,130,2531944026,ricker,WGN,-1,1000,1,1000,217,217.0,AIC_prepeak_clean,Table_1\results_aic\raw_aic_results.csv
150_-6.0_131,150,-6.0,131,4262529178,ricker,WGN,-1,1000,1,1000,217,217.0,AIC_prepeak_clean,Table_1\results_aic\raw_aic_results.csv
150_-6.0_132,150,-6.0,132,163065953,ricker,WGN,-1,1000,1,1000,217,217.0,AIC_prepeak_clean,Table_1\results_aic\raw_aic_results.csv
150_-6.0_133,150,-6.0,133,2118688840,ricker,WGN,-1,1000,1,1000,217,217.0,AIC_prepeak_clean,Table_1\results_aic\raw_aic_results.csv
150_-6.0_134,150,-6.0,134,1097291883,ricker,WGN,-1,1000,1,1000,217,217.0,AIC_prepeak_clean,Table_1\results_aic\raw_aic_results.csv
150_-6.0_135,150,-6.0,135,4111353921,ricker,WGN,-1,1000,1,1000,217,217.0,AIC_prepeak_clean,Table_1\results_aic\raw_aic_results.csv
150_-6.0_136,150,-6.0,136,3801990717,ricker,WGN,-1,1000,1,1000,217,217.0,AIC_prepeak_clean,Table_1\results_aic\raw_aic_results.csv
150_-6.0_137,150,-6.0,137,3881537445,ricker,WGN,-1,1000,1,1000,217,217.0,AIC_prepeak_clean,Table_1\results_aic\raw_aic_results.csv
150_-6.0_138,150,-6.0,138,1358383127,ricker,WGN,-1,1000,1,1000,217,217.0,AIC_prepeak_clean,Table_1\results_aic\raw_aic_results.csv
150_-6.0_139,150,-6.0,139,471977508,ricker,WGN,-1,1000,1,1000,217,217.0,AIC_prepeak_clean,Table_1\results_aic\raw_aic_results.csv
150_-6.0_140,150,-6.0,140,3421408039,ricker,WGN,-1,1000,1,1000,217,217.0,AIC_prepeak_clean,Table_1\results_aic\raw_aic_results.csv
150_-6.0_141,150,-6.0,141,2850041327,ricker,WGN,-1,1000,1,1000,217,217.0,AIC_prepeak_clean,Table_1\results_aic\raw_aic_results.csv
150_-6.0_142,150,-6.0,142,255982767,ricker,WGN,-1,1000,1,1000,217,217.0,AIC_prepeak_clean,Table_1\results_aic\raw_aic_results.csv
150_-6.0_143,150,-6.0,143,1364036630,ricker,WGN,-1,1000,1,1000,217,217.0,AIC_prepeak_clean,Table_1\results_aic\raw_aic_results.csv
150_-6.0_144,150,-6.0,144,1941247037,ricker,WGN,-1,1000,1,1000,217,217.0,AIC_prepeak_clean,Table_1\results_aic\raw_aic_results.csv
150_-6.0_145,150,-6.0,145,3271138769,ricker,WGN,-1,1000,1,1000,217,217.0,AIC_prepeak_clean,Table_1\results_aic\raw_aic_results.csv
150_-6.0_146,150,-6.0,146,346150824,ricker,WGN,-1,1000,1,1000,217,217.0,AIC_prepeak_clean,Table_1\results_aic\raw_aic_results.csv
150_-6.0_147,150,-6.0,147,2717375876,ricker,WGN,-1,1000,1,1000,217,217.0,AIC_prepeak_clean,Table_1\results_aic\raw_aic_results.csv
150_-6.0_148,150,-6.0,148,2907663065,ricker,WGN,-1,1000,1,1000,217,217.0,AIC_prepeak_clean,Table_1\results_aic\raw_aic_results.csv
150_-6.0_149,150,-6.0,149,4080404392,ricker,WGN,-1,1000,1,1000,217,217.0,AIC_prepeak_clean,Table_1\results_aic\raw_aic_results.csv
150_-6.0_150,150,-6.0,150,821417232,ricker,WGN,-1,1000,1,1000,217,217.0,AIC_prepeak_clean,Table_1\results_aic\raw_aic_results.csv
150_-6.0_151,150,-6.0,151,3540551796,ricker,WGN,-1,1000,1,1000,217,217.0,AIC_prepeak_clean,Table_1\results_aic\raw_aic_results.csv
150_-6.0_152,150,-6.0,152,3680877604,ricker,WGN,-1,1000,1,1000,217,217.0,AIC_prepeak_clean,Table_1\results_aic\raw_aic_results.csv
150_-6.0_153,150,-6.0,153,3723891493,ricker,WGN,-1,1000,1,1000,217,217.0,AIC_prepeak_clean,Table_1\results_aic\raw_aic_results.csv
150_-6.0_154,150,-6.0,154,1685735506,ricker,WGN,-1,1000,1,1000,217,217.0,AIC_prepeak_clean,Table_1\results_aic\raw_aic_results.csv
150_-6.0_155,150,-6.0,155,3988227148,ricker,WGN,-1,1000,1,1000,217,217.0,AIC_prepeak_clean,Table_1\results_aic\raw_aic_results.csv
150_-6.0_156,150,-6.0,156,754173056,ricker,WGN,-1,1000,1,1000,217,217.0,AIC_prepeak_clean,Table_1\results_aic\raw_aic_results.csv
150_-6.0_157,150,-6.0,157,568426320,ricker,WGN,-1,1000,1,1000,217,217.0,AIC_prepeak_clean,Table_1\results_aic\raw_aic_results.csv
150_-6.0_158,150,-6.0,158,1858785082,ricker,WGN,-1,1000,1,1000,217,217.0,AIC_prepeak_clean,Table_1\results_aic\raw_aic_results.csv
150_-6.0_159,150,-6.0,159,981641908,ricker,WGN,-1,1000,1,1000,217,217.0,AIC_prepeak_clean,Table_1\results_aic\raw_aic_results.csv
150_-6.0_160,150,-6.0,160,744988369,ricker,WGN,-1,1000,1,1000,217,217.0,AIC_prepeak_clean,Table_1\results_aic\raw_aic_results.csv
150_-6.0_161,150,-6.0,161,4282840048,ricker,WGN,-1,1000,1,1000,217,217.0,AIC_prepeak_clean,Table_1\results_aic\raw_aic_results.csv
150_-6.0_162,150,-6.0,162,4226076342,ricker,WGN,-1,1000,1,1000,217,217.0,AIC_prepeak_clean,Table_1\results_aic\raw_aic_results.csv
150_-6.0_163,150,-6.0,163,1174675335,ricker,WGN,-1,1000,1,1000,217,217.0,AIC_prepeak_clean,Table_1\results_aic\raw_aic_results.csv
150_-6.0_164,150,-6.0,164,1488581551,ricker,WGN,-1,1000,1,1000,217,217.0,AIC_prepeak_clean,Table_1\results_aic\raw_aic_results.csv
150_-6.0_165,150,-6.0,165,3404857468,ricker,WGN,-1,1000,1,1000,217,217.0,AIC_prepeak_clean,Table_1\results_aic\raw_aic_results.csv
150_-6.0_166,150,-6.0,166,1232464110,ricker,WGN,-1,1000,1,1000,217,217.0,AIC_prepeak_clean,Table_1\results_aic\raw_aic_results.csv
150_-6.0_167,150,-6.0,167,327305076,ricker,WGN,-1,1000,1,1000,217,217.0,AIC_prepeak_clean,Table_1\results_aic\raw_aic_results.csv
150_-6.0_168,150,-6.0,168,908810018,ricker,WGN,-1,1000,1,1000,217,217.0,AIC_prepeak_clean,Table_1\results_aic\raw_aic_results.csv
150_-6.0_169,150,-6.0,169,102583134,ricker,WGN,-1,1000,1,1000,217,217.0,AIC_prepeak_clean,Table_1\results_aic\raw_aic_results.csv
150_-6.0_170,150,-6.0,170,2960166836,ricker,WGN,-1,1000,1,1000,217,217.0,AIC_prepeak_clean,Table_1\results_aic\raw_aic_results.csv
150_-6.0_171,150,-6.0,171,2931240308,ricker,WGN,-1,1000,1,1000,217,217.0,AIC_prepeak_clean,Table_1\results_aic\raw_aic_results.csv
150_-6.0_172,150,-6.0,172,1526239736,ricker,WGN,-1,1000,1,1000,217,217.0,AIC_prepeak_clean,Table_1\results_aic\raw_aic_results.csv
150_-6.0_173,150,-6.0,173,4278664170,ricker,WGN,-1,1000,1,1000,217,217.0,AIC_prepeak_clean,Table_1\results_aic\raw_aic_results.csv
150_-6.0_174,150,-6.0,174,2031409166,ricker,WGN,-1,1000,1,1000,217,217.0,AIC_prepeak_clean,Table_1\results_aic\raw_aic_results.csv
150_-6.0_175,150,-6.0,175,3292386152,ricker,WGN,-1,1000,1,1000,217,217.0,AIC_prepeak_clean,Table_1\results_aic\raw_aic_results.csv
150_-6.0_176,150,-6.0,176,2636253553,ricker,WGN,-1,1000,1,1000,217,217.0,AIC_prepeak_clean,Table_1\results_aic\raw_aic_results.csv
150_-6.0_177,150,-6.0,177,2299342433,ricker,WGN,-1,1000,1,1000,217,217.0,AIC_prepeak_clean,Table_1\results_aic\raw_aic_results.csv
150_-6.0_178,150,-6.0,178,977972467,ricker,WGN,-1,1000,1,1000,217,217.0,AIC_prepeak_clean,Table_1\results_aic\raw_aic_results.csv
150_-6.0_179,150,-6.0,179,268104854,ricker,WGN,-1,1000,1,1000,217,217.0,AIC_prepeak_clean,Table_1\results_aic\raw_aic_results.csv
150_-6.0_180,150,-6.0,180,3491622533,ricker,WGN,-1,1000,1,1000,217,217.0,AIC_prepeak_clean,Table_1\results_aic\raw_aic_results.csv
150_-6.0_181,150,-6.0,181,3360668553,ricker,WGN,-1,1000,1,1000,217,217.0,AIC_prepeak_clean,Table_1\results_aic\raw_aic_results.csv
150_-6.0_182,150,-6.0,182,2352893732,ricker,WGN,-1,1000,1,1000,217,217.0,AIC_prepeak_clean,Table_1\results_aic\raw_aic_results.csv
150_-6.0_183,150,-6.0,183,1361180770,ricker,WGN,-1,1000,1,1000,217,217.0,AIC_prepeak_clean,Table_1\results_aic\raw_aic_results.csv
150_-6.0_184,150,-6.0,184,344284158,ricker,WGN,-1,1000,1,1000,217,217.0,AIC_prepeak_clean,Table_1\results_aic\raw_aic_results.csv
150_-6.0_185,150,-6.0,185,2980553738,ricker,WGN,-1,1000,1,1000,217,217.0,AIC_prepeak_clean,Table_1\results_aic\raw_aic_results.csv
150_-6.0_186,150,-6.0,186,3294965514,ricker,WGN,-1,1000,1,1000,217,217.0,AIC_prepeak_clean,Table_1\results_aic\raw_aic_results.csv
150_-6.0_187,150,-6.0,187,1652699910,ricker,WGN,-1,1000,1,1000,217,217.0,AIC_prepeak_clean,Table_1\results_aic\raw_aic_results.csv
150_-6.0_188,150,-6.0,188,3935935183,ricker,WGN,-1,1000,1,1000,217,217.0,AIC_prepeak_clean,Table_1\results_aic\raw_aic_results.csv
150_-6.0_189,150,-6.0,189,2284281767,ricker,WGN,-1,1000,1,1000,217,217.0,AIC_prepeak_clean,Table_1\results_aic\raw_aic_results.csv
150_-6.0_190,150,-6.0,190,953177962,ricker,WGN,-1,1000,1,1000,217,217.0,AIC_prepeak_clean,Table_1\results_aic\raw_aic_results.csv
150_-6.0_191,150,-6.0,191,3969024842,ricker,WGN,-1,1000,1,1000,217,217.0,AIC_prepeak_clean,Table_1\results_aic\raw_aic_results.csv
150_-6.0_192,150,-6.0,192,1943725501,ricker,WGN,-1,1000,1,1000,217,217.0,AIC_prepeak_clean,Table_1\results_aic\raw_aic_results.csv
150_-6.0_193,150,-6.0,193,1595917942,ricker,WGN,-1,1000,1,1000,217,217.0,AIC_prepeak_clean,Table_1\results_aic\raw_aic_results.csv
150_-6.0_194,150,-6.0,194,1601557742,ricker,WGN,-1,1000,1,1000,217,217.0,AIC_prepeak_clean,Table_1\results_aic\raw_aic_results.csv
150_-6.0_195,150,-6.0,195,3118212183,ricker,WGN,-1,1000,1,1000,217,217.0,AIC_prepeak_clean,Table_1\results_aic\raw_aic_results.csv
150_-6.0_196,150,-6.0,196,3091292742,ricker,WGN,-1,1000,1,1000,217,217.0,AIC_prepeak_clean,Table_1\results_aic\raw_aic_results.csv
150_-6.0_197,150,-6.0,197,2146761661,ricker,WGN,-1,1000,1,1000,217,217.0,AIC_prepeak_clean,Table_1\results_aic\raw_aic_results.csv
150_-6.0_198,150,-6.0,198,1959528403,ricker,WGN,-1,1000,1,1000,217,217.0,AIC_prepeak_clean,Table_1\results_aic\raw_aic_results.csv
150_-6.0_199,150,-6.0,199,158815023,ricker,WGN,-1,1000,1,1000,217,217.0,AIC_prepeak_clean,Table_1\results_aic\raw_aic_results.csv
150_2.0_0,150,2.0,0,3992004080,ricker,WGN,-1,1000,1,1000,217,217.0,AIC_prepeak_clean,Table_1\results_aic\raw_aic_results.csv
150_2.0_1,150,2.0,1,3009481478,ricker,WGN,-1,1000,1,1000,217,217.0,AIC_prepeak_clean,Table_1\results_aic\raw_aic_results.csv
150_2.0_2,150,2.0,2,45467236,ricker,WGN,-1,1000,1,1000,217,217.0,AIC_prepeak_clean,Table_1\results_aic\raw_aic_results.csv
150_2.0_3,150,2.0,3,4101428531,ricker,WGN,-1,1000,1,1000,217,217.0,AIC_prepeak_clean,Table_1\results_aic\raw_aic_results.csv
150_2.0_4,150,2.0,4,1504802222,ricker,WGN,-1,1000,1,1000,217,217.0,AIC_prepeak_clean,Table_1\results_aic\raw_aic_results.csv
150_2.0_5,150,2.0,5,3036027975,ricker,WGN,-1,1000,1,1000,217,217.0,AIC_prepeak_clean,Table_1\results_aic\raw_aic_results.csv
150_2.0_6,150,2.0,6,3366373488,ricker,WGN,-1,1000,1,1000,217,217.0,AIC_prepeak_clean,Table_1\results_aic\raw_aic_results.csv
150_2.0_7,150,2.0,7,1569081422,ricker,WGN,-1,1000,1,1000,217,217.0,AIC_prepeak_clean,Table_1\results_aic\raw_aic_results.csv
150_2.0_8,150,2.0,8,1592668801,ricker,WGN,-1,1000,1,1000,217,217.0,AIC_prepeak_clean,Table_1\results_aic\raw_aic_results.csv
150_2.0_9,150,2.0,9,4023676726,ricker,WGN,-1,1000,1,1000,217,217.0,AIC_prepeak_clean,Table_1\results_aic\raw_aic_results.csv
150_2.0_10,150,2.0,10,1959452586,ricker,WGN,-1,1000,1,1000,217,217.0,AIC_prepeak_clean,Table_1\results_aic\raw_aic_results.csv
150_2.0_11,150,2.0,11,283947262,ricker,WGN,-1,1000,1,1000,217,217.0,AIC_prepeak_clean,Table_1\results_aic\raw_aic_results.csv
150_2.0_12,150,2.0,12,4008534527,ricker,WGN,-1,1000,1,1000,217,217.0,AIC_prepeak_clean,Table_1\results_aic\raw_aic_results.csv
150_2.0_13,150,2.0,13,673133883,ricker,WGN,-1,1000,1,1000,217,217.0,AIC_prepeak_clean,Table_1\results_aic\raw_aic_results.csv
150_2.0_14,150,2.0,14,2246721693,ricker,WGN,-1,1000,1,1000,217,217.0,AIC_prepeak_clean,Table_1\results_aic\raw_aic_results.csv
150_2.0_15,150,2.0,15,1852266077,ricker,WGN,-1,1000,1,1000,217,217.0,AIC_prepeak_clean,Table_1\results_aic\raw_aic_results.csv
150_2.0_16,150,2.0,16,3633417022,ricker,WGN,-1,1000,1,1000,217,217.0,AIC_prepeak_clean,Table_1\results_aic\raw_aic_results.csv
150_2.0_17,150,2.0,17,1261512329,ricker,WGN,-1,1000,1,1000,217,217.0,AIC_prepeak_clean,Table_1\results_aic\raw_aic_results.csv
150_2.0_18,150,2.0,18,944762594,ricker,WGN,-1,1000,1,1000,217,217.0,AIC_prepeak_clean,Table_1\results_aic\raw_aic_results.csv
150_2.0_19,150,2.0,19,2558812269,ricker,WGN,-1,1000,1,1000,217,217.0,AIC_prepeak_clean,Table_1\results_aic\raw_aic_results.csv
150_2.0_20,150,2.0,20,4075230783,ricker,WGN,-1,1000,1,1000,217,217.0,AIC_prepeak_clean,Table_1\results_aic\raw_aic_results.csv
150_2.0_21,150,2.0,21,4210453799,ricker,WGN,-1,1000,1,1000,217,217.0,AIC_prepeak_clean,Table_1\results_aic\raw_aic_results.csv
150_2.0_22,150,2.0,22,2158251717,ricker,WGN,-1,1000,1,1000,217,217.0,AIC_prepeak_clean,Table_1\results_aic\raw_aic_results.csv
150_2.0_23,150,2.0,23,212306338,ricker,WGN,-1,1000,1,1000,217,217.0,AIC_prepeak_clean,Table_1\results_aic\raw_aic_results.csv
150_2.0_24,150,2.0,24,504783798,ricker,WGN,-1,1000,1,1000,217,217.0,AIC_prepeak_clean,Table_1\results_aic\raw_aic_results.csv
150_2.0_25,150,2.0,25,931632486,ricker,WGN,-1,1000,1,1000,217,217.0,AIC_prepeak_clean,Table_1\results_aic\raw_aic_results.csv
150_2.0_26,150,2.0,26,3489682049,ricker,WGN,-1,1000,1,1000,217,217.0,AIC_prepeak_clean,Table_1\results_aic\raw_aic_results.csv
150_2.0_27,150,2.0,27,3448370538,ricker,WGN,-1,1000,1,1000,217,217.0,AIC_prepeak_clean,Table_1\results_aic\raw_aic_results.csv
150_2.0_28,150,2.0,28,4132432183,ricker,WGN,-1,1000,1,1000,217,217.0,AIC_prepeak_clean,Table_1\results_aic\raw_aic_results.csv
150_2.0_29,150,2.0,29,759609677,ricker,WGN,-1,1000,1,1000,217,217.0,AIC_prepeak_clean,Table_1\results_aic\raw_aic_results.csv
150_2.0_30,150,2.0,30,4088638604,ricker,WGN,-1,1000,1,1000,217,217.0,AIC_prepeak_clean,Table_1\results_aic\raw_aic_results.csv
150_2.0_31,150,2.0,31,2766512813,ricker,WGN,-1,1000,1,1000,217,217.0,AIC_prepeak_clean,Table_1\results_aic\raw_aic_results.csv
150_2.0_32,150,2.0,32,1493751355,ricker,WGN,-1,1000,1,1000,217,217.0,AIC_prepeak_clean,Table_1\results_aic\raw_aic_results.csv
150_2.0_33,150,2.0,33,136867779,ricker,WGN,-1,1000,1,1000,217,217.0,AIC_prepeak_clean,Table_1\results_aic\raw_aic_results.csv
150_2.0_34,150,2.0,34,2275717813,ricker,WGN,-1,1000,1,1000,217,217.0,AIC_prepeak_clean,Table_1\results_aic\raw_aic_results.csv
150_2.0_35,150,2.0,35,4207275124,ricker,WGN,-1,1000,1,1000,217,217.0,AIC_prepeak_clean,Table_1\results_aic\raw_aic_results.csv
150_2.0_36,150,2.0,36,2028501528,ricker,WGN,-1,1000,1,1000,217,217.0,AIC_prepeak_clean,Table_1\results_aic\raw_aic_results.csv
150_2.0_37,150,2.0,37,2641507971,ricker,WGN,-1,1000,1,1000,217,217.0,AIC_prepeak_clean,Table_1\results_aic\raw_aic_results.csv
150_2.0_38,150,2.0,38,633313048,ricker,WGN,-1,1000,1,1000,217,217.0,AIC_prepeak_clean,Table_1\results_aic\raw_aic_results.csv
150_2.0_39,150,2.0,39,3116055881,ricker,WGN,-1,1000,1,1000,217,217.0,AIC_prepeak_clean,Table_1\results_aic\raw_aic_results.csv
150_2.0_40,150,2.0,40,2525475039,ricker,WGN,-1,1000,1,1000,217,217.0,AIC_prepeak_clean,Table_1\results_aic\raw_aic_results.csv
150_2.0_41,150,2.0,41,5758438,ricker,WGN,-1,1000,1,1000,217,217.0,AIC_prepeak_clean,Table_1\results_aic\raw_aic_results.csv
150_2.0_42,150,2.0,42,1857776608,ricker,WGN,-1,1000,1,1000,217,217.0,AIC_prepeak_clean,Table_1\results_aic\raw_aic_results.csv
150_2.0_43,150,2.0,43,1517101142,ricker,WGN,-1,1000,1,1000,217,217.0,AIC_prepeak_clean,Table_1\results_aic\raw_aic_results.csv
150_2.0_44,150,2.0,44,1147184319,ricker,WGN,-1,1000,1,1000,217,217.0,AIC_prepeak_clean,Table_1\results_aic\raw_aic_results.csv
150_2.0_45,150,2.0,45,500508296,ricker,WGN,-1,1000,1,1000,217,217.0,AIC_prepeak_clean,Table_1\results_aic\raw_aic_results.csv
150_2.0_46,150,2.0,46,4173148531,ricker,WGN,-1,1000,1,1000,217,217.0,AIC_prepeak_clean,Table_1\results_aic\raw_aic_results.csv
150_2.0_47,150,2.0,47,1338877740,ricker,WGN,-1,1000,1,1000,217,217.0,AIC_prepeak_clean,Table_1\results_aic\raw_aic_results.csv
150_2.0_48,150,2.0,48,4036977639,ricker,WGN,-1,1000,1,1000,217,217.0,AIC_prepeak_clean,Table_1\results_aic\raw_aic_results.csv
150_2.0_49,150,2.0,49,4039259477,ricker,WGN,-1,1000,1,1000,217,217.0,AIC_prepeak_clean,Table_1\results_aic\raw_aic_results.csv
150_2.0_50,150,2.0,50,771510963,ricker,WGN,-1,1000,1,1000,217,217.0,AIC_prepeak_clean,Table_1\results_aic\raw_aic_results.csv
150_2.0_51,150,2.0,51,982241543,ricker,WGN,-1,1000,1,1000,217,217.0,AIC_prepeak_clean,Table_1\results_aic\raw_aic_results.csv
150_2.0_52,150,2.0,52,1224691272,ricker,WGN,-1,1000,1,1000,217,217.0,AIC_prepeak_clean,Table_1\results_aic\raw_aic_results.csv
150_2.0_53,150,2.0,53,983583978,ricker,WGN,-1,1000,1,1000,217,217.0,AIC_prepeak_clean,Table_1\results_aic\raw_aic_results.csv
150_2.0_54,150,2.0,54,3017489737,ricker,WGN,-1,1000,1,1000,217,217.0,AIC_prepeak_clean,Table_1\results_aic\raw_aic_results.csv
150_2.0_55,150,2.0,55,192550061,ricker,WGN,-1,1000,1,1000,217,217.0,AIC_prepeak_clean,Table_1\results_aic\raw_aic_results.csv
150_2.0_56,150,2.0,56,527857797,ricker,WGN,-1,1000,1,1000,217,217.0,AIC_prepeak_clean,Table_1\results_aic\raw_aic_results.csv
150_2.0_57,150,2.0,57,3550396512,ricker,WGN,-1,1000,1,1000,217,217.0,AIC_prepeak_clean,Table_1\results_aic\raw_aic_results.csv
150_2.0_58,150,2.0,58,60106340,ricker,WGN,-1,1000,1,1000,217,217.0,AIC_prepeak_clean,Table_1\results_aic\raw_aic_results.csv
150_2.0_59,150,2.0,59,385498363,ricker,WGN,-1,1000,1,1000,217,217.0,AIC_prepeak_clean,Table_1\results_aic\raw_aic_results.csv
150_2.0_60,150,2.0,60,1021177376,ricker,WGN,-1,1000,1,1000,217,217.0,AIC_prepeak_clean,Table_1\results_aic\raw_aic_results.csv
150_2.0_61,150,2.0,61,2769500304,ricker,WGN,-1,1000,1,1000,217,217.0,AIC_prepeak_clean,Table_1\results_aic\raw_aic_results.csv
150_2.0_62,150,2.0,62,4243085247,ricker,WGN,-1,1000,1,1000,217,217.0,AIC_prepeak_clean,Table_1\results_aic\raw_aic_results.csv
150_2.0_63,150,2.0,63,1120038281,ricker,WGN,-1,1000,1,1000,217,217.0,AIC_prepeak_clean,Table_1\results_aic\raw_aic_results.csv
150_2.0_64,150,2.0,64,463742753,ricker,WGN,-1,1000,1,1000,217,217.0,AIC_prepeak_clean,Table_1\results_aic\raw_aic_results.csv
150_2.0_65,150,2.0,65,2355173383,ricker,WGN,-1,1000,1,1000,217,217.0,AIC_prepeak_clean,Table_1\results_aic\raw_aic_results.csv
150_2.0_66,150,2.0,66,1868700081,ricker,WGN,-1,1000,1,1000,217,217.0,AIC_prepeak_clean,Table_1\results_aic\raw_aic_results.csv
150_2.0_67,150,2.0,67,2842390045,ricker,WGN,-1,1000,1,1000,217,217.0,AIC_prepeak_clean,Table_1\results_aic\raw_aic_results.csv
150_2.0_68,150,2.0,68,4063845882,ricker,WGN,-1,1000,1,1000,217,217.0,AIC_prepeak_clean,Table_1\results_aic\raw_aic_results.csv
150_2.0_69,150,2.0,69,2191087037,ricker,WGN,-1,1000,1,1000,217,217.0,AIC_prepeak_clean,Table_1\results_aic\raw_aic_results.csv
150_2.0_70,150,2.0,70,3859903324,ricker,WGN,-1,1000,1,1000,217,217.0,AIC_prepeak_clean,Table_1\results_aic\raw_aic_results.csv
150_2.0_71,150,2.0,71,394075868,ricker,WGN,-1,1000,1,1000,217,217.0,AIC_prepeak_clean,Table_1\results_aic\raw_aic_results.csv
150_2.0_72,150,2.0,72,4198539936,ricker,WGN,-1,1000,1,1000,217,217.0,AIC_prepeak_clean,Table_1\results_aic\raw_aic_results.csv
150_2.0_73,150,2.0,73,3393610704,ricker,WGN,-1,1000,1,1000,217,217.0,AIC_prepeak_clean,Table_1\results_aic\raw_aic_results.csv
150_2.0_74,150,2.0,74,2200393539,ricker,WGN,-1,1000,1,1000,217,217.0,AIC_prepeak_clean,Table_1\results_aic\raw_aic_results.csv
150_2.0_75,150,2.0,75,622616569,ricker,WGN,-1,1000,1,1000,217,217.0,AIC_prepeak_clean,Table_1\results_aic\raw_aic_results.csv
150_2.0_76,150,2.0,76,1290308775,ricker,WGN,-1,1000,1,1000,217,217.0,AIC_prepeak_clean,Table_1\results_aic\raw_aic_results.csv
150_2.0_77,150,2.0,77,3564657985,ricker,WGN,-1,1000,1,1000,217,217.0,AIC_prepeak_clean,Table_1\results_aic\raw_aic_results.csv
150_2.0_78,150,2.0,78,314580621,ricker,WGN,-1,1000,1,1000,217,217.0,AIC_prepeak_clean,Table_1\results_aic\raw_aic_results.csv
150_2.0_79,150,2.0,79,2385669516,ricker,WGN,-1,1000,1,1000,217,217.0,AIC_prepeak_clean,Table_1\results_aic\raw_aic_results.csv
150_2.0_80,150,2.0,80,2190406861,ricker,WGN,-1,1000,1,1000,217,217.0,AIC_prepeak_clean,Table_1\results_aic\raw_aic_results.csv
150_2.0_81,150,2.0,81,1293580393,ricker,WGN,-1,1000,1,1000,217,217.0,AIC_prepeak_clean,Table_1\results_aic\raw_aic_results.csv
150_2.0_82,150,2.0,82,4127757847,ricker,WGN,-1,1000,1,1000,217,217.0,AIC_prepeak_clean,Table_1\results_aic\raw_aic_results.csv
150_2.0_83,150,2.0,83,1447378847,ricker,WGN,-1,1000,1,1000,217,217.0,AIC_prepeak_clean,Table_1\results_aic\raw_aic_results.csv
150_2.0_84,150,2.0,84,1261800430,ricker,WGN,-1,1000,1,1000,217,217.0,AIC_prepeak_clean,Table_1\results_aic\raw_aic_results.csv
150_2.0_85,150,2.0,85,1770380336,ricker,WGN,-1,1000,1,1000,217,217.0,AIC_prepeak_clean,Table_1\results_aic\raw_aic_results.csv
150_2.0_86,150,2.0,86,28316926,ricker,WGN,-1,1000,1,1000,217,217.0,AIC_prepeak_clean,Table_1\results_aic\raw_aic_results.csv
150_2.0_87,150,2.0,87,4055922342,ricker,WGN,-1,1000,1,1000,217,217.0,AIC_prepeak_clean,Table_1\results_aic\raw_aic_results.csv
150_2.0_88,150,2.0,88,831415562,ricker,WGN,-1,1000,1,1000,217,217.0,AIC_prepeak_clean,Table_1\results_aic\raw_aic_results.csv
150_2.0_89,150,2.0,89,3872053277,ricker,WGN,-1,1000,1,1000,217,217.0,AIC_prepeak_clean,Table_1\results_aic\raw_aic_results.csv
150_2.0_90,150,2.0,90,839490731,ricker,WGN,-1,1000,1,1000,217,217.0,AIC_prepeak_clean,Table_1\results_aic\raw_aic_results.csv
150_2.0_91,150,2.0,91,2590449102,ricker,WGN,-1,1000,1,1000,217,217.0,AIC_prepeak_clean,Table_1\results_aic\raw_aic_results.csv
150_2.0_92,150,2.0,92,285857243,ricker,WGN,-1,1000,1,1000,217,217.0,AIC_prepeak_clean,Table_1\results_aic\raw_aic_results.csv
150_2.0_93,150,2.0,93,1457714658,ricker,WGN,-1,1000,1,1000,217,217.0,AIC_prepeak_clean,Table_1\results_aic\raw_aic_results.csv
150_2.0_94,150,2.0,94,4152014662,ricker,WGN,-1,1000,1,1000,217,217.0,AIC_prepeak_clean,Table_1\results_aic\raw_aic_results.csv
150_2.0_95,150,2.0,95,1751082557,ricker,WGN,-1,1000,1,1000,217,217.0,AIC_prepeak_clean,Table_1\results_aic\raw_aic_results.csv
150_2.0_96,150,2.0,96,2986995891,ricker,WGN,-1,1000,1,1000,217,217.0,AIC_prepeak_clean,Table_1\results_aic\raw_aic_results.csv
150_2.0_97,150,2.0,97,3378735516,ricker,WGN,-1,1000,1,1000,217,217.0,AIC_prepeak_clean,Table_1\results_aic\raw_aic_results.csv
150_2.0_98,150,2.0,98,777519355,ricker,WGN,-1,1000,1,1000,217,217.0,AIC_prepeak_clean,Table_1\results_aic\raw_aic_results.csv
150_2.0_99,150,2.0,99,2595564735,ricker,WGN,-1,1000,1,1000,217,217.0,AIC_prepeak_clean,Table_1\results_aic\raw_aic_results.csv
150_2.0_100,150,2.0,100,66277431,ricker,WGN,-1,1000,1,1000,217,217.0,AIC_prepeak_clean,Table_1\results_aic\raw_aic_results.csv
150_2.0_101,150,2.0,101,1524059339,ricker,WGN,-1,1000,1,1000,217,217.0,AIC_prepeak_clean,Table_1\results_aic\raw_aic_results.csv
150_2.0_102,150,2.0,102,2410948959,ricker,WGN,-1,1000,1,1000,217,217.0,AIC_prepeak_clean,Table_1\results_aic\raw_aic_results.csv
150_2.0_103,150,2.0,103,3922849962,ricker,WGN,-1,1000,1,1000,217,217.0,AIC_prepeak_clean,Table_1\results_aic\raw_aic_results.csv
150_2.0_104,150,2.0,104,1532198151,ricker,WGN,-1,1000,1,1000,217,217.0,AIC_prepeak_clean,Table_1\results_aic\raw_aic_results.csv
150_2.0_105,150,2.0,105,3278782795,ricker,WGN,-1,1000,1,1000,217,217.0,AIC_prepeak_clean,Table_1\results_aic\raw_aic_results.csv
150_2.0_106,150,2.0,106,421850426,ricker,WGN,-1,1000,1,1000,217,217.0,AIC_prepeak_clean,Table_1\results_aic\raw_aic_results.csv
150_2.0_107,150,2.0,107,2810499605,ricker,WGN,-1,1000,1,1000,217,217.0,AIC_prepeak_clean,Table_1\results_aic\raw_aic_results.csv
150_2.0_108,150,2.0,108,2260183126,ricker,WGN,-1,1000,1,1000,217,217.0,AIC_prepeak_clean,Table_1\results_aic\raw_aic_results.csv
150_2.0_109,150,2.0,109,3150461626,ricker,WGN,-1,1000,1,1000,217,217.0,AIC_prepeak_clean,Table_1\results_aic\raw_aic_results.csv
150_2.0_110,150,2.0,110,856741857,ricker,WGN,-1,1000,1,1000,217,217.0,AIC_prepeak_clean,Table_1\results_aic\raw_aic_results.csv
150_2.0_111,150,2.0,111,1175328594,ricker,WGN,-1,1000,1,1000,217,217.0,AIC_prepeak_clean,Table_1\results_aic\raw_aic_results.csv
150_2.0_112,150,2.0,112,2280756583,ricker,WGN,-1,1000,1,1000,217,217.0,AIC_prepeak_clean,Table_1\results_aic\raw_aic_results.csv
150_2.0_113,150,2.0,113,1472898177,ricker,WGN,-1,1000,1,1000,217,217.0,AIC_prepeak_clean,Table_1\results_aic\raw_aic_results.csv
150_2.0_114,150,2.0,114,2663872193,ricker,WGN,-1,1000,1,1000,217,217.0,AIC_prepeak_clean,Table_1\results_aic\raw_aic_results.csv
150_2.0_115,150,2.0,115,1281461519,ricker,WGN,-1,1000,1,1000,217,217.0,AIC_prepeak_clean,Table_1\results_aic\raw_aic_results.csv
150_2.0_116,150,2.0,116,4026326395,ricker,WGN,-1,1000,1,1000,217,217.0,AIC_prepeak_clean,Table_1\results_aic\raw_aic_results.csv
150_2.0_117,150,2.0,117,1919389765,ricker,WGN,-1,1000,1,1000,217,217.0,AIC_prepeak_clean,Table_1\results_aic\raw_aic_results.csv
150_2.0_118,150,2.0,118,2417282474,ricker,WGN,-1,1000,1,1000,217,217.0,AIC_prepeak_clean,Table_1\results_aic\raw_aic_results.csv
150_2.0_119,150,2.0,119,3595119046,ricker,WGN,-1,1000,1,1000,217,217.0,AIC_prepeak_clean,Table_1\results_aic\raw_aic_results.csv
150_2.0_120,150,2.0,120,1265480476,ricker,WGN,-1,1000,1,1000,217,217.0,AIC_prepeak_clean,Table_1\results_aic\raw_aic_results.csv
150_2.0_121,150,2.0,121,2725123489,ricker,WGN,-1,1000,1,1000,217,217.0,AIC_prepeak_clean,Table_1\results_aic\raw_aic_results.csv
150_2.0_122,150,2.0,122,3799434027,ricker,WGN,-1,1000,1,1000,217,217.0,AIC_prepeak_clean,Table_1\results_aic\raw_aic_results.csv
150_2.0_123,150,2.0,123,614375788,ricker,WGN,-1,1000,1,1000,217,217.0,AIC_prepeak_clean,Table_1\results_aic\raw_aic_results.csv
150_2.0_124,150,2.0,124,285635483,ricker,WGN,-1,1000,1,1000,217,217.0,AIC_prepeak_clean,Table_1\results_aic\raw_aic_results.csv
150_2.0_125,150,2.0,125,2065405062,ricker,WGN,-1,1000,1,1000,217,217.0,AIC_prepeak_clean,Table_1\results_aic\raw_aic_results.csv
150_2.0_126,150,2.0,126,194179689,ricker,WGN,-1,1000,1,1000,217,217.0,AIC_prepeak_clean,Table_1\results_aic\raw_aic_results.csv
150_2.0_127,150,2.0,127,1558899331,ricker,WGN,-1,1000,1,1000,217,217.0,AIC_prepeak_clean,Table_1\results_aic\raw_aic_results.csv
150_2.0_128,150,2.0,128,1548307661,ricker,WGN,-1,1000,1,1000,217,217.0,AIC_prepeak_clean,Table_1\results_aic\raw_aic_results.csv
150_2.0_129,150,2.0,129,1308619374,ricker,WGN,-1,1000,1,1000,217,217.0,AIC_prepeak_clean,Table_1\results_aic\raw_aic_results.csv
150_2.0_130,150,2.0,130,2396889463,ricker,WGN,-1,1000,1,1000,217,217.0,AIC_prepeak_clean,Table_1\results_aic\raw_aic_results.csv
150_2.0_131,150,2.0,131,3681619116,ricker,WGN,-1,1000,1,1000,217,217.0,AIC_prepeak_clean,Table_1\results_aic\raw_aic_results.csv
150_2.0_132,150,2.0,132,3481889915,ricker,WGN,-1,1000,1,1000,217,217.0,AIC_prepeak_clean,Table_1\results_aic\raw_aic_results.csv
150_2.0_133,150,2.0,133,648770475,ricker,WGN,-1,1000,1,1000,217,217.0,AIC_prepeak_clean,Table_1\results_aic\raw_aic_results.csv
150_2.0_134,150,2.0,134,1166610404,ricker,WGN,-1,1000,1,1000,217,217.0,AIC_prepeak_clean,Table_1\results_aic\raw_aic_results.csv
150_2.0_135,150,2.0,135,1707546061,ricker,WGN,-1,1000,1,1000,217,217.0,AIC_prepeak_clean,Table_1\results_aic\raw_aic_results.csv
150_2.0_136,150,2.0,136,563146118,ricker,WGN,-1,1000,1,1000,217,217.0,AIC_prepeak_clean,Table_1\results_aic\raw_aic_results.csv
150_2.0_137,150,2.0,137,194353228,ricker,WGN,-1,1000,1,1000,217,217.0,AIC_prepeak_clean,Table_1\results_aic\raw_aic_results.csv
150_2.0_138,150,2.0,138,1962888370,ricker,WGN,-1,1000,1,1000,217,217.0,AIC_prepeak_clean,Table_1\results_aic\raw_aic_results.csv
150_2.0_139,150,2.0,139,2347220732,ricker,WGN,-1,1000,1,1000,217,217.0,AIC_prepeak_clean,Table_1\results_aic\raw_aic_results.csv
150_2.0_140,150,2.0,140,3029215168,ricker,WGN,-1,1000,1,1000,217,217.0,AIC_prepeak_clean,Table_1\results_aic\raw_aic_results.csv
150_2.0_141,150,2.0,141,4060243237,ricker,WGN,-1,1000,1,1000,217,217.0,AIC_prepeak_clean,Table_1\results_aic\raw_aic_results.csv
150_2.0_142,150,2.0,142,568255137,ricker,WGN,-1,1000,1,1000,217,217.0,AIC_prepeak_clean,Table_1\results_aic\raw_aic_results.csv
150_2.0_143,150,2.0,143,3768967479,ricker,WGN,-1,1000,1,1000,217,217.0,AIC_prepeak_clean,Table_1\results_aic\raw_aic_results.csv
150_2.0_144,150,2.0,144,936959962,ricker,WGN,-1,1000,1,1000,217,217.0,AIC_prepeak_clean,Table_1\results_aic\raw_aic_results.csv
150_2.0_145,150,2.0,145,1163047099,ricker,WGN,-1,1000,1,1000,217,217.0,AIC_prepeak_clean,Table_1\results_aic\raw_aic_results.csv
150_2.0_146,150,2.0,146,3831715135,ricker,WGN,-1,1000,1,1000,217,217.0,AIC_prepeak_clean,Table_1\results_aic\raw_aic_results.csv
150_2.0_147,150,2.0,147,4057625738,ricker,WGN,-1,1000,1,1000,217,217.0,AIC_prepeak_clean,Table_1\results_aic\raw_aic_results.csv
150_2.0_148,150,2.0,148,3159570498,ricker,WGN,-1,1000,1,1000,217,217.0,AIC_prepeak_clean,Table_1\results_aic\raw_aic_results.csv
150_2.0_149,150,2.0,149,662504365,ricker,WGN,-1,1000,1,1000,217,217.0,AIC_prepeak_clean,Table_1\results_aic\raw_aic_results.csv
150_2.0_150,150,2.0,150,2196694827,ricker,WGN,-1,1000,1,1000,217,217.0,AIC_prepeak_clean,Table_1\results_aic\raw_aic_results.csv
150_2.0_151,150,2.0,151,2478275129,ricker,WGN,-1,1000,1,1000,217,217.0,AIC_prepeak_clean,Table_1\results_aic\raw_aic_results.csv
150_2.0_152,150,2.0,152,2082771368,ricker,WGN,-1,1000,1,1000,217,217.0,AIC_prepeak_clean,Table_1\results_aic\raw_aic_results.csv
150_2.0_153,150,2.0,153,609295238,ricker,WGN,-1,1000,1,1000,217,217.0,AIC_prepeak_clean,Table_1\results_aic\raw_aic_results.csv
150_2.0_154,150,2.0,154,3183471673,ricker,WGN,-1,1000,1,1000,217,217.0,AIC_prepeak_clean,Table_1\results_aic\raw_aic_results.csv
150_2.0_155,150,2.0,155,182947255,ricker,WGN,-1,1000,1,1000,217,217.0,AIC_prepeak_clean,Table_1\results_aic\raw_aic_results.csv
150_2.0_156,150,2.0,156,2788124501,ricker,WGN,-1,1000,1,1000,217,217.0,AIC_prepeak_clean,Table_1\results_aic\raw_aic_results.csv
150_2.0_157,150,2.0,157,3897074639,ricker,WGN,-1,1000,1,1000,217,217.0,AIC_prepeak_clean,Table_1\results_aic\raw_aic_results.csv
150_2.0_158,150,2.0,158,1663305065,ricker,WGN,-1,1000,1,1000,217,217.0,AIC_prepeak_clean,Table_1\results_aic\raw_aic_results.csv
150_2.0_159,150,2.0,159,688446205,ricker,WGN,-1,1000,1,1000,217,217.0,AIC_prepeak_clean,Table_1\results_aic\raw_aic_results.csv
150_2.0_160,150,2.0,160,3220516483,ricker,WGN,-1,1000,1,1000,217,217.0,AIC_prepeak_clean,Table_1\results_aic\raw_aic_results.csv
150_2.0_161,150,2.0,161,4286011550,ricker,WGN,-1,1000,1,1000,217,217.0,AIC_prepeak_clean,Table_1\results_aic\raw_aic_results.csv
150_2.0_162,150,2.0,162,745252375,ricker,WGN,-1,1000,1,1000,217,217.0,AIC_prepeak_clean,Table_1\results_aic\raw_aic_results.csv
150_2.0_163,150,2.0,163,1709443185,ricker,WGN,-1,1000,1,1000,217,217.0,AIC_prepeak_clean,Table_1\results_aic\raw_aic_results.csv
150_2.0_164,150,2.0,164,2970121218,ricker,WGN,-1,1000,1,1000,217,217.0,AIC_prepeak_clean,Table_1\results_aic\raw_aic_results.csv
150_2.0_165,150,2.0,165,1068099239,ricker,WGN,-1,1000,1,1000,217,217.0,AIC_prepeak_clean,Table_1\results_aic\raw_aic_results.csv
150_2.0_166,150,2.0,166,345765047,ricker,WGN,-1,1000,1,1000,217,217.0,AIC_prepeak_clean,Table_1\results_aic\raw_aic_results.csv
150_2.0_167,150,2.0,167,2524529597,ricker,WGN,-1,1000,1,1000,217,217.0,AIC_prepeak_clean,Table_1\results_aic\raw_aic_results.csv
150_2.0_168,150,2.0,168,591771203,ricker,WGN,-1,1000,1,1000,217,217.0,AIC_prepeak_clean,Table_1\results_aic\raw_aic_results.csv
150_2.0_169,150,2.0,169,1869503849,ricker,WGN,-1,1000,1,1000,217,217.0,AIC_prepeak_clean,Table_1\results_aic\raw_aic_results.csv
150_2.0_170,150,2.0,170,1386732172,ricker,WGN,-1,1000,1,1000,217,217.0,AIC_prepeak_clean,Table_1\results_aic\raw_aic_results.csv
150_2.0_171,150,2.0,171,2399562999,ricker,WGN,-1,1000,1,1000,217,217.0,AIC_prepeak_clean,Table_1\results_aic\raw_aic_results.csv
150_2.0_172,150,2.0,172,2626517966,ricker,WGN,-1,1000,1,1000,217,217.0,AIC_prepeak_clean,Table_1\results_aic\raw_aic_results.csv
150_2.0_173,150,2.0,173,1139001193,ricker,WGN,-1,1000,1,1000,217,217.0,AIC_prepeak_clean,Table_1\results_aic\raw_aic_results.csv
150_2.0_174,150,2.0,174,1987251349,ricker,WGN,-1,1000,1,1000,217,217.0,AIC_prepeak_clean,Table_1\results_aic\raw_aic_results.csv
150_2.0_175,150,2.0,175,2516895414,ricker,WGN,-1,1000,1,1000,217,217.0,AIC_prepeak_clean,Table_1\results_aic\raw_aic_results.csv
150_2.0_176,150,2.0,176,3148010180,ricker,WGN,-1,1000,1,1000,217,217.0,AIC_prepeak_clean,Table_1\results_aic\raw_aic_results.csv
150_2.0_177,150,2.0,177,1313228407,ricker,WGN,-1,1000,1,1000,217,217.0,AIC_prepeak_clean,Table_1\results_aic\raw_aic_results.csv
150_2.0_178,150,2.0,178,3872810773,ricker,WGN,-1,1000,1,1000,217,217.0,AIC_prepeak_clean,Table_1\results_aic\raw_aic_results.csv
150_2.0_179,150,2.0,179,1055411444,ricker,WGN,-1,1000,1,1000,217,217.0,AIC_prepeak_clean,Table_1\results_aic\raw_aic_results.csv
150_2.0_180,150,2.0,180,256463800,ricker,WGN,-1,1000,1,1000,217,217.0,AIC_prepeak_clean,Table_1\results_aic\raw_aic_results.csv
150_2.0_181,150,2.0,181,3430662177,ricker,WGN,-1,1000,1,1000,217,217.0,AIC_prepeak_clean,Table_1\results_aic\raw_aic_results.csv
150_2.0_182,150,2.0,182,4116420290,ricker,WGN,-1,1000,1,1000,217,217.0,AIC_prepeak_clean,Table_1\results_aic\raw_aic_results.csv
150_2.0_183,150,2.0,183,2870038550,ricker,WGN,-1,1000,1,1000,217,217.0,AIC_prepeak_clean,Table_1\results_aic\raw_aic_results.csv
150_2.0_184,150,2.0,184,175918543,ricker,WGN,-1,1000,1,1000,217,217.0,AIC_prepeak_clean,Table_1\results_aic\raw_aic_results.csv
150_2.0_185,150,2.0,185,3185673316,ricker,WGN,-1,1000,1,1000,217,217.0,AIC_prepeak_clean,Table_1\results_aic\raw_aic_results.csv
150_2.0_186,150,2.0,186,2572224921,ricker,WGN,-1,1000,1,1000,217,217.0,AIC_prepeak_clean,Table_1\results_aic\raw_aic_results.csv
150_2.0_187,150,2.0,187,2656379066,ricker,WGN,-1,1000,1,1000,217,217.0,AIC_prepeak_clean,Table_1\results_aic\raw_aic_results.csv
150_2.0_188,150,2.0,188,2406722040,ricker,WGN,-1,1000,1,1000,217,217.0,AIC_prepeak_clean,Table_1\results_aic\raw_aic_results.csv
150_2.0_189,150,2.0,189,4768319,ricker,WGN,-1,1000,1,1000,217,217.0,AIC_prepeak_clean,Table_1\results_aic\raw_aic_results.csv
150_2.0_190,150,2.0,190,3527350289,ricker,WGN,-1,1000,1,1000,217,217.0,AIC_prepeak_clean,Table_1\results_aic\raw_aic_results.csv
150_2.0_191,150,2.0,191,2747842333,ricker,WGN,-1,1000,1,1000,217,217.0,AIC_prepeak_clean,Table_1\results_aic\raw_aic_results.csv
150_2.0_192,150,2.0,192,1140492509,ricker,WGN,-1,1000,1,1000,217,217.0,AIC_prepeak_clean,Table_1\results_aic\raw_aic_results.csv
150_2.0_193,150,2.0,193,2751145091,ricker,WGN,-1,1000,1,1000,217,217.0,AIC_prepeak_clean,Table_1\results_aic\raw_aic_results.csv
150_2.0_194,150,2.0,194,199294900,ricker,WGN,-1,1000,1,1000,217,217.0,AIC_prepeak_clean,Table_1\results_aic\raw_aic_results.csv
150_2.0_195,150,2.0,195,2656183403,ricker,WGN,-1,1000,1,1000,217,217.0,AIC_prepeak_clean,Table_1\results_aic\raw_aic_results.csv
150_2.0_196,150,2.0,196,4244195160,ricker,WGN,-1,1000,1,1000,217,217.0,AIC_prepeak_clean,Table_1\results_aic\raw_aic_results.csv
150_2.0_197,150,2.0,197,2462110454,ricker,WGN,-1,1000,1,1000,217,217.0,AIC_prepeak_clean,Table_1\results_aic\raw_aic_results.csv
150_2.0_198,150,2.0,198,722296737,ricker,WGN,-1,1000,1,1000,217,217.0,AIC_prepeak_clean,Table_1\results_aic\raw_aic_results.csv
150_2.0_199,150,2.0,199,3115907894,ricker,WGN,-1,1000,1,1000,217,217.0,AIC_prepeak_clean,Table_1\results_aic\raw_aic_results.csv
200_-10.0_0,200,-10.0,0,1063113563,ricker,WGN,-1,1000,1,1000,219,219.0,AIC_prepeak_clean,Table_1\results_aic\raw_aic_results.csv
200_-10.0_1,200,-10.0,1,1916669821,ricker,WGN,-1,1000,1,1000,219,219.0,AIC_prepeak_clean,Table_1\results_aic\raw_aic_results.csv
200_-10.0_2,200,-10.0,2,127289600,ricker,WGN,-1,1000,1,1000,219,219.0,AIC_prepeak_clean,Table_1\results_aic\raw_aic_results.csv
200_-10.0_3,200,-10.0,3,3166603451,ricker,WGN,-1,1000,1,1000,219,219.0,AIC_prepeak_clean,Table_1\results_aic\raw_aic_results.csv
200_-10.0_4,200,-10.0,4,4287475287,ricker,WGN,-1,1000,1,1000,219,219.0,AIC_prepeak_clean,Table_1\results_aic\raw_aic_results.csv
200_-10.0_5,200,-10.0,5,228308202,ricker,WGN,-1,1000,1,1000,219,219.0,AIC_prepeak_clean,Table_1\results_aic\raw_aic_results.csv
200_-10.0_6,200,-10.0,6,3120604618,ricker,WGN,-1,1000,1,1000,219,219.0,AIC_prepeak_clean,Table_1\results_aic\raw_aic_results.csv
200_-10.0_7,200,-10.0,7,1069846997,ricker,WGN,-1,1000,1,1000,219,219.0,AIC_prepeak_clean,Table_1\results_aic\raw_aic_results.csv
200_-10.0_8,200,-10.0,8,1798804271,ricker,WGN,-1,1000,1,1000,219,219.0,AIC_prepeak_clean,Table_1\results_aic\raw_aic_results.csv
200_-10.0_9,200,-10.0,9,2235688722,ricker,WGN,-1,1000,1,1000,219,219.0,AIC_prepeak_clean,Table_1\results_aic\raw_aic_results.csv
200_-10.0_10,200,-10.0,10,1786332754,ricker,WGN,-1,1000,1,1000,219,219.0,AIC_prepeak_clean,Table_1\results_aic\raw_aic_results.csv
200_-10.0_11,200,-10.0,11,2959665665,ricker,WGN,-1,1000,1,1000,219,219.0,AIC_prepeak_clean,Table_1\results_aic\raw_aic_results.csv
200_-10.0_12,200,-10.0,12,1563726937,ricker,WGN,-1,1000,1,1000,219,219.0,AIC_prepeak_clean,Table_1\results_aic\raw_aic_results.csv
200_-10.0_13,200,-10.0,13,3596862868,ricker,WGN,-1,1000,1,1000,219,219.0,AIC_prepeak_clean,Table_1\results_aic\raw_aic_results.csv
200_-10.0_14,200,-10.0,14,4030799917,ricker,WGN,-1,1000,1,1000,219,219.0,AIC_prepeak_clean,Table_1\results_aic\raw_aic_results.csv
200_-10.0_15,200,-10.0,15,2611117107,ricker,WGN,-1,1000,1,1000,219,219.0,AIC_prepeak_clean,Table_1\results_aic\raw_aic_results.csv
200_-10.0_16,200,-10.0,16,590862150,ricker,WGN,-1,1000,1,1000,219,219.0,AIC_prepeak_clean,Table_1\results_aic\raw_aic_results.csv
200_-10.0_17,200,-10.0,17,694877139,ricker,WGN,-1,1000,1,1000,219,219.0,AIC_prepeak_clean,Table_1\results_aic\raw_aic_results.csv
200_-10.0_18,200,-10.0,18,3200949083,ricker,WGN,-1,1000,1,1000,219,219.0,AIC_prepeak_clean,Table_1\results_aic\raw_aic_results.csv
200_-10.0_19,200,-10.0,19,2462044127,ricker,WGN,-1,1000,1,1000,219,219.0,AIC_prepeak_clean,Table_1\results_aic\raw_aic_results.csv
200_-10.0_20,200,-10.0,20,1745222154,ricker,WGN,-1,1000,1,1000,219,219.0,AIC_prepeak_clean,Table_1\results_aic\raw_aic_results.csv
200_-10.0_21,200,-10.0,21,2363774167,ricker,WGN,-1,1000,1,1000,219,219.0,AIC_prepeak_clean,Table_1\results_aic\raw_aic_results.csv
200_-10.0_22,200,-10.0,22,752099613,ricker,WGN,-1,1000,1,1000,219,219.0,AIC_prepeak_clean,Table_1\results_aic\raw_aic_results.csv
200_-10.0_23,200,-10.0,23,1420906932,ricker,WGN,-1,1000,1,1000,219,219.0,AIC_prepeak_clean,Table_1\results_aic\raw_aic_results.csv
200_-10.0_24,200,-10.0,24,1599851890,ricker,WGN,-1,1000,1,1000,219,219.0,AIC_prepeak_clean,Table_1\results_aic\raw_aic_results.csv
200_-10.0_25,200,-10.0,25,2703160948,ricker,WGN,-1,1000,1,1000,219,219.0,AIC_prepeak_clean,Table_1\results_aic\raw_aic_results.csv
200_-10.0_26,200,-10.0,26,1378995687,ricker,WGN,-1,1000,1,1000,219,219.0,AIC_prepeak_clean,Table_1\results_aic\raw_aic_results.csv
200_-10.0_27,200,-10.0,27,664137144,ricker,WGN,-1,1000,1,1000,219,219.0,AIC_prepeak_clean,Table_1\results_aic\raw_aic_results.csv
200_-10.0_28,200,-10.0,28,918956661,ricker,WGN,-1,1000,1,1000,219,219.0,AIC_prepeak_clean,Table_1\results_aic\raw_aic_results.csv
200_-10.0_29,200,-10.0,29,439602320,ricker,WGN,-1,1000,1,1000,219,219.0,AIC_prepeak_clean,Table_1\results_aic\raw_aic_results.csv
200_-10.0_30,200,-10.0,30,1397815656,ricker,WGN,-1,1000,1,1000,219,219.0,AIC_prepeak_clean,Table_1\results_aic\raw_aic_results.csv
200_-10.0_31,200,-10.0,31,1491767693,ricker,WGN,-1,1000,1,1000,219,219.0,AIC_prepeak_clean,Table_1\results_aic\raw_aic_results.csv
200_-10.0_32,200,-10.0,32,4005592874,ricker,WGN,-1,1000,1,1000,219,219.0,AIC_prepeak_clean,Table_1\results_aic\raw_aic_results.csv
200_-10.0_33,200,-10.0,33,981219864,ricker,WGN,-1,1000,1,1000,219,219.0,AIC_prepeak_clean,Table_1\results_aic\raw_aic_results.csv
200_-10.0_34,200,-10.0,34,718399126,ricker,WGN,-1,1000,1,1000,219,219.0,AIC_prepeak_clean,Table_1\results_aic\raw_aic_results.csv
200_-10.0_35,200,-10.0,35,4043023352,ricker,WGN,-1,1000,1,1000,219,219.0,AIC_prepeak_clean,Table_1\results_aic\raw_aic_results.csv
200_-10.0_36,200,-10.0,36,353376301,ricker,WGN,-1,1000,1,1000,219,219.0,AIC_prepeak_clean,Table_1\results_aic\raw_aic_results.csv
200_-10.0_37,200,-10.0,37,2439866020,ricker,WGN,-1,1000,1,1000,219,219.0,AIC_prepeak_clean,Table_1\results_aic\raw_aic_results.csv
200_-10.0_38,200,-10.0,38,2553459640,ricker,WGN,-1,1000,1,1000,219,219.0,AIC_prepeak_clean,Table_1\results_aic\raw_aic_results.csv
200_-10.0_39,200,-10.0,39,2229412441,ricker,WGN,-1,1000,1,1000,219,219.0,AIC_prepeak_clean,Table_1\results_aic\raw_aic_results.csv
200_-10.0_40,200,-10.0,40,2545976862,ricker,WGN,-1,1000,1,1000,219,219.0,AIC_prepeak_clean,Table_1\results_aic\raw_aic_results.csv
200_-10.0_41,200,-10.0,41,3956557826,ricker,WGN,-1,1000,1,1000,219,219.0,AIC_prepeak_clean,Table_1\results_aic\raw_aic_results.csv
200_-10.0_42,200,-10.0,42,563837790,ricker,WGN,-1,1000,1,1000,219,219.0,AIC_prepeak_clean,Table_1\results_aic\raw_aic_results.csv
200_-10.0_43,200,-10.0,43,2218695871,ricker,WGN,-1,1000,1,1000,219,219.0,AIC_prepeak_clean,Table_1\results_aic\raw_aic_results.csv
200_-10.0_44,200,-10.0,44,1389182574,ricker,WGN,-1,1000,1,1000,219,219.0,AIC_prepeak_clean,Table_1\results_aic\raw_aic_results.csv
200_-10.0_45,200,-10.0,45,627911458,ricker,WGN,-1,1000,1,1000,219,219.0,AIC_prepeak_clean,Table_1\results_aic\raw_aic_results.csv
200_-10.0_46,200,-10.0,46,3756784434,ricker,WGN,-1,1000,1,1000,219,219.0,AIC_prepeak_clean,Table_1\results_aic\raw_aic_results.csv
200_-10.0_47,200,-10.0,47,3569762374,ricker,WGN,-1,1000,1,1000,219,219.0,AIC_prepeak_clean,Table_1\results_aic\raw_aic_results.csv
200_-10.0_48,200,-10.0,48,3109994917,ricker,WGN,-1,1000,1,1000,219,219.0,AIC_prepeak_clean,Table_1\results_aic\raw_aic_results.csv
200_-10.0_49,200,-10.0,49,2193063962,ricker,WGN,-1,1000,1,1000,219,219.0,AIC_prepeak_clean,Table_1\results_aic\raw_aic_results.csv
200_-10.0_50,200,-10.0,50,3344057192,ricker,WGN,-1,1000,1,1000,219,219.0,AIC_prepeak_clean,Table_1\results_aic\raw_aic_results.csv
200_-10.0_51,200,-10.0,51,3532437011,ricker,WGN,-1,1000,1,1000,219,219.0,AIC_prepeak_clean,Table_1\results_aic\raw_aic_results.csv
200_-10.0_52,200,-10.0,52,358183293,ricker,WGN,-1,1000,1,1000,219,219.0,AIC_prepeak_clean,Table_1\results_aic\raw_aic_results.csv
200_-10.0_53,200,-10.0,53,1536804770,ricker,WGN,-1,1000,1,1000,219,219.0,AIC_prepeak_clean,Table_1\results_aic\raw_aic_results.csv
200_-10.0_54,200,-10.0,54,1006362371,ricker,WGN,-1,1000,1,1000,219,219.0,AIC_prepeak_clean,Table_1\results_aic\raw_aic_results.csv
200_-10.0_55,200,-10.0,55,3169781495,ricker,WGN,-1,1000,1,1000,219,219.0,AIC_prepeak_clean,Table_1\results_aic\raw_aic_results.csv
200_-10.0_56,200,-10.0,56,1978722794,ricker,WGN,-1,1000,1,1000,219,219.0,AIC_prepeak_clean,Table_1\results_aic\raw_aic_results.csv
200_-10.0_57,200,-10.0,57,3269808609,ricker,WGN,-1,1000,1,1000,219,219.0,AIC_prepeak_clean,Table_1\results_aic\raw_aic_results.csv
200_-10.0_58,200,-10.0,58,128608638,ricker,WGN,-1,1000,1,1000,219,219.0,AIC_prepeak_clean,Table_1\results_aic\raw_aic_results.csv
200_-10.0_59,200,-10.0,59,1988861971,ricker,WGN,-1,1000,1,1000,219,219.0,AIC_prepeak_clean,Table_1\results_aic\raw_aic_results.csv
200_-10.0_60,200,-10.0,60,1127500308,ricker,WGN,-1,1000,1,1000,219,219.0,AIC_prepeak_clean,Table_1\results_aic\raw_aic_results.csv
200_-10.0_61,200,-10.0,61,3784672128,ricker,WGN,-1,1000,1,1000,219,219.0,AIC_prepeak_clean,Table_1\results_aic\raw_aic_results.csv
200_-10.0_62,200,-10.0,62,2854300700,ricker,WGN,-1,1000,1,1000,219,219.0,AIC_prepeak_clean,Table_1\results_aic\raw_aic_results.csv
200_-10.0_63,200,-10.0,63,1883169626,ricker,WGN,-1,1000,1,1000,219,219.0,AIC_prepeak_clean,Table_1\results_aic\raw_aic_results.csv
200_-10.0_64,200,-10.0,64,2637784833,ricker,WGN,-1,1000,1,1000,219,219.0,AIC_prepeak_clean,Table_1\results_aic\raw_aic_results.csv
200_-10.0_65,200,-10.0,65,1551890215,ricker,WGN,-1,1000,1,1000,219,219.0,AIC_prepeak_clean,Table_1\results_aic\raw_aic_results.csv
200_-10.0_66,200,-10.0,66,122187520,ricker,WGN,-1,1000,1,1000,219,219.0,AIC_prepeak_clean,Table_1\results_aic\raw_aic_results.csv
200_-10.0_67,200,-10.0,67,3847359889,ricker,WGN,-1,1000,1,1000,219,219.0,AIC_prepeak_clean,Table_1\results_aic\raw_aic_results.csv
200_-10.0_68,200,-10.0,68,3880816660,ricker,WGN,-1,1000,1,1000,219,219.0,AIC_prepeak_clean,Table_1\results_aic\raw_aic_results.csv
200_-10.0_69,200,-10.0,69,704347276,ricker,WGN,-1,1000,1,1000,219,219.0,AIC_prepeak_clean,Table_1\results_aic\raw_aic_results.csv
200_-10.0_70,200,-10.0,70,2483477772,ricker,WGN,-1,1000,1,1000,219,219.0,AIC_prepeak_clean,Table_1\results_aic\raw_aic_results.csv
200_-10.0_71,200,-10.0,71,3453532340,ricker,WGN,-1,1000,1,1000,219,219.0,AIC_prepeak_clean,Table_1\results_aic\raw_aic_results.csv
200_-10.0_72,200,-10.0,72,368572892,ricker,WGN,-1,1000,1,1000,219,219.0,AIC_prepeak_clean,Table_1\results_aic\raw_aic_results.csv
200_-10.0_73,200,-10.0,73,2287024190,ricker,WGN,-1,1000,1,1000,219,219.0,AIC_prepeak_clean,Table_1\results_aic\raw_aic_results.csv
200_-10.0_74,200,-10.0,74,3966083118,ricker,WGN,-1,1000,1,1000,219,219.0,AIC_prepeak_clean,Table_1\results_aic\raw_aic_results.csv
200_-10.0_75,200,-10.0,75,204778408,ricker,WGN,-1,1000,1,1000,219,219.0,AIC_prepeak_clean,Table_1\results_aic\raw_aic_results.csv
200_-10.0_76,200,-10.0,76,708971104,ricker,WGN,-1,1000,1,1000,219,219.0,AIC_prepeak_clean,Table_1\results_aic\raw_aic_results.csv
200_-10.0_77,200,-10.0,77,3535791834,ricker,WGN,-1,1000,1,1000,219,219.0,AIC_prepeak_clean,Table_1\results_aic\raw_aic_results.csv
200_-10.0_78,200,-10.0,78,4291659728,ricker,WGN,-1,1000,1,1000,219,219.0,AIC_prepeak_clean,Table_1\results_aic\raw_aic_results.csv
200_-10.0_79,200,-10.0,79,2678331426,ricker,WGN,-1,1000,1,1000,219,219.0,AIC_prepeak_clean,Table_1\results_aic\raw_aic_results.csv
200_-10.0_80,200,-10.0,80,3794584782,ricker,WGN,-1,1000,1,1000,219,219.0,AIC_prepeak_clean,Table_1\results_aic\raw_aic_results.csv
200_-10.0_81,200,-10.0,81,3665631705,ricker,WGN,-1,1000,1,1000,219,219.0,AIC_prepeak_clean,Table_1\results_aic\raw_aic_results.csv
200_-10.0_82,200,-10.0,82,2917387040,ricker,WGN,-1,1000,1,1000,219,219.0,AIC_prepeak_clean,Table_1\results_aic\raw_aic_results.csv
200_-10.0_83,200,-10.0,83,941952635,ricker,WGN,-1,1000,1,1000,219,219.0,AIC_prepeak_clean,Table_1\results_aic\raw_aic_results.csv
200_-10.0_84,200,-10.0,84,2232356336,ricker,WGN,-1,1000,1,1000,219,219.0,AIC_prepeak_clean,Table_1\results_aic\raw_aic_results.csv
200_-10.0_85,200,-10.0,85,4024492560,ricker,WGN,-1,1000,1,1000,219,219.0,AIC_prepeak_clean,Table_1\results_aic\raw_aic_results.csv
200_-10.0_86,200,-10.0,86,159977404,ricker,WGN,-1,1000,1,1000,219,219.0,AIC_prepeak_clean,Table_1\results_aic\raw_aic_results.csv
200_-10.0_87,200,-10.0,87,2869134073,ricker,WGN,-1,1000,1,1000,219,219.0,AIC_prepeak_clean,Table_1\results_aic\raw_aic_results.csv
200_-10.0_88,200,-10.0,88,259312398,ricker,WGN,-1,1000,1,1000,219,219.0,AIC_prepeak_clean,Table_1\results_aic\raw_aic_results.csv
200_-10.0_89,200,-10.0,89,1905246787,ricker,WGN,-1,1000,1,1000,219,219.0,AIC_prepeak_clean,Table_1\results_aic\raw_aic_results.csv
200_-10.0_90,200,-10.0,90,1768938812,ricker,WGN,-1,1000,1,1000,219,219.0,AIC_prepeak_clean,Table_1\results_aic\raw_aic_results.csv
200_-10.0_91,200,-10.0,91,2416932251,ricker,WGN,-1,1000,1,1000,219,219.0,AIC_prepeak_clean,Table_1\results_aic\raw_aic_results.csv
200_-10.0_92,200,-10.0,92,3824276469,ricker,WGN,-1,1000,1,1000,219,219.0,AIC_prepeak_clean,Table_1\results_aic\raw_aic_results.csv
200_-10.0_93,200,-10.0,93,497501053,ricker,WGN,-1,1000,1,1000,219,219.0,AIC_prepeak_clean,Table_1\results_aic\raw_aic_results.csv
200_-10.0_94,200,-10.0,94,2090113521,ricker,WGN,-1,1000,1,1000,219,219.0,AIC_prepeak_clean,Table_1\results_aic\raw_aic_results.csv
200_-10.0_95,200,-10.0,95,808124855,ricker,WGN,-1,1000,1,1000,219,219.0,AIC_prepeak_clean,Table_1\results_aic\raw_aic_results.csv
200_-10.0_96,200,-10.0,96,1811219678,ricker,WGN,-1,1000,1,1000,219,219.0,AIC_prepeak_clean,Table_1\results_aic\raw_aic_results.csv
200_-10.0_97,200,-10.0,97,1285347273,ricker,WGN,-1,1000,1,1000,219,219.0,AIC_prepeak_clean,Table_1\results_aic\raw_aic_results.csv
200_-10.0_98,200,-10.0,98,3726171408,ricker,WGN,-1,1000,1,1000,219,219.0,AIC_prepeak_clean,Table_1\results_aic\raw_aic_results.csv
200_-10.0_99,200,-10.0,99,4020648353,ricker,WGN,-1,1000,1,1000,219,219.0,AIC_prepeak_clean,Table_1\results_aic\raw_aic_results.csv
200_-10.0_100,200,-10.0,100,1549373239,ricker,WGN,-1,1000,1,1000,219,219.0,AIC_prepeak_clean,Table_1\results_aic\raw_aic_results.csv
200_-10.0_101,200,-10.0,101,3820978480,ricker,WGN,-1,1000,1,1000,219,219.0,AIC_prepeak_clean,Table_1\results_aic\raw_aic_results.csv
200_-10.0_102,200,-10.0,102,1445700921,ricker,WGN,-1,1000,1,1000,219,219.0,AIC_prepeak_clean,Table_1\results_aic\raw_aic_results.csv
200_-10.0_103,200,-10.0,103,4211002855,ricker,WGN,-1,1000,1,1000,219,219.0,AIC_prepeak_clean,Table_1\results_aic\raw_aic_results.csv
200_-10.0_104,200,-10.0,104,2119651228,ricker,WGN,-1,1000,1,1000,219,219.0,AIC_prepeak_clean,Table_1\results_aic\raw_aic_results.csv
200_-10.0_105,200,-10.0,105,2348013002,ricker,WGN,-1,1000,1,1000,219,219.0,AIC_prepeak_clean,Table_1\results_aic\raw_aic_results.csv
200_-10.0_106,200,-10.0,106,1391588552,ricker,WGN,-1,1000,1,1000,219,219.0,AIC_prepeak_clean,Table_1\results_aic\raw_aic_results.csv
200_-10.0_107,200,-10.0,107,3010685375,ricker,WGN,-1,1000,1,1000,219,219.0,AIC_prepeak_clean,Table_1\results_aic\raw_aic_results.csv
200_-10.0_108,200,-10.0,108,1725925647,ricker,WGN,-1,1000,1,1000,219,219.0,AIC_prepeak_clean,Table_1\results_aic\raw_aic_results.csv
200_-10.0_109,200,-10.0,109,479364774,ricker,WGN,-1,1000,1,1000,219,219.0,AIC_prepeak_clean,Table_1\results_aic\raw_aic_results.csv
200_-10.0_110,200,-10.0,110,2229582912,ricker,WGN,-1,1000,1,1000,219,219.0,AIC_prepeak_clean,Table_1\results_aic\raw_aic_results.csv
200_-10.0_111,200,-10.0,111,1512726542,ricker,WGN,-1,1000,1,1000,219,219.0,AIC_prepeak_clean,Table_1\results_aic\raw_aic_results.csv
200_-10.0_112,200,-10.0,112,3799433419,ricker,WGN,-1,1000,1,1000,219,219.0,AIC_prepeak_clean,Table_1\results_aic\raw_aic_results.csv
200_-10.0_113,200,-10.0,113,3463540719,ricker,WGN,-1,1000,1,1000,219,219.0,AIC_prepeak_clean,Table_1\results_aic\raw_aic_results.csv
200_-10.0_114,200,-10.0,114,3807883291,ricker,WGN,-1,1000,1,1000,219,219.0,AIC_prepeak_clean,Table_1\results_aic\raw_aic_results.csv
200_-10.0_115,200,-10.0,115,805941132,ricker,WGN,-1,1000,1,1000,219,219.0,AIC_prepeak_clean,Table_1\results_aic\raw_aic_results.csv
200_-10.0_116,200,-10.0,116,2429044230,ricker,WGN,-1,1000,1,1000,219,219.0,AIC_prepeak_clean,Table_1\results_aic\raw_aic_results.csv
200_-10.0_117,200,-10.0,117,2442101787,ricker,WGN,-1,1000,1,1000,219,219.0,AIC_prepeak_clean,Table_1\results_aic\raw_aic_results.csv
200_-10.0_118,200,-10.0,118,4227642300,ricker,WGN,-1,1000,1,1000,219,219.0,AIC_prepeak_clean,Table_1\results_aic\raw_aic_results.csv
200_-10.0_119,200,-10.0,119,2966459637,ricker,WGN,-1,1000,1,1000,219,219.0,AIC_prepeak_clean,Table_1\results_aic\raw_aic_results.csv
200_-10.0_120,200,-10.0,120,957023818,ricker,WGN,-1,1000,1,1000,219,219.0,AIC_prepeak_clean,Table_1\results_aic\raw_aic_results.csv
200_-10.0_121,200,-10.0,121,2696193120,ricker,WGN,-1,1000,1,1000,219,219.0,AIC_prepeak_clean,Table_1\results_aic\raw_aic_results.csv
200_-10.0_122,200,-10.0,122,2037696938,ricker,WGN,-1,1000,1,1000,219,219.0,AIC_prepeak_clean,Table_1\results_aic\raw_aic_results.csv
200_-10.0_123,200,-10.0,123,559529598,ricker,WGN,-1,1000,1,1000,219,219.0,AIC_prepeak_clean,Table_1\results_aic\raw_aic_results.csv
200_-10.0_124,200,-10.0,124,1646750799,ricker,WGN,-1,1000,1,1000,219,219.0,AIC_prepeak_clean,Table_1\results_aic\raw_aic_results.csv
200_-10.0_125,200,-10.0,125,949431148,ricker,WGN,-1,1000,1,1000,219,219.0,AIC_prepeak_clean,Table_1\results_aic\raw_aic_results.csv
200_-10.0_126,200,-10.0,126,1303119146,ricker,WGN,-1,1000,1,1000,219,219.0,AIC_prepeak_clean,Table_1\results_aic\raw_aic_results.csv
200_-10.0_127,200,-10.0,127,2363613061,ricker,WGN,-1,1000,1,1000,219,219.0,AIC_prepeak_clean,Table_1\results_aic\raw_aic_results.csv
200_-10.0_128,200,-10.0,128,523902007,ricker,WGN,-1,1000,1,1000,219,219.0,AIC_prepeak_clean,Table_1\results_aic\raw_aic_results.csv
200_-10.0_129,200,-10.0,129,1258006125,ricker,WGN,-1,1000,1,1000,219,219.0,AIC_prepeak_clean,Table_1\results_aic\raw_aic_results.csv
200_-10.0_130,200,-10.0,130,3417723733,ricker,WGN,-1,1000,1,1000,219,219.0,AIC_prepeak_clean,Table_1\results_aic\raw_aic_results.csv
200_-10.0_131,200,-10.0,131,34289120,ricker,WGN,-1,1000,1,1000,219,219.0,AIC_prepeak_clean,Table_1\results_aic\raw_aic_results.csv
200_-10.0_132,200,-10.0,132,4060396308,ricker,WGN,-1,1000,1,1000,219,219.0,AIC_prepeak_clean,Table_1\results_aic\raw_aic_results.csv
200_-10.0_133,200,-10.0,133,4073317369,ricker,WGN,-1,1000,1,1000,219,219.0,AIC_prepeak_clean,Table_1\results_aic\raw_aic_results.csv
200_-10.0_134,200,-10.0,134,2164719450,ricker,WGN,-1,1000,1,1000,219,219.0,AIC_prepeak_clean,Table_1\results_aic\raw_aic_results.csv
200_-10.0_135,200,-10.0,135,151111833,ricker,WGN,-1,1000,1,1000,219,219.0,AIC_prepeak_clean,Table_1\results_aic\raw_aic_results.csv
200_-10.0_136,200,-10.0,136,2742454669,ricker,WGN,-1,1000,1,1000,219,219.0,AIC_prepeak_clean,Table_1\results_aic\raw_aic_results.csv
200_-10.0_137,200,-10.0,137,2553439863,ricker,WGN,-1,1000,1,1000,219,219.0,AIC_prepeak_clean,Table_1\results_aic\raw_aic_results.csv
200_-10.0_138,200,-10.0,138,2464409918,ricker,WGN,-1,1000,1,1000,219,219.0,AIC_prepeak_clean,Table_1\results_aic\raw_aic_results.csv
200_-10.0_139,200,-10.0,139,1913560697,ricker,WGN,-1,1000,1,1000,219,219.0,AIC_prepeak_clean,Table_1\results_aic\raw_aic_results.csv
200_-10.0_140,200,-10.0,140,3413460804,ricker,WGN,-1,1000,1,1000,219,219.0,AIC_prepeak_clean,Table_1\results_aic\raw_aic_results.csv
200_-10.0_141,200,-10.0,141,3631680691,ricker,WGN,-1,1000,1,1000,219,219.0,AIC_prepeak_clean,Table_1\results_aic\raw_aic_results.csv
200_-10.0_142,200,-10.0,142,1040013704,ricker,WGN,-1,1000,1,1000,219,219.0,AIC_prepeak_clean,Table_1\results_aic\raw_aic_results.csv
200_-10.0_143,200,-10.0,143,667516907,ricker,WGN,-1,1000,1,1000,219,219.0,AIC_prepeak_clean,Table_1\results_aic\raw_aic_results.csv
200_-10.0_144,200,-10.0,144,962028591,ricker,WGN,-1,1000,1,1000,219,219.0,AIC_prepeak_clean,Table_1\results_aic\raw_aic_results.csv
200_-10.0_145,200,-10.0,145,693672887,ricker,WGN,-1,1000,1,1000,219,219.0,AIC_prepeak_clean,Table_1\results_aic\raw_aic_results.csv
200_-10.0_146,200,-10.0,146,2130939022,ricker,WGN,-1,1000,1,1000,219,219.0,AIC_prepeak_clean,Table_1\results_aic\raw_aic_results.csv
200_-10.0_147,200,-10.0,147,2240122475,ricker,WGN,-1,1000,1,1000,219,219.0,AIC_prepeak_clean,Table_1\results_aic\raw_aic_results.csv
200_-10.0_148,200,-10.0,148,3112522002,ricker,WGN,-1,1000,1,1000,219,219.0,AIC_prepeak_clean,Table_1\results_aic\raw_aic_results.csv
200_-10.0_149,200,-10.0,149,1381744462,ricker,WGN,-1,1000,1,1000,219,219.0,AIC_prepeak_clean,Table_1\results_aic\raw_aic_results.csv
200_-10.0_150,200,-10.0,150,3047776407,ricker,WGN,-1,1000,1,1000,219,219.0,AIC_prepeak_clean,Table_1\results_aic\raw_aic_results.csv
200_-10.0_151,200,-10.0,151,2019520235,ricker,WGN,-1,1000,1,1000,219,219.0,AIC_prepeak_clean,Table_1\results_aic\raw_aic_results.csv
200_-10.0_152,200,-10.0,152,3074156704,ricker,WGN,-1,1000,1,1000,219,219.0,AIC_prepeak_clean,Table_1\results_aic\raw_aic_results.csv
200_-10.0_153,200,-10.0,153,610983181,ricker,WGN,-1,1000,1,1000,219,219.0,AIC_prepeak_clean,Table_1\results_aic\raw_aic_results.csv
200_-10.0_154,200,-10.0,154,1986206828,ricker,WGN,-1,1000,1,1000,219,219.0,AIC_prepeak_clean,Table_1\results_aic\raw_aic_results.csv
200_-10.0_155,200,-10.0,155,408266930,ricker,WGN,-1,1000,1,1000,219,219.0,AIC_prepeak_clean,Table_1\results_aic\raw_aic_results.csv
200_-10.0_156,200,-10.0,156,2828687558,ricker,WGN,-1,1000,1,1000,219,219.0,AIC_prepeak_clean,Table_1\results_aic\raw_aic_results.csv
200_-10.0_157,200,-10.0,157,3591822118,ricker,WGN,-1,1000,1,1000,219,219.0,AIC_prepeak_clean,Table_1\results_aic\raw_aic_results.csv
200_-10.0_158,200,-10.0,158,3586881523,ricker,WGN,-1,1000,1,1000,219,219.0,AIC_prepeak_clean,Table_1\results_aic\raw_aic_results.csv
200_-10.0_159,200,-10.0,159,3792655305,ricker,WGN,-1,1000,1,1000,219,219.0,AIC_prepeak_clean,Table_1\results_aic\raw_aic_results.csv
200_-10.0_160,200,-10.0,160,610102194,ricker,WGN,-1,1000,1,1000,219,219.0,AIC_prepeak_clean,Table_1\results_aic\raw_aic_results.csv
200_-10.0_161,200,-10.0,161,672210168,ricker,WGN,-1,1000,1,1000,219,219.0,AIC_prepeak_clean,Table_1\results_aic\raw_aic_results.csv
200_-10.0_162,200,-10.0,162,1592988577,ricker,WGN,-1,1000,1,1000,219,219.0,AIC_prepeak_clean,Table_1\results_aic\raw_aic_results.csv
200_-10.0_163,200,-10.0,163,688469306,ricker,WGN,-1,1000,1,1000,219,219.0,AIC_prepeak_clean,Table_1\results_aic\raw_aic_results.csv
200_-10.0_164,200,-10.0,164,4155064848,ricker,WGN,-1,1000,1,1000,219,219.0,AIC_prepeak_clean,Table_1\results_aic\raw_aic_results.csv
200_-10.0_165,200,-10.0,165,743428803,ricker,WGN,-1,1000,1,1000,219,219.0,AIC_prepeak_clean,Table_1\results_aic\raw_aic_results.csv
200_-10.0_166,200,-10.0,166,3319899828,ricker,WGN,-1,1000,1,1000,219,219.0,AIC_prepeak_clean,Table_1\results_aic\raw_aic_results.csv
200_-10.0_167,200,-10.0,167,1031535064,ricker,WGN,-1,1000,1,1000,219,219.0,AIC_prepeak_clean,Table_1\results_aic\raw_aic_results.csv
200_-10.0_168,200,-10.0,168,4167726036,ricker,WGN,-1,1000,1,1000,219,219.0,AIC_prepeak_clean,Table_1\results_aic\raw_aic_results.csv
200_-10.0_169,200,-10.0,169,2734094076,ricker,WGN,-1,1000,1,1000,219,219.0,AIC_prepeak_clean,Table_1\results_aic\raw_aic_results.csv
200_-10.0_170,200,-10.0,170,2412066544,ricker,WGN,-1,1000,1,1000,219,219.0,AIC_prepeak_clean,Table_1\results_aic\raw_aic_results.csv
200_-10.0_171,200,-10.0,171,1934005001,ricker,WGN,-1,1000,1,1000,219,219.0,AIC_prepeak_clean,Table_1\results_aic\raw_aic_results.csv
200_-10.0_172,200,-10.0,172,2765079829,ricker,WGN,-1,1000,1,1000,219,219.0,AIC_prepeak_clean,Table_1\results_aic\raw_aic_results.csv
200_-10.0_173,200,-10.0,173,1986282860,ricker,WGN,-1,1000,1,1000,219,219.0,AIC_prepeak_clean,Table_1\results_aic\raw_aic_results.csv
200_-10.0_174,200,-10.0,174,1010319987,ricker,WGN,-1,1000,1,1000,219,219.0,AIC_prepeak_clean,Table_1\results_aic\raw_aic_results.csv
200_-10.0_175,200,-10.0,175,427603858,ricker,WGN,-1,1000,1,1000,219,219.0,AIC_prepeak_clean,Table_1\results_aic\raw_aic_results.csv
200_-10.0_176,200,-10.0,176,790968980,ricker,WGN,-1,1000,1,1000,219,219.0,AIC_prepeak_clean,Table_1\results_aic\raw_aic_results.csv
200_-10.0_177,200,-10.0,177,2987676115,ricker,WGN,-1,1000,1,1000,219,219.0,AIC_prepeak_clean,Table_1\results_aic\raw_aic_results.csv
200_-10.0_178,200,-10.0,178,2410935339,ricker,WGN,-1,1000,1,1000,219,219.0,AIC_prepeak_clean,Table_1\results_aic\raw_aic_results.csv
200_-10.0_179,200,-10.0,179,3512318642,ricker,WGN,-1,1000,1,1000,219,219.0,AIC_prepeak_clean,Table_1\results_aic\raw_aic_results.csv
200_-10.0_180,200,-10.0,180,1444805444,ricker,WGN,-1,1000,1,1000,219,219.0,AIC_prepeak_clean,Table_1\results_aic\raw_aic_results.csv
200_-10.0_181,200,-10.0,181,4283201533,ricker,WGN,-1,1000,1,1000,219,219.0,AIC_prepeak_clean,Table_1\results_aic\raw_aic_results.csv
200_-10.0_182,200,-10.0,182,869189933,ricker,WGN,-1,1000,1,1000,219,219.0,AIC_prepeak_clean,Table_1\results_aic\raw_aic_results.csv
200_-10.0_183,200,-10.0,183,3591572714,ricker,WGN,-1,1000,1,1000,219,219.0,AIC_prepeak_clean,Table_1\results_aic\raw_aic_results.csv
200_-10.0_184,200,-10.0,184,1104135400,ricker,WGN,-1,1000,1,1000,219,219.0,AIC_prepeak_clean,Table_1\results_aic\raw_aic_results.csv
200_-10.0_185,200,-10.0,185,321640607,ricker,WGN,-1,1000,1,1000,219,219.0,AIC_prepeak_clean,Table_1\results_aic\raw_aic_results.csv
200_-10.0_186,200,-10.0,186,1421724776,ricker,WGN,-1,1000,1,1000,219,219.0,AIC_prepeak_clean,Table_1\results_aic\raw_aic_results.csv
200_-10.0_187,200,-10.0,187,3301350024,ricker,WGN,-1,1000,1,1000,219,219.0,AIC_prepeak_clean,Table_1\results_aic\raw_aic_results.csv
200_-10.0_188,200,-10.0,188,3196147465,ricker,WGN,-1,1000,1,1000,219,219.0,AIC_prepeak_clean,Table_1\results_aic\raw_aic_results.csv
200_-10.0_189,200,-10.0,189,2531762216,ricker,WGN,-1,1000,1,1000,219,219.0,AIC_prepeak_clean,Table_1\results_aic\raw_aic_results.csv
200_-10.0_190,200,-10.0,190,2197571968,ricker,WGN,-1,1000,1,1000,219,219.0,AIC_prepeak_clean,Table_1\results_aic\raw_aic_results.csv
200_-10.0_191,200,-10.0,191,2030171589,ricker,WGN,-1,1000,1,1000,219,219.0,AIC_prepeak_clean,Table_1\results_aic\raw_aic_results.csv
200_-10.0_192,200,-10.0,192,3264681517,ricker,WGN,-1,1000,1,1000,219,219.0,AIC_prepeak_clean,Table_1\results_aic\raw_aic_results.csv
200_-10.0_193,200,-10.0,193,431201931,ricker,WGN,-1,1000,1,1000,219,219.0,AIC_prepeak_clean,Table_1\results_aic\raw_aic_results.csv
200_-10.0_194,200,-10.0,194,3055395107,ricker,WGN,-1,1000,1,1000,219,219.0,AIC_prepeak_clean,Table_1\results_aic\raw_aic_results.csv
200_-10.0_195,200,-10.0,195,3744584598,ricker,WGN,-1,1000,1,1000,219,219.0,AIC_prepeak_clean,Table_1\results_aic\raw_aic_results.csv
200_-10.0_196,200,-10.0,196,2459816597,ricker,WGN,-1,1000,1,1000,219,219.0,AIC_prepeak_clean,Table_1\results_aic\raw_aic_results.csv
200_-10.0_197,200,-10.0,197,2724691207,ricker,WGN,-1,1000,1,1000,219,219.0,AIC_prepeak_clean,Table_1\results_aic\raw_aic_results.csv
200_-10.0_198,200,-10.0,198,3259040170,ricker,WGN,-1,1000,1,1000,219,219.0,AIC_prepeak_clean,Table_1\results_aic\raw_aic_results.csv
200_-10.0_199,200,-10.0,199,3906373879,ricker,WGN,-1,1000,1,1000,219,219.0,AIC_prepeak_clean,Table_1\results_aic\raw_aic_results.csv
200_-8.0_0,200,-8.0,0,1763284624,ricker,WGN,-1,1000,1,1000,219,219.0,AIC_prepeak_clean,Table_1\results_aic\raw_aic_results.csv
200_-8.0_1,200,-8.0,1,610971977,ricker,WGN,-1,1000,1,1000,219,219.0,AIC_prepeak_clean,Table_1\results_aic\raw_aic_results.csv
200_-8.0_2,200,-8.0,2,78301834,ricker,WGN,-1,1000,1,1000,219,219.0,AIC_prepeak_clean,Table_1\results_aic\raw_aic_results.csv
200_-8.0_3,200,-8.0,3,4186675539,ricker,WGN,-1,1000,1,1000,219,219.0,AIC_prepeak_clean,Table_1\results_aic\raw_aic_results.csv
200_-8.0_4,200,-8.0,4,4080637782,ricker,WGN,-1,1000,1,1000,219,219.0,AIC_prepeak_clean,Table_1\results_aic\raw_aic_results.csv
200_-8.0_5,200,-8.0,5,1952177336,ricker,WGN,-1,1000,1,1000,219,219.0,AIC_prepeak_clean,Table_1\results_aic\raw_aic_results.csv
200_-8.0_6,200,-8.0,6,193972750,ricker,WGN,-1,1000,1,1000,219,219.0,AIC_prepeak_clean,Table_1\results_aic\raw_aic_results.csv
200_-8.0_7,200,-8.0,7,988092052,ricker,WGN,-1,1000,1,1000,219,219.0,AIC_prepeak_clean,Table_1\results_aic\raw_aic_results.csv
200_-8.0_8,200,-8.0,8,685974607,ricker,WGN,-1,1000,1,1000,219,219.0,AIC_prepeak_clean,Table_1\results_aic\raw_aic_results.csv
200_-8.0_9,200,-8.0,9,3290407802,ricker,WGN,-1,1000,1,1000,219,219.0,AIC_prepeak_clean,Table_1\results_aic\raw_aic_results.csv
200_-8.0_10,200,-8.0,10,3393099657,ricker,WGN,-1,1000,1,1000,219,219.0,AIC_prepeak_clean,Table_1\results_aic\raw_aic_results.csv
200_-8.0_11,200,-8.0,11,305592049,ricker,WGN,-1,1000,1,1000,219,219.0,AIC_prepeak_clean,Table_1\results_aic\raw_aic_results.csv
200_-8.0_12,200,-8.0,12,3952627882,ricker,WGN,-1,1000,1,1000,219,219.0,AIC_prepeak_clean,Table_1\results_aic\raw_aic_results.csv
200_-8.0_13,200,-8.0,13,3488805135,ricker,WGN,-1,1000,1,1000,219,219.0,AIC_prepeak_clean,Table_1\results_aic\raw_aic_results.csv
200_-8.0_14,200,-8.0,14,780920484,ricker,WGN,-1,1000,1,1000,219,219.0,AIC_prepeak_clean,Table_1\results_aic\raw_aic_results.csv
200_-8.0_15,200,-8.0,15,2039070613,ricker,WGN,-1,1000,1,1000,219,219.0,AIC_prepeak_clean,Table_1\results_aic\raw_aic_results.csv
200_-8.0_16,200,-8.0,16,514526316,ricker,WGN,-1,1000,1,1000,219,219.0,AIC_prepeak_clean,Table_1\results_aic\raw_aic_results.csv
200_-8.0_17,200,-8.0,17,2587234793,ricker,WGN,-1,1000,1,1000,219,219.0,AIC_prepeak_clean,Table_1\results_aic\raw_aic_results.csv
200_-8.0_18,200,-8.0,18,3777765485,ricker,WGN,-1,1000,1,1000,219,219.0,AIC_prepeak_clean,Table_1\results_aic\raw_aic_results.csv
200_-8.0_19,200,-8.0,19,108228917,ricker,WGN,-1,1000,1,1000,219,219.0,AIC_prepeak_clean,Table_1\results_aic\raw_aic_results.csv
200_-8.0_20,200,-8.0,20,1157746211,ricker,WGN,-1,1000,1,1000,219,219.0,AIC_prepeak_clean,Table_1\results_aic\raw_aic_results.csv
200_-8.0_21,200,-8.0,21,4048380981,ricker,WGN,-1,1000,1,1000,219,219.0,AIC_prepeak_clean,Table_1\results_aic\raw_aic_results.csv
200_-8.0_22,200,-8.0,22,4224521393,ricker,WGN,-1,1000,1,1000,219,219.0,AIC_prepeak_clean,Table_1\results_aic\raw_aic_results.csv
200_-8.0_23,200,-8.0,23,714105153,ricker,WGN,-1,1000,1,1000,219,219.0,AIC_prepeak_clean,Table_1\results_aic\raw_aic_results.csv
200_-8.0_24,200,-8.0,24,2922837179,ricker,WGN,-1,1000,1,1000,219,219.0,AIC_prepeak_clean,Table_1\results_aic\raw_aic_results.csv
200_-8.0_25,200,-8.0,25,2976181148,ricker,WGN,-1,1000,1,1000,219,219.0,AIC_prepeak_clean,Table_1\results_aic\raw_aic_results.csv
200_-8.0_26,200,-8.0,26,878382457,ricker,WGN,-1,1000,1,1000,219,219.0,AIC_prepeak_clean,Table_1\results_aic\raw_aic_results.csv
200_-8.0_27,200,-8.0,27,2871436665,ricker,WGN,-1,1000,1,1000,219,219.0,AIC_prepeak_clean,Table_1\results_aic\raw_aic_results.csv
200_-8.0_28,200,-8.0,28,88817259,ricker,WGN,-1,1000,1,1000,219,219.0,AIC_prepeak_clean,Table_1\results_aic\raw_aic_results.csv
200_-8.0_29,200,-8.0,29,4259911271,ricker,WGN,-1,1000,1,1000,219,219.0,AIC_prepeak_clean,Table_1\results_aic\raw_aic_results.csv
200_-8.0_30,200,-8.0,30,331838429,ricker,WGN,-1,1000,1,1000,219,219.0,AIC_prepeak_clean,Table_1\results_aic\raw_aic_results.csv
200_-8.0_31,200,-8.0,31,2892766877,ricker,WGN,-1,1000,1,1000,219,219.0,AIC_prepeak_clean,Table_1\results_aic\raw_aic_results.csv
200_-8.0_32,200,-8.0,32,4141334611,ricker,WGN,-1,1000,1,1000,219,219.0,AIC_prepeak_clean,Table_1\results_aic\raw_aic_results.csv
200_-8.0_33,200,-8.0,33,659840092,ricker,WGN,-1,1000,1,1000,219,219.0,AIC_prepeak_clean,Table_1\results_aic\raw_aic_results.csv
200_-8.0_34,200,-8.0,34,1966367766,ricker,WGN,-1,1000,1,1000,219,219.0,AIC_prepeak_clean,Table_1\results_aic\raw_aic_results.csv
200_-8.0_35,200,-8.0,35,3295381146,ricker,WGN,-1,1000,1,1000,219,219.0,AIC_prepeak_clean,Table_1\results_aic\raw_aic_results.csv
200_-8.0_36,200,-8.0,36,2293293036,ricker,WGN,-1,1000,1,1000,219,219.0,AIC_prepeak_clean,Table_1\results_aic\raw_aic_results.csv
200_-8.0_37,200,-8.0,37,2693375850,ricker,WGN,-1,1000,1,1000,219,219.0,AIC_prepeak_clean,Table_1\results_aic\raw_aic_results.csv
200_-8.0_38,200,-8.0,38,793386195,ricker,WGN,-1,1000,1,1000,219,219.0,AIC_prepeak_clean,Table_1\results_aic\raw_aic_results.csv
200_-8.0_39,200,-8.0,39,4171039123,ricker,WGN,-1,1000,1,1000,219,219.0,AIC_prepeak_clean,Table_1\results_aic\raw_aic_results.csv
200_-8.0_40,200,-8.0,40,2885919061,ricker,WGN,-1,1000,1,1000,219,219.0,AIC_prepeak_clean,Table_1\results_aic\raw_aic_results.csv
200_-8.0_41,200,-8.0,41,86027218,ricker,WGN,-1,1000,1,1000,219,219.0,AIC_prepeak_clean,Table_1\results_aic\raw_aic_results.csv
200_-8.0_42,200,-8.0,42,3282206079,ricker,WGN,-1,1000,1,1000,219,219.0,AIC_prepeak_clean,Table_1\results_aic\raw_aic_results.csv
200_-8.0_43,200,-8.0,43,797090698,ricker,WGN,-1,1000,1,1000,219,219.0,AIC_prepeak_clean,Table_1\results_aic\raw_aic_results.csv
200_-8.0_44,200,-8.0,44,750842311,ricker,WGN,-1,1000,1,1000,219,219.0,AIC_prepeak_clean,Table_1\results_aic\raw_aic_results.csv
200_-8.0_45,200,-8.0,45,4191235270,ricker,WGN,-1,1000,1,1000,219,219.0,AIC_prepeak_clean,Table_1\results_aic\raw_aic_results.csv
200_-8.0_46,200,-8.0,46,731055993,ricker,WGN,-1,1000,1,1000,219,219.0,AIC_prepeak_clean,Table_1\results_aic\raw_aic_results.csv
200_-8.0_47,200,-8.0,47,3000131185,ricker,WGN,-1,1000,1,1000,219,219.0,AIC_prepeak_clean,Table_1\results_aic\raw_aic_results.csv
200_-8.0_48,200,-8.0,48,2088182790,ricker,WGN,-1,1000,1,1000,219,219.0,AIC_prepeak_clean,Table_1\results_aic\raw_aic_results.csv
200_-8.0_49,200,-8.0,49,2663457138,ricker,WGN,-1,1000,1,1000,219,219.0,AIC_prepeak_clean,Table_1\results_aic\raw_aic_results.csv
200_-8.0_50,200,-8.0,50,4230103655,ricker,WGN,-1,1000,1,1000,219,219.0,AIC_prepeak_clean,Table_1\results_aic\raw_aic_results.csv
200_-8.0_51,200,-8.0,51,1231239316,ricker,WGN,-1,1000,1,1000,219,219.0,AIC_prepeak_clean,Table_1\results_aic\raw_aic_results.csv
200_-8.0_52,200,-8.0,52,2865707071,ricker,WGN,-1,1000,1,1000,219,219.0,AIC_prepeak_clean,Table_1\results_aic\raw_aic_results.csv
200_-8.0_53,200,-8.0,53,1073523480,ricker,WGN,-1,1000,1,1000,219,219.0,AIC_prepeak_clean,Table_1\results_aic\raw_aic_results.csv
200_-8.0_54,200,-8.0,54,4030326533,ricker,WGN,-1,1000,1,1000,219,219.0,AIC_prepeak_clean,Table_1\results_aic\raw_aic_results.csv
200_-8.0_55,200,-8.0,55,2569851738,ricker,WGN,-1,1000,1,1000,219,219.0,AIC_prepeak_clean,Table_1\results_aic\raw_aic_results.csv
200_-8.0_56,200,-8.0,56,865551683,ricker,WGN,-1,1000,1,1000,219,219.0,AIC_prepeak_clean,Table_1\results_aic\raw_aic_results.csv
200_-8.0_57,200,-8.0,57,4004122149,ricker,WGN,-1,1000,1,1000,219,219.0,AIC_prepeak_clean,Table_1\results_aic\raw_aic_results.csv
200_-8.0_58,200,-8.0,58,3827928416,ricker,WGN,-1,1000,1,1000,219,219.0,AIC_prepeak_clean,Table_1\results_aic\raw_aic_results.csv
200_-8.0_59,200,-8.0,59,1517705610,ricker,WGN,-1,1000,1,1000,219,219.0,AIC_prepeak_clean,Table_1\results_aic\raw_aic_results.csv
200_-8.0_60,200,-8.0,60,1714004204,ricker,WGN,-1,1000,1,1000,219,219.0,AIC_prepeak_clean,Table_1\results_aic\raw_aic_results.csv
200_-8.0_61,200,-8.0,61,3194387735,ricker,WGN,-1,1000,1,1000,219,219.0,AIC_prepeak_clean,Table_1\results_aic\raw_aic_results.csv
200_-8.0_62,200,-8.0,62,2017592832,ricker,WGN,-1,1000,1,1000,219,219.0,AIC_prepeak_clean,Table_1\results_aic\raw_aic_results.csv
200_-8.0_63,200,-8.0,63,2032986451,ricker,WGN,-1,1000,1,1000,219,219.0,AIC_prepeak_clean,Table_1\results_aic\raw_aic_results.csv
200_-8.0_64,200,-8.0,64,2738014631,ricker,WGN,-1,1000,1,1000,219,219.0,AIC_prepeak_clean,Table_1\results_aic\raw_aic_results.csv
200_-8.0_65,200,-8.0,65,2325551314,ricker,WGN,-1,1000,1,1000,219,219.0,AIC_prepeak_clean,Table_1\results_aic\raw_aic_results.csv
200_-8.0_66,200,-8.0,66,3727104299,ricker,WGN,-1,1000,1,1000,219,219.0,AIC_prepeak_clean,Table_1\results_aic\raw_aic_results.csv
200_-8.0_67,200,-8.0,67,454146226,ricker,WGN,-1,1000,1,1000,219,219.0,AIC_prepeak_clean,Table_1\results_aic\raw_aic_results.csv
200_-8.0_68,200,-8.0,68,3359797672,ricker,WGN,-1,1000,1,1000,219,219.0,AIC_prepeak_clean,Table_1\results_aic\raw_aic_results.csv
200_-8.0_69,200,-8.0,69,2266348144,ricker,WGN,-1,1000,1,1000,219,219.0,AIC_prepeak_clean,Table_1\results_aic\raw_aic_results.csv
200_-8.0_70,200,-8.0,70,3806612634,ricker,WGN,-1,1000,1,1000,219,219.0,AIC_prepeak_clean,Table_1\results_aic\raw_aic_results.csv
200_-8.0_71,200,-8.0,71,558855228,ricker,WGN,-1,1000,1,1000,219,219.0,AIC_prepeak_clean,Table_1\results_aic\raw_aic_results.csv
200_-8.0_72,200,-8.0,72,168775816,ricker,WGN,-1,1000,1,1000,219,219.0,AIC_prepeak_clean,Table_1\results_aic\raw_aic_results.csv
200_-8.0_73,200,-8.0,73,654574608,ricker,WGN,-1,1000,1,1000,219,219.0,AIC_prepeak_clean,Table_1\results_aic\raw_aic_results.csv
200_-8.0_74,200,-8.0,74,2029238736,ricker,WGN,-1,1000,1,1000,219,219.0,AIC_prepeak_clean,Table_1\results_aic\raw_aic_results.csv
200_-8.0_75,200,-8.0,75,3943686721,ricker,WGN,-1,1000,1,1000,219,219.0,AIC_prepeak_clean,Table_1\results_aic\raw_aic_results.csv
200_-8.0_76,200,-8.0,76,2894846725,ricker,WGN,-1,1000,1,1000,219,219.0,AIC_prepeak_clean,Table_1\results_aic\raw_aic_results.csv
200_-8.0_77,200,-8.0,77,552912616,ricker,WGN,-1,1000,1,1000,219,219.0,AIC_prepeak_clean,Table_1\results_aic\raw_aic_results.csv
200_-8.0_78,200,-8.0,78,140118504,ricker,WGN,-1,1000,1,1000,219,219.0,AIC_prepeak_clean,Table_1\results_aic\raw_aic_results.csv
200_-8.0_79,200,-8.0,79,3762494330,ricker,WGN,-1,1000,1,1000,219,219.0,AIC_prepeak_clean,Table_1\results_aic\raw_aic_results.csv
200_-8.0_80,200,-8.0,80,3724807645,ricker,WGN,-1,1000,1,1000,219,219.0,AIC_prepeak_clean,Table_1\results_aic\raw_aic_results.csv
200_-8.0_81,200,-8.0,81,3720288571,ricker,WGN,-1,1000,1,1000,219,219.0,AIC_prepeak_clean,Table_1\results_aic\raw_aic_results.csv
200_-8.0_82,200,-8.0,82,1420756697,ricker,WGN,-1,1000,1,1000,219,219.0,AIC_prepeak_clean,Table_1\results_aic\raw_aic_results.csv
200_-8.0_83,200,-8.0,83,4228008210,ricker,WGN,-1,1000,1,1000,219,219.0,AIC_prepeak_clean,Table_1\results_aic\raw_aic_results.csv
200_-8.0_84,200,-8.0,84,1044920189,ricker,WGN,-1,1000,1,1000,219,219.0,AIC_prepeak_clean,Table_1\results_aic\raw_aic_results.csv
200_-8.0_85,200,-8.0,85,1030806904,ricker,WGN,-1,1000,1,1000,219,219.0,AIC_prepeak_clean,Table_1\results_aic\raw_aic_results.csv
200_-8.0_86,200,-8.0,86,834337922,ricker,WGN,-1,1000,1,1000,219,219.0,AIC_prepeak_clean,Table_1\results_aic\raw_aic_results.csv
200_-8.0_87,200,-8.0,87,1758184962,ricker,WGN,-1,1000,1,1000,219,219.0,AIC_prepeak_clean,Table_1\results_aic\raw_aic_results.csv
200_-8.0_88,200,-8.0,88,3529163579,ricker,WGN,-1,1000,1,1000,219,219.0,AIC_prepeak_clean,Table_1\results_aic\raw_aic_results.csv
200_-8.0_89,200,-8.0,89,4221685711,ricker,WGN,-1,1000,1,1000,219,219.0,AIC_prepeak_clean,Table_1\results_aic\raw_aic_results.csv
200_-8.0_90,200,-8.0,90,3378931913,ricker,WGN,-1,1000,1,1000,219,219.0,AIC_prepeak_clean,Table_1\results_aic\raw_aic_results.csv
200_-8.0_91,200,-8.0,91,622472569,ricker,WGN,-1,1000,1,1000,219,219.0,AIC_prepeak_clean,Table_1\results_aic\raw_aic_results.csv
200_-8.0_92,200,-8.0,92,513522043,ricker,WGN,-1,1000,1,1000,219,219.0,AIC_prepeak_clean,Table_1\results_aic\raw_aic_results.csv
200_-8.0_93,200,-8.0,93,1205303283,ricker,WGN,-1,1000,1,1000,219,219.0,AIC_prepeak_clean,Table_1\results_aic\raw_aic_results.csv
200_-8.0_94,200,-8.0,94,1603021132,ricker,WGN,-1,1000,1,1000,219,219.0,AIC_prepeak_clean,Table_1\results_aic\raw_aic_results.csv
200_-8.0_95,200,-8.0,95,2641325860,ricker,WGN,-1,1000,1,1000,219,219.0,AIC_prepeak_clean,Table_1\results_aic\raw_aic_results.csv
200_-8.0_96,200,-8.0,96,2777150816,ricker,WGN,-1,1000,1,1000,219,219.0,AIC_prepeak_clean,Table_1\results_aic\raw_aic_results.csv
200_-8.0_97,200,-8.0,97,1016784610,ricker,WGN,-1,1000,1,1000,219,219.0,AIC_prepeak_clean,Table_1\results_aic\raw_aic_results.csv
200_-8.0_98,200,-8.0,98,1468237993,ricker,WGN,-1,1000,1,1000,219,219.0,AIC_prepeak_clean,Table_1\results_aic\raw_aic_results.csv
200_-8.0_99,200,-8.0,99,222176647,ricker,WGN,-1,1000,1,1000,219,219.0,AIC_prepeak_clean,Table_1\results_aic\raw_aic_results.csv
200_-8.0_100,200,-8.0,100,1360464890,ricker,WGN,-1,1000,1,1000,219,219.0,AIC_prepeak_clean,Table_1\results_aic\raw_aic_results.csv
200_-8.0_101,200,-8.0,101,2835399356,ricker,WGN,-1,1000,1,1000,219,219.0,AIC_prepeak_clean,Table_1\results_aic\raw_aic_results.csv
200_-8.0_102,200,-8.0,102,2075982176,ricker,WGN,-1,1000,1,1000,219,219.0,AIC_prepeak_clean,Table_1\results_aic\raw_aic_results.csv
200_-8.0_103,200,-8.0,103,6645716,ricker,WGN,-1,1000,1,1000,219,219.0,AIC_prepeak_clean,Table_1\results_aic\raw_aic_results.csv
200_-8.0_104,200,-8.0,104,3896719335,ricker,WGN,-1,1000,1,1000,219,219.0,AIC_prepeak_clean,Table_1\results_aic\raw_aic_results.csv
200_-8.0_105,200,-8.0,105,1764961054,ricker,WGN,-1,1000,1,1000,219,219.0,AIC_prepeak_clean,Table_1\results_aic\raw_aic_results.csv
200_-8.0_106,200,-8.0,106,4003758398,ricker,WGN,-1,1000,1,1000,219,219.0,AIC_prepeak_clean,Table_1\results_aic\raw_aic_results.csv
200_-8.0_107,200,-8.0,107,1670820646,ricker,WGN,-1,1000,1,1000,219,219.0,AIC_prepeak_clean,Table_1\results_aic\raw_aic_results.csv
200_-8.0_108,200,-8.0,108,2866126486,ricker,WGN,-1,1000,1,1000,219,219.0,AIC_prepeak_clean,Table_1\results_aic\raw_aic_results.csv
200_-8.0_109,200,-8.0,109,3750918015,ricker,WGN,-1,1000,1,1000,219,219.0,AIC_prepeak_clean,Table_1\results_aic\raw_aic_results.csv
200_-8.0_110,200,-8.0,110,3300660941,ricker,WGN,-1,1000,1,1000,219,219.0,AIC_prepeak_clean,Table_1\results_aic\raw_aic_results.csv
200_-8.0_111,200,-8.0,111,2576867456,ricker,WGN,-1,1000,1,1000,219,219.0,AIC_prepeak_clean,Table_1\results_aic\raw_aic_results.csv
200_-8.0_112,200,-8.0,112,726125182,ricker,WGN,-1,1000,1,1000,219,219.0,AIC_prepeak_clean,Table_1\results_aic\raw_aic_results.csv
200_-8.0_113,200,-8.0,113,625212370,ricker,WGN,-1,1000,1,1000,219,219.0,AIC_prepeak_clean,Table_1\results_aic\raw_aic_results.csv
200_-8.0_114,200,-8.0,114,1925182476,ricker,WGN,-1,1000,1,1000,219,219.0,AIC_prepeak_clean,Table_1\results_aic\raw_aic_results.csv
200_-8.0_115,200,-8.0,115,2160418782,ricker,WGN,-1,1000,1,1000,219,219.0,AIC_prepeak_clean,Table_1\results_aic\raw_aic_results.csv
200_-8.0_116,200,-8.0,116,1798122469,ricker,WGN,-1,1000,1,1000,219,219.0,AIC_prepeak_clean,Table_1\results_aic\raw_aic_results.csv
200_-8.0_117,200,-8.0,117,1396328969,ricker,WGN,-1,1000,1,1000,219,219.0,AIC_prepeak_clean,Table_1\results_aic\raw_aic_results.csv
200_-8.0_118,200,-8.0,118,3779969171,ricker,WGN,-1,1000,1,1000,219,219.0,AIC_prepeak_clean,Table_1\results_aic\raw_aic_results.csv
200_-8.0_119,200,-8.0,119,3961466396,ricker,WGN,-1,1000,1,1000,219,219.0,AIC_prepeak_clean,Table_1\results_aic\raw_aic_results.csv
200_-8.0_120,200,-8.0,120,398078938,ricker,WGN,-1,1000,1,1000,219,219.0,AIC_prepeak_clean,Table_1\results_aic\raw_aic_results.csv
200_-8.0_121,200,-8.0,121,682373215,ricker,WGN,-1,1000,1,1000,219,219.0,AIC_prepeak_clean,Table_1\results_aic\raw_aic_results.csv
200_-8.0_122,200,-8.0,122,2862069357,ricker,WGN,-1,1000,1,1000,219,219.0,AIC_prepeak_clean,Table_1\results_aic\raw_aic_results.csv
200_-8.0_123,200,-8.0,123,2548931604,ricker,WGN,-1,1000,1,1000,219,219.0,AIC_prepeak_clean,Table_1\results_aic\raw_aic_results.csv
200_-8.0_124,200,-8.0,124,794085055,ricker,WGN,-1,1000,1,1000,219,219.0,AIC_prepeak_clean,Table_1\results_aic\raw_aic_results.csv
200_-8.0_125,200,-8.0,125,2016228436,ricker,WGN,-1,1000,1,1000,219,219.0,AIC_prepeak_clean,Table_1\results_aic\raw_aic_results.csv
200_-8.0_126,200,-8.0,126,4151347867,ricker,WGN,-1,1000,1,1000,219,219.0,AIC_prepeak_clean,Table_1\results_aic\raw_aic_results.csv
200_-8.0_127,200,-8.0,127,2959716619,ricker,WGN,-1,1000,1,1000,219,219.0,AIC_prepeak_clean,Table_1\results_aic\raw_aic_results.csv
200_-8.0_128,200,-8.0,128,4278001747,ricker,WGN,-1,1000,1,1000,219,219.0,AIC_prepeak_clean,Table_1\results_aic\raw_aic_results.csv
200_-8.0_129,200,-8.0,129,412173181,ricker,WGN,-1,1000,1,1000,219,219.0,AIC_prepeak_clean,Table_1\results_aic\raw_aic_results.csv
200_-8.0_130,200,-8.0,130,361200384,ricker,WGN,-1,1000,1,1000,219,219.0,AIC_prepeak_clean,Table_1\results_aic\raw_aic_results.csv
200_-8.0_131,200,-8.0,131,4059312913,ricker,WGN,-1,1000,1,1000,219,219.0,AIC_prepeak_clean,Table_1\results_aic\raw_aic_results.csv
200_-8.0_132,200,-8.0,132,269160257,ricker,WGN,-1,1000,1,1000,219,219.0,AIC_prepeak_clean,Table_1\results_aic\raw_aic_results.csv
200_-8.0_133,200,-8.0,133,2017722196,ricker,WGN,-1,1000,1,1000,219,219.0,AIC_prepeak_clean,Table_1\results_aic\raw_aic_results.csv
200_-8.0_134,200,-8.0,134,473743799,ricker,WGN,-1,1000,1,1000,219,219.0,AIC_prepeak_clean,Table_1\results_aic\raw_aic_results.csv
200_-8.0_135,200,-8.0,135,2694722884,ricker,WGN,-1,1000,1,1000,219,219.0,AIC_prepeak_clean,Table_1\results_aic\raw_aic_results.csv
200_-8.0_136,200,-8.0,136,1856514422,ricker,WGN,-1,1000,1,1000,219,219.0,AIC_prepeak_clean,Table_1\results_aic\raw_aic_results.csv
200_-8.0_137,200,-8.0,137,2100522867,ricker,WGN,-1,1000,1,1000,219,219.0,AIC_prepeak_clean,Table_1\results_aic\raw_aic_results.csv
200_-8.0_138,200,-8.0,138,2650591801,ricker,WGN,-1,1000,1,1000,219,219.0,AIC_prepeak_clean,Table_1\results_aic\raw_aic_results.csv
200_-8.0_139,200,-8.0,139,2769110628,ricker,WGN,-1,1000,1,1000,219,219.0,AIC_prepeak_clean,Table_1\results_aic\raw_aic_results.csv
200_-8.0_140,200,-8.0,140,274692127,ricker,WGN,-1,1000,1,1000,219,219.0,AIC_prepeak_clean,Table_1\results_aic\raw_aic_results.csv
200_-8.0_141,200,-8.0,141,1737300859,ricker,WGN,-1,1000,1,1000,219,219.0,AIC_prepeak_clean,Table_1\results_aic\raw_aic_results.csv
200_-8.0_142,200,-8.0,142,1215831420,ricker,WGN,-1,1000,1,1000,219,219.0,AIC_prepeak_clean,Table_1\results_aic\raw_aic_results.csv
200_-8.0_143,200,-8.0,143,853585962,ricker,WGN,-1,1000,1,1000,219,219.0,AIC_prepeak_clean,Table_1\results_aic\raw_aic_results.csv
200_-8.0_144,200,-8.0,144,2935688692,ricker,WGN,-1,1000,1,1000,219,219.0,AIC_prepeak_clean,Table_1\results_aic\raw_aic_results.csv
200_-8.0_145,200,-8.0,145,1991666993,ricker,WGN,-1,1000,1,1000,219,219.0,AIC_prepeak_clean,Table_1\results_aic\raw_aic_results.csv
200_-8.0_146,200,-8.0,146,951216132,ricker,WGN,-1,1000,1,1000,219,219.0,AIC_prepeak_clean,Table_1\results_aic\raw_aic_results.csv
200_-8.0_147,200,-8.0,147,4200440296,ricker,WGN,-1,1000,1,1000,219,219.0,AIC_prepeak_clean,Table_1\results_aic\raw_aic_results.csv
200_-8.0_148,200,-8.0,148,4069602712,ricker,WGN,-1,1000,1,1000,219,219.0,AIC_prepeak_clean,Table_1\results_aic\raw_aic_results.csv
200_-8.0_149,200,-8.0,149,3303039034,ricker,WGN,-1,1000,1,1000,219,219.0,AIC_prepeak_clean,Table_1\results_aic\raw_aic_results.csv
200_-8.0_150,200,-8.0,150,4098643523,ricker,WGN,-1,1000,1,1000,219,219.0,AIC_prepeak_clean,Table_1\results_aic\raw_aic_results.csv
200_-8.0_151,200,-8.0,151,1267692718,ricker,WGN,-1,1000,1,1000,219,219.0,AIC_prepeak_clean,Table_1\results_aic\raw_aic_results.csv
200_-8.0_152,200,-8.0,152,1982476651,ricker,WGN,-1,1000,1,1000,219,219.0,AIC_prepeak_clean,Table_1\results_aic\raw_aic_results.csv
200_-8.0_153,200,-8.0,153,2434597051,ricker,WGN,-1,1000,1,1000,219,219.0,AIC_prepeak_clean,Table_1\results_aic\raw_aic_results.csv
200_-8.0_154,200,-8.0,154,3659238360,ricker,WGN,-1,1000,1,1000,219,219.0,AIC_prepeak_clean,Table_1\results_aic\raw_aic_results.csv
200_-8.0_155,200,-8.0,155,1454225612,ricker,WGN,-1,1000,1,1000,219,219.0,AIC_prepeak_clean,Table_1\results_aic\raw_aic_results.csv
200_-8.0_156,200,-8.0,156,246495771,ricker,WGN,-1,1000,1,1000,219,219.0,AIC_prepeak_clean,Table_1\results_aic\raw_aic_results.csv
200_-8.0_157,200,-8.0,157,2305355718,ricker,WGN,-1,1000,1,1000,219,219.0,AIC_prepeak_clean,Table_1\results_aic\raw_aic_results.csv
200_-8.0_158,200,-8.0,158,2920969733,ricker,WGN,-1,1000,1,1000,219,219.0,AIC_prepeak_clean,Table_1\results_aic\raw_aic_results.csv
200_-8.0_159,200,-8.0,159,341082012,ricker,WGN,-1,1000,1,1000,219,219.0,AIC_prepeak_clean,Table_1\results_aic\raw_aic_results.csv
200_-8.0_160,200,-8.0,160,3884202339,ricker,WGN,-1,1000,1,1000,219,219.0,AIC_prepeak_clean,Table_1\results_aic\raw_aic_results.csv
200_-8.0_161,200,-8.0,161,1054447352,ricker,WGN,-1,1000,1,1000,219,219.0,AIC_prepeak_clean,Table_1\results_aic\raw_aic_results.csv
200_-8.0_162,200,-8.0,162,3187707218,ricker,WGN,-1,1000,1,1000,219,219.0,AIC_prepeak_clean,Table_1\results_aic\raw_aic_results.csv
200_-8.0_163,200,-8.0,163,4239766556,ricker,WGN,-1,1000,1,1000,219,219.0,AIC_prepeak_clean,Table_1\results_aic\raw_aic_results.csv
200_-8.0_164,200,-8.0,164,4252295491,ricker,WGN,-1,1000,1,1000,219,219.0,AIC_prepeak_clean,Table_1\results_aic\raw_aic_results.csv
200_-8.0_165,200,-8.0,165,3557171425,ricker,WGN,-1,1000,1,1000,219,219.0,AIC_prepeak_clean,Table_1\results_aic\raw_aic_results.csv
200_-8.0_166,200,-8.0,166,2260929798,ricker,WGN,-1,1000,1,1000,219,219.0,AIC_prepeak_clean,Table_1\results_aic\raw_aic_results.csv
200_-8.0_167,200,-8.0,167,2083039161,ricker,WGN,-1,1000,1,1000,219,219.0,AIC_prepeak_clean,Table_1\results_aic\raw_aic_results.csv
200_-8.0_168,200,-8.0,168,3281992750,ricker,WGN,-1,1000,1,1000,219,219.0,AIC_prepeak_clean,Table_1\results_aic\raw_aic_results.csv
200_-8.0_169,200,-8.0,169,1904441571,ricker,WGN,-1,1000,1,1000,219,219.0,AIC_prepeak_clean,Table_1\results_aic\raw_aic_results.csv
200_-8.0_170,200,-8.0,170,878254135,ricker,WGN,-1,1000,1,1000,219,219.0,AIC_prepeak_clean,Table_1\results_aic\raw_aic_results.csv
200_-8.0_171,200,-8.0,171,474860510,ricker,WGN,-1,1000,1,1000,219,219.0,AIC_prepeak_clean,Table_1\results_aic\raw_aic_results.csv
200_-8.0_172,200,-8.0,172,1851629582,ricker,WGN,-1,1000,1,1000,219,219.0,AIC_prepeak_clean,Table_1\results_aic\raw_aic_results.csv
200_-8.0_173,200,-8.0,173,941820953,ricker,WGN,-1,1000,1,1000,219,219.0,AIC_prepeak_clean,Table_1\results_aic\raw_aic_results.csv
200_-8.0_174,200,-8.0,174,3423779480,ricker,WGN,-1,1000,1,1000,219,219.0,AIC_prepeak_clean,Table_1\results_aic\raw_aic_results.csv
200_-8.0_175,200,-8.0,175,1037717082,ricker,WGN,-1,1000,1,1000,219,219.0,AIC_prepeak_clean,Table_1\results_aic\raw_aic_results.csv
200_-8.0_176,200,-8.0,176,2040383093,ricker,WGN,-1,1000,1,1000,219,219.0,AIC_prepeak_clean,Table_1\results_aic\raw_aic_results.csv
200_-8.0_177,200,-8.0,177,1004619066,ricker,WGN,-1,1000,1,1000,219,219.0,AIC_prepeak_clean,Table_1\results_aic\raw_aic_results.csv
200_-8.0_178,200,-8.0,178,676464155,ricker,WGN,-1,1000,1,1000,219,219.0,AIC_prepeak_clean,Table_1\results_aic\raw_aic_results.csv
200_-8.0_179,200,-8.0,179,1985466668,ricker,WGN,-1,1000,1,1000,219,219.0,AIC_prepeak_clean,Table_1\results_aic\raw_aic_results.csv
200_-8.0_180,200,-8.0,180,380998801,ricker,WGN,-1,1000,1,1000,219,219.0,AIC_prepeak_clean,Table_1\results_aic\raw_aic_results.csv
200_-8.0_181,200,-8.0,181,3601280526,ricker,WGN,-1,1000,1,1000,219,219.0,AIC_prepeak_clean,Table_1\results_aic\raw_aic_results.csv
200_-8.0_182,200,-8.0,182,3352355234,ricker,WGN,-1,1000,1,1000,219,219.0,AIC_prepeak_clean,Table_1\results_aic\raw_aic_results.csv
200_-8.0_183,200,-8.0,183,3156529409,ricker,WGN,-1,1000,1,1000,219,219.0,AIC_prepeak_clean,Table_1\results_aic\raw_aic_results.csv
200_-8.0_184,200,-8.0,184,3899867711,ricker,WGN,-1,1000,1,1000,219,219.0,AIC_prepeak_clean,Table_1\results_aic\raw_aic_results.csv
200_-8.0_185,200,-8.0,185,536064959,ricker,WGN,-1,1000,1,1000,219,219.0,AIC_prepeak_clean,Table_1\results_aic\raw_aic_results.csv
200_-8.0_186,200,-8.0,186,3777189934,ricker,WGN,-1,1000,1,1000,219,219.0,AIC_prepeak_clean,Table_1\results_aic\raw_aic_results.csv
200_-8.0_187,200,-8.0,187,361198283,ricker,WGN,-1,1000,1,1000,219,219.0,AIC_prepeak_clean,Table_1\results_aic\raw_aic_results.csv
200_-8.0_188,200,-8.0,188,1229353606,ricker,WGN,-1,1000,1,1000,219,219.0,AIC_prepeak_clean,Table_1\results_aic\raw_aic_results.csv
200_-8.0_189,200,-8.0,189,2378133712,ricker,WGN,-1,1000,1,1000,219,219.0,AIC_prepeak_clean,Table_1\results_aic\raw_aic_results.csv
200_-8.0_190,200,-8.0,190,3971974667,ricker,WGN,-1,1000,1,1000,219,219.0,AIC_prepeak_clean,Table_1\results_aic\raw_aic_results.csv
200_-8.0_191,200,-8.0,191,3567455921,ricker,WGN,-1,1000,1,1000,219,219.0,AIC_prepeak_clean,Table_1\results_aic\raw_aic_results.csv
200_-8.0_192,200,-8.0,192,2883081776,ricker,WGN,-1,1000,1,1000,219,219.0,AIC_prepeak_clean,Table_1\results_aic\raw_aic_results.csv
200_-8.0_193,200,-8.0,193,2729561537,ricker,WGN,-1,1000,1,1000,219,219.0,AIC_prepeak_clean,Table_1\results_aic\raw_aic_results.csv
200_-8.0_194,200,-8.0,194,947410965,ricker,WGN,-1,1000,1,1000,219,219.0,AIC_prepeak_clean,Table_1\results_aic\raw_aic_results.csv
200_-8.0_195,200,-8.0,195,1693777841,ricker,WGN,-1,1000,1,1000,219,219.0,AIC_prepeak_clean,Table_1\results_aic\raw_aic_results.csv
200_-8.0_196,200,-8.0,196,2925813308,ricker,WGN,-1,1000,1,1000,219,219.0,AIC_prepeak_clean,Table_1\results_aic\raw_aic_results.csv
200_-8.0_197,200,-8.0,197,1781772616,ricker,WGN,-1,1000,1,1000,219,219.0,AIC_prepeak_clean,Table_1\results_aic\raw_aic_results.csv
200_-8.0_198,200,-8.0,198,132443226,ricker,WGN,-1,1000,1,1000,219,219.0,AIC_prepeak_clean,Table_1\results_aic\raw_aic_results.csv
200_-8.0_199,200,-8.0,199,4135361660,ricker,WGN,-1,1000,1,1000,219,219.0,AIC_prepeak_clean,Table_1\results_aic\raw_aic_results.csv
200_-6.0_0,200,-6.0,0,3455936995,ricker,WGN,-1,1000,1,1000,219,219.0,AIC_prepeak_clean,Table_1\results_aic\raw_aic_results.csv
200_-6.0_1,200,-6.0,1,1251360137,ricker,WGN,-1,1000,1,1000,219,219.0,AIC_prepeak_clean,Table_1\results_aic\raw_aic_results.csv
200_-6.0_2,200,-6.0,2,2947173064,ricker,WGN,-1,1000,1,1000,219,219.0,AIC_prepeak_clean,Table_1\results_aic\raw_aic_results.csv
200_-6.0_3,200,-6.0,3,444712359,ricker,WGN,-1,1000,1,1000,219,219.0,AIC_prepeak_clean,Table_1\results_aic\raw_aic_results.csv
200_-6.0_4,200,-6.0,4,2705780503,ricker,WGN,-1,1000,1,1000,219,219.0,AIC_prepeak_clean,Table_1\results_aic\raw_aic_results.csv
200_-6.0_5,200,-6.0,5,980755022,ricker,WGN,-1,1000,1,1000,219,219.0,AIC_prepeak_clean,Table_1\results_aic\raw_aic_results.csv
200_-6.0_6,200,-6.0,6,2490808210,ricker,WGN,-1,1000,1,1000,219,219.0,AIC_prepeak_clean,Table_1\results_aic\raw_aic_results.csv
200_-6.0_7,200,-6.0,7,1632344492,ricker,WGN,-1,1000,1,1000,219,219.0,AIC_prepeak_clean,Table_1\results_aic\raw_aic_results.csv
200_-6.0_8,200,-6.0,8,2591404539,ricker,WGN,-1,1000,1,1000,219,219.0,AIC_prepeak_clean,Table_1\results_aic\raw_aic_results.csv
200_-6.0_9,200,-6.0,9,1472523328,ricker,WGN,-1,1000,1,1000,219,219.0,AIC_prepeak_clean,Table_1\results_aic\raw_aic_results.csv
200_-6.0_10,200,-6.0,10,1958356144,ricker,WGN,-1,1000,1,1000,219,219.0,AIC_prepeak_clean,Table_1\results_aic\raw_aic_results.csv
200_-6.0_11,200,-6.0,11,1059985026,ricker,WGN,-1,1000,1,1000,219,219.0,AIC_prepeak_clean,Table_1\results_aic\raw_aic_results.csv
200_-6.0_12,200,-6.0,12,3419529231,ricker,WGN,-1,1000,1,1000,219,219.0,AIC_prepeak_clean,Table_1\results_aic\raw_aic_results.csv
200_-6.0_13,200,-6.0,13,2547353174,ricker,WGN,-1,1000,1,1000,219,219.0,AIC_prepeak_clean,Table_1\results_aic\raw_aic_results.csv
200_-6.0_14,200,-6.0,14,3452239828,ricker,WGN,-1,1000,1,1000,219,219.0,AIC_prepeak_clean,Table_1\results_aic\raw_aic_results.csv
200_-6.0_15,200,-6.0,15,3663860835,ricker,WGN,-1,1000,1,1000,219,219.0,AIC_prepeak_clean,Table_1\results_aic\raw_aic_results.csv
200_-6.0_16,200,-6.0,16,3050624536,ricker,WGN,-1,1000,1,1000,219,219.0,AIC_prepeak_clean,Table_1\results_aic\raw_aic_results.csv
200_-6.0_17,200,-6.0,17,2654462158,ricker,WGN,-1,1000,1,1000,219,219.0,AIC_prepeak_clean,Table_1\results_aic\raw_aic_results.csv
200_-6.0_18,200,-6.0,18,2104528682,ricker,WGN,-1,1000,1,1000,219,219.0,AIC_prepeak_clean,Table_1\results_aic\raw_aic_results.csv
200_-6.0_19,200,-6.0,19,1526086319,ricker,WGN,-1,1000,1,1000,219,219.0,AIC_prepeak_clean,Table_1\results_aic\raw_aic_results.csv
200_-6.0_20,200,-6.0,20,267978323,ricker,WGN,-1,1000,1,1000,219,219.0,AIC_prepeak_clean,Table_1\results_aic\raw_aic_results.csv
200_-6.0_21,200,-6.0,21,663272362,ricker,WGN,-1,1000,1,1000,219,219.0,AIC_prepeak_clean,Table_1\results_aic\raw_aic_results.csv
200_-6.0_22,200,-6.0,22,3605071369,ricker,WGN,-1,1000,1,1000,219,219.0,AIC_prepeak_clean,Table_1\results_aic\raw_aic_results.csv
200_-6.0_23,200,-6.0,23,1492047098,ricker,WGN,-1,1000,1,1000,219,219.0,AIC_prepeak_clean,Table_1\results_aic\raw_aic_results.csv
200_-6.0_24,200,-6.0,24,3770720225,ricker,WGN,-1,1000,1,1000,219,219.0,AIC_prepeak_clean,Table_1\results_aic\raw_aic_results.csv
200_-6.0_25,200,-6.0,25,1284887915,ricker,WGN,-1,1000,1,1000,219,219.0,AIC_prepeak_clean,Table_1\results_aic\raw_aic_results.csv
200_-6.0_26,200,-6.0,26,1162817491,ricker,WGN,-1,1000,1,1000,219,219.0,AIC_prepeak_clean,Table_1\results_aic\raw_aic_results.csv
200_-6.0_27,200,-6.0,27,1330248618,ricker,WGN,-1,1000,1,1000,219,219.0,AIC_prepeak_clean,Table_1\results_aic\raw_aic_results.csv
200_-6.0_28,200,-6.0,28,418233877,ricker,WGN,-1,1000,1,1000,219,219.0,AIC_prepeak_clean,Table_1\results_aic\raw_aic_results.csv
200_-6.0_29,200,-6.0,29,2229845891,ricker,WGN,-1,1000,1,1000,219,219.0,AIC_prepeak_clean,Table_1\results_aic\raw_aic_results.csv
200_-6.0_30,200,-6.0,30,4150206635,ricker,WGN,-1,1000,1,1000,219,219.0,AIC_prepeak_clean,Table_1\results_aic\raw_aic_results.csv
200_-6.0_31,200,-6.0,31,4154402480,ricker,WGN,-1,1000,1,1000,219,219.0,AIC_prepeak_clean,Table_1\results_aic\raw_aic_results.csv
200_-6.0_32,200,-6.0,32,2365666551,ricker,WGN,-1,1000,1,1000,219,219.0,AIC_prepeak_clean,Table_1\results_aic\raw_aic_results.csv
200_-6.0_33,200,-6.0,33,1010546709,ricker,WGN,-1,1000,1,1000,219,219.0,AIC_prepeak_clean,Table_1\results_aic\raw_aic_results.csv
200_-6.0_34,200,-6.0,34,3207066871,ricker,WGN,-1,1000,1,1000,219,219.0,AIC_prepeak_clean,Table_1\results_aic\raw_aic_results.csv
200_-6.0_35,200,-6.0,35,2405649687,ricker,WGN,-1,1000,1,1000,219,219.0,AIC_prepeak_clean,Table_1\results_aic\raw_aic_results.csv
200_-6.0_36,200,-6.0,36,1093773922,ricker,WGN,-1,1000,1,1000,219,219.0,AIC_prepeak_clean,Table_1\results_aic\raw_aic_results.csv
200_-6.0_37,200,-6.0,37,3251339056,ricker,WGN,-1,1000,1,1000,219,219.0,AIC_prepeak_clean,Table_1\results_aic\raw_aic_results.csv
200_-6.0_38,200,-6.0,38,2832163266,ricker,WGN,-1,1000,1,1000,219,219.0,AIC_prepeak_clean,Table_1\results_aic\raw_aic_results.csv
200_-6.0_39,200,-6.0,39,453866704,ricker,WGN,-1,1000,1,1000,219,219.0,AIC_prepeak_clean,Table_1\results_aic\raw_aic_results.csv
200_-6.0_40,200,-6.0,40,3100408437,ricker,WGN,-1,1000,1,1000,219,219.0,AIC_prepeak_clean,Table_1\results_aic\raw_aic_results.csv
200_-6.0_41,200,-6.0,41,1474986241,ricker,WGN,-1,1000,1,1000,219,219.0,AIC_prepeak_clean,Table_1\results_aic\raw_aic_results.csv
200_-6.0_42,200,-6.0,42,3462877763,ricker,WGN,-1,1000,1,1000,219,219.0,AIC_prepeak_clean,Table_1\results_aic\raw_aic_results.csv
200_-6.0_43,200,-6.0,43,2687814987,ricker,WGN,-1,1000,1,1000,219,219.0,AIC_prepeak_clean,Table_1\results_aic\raw_aic_results.csv
200_-6.0_44,200,-6.0,44,3449858072,ricker,WGN,-1,1000,1,1000,219,219.0,AIC_prepeak_clean,Table_1\results_aic\raw_aic_results.csv
200_-6.0_45,200,-6.0,45,2209097072,ricker,WGN,-1,1000,1,1000,219,219.0,AIC_prepeak_clean,Table_1\results_aic\raw_aic_results.csv
200_-6.0_46,200,-6.0,46,3943251479,ricker,WGN,-1,1000,1,1000,219,219.0,AIC_prepeak_clean,Table_1\results_aic\raw_aic_results.csv
200_-6.0_47,200,-6.0,47,3783294228,ricker,WGN,-1,1000,1,1000,219,219.0,AIC_prepeak_clean,Table_1\results_aic\raw_aic_results.csv
200_-6.0_48,200,-6.0,48,4062590472,ricker,WGN,-1,1000,1,1000,219,219.0,AIC_prepeak_clean,Table_1\results_aic\raw_aic_results.csv
200_-6.0_49,200,-6.0,49,3410206299,ricker,WGN,-1,1000,1,1000,219,219.0,AIC_prepeak_clean,Table_1\results_aic\raw_aic_results.csv
200_-6.0_50,200,-6.0,50,4147140858,ricker,WGN,-1,1000,1,1000,219,219.0,AIC_prepeak_clean,Table_1\results_aic\raw_aic_results.csv
200_-6.0_51,200,-6.0,51,3794277993,ricker,WGN,-1,1000,1,1000,219,219.0,AIC_prepeak_clean,Table_1\results_aic\raw_aic_results.csv
200_-6.0_52,200,-6.0,52,2275079092,ricker,WGN,-1,1000,1,1000,219,219.0,AIC_prepeak_clean,Table_1\results_aic\raw_aic_results.csv
200_-6.0_53,200,-6.0,53,3476232375,ricker,WGN,-1,1000,1,1000,219,219.0,AIC_prepeak_clean,Table_1\results_aic\raw_aic_results.csv
200_-6.0_54,200,-6.0,54,275028769,ricker,WGN,-1,1000,1,1000,219,219.0,AIC_prepeak_clean,Table_1\results_aic\raw_aic_results.csv
200_-6.0_55,200,-6.0,55,4242205294,ricker,WGN,-1,1000,1,1000,219,219.0,AIC_prepeak_clean,Table_1\results_aic\raw_aic_results.csv
200_-6.0_56,200,-6.0,56,3291666373,ricker,WGN,-1,1000,1,1000,219,219.0,AIC_prepeak_clean,Table_1\results_aic\raw_aic_results.csv
200_-6.0_57,200,-6.0,57,3491947292,ricker,WGN,-1,1000,1,1000,219,219.0,AIC_prepeak_clean,Table_1\results_aic\raw_aic_results.csv
200_-6.0_58,200,-6.0,58,1381516841,ricker,WGN,-1,1000,1,1000,219,219.0,AIC_prepeak_clean,Table_1\results_aic\raw_aic_results.csv
200_-6.0_59,200,-6.0,59,1934592435,ricker,WGN,-1,1000,1,1000,219,219.0,AIC_prepeak_clean,Table_1\results_aic\raw_aic_results.csv
200_-6.0_60,200,-6.0,60,3685124271,ricker,WGN,-1,1000,1,1000,219,219.0,AIC_prepeak_clean,Table_1\results_aic\raw_aic_results.csv
200_-6.0_61,200,-6.0,61,3564523589,ricker,WGN,-1,1000,1,1000,219,219.0,AIC_prepeak_clean,Table_1\results_aic\raw_aic_results.csv
200_-6.0_62,200,-6.0,62,1634156508,ricker,WGN,-1,1000,1,1000,219,219.0,AIC_prepeak_clean,Table_1\results_aic\raw_aic_results.csv
200_-6.0_63,200,-6.0,63,511650887,ricker,WGN,-1,1000,1,1000,219,219.0,AIC_prepeak_clean,Table_1\results_aic\raw_aic_results.csv
200_-6.0_64,200,-6.0,64,1593911955,ricker,WGN,-1,1000,1,1000,219,219.0,AIC_prepeak_clean,Table_1\results_aic\raw_aic_results.csv
200_-6.0_65,200,-6.0,65,1347714456,ricker,WGN,-1,1000,1,1000,219,219.0,AIC_prepeak_clean,Table_1\results_aic\raw_aic_results.csv
200_-6.0_66,200,-6.0,66,1442045974,ricker,WGN,-1,1000,1,1000,219,219.0,AIC_prepeak_clean,Table_1\results_aic\raw_aic_results.csv
200_-6.0_67,200,-6.0,67,3549684071,ricker,WGN,-1,1000,1,1000,219,219.0,AIC_prepeak_clean,Table_1\results_aic\raw_aic_results.csv
200_-6.0_68,200,-6.0,68,635784060,ricker,WGN,-1,1000,1,1000,219,219.0,AIC_prepeak_clean,Table_1\results_aic\raw_aic_results.csv
200_-6.0_69,200,-6.0,69,2234229562,ricker,WGN,-1,1000,1,1000,219,219.0,AIC_prepeak_clean,Table_1\results_aic\raw_aic_results.csv
200_-6.0_70,200,-6.0,70,1101456616,ricker,WGN,-1,1000,1,1000,219,219.0,AIC_prepeak_clean,Table_1\results_aic\raw_aic_results.csv
200_-6.0_71,200,-6.0,71,3754743035,ricker,WGN,-1,1000,1,1000,219,219.0,AIC_prepeak_clean,Table_1\results_aic\raw_aic_results.csv
200_-6.0_72,200,-6.0,72,2437690485,ricker,WGN,-1,1000,1,1000,219,219.0,AIC_prepeak_clean,Table_1\results_aic\raw_aic_results.csv
200_-6.0_73,200,-6.0,73,3070293988,ricker,WGN,-1,1000,1,1000,219,219.0,AIC_prepeak_clean,Table_1\results_aic\raw_aic_results.csv
200_-6.0_74,200,-6.0,74,373697113,ricker,WGN,-1,1000,1,1000,219,219.0,AIC_prepeak_clean,Table_1\results_aic\raw_aic_results.csv
200_-6.0_75,200,-6.0,75,3823037191,ricker,WGN,-1,1000,1,1000,219,219.0,AIC_prepeak_clean,Table_1\results_aic\raw_aic_results.csv
200_-6.0_76,200,-6.0,76,3234258298,ricker,WGN,-1,1000,1,1000,219,219.0,AIC_prepeak_clean,Table_1\results_aic\raw_aic_results.csv
200_-6.0_77,200,-6.0,77,3277869426,ricker,WGN,-1,1000,1,1000,219,219.0,AIC_prepeak_clean,Table_1\results_aic\raw_aic_results.csv
200_-6.0_78,200,-6.0,78,1426013649,ricker,WGN,-1,1000,1,1000,219,219.0,AIC_prepeak_clean,Table_1\results_aic\raw_aic_results.csv
200_-6.0_79,200,-6.0,79,3816734917,ricker,WGN,-1,1000,1,1000,219,219.0,AIC_prepeak_clean,Table_1\results_aic\raw_aic_results.csv
200_-6.0_80,200,-6.0,80,1041366285,ricker,WGN,-1,1000,1,1000,219,219.0,AIC_prepeak_clean,Table_1\results_aic\raw_aic_results.csv
200_-6.0_81,200,-6.0,81,1148841464,ricker,WGN,-1,1000,1,1000,219,219.0,AIC_prepeak_clean,Table_1\results_aic\raw_aic_results.csv
200_-6.0_82,200,-6.0,82,2642587920,ricker,WGN,-1,1000,1,1000,219,219.0,AIC_prepeak_clean,Table_1\results_aic\raw_aic_results.csv
200_-6.0_83,200,-6.0,83,2623312764,ricker,WGN,-1,1000,1,1000,219,219.0,AIC_prepeak_clean,Table_1\results_aic\raw_aic_results.csv
200_-6.0_84,200,-6.0,84,3767385400,ricker,WGN,-1,1000,1,1000,219,219.0,AIC_prepeak_clean,Table_1\results_aic\raw_aic_results.csv
200_-6.0_85,200,-6.0,85,1301239893,ricker,WGN,-1,1000,1,1000,219,219.0,AIC_prepeak_clean,Table_1\results_aic\raw_aic_results.csv
200_-6.0_86,200,-6.0,86,3762747225,ricker,WGN,-1,1000,1,1000,219,219.0,AIC_prepeak_clean,Table_1\results_aic\raw_aic_results.csv
200_-6.0_87,200,-6.0,87,197441921,ricker,WGN,-1,1000,1,1000,219,219.0,AIC_prepeak_clean,Table_1\results_aic\raw_aic_results.csv
200_-6.0_88,200,-6.0,88,2326478508,ricker,WGN,-1,1000,1,1000,219,219.0,AIC_prepeak_clean,Table_1\results_aic\raw_aic_results.csv
200_-6.0_89,200,-6.0,89,2835426204,ricker,WGN,-1,1000,1,1000,219,219.0,AIC_prepeak_clean,Table_1\results_aic\raw_aic_results.csv
200_-6.0_90,200,-6.0,90,2456375792,ricker,WGN,-1,1000,1,1000,219,219.0,AIC_prepeak_clean,Table_1\results_aic\raw_aic_results.csv
200_-6.0_91,200,-6.0,91,341441930,ricker,WGN,-1,1000,1,1000,219,219.0,AIC_prepeak_clean,Table_1\results_aic\raw_aic_results.csv
200_-6.0_92,200,-6.0,92,2779168188,ricker,WGN,-1,1000,1,1000,219,219.0,AIC_prepeak_clean,Table_1\results_aic\raw_aic_results.csv
200_-6.0_93,200,-6.0,93,194137221,ricker,WGN,-1,1000,1,1000,219,219.0,AIC_prepeak_clean,Table_1\results_aic\raw_aic_results.csv
200_-6.0_94,200,-6.0,94,3642007947,ricker,WGN,-1,1000,1,1000,219,219.0,AIC_prepeak_clean,Table_1\results_aic\raw_aic_results.csv
200_-6.0_95,200,-6.0,95,2784912522,ricker,WGN,-1,1000,1,1000,219,219.0,AIC_prepeak_clean,Table_1\results_aic\raw_aic_results.csv
200_-6.0_96,200,-6.0,96,457026707,ricker,WGN,-1,1000,1,1000,219,219.0,AIC_prepeak_clean,Table_1\results_aic\raw_aic_results.csv
200_-6.0_97,200,-6.0,97,3582824493,ricker,WGN,-1,1000,1,1000,219,219.0,AIC_prepeak_clean,Table_1\results_aic\raw_aic_results.csv
200_-6.0_98,200,-6.0,98,2292012800,ricker,WGN,-1,1000,1,1000,219,219.0,AIC_prepeak_clean,Table_1\results_aic\raw_aic_results.csv
200_-6.0_99,200,-6.0,99,3022161696,ricker,WGN,-1,1000,1,1000,219,219.0,AIC_prepeak_clean,Table_1\results_aic\raw_aic_results.csv
200_-6.0_100,200,-6.0,100,4224152857,ricker,WGN,-1,1000,1,1000,219,219.0,AIC_prepeak_clean,Table_1\results_aic\raw_aic_results.csv
200_-6.0_101,200,-6.0,101,2772555047,ricker,WGN,-1,1000,1,1000,219,219.0,AIC_prepeak_clean,Table_1\results_aic\raw_aic_results.csv
200_-6.0_102,200,-6.0,102,3257586231,ricker,WGN,-1,1000,1,1000,219,219.0,AIC_prepeak_clean,Table_1\results_aic\raw_aic_results.csv
200_-6.0_103,200,-6.0,103,614770266,ricker,WGN,-1,1000,1,1000,219,219.0,AIC_prepeak_clean,Table_1\results_aic\raw_aic_results.csv
200_-6.0_104,200,-6.0,104,4280509883,ricker,WGN,-1,1000,1,1000,219,219.0,AIC_prepeak_clean,Table_1\results_aic\raw_aic_results.csv
200_-6.0_105,200,-6.0,105,2598430951,ricker,WGN,-1,1000,1,1000,219,219.0,AIC_prepeak_clean,Table_1\results_aic\raw_aic_results.csv
200_-6.0_106,200,-6.0,106,563872322,ricker,WGN,-1,1000,1,1000,219,219.0,AIC_prepeak_clean,Table_1\results_aic\raw_aic_results.csv
200_-6.0_107,200,-6.0,107,267546168,ricker,WGN,-1,1000,1,1000,219,219.0,AIC_prepeak_clean,Table_1\results_aic\raw_aic_results.csv
200_-6.0_108,200,-6.0,108,1082863054,ricker,WGN,-1,1000,1,1000,219,219.0,AIC_prepeak_clean,Table_1\results_aic\raw_aic_results.csv
200_-6.0_109,200,-6.0,109,2410329654,ricker,WGN,-1,1000,1,1000,219,219.0,AIC_prepeak_clean,Table_1\results_aic\raw_aic_results.csv
200_-6.0_110,200,-6.0,110,2496462492,ricker,WGN,-1,1000,1,1000,219,219.0,AIC_prepeak_clean,Table_1\results_aic\raw_aic_results.csv
200_-6.0_111,200,-6.0,111,3858866186,ricker,WGN,-1,1000,1,1000,219,219.0,AIC_prepeak_clean,Table_1\results_aic\raw_aic_results.csv
200_-6.0_112,200,-6.0,112,1959479488,ricker,WGN,-1,1000,1,1000,219,219.0,AIC_prepeak_clean,Table_1\results_aic\raw_aic_results.csv
200_-6.0_113,200,-6.0,113,3728041437,ricker,WGN,-1,1000,1,1000,219,219.0,AIC_prepeak_clean,Table_1\results_aic\raw_aic_results.csv
200_-6.0_114,200,-6.0,114,4202565733,ricker,WGN,-1,1000,1,1000,219,219.0,AIC_prepeak_clean,Table_1\results_aic\raw_aic_results.csv
200_-6.0_115,200,-6.0,115,4028660072,ricker,WGN,-1,1000,1,1000,219,219.0,AIC_prepeak_clean,Table_1\results_aic\raw_aic_results.csv
200_-6.0_116,200,-6.0,116,964559182,ricker,WGN,-1,1000,1,1000,219,219.0,AIC_prepeak_clean,Table_1\results_aic\raw_aic_results.csv
200_-6.0_117,200,-6.0,117,3734932799,ricker,WGN,-1,1000,1,1000,219,219.0,AIC_prepeak_clean,Table_1\results_aic\raw_aic_results.csv
200_-6.0_118,200,-6.0,118,1201480362,ricker,WGN,-1,1000,1,1000,219,219.0,AIC_prepeak_clean,Table_1\results_aic\raw_aic_results.csv
200_-6.0_119,200,-6.0,119,1674885835,ricker,WGN,-1,1000,1,1000,219,219.0,AIC_prepeak_clean,Table_1\results_aic\raw_aic_results.csv
200_-6.0_120,200,-6.0,120,950888901,ricker,WGN,-1,1000,1,1000,219,219.0,AIC_prepeak_clean,Table_1\results_aic\raw_aic_results.csv
200_-6.0_121,200,-6.0,121,1545777245,ricker,WGN,-1,1000,1,1000,219,219.0,AIC_prepeak_clean,Table_1\results_aic\raw_aic_results.csv
200_-6.0_122,200,-6.0,122,3004310701,ricker,WGN,-1,1000,1,1000,219,219.0,AIC_prepeak_clean,Table_1\results_aic\raw_aic_results.csv
200_-6.0_123,200,-6.0,123,2430320955,ricker,WGN,-1,1000,1,1000,219,219.0,AIC_prepeak_clean,Table_1\results_aic\raw_aic_results.csv
200_-6.0_124,200,-6.0,124,1224186141,ricker,WGN,-1,1000,1,1000,219,219.0,AIC_prepeak_clean,Table_1\results_aic\raw_aic_results.csv
200_-6.0_125,200,-6.0,125,3892730192,ricker,WGN,-1,1000,1,1000,219,219.0,AIC_prepeak_clean,Table_1\results_aic\raw_aic_results.csv
200_-6.0_126,200,-6.0,126,2799550477,ricker,WGN,-1,1000,1,1000,219,219.0,AIC_prepeak_clean,Table_1\results_aic\raw_aic_results.csv
200_-6.0_127,200,-6.0,127,3028447698,ricker,WGN,-1,1000,1,1000,219,219.0,AIC_prepeak_clean,Table_1\results_aic\raw_aic_results.csv
200_-6.0_128,200,-6.0,128,415517391,ricker,WGN,-1,1000,1,1000,219,219.0,AIC_prepeak_clean,Table_1\results_aic\raw_aic_results.csv
200_-6.0_129,200,-6.0,129,3445049655,ricker,WGN,-1,1000,1,1000,219,219.0,AIC_prepeak_clean,Table_1\results_aic\raw_aic_results.csv
200_-6.0_130,200,-6.0,130,4251325205,ricker,WGN,-1,1000,1,1000,219,219.0,AIC_prepeak_clean,Table_1\results_aic\raw_aic_results.csv
200_-6.0_131,200,-6.0,131,3558172504,ricker,WGN,-1,1000,1,1000,219,219.0,AIC_prepeak_clean,Table_1\results_aic\raw_aic_results.csv
200_-6.0_132,200,-6.0,132,983656392,ricker,WGN,-1,1000,1,1000,219,219.0,AIC_prepeak_clean,Table_1\results_aic\raw_aic_results.csv
200_-6.0_133,200,-6.0,133,580194984,ricker,WGN,-1,1000,1,1000,219,219.0,AIC_prepeak_clean,Table_1\results_aic\raw_aic_results.csv
200_-6.0_134,200,-6.0,134,4080241709,ricker,WGN,-1,1000,1,1000,219,219.0,AIC_prepeak_clean,Table_1\results_aic\raw_aic_results.csv
200_-6.0_135,200,-6.0,135,3572834116,ricker,WGN,-1,1000,1,1000,219,219.0,AIC_prepeak_clean,Table_1\results_aic\raw_aic_results.csv
200_-6.0_136,200,-6.0,136,2964581255,ricker,WGN,-1,1000,1,1000,219,219.0,AIC_prepeak_clean,Table_1\results_aic\raw_aic_results.csv
200_-6.0_137,200,-6.0,137,638635623,ricker,WGN,-1,1000,1,1000,219,219.0,AIC_prepeak_clean,Table_1\results_aic\raw_aic_results.csv
200_-6.0_138,200,-6.0,138,258266400,ricker,WGN,-1,1000,1,1000,219,219.0,AIC_prepeak_clean,Table_1\results_aic\raw_aic_results.csv
200_-6.0_139,200,-6.0,139,765320107,ricker,WGN,-1,1000,1,1000,219,219.0,AIC_prepeak_clean,Table_1\results_aic\raw_aic_results.csv
200_-6.0_140,200,-6.0,140,988524178,ricker,WGN,-1,1000,1,1000,219,219.0,AIC_prepeak_clean,Table_1\results_aic\raw_aic_results.csv
200_-6.0_141,200,-6.0,141,396769321,ricker,WGN,-1,1000,1,1000,219,219.0,AIC_prepeak_clean,Table_1\results_aic\raw_aic_results.csv
200_-6.0_142,200,-6.0,142,4201349815,ricker,WGN,-1,1000,1,1000,219,219.0,AIC_prepeak_clean,Table_1\results_aic\raw_aic_results.csv
200_-6.0_143,200,-6.0,143,3422552060,ricker,WGN,-1,1000,1,1000,219,219.0,AIC_prepeak_clean,Table_1\results_aic\raw_aic_results.csv
200_-6.0_144,200,-6.0,144,2780074428,ricker,WGN,-1,1000,1,1000,219,219.0,AIC_prepeak_clean,Table_1\results_aic\raw_aic_results.csv
200_-6.0_145,200,-6.0,145,2035591614,ricker,WGN,-1,1000,1,1000,219,219.0,AIC_prepeak_clean,Table_1\results_aic\raw_aic_results.csv
200_-6.0_146,200,-6.0,146,3733589724,ricker,WGN,-1,1000,1,1000,219,219.0,AIC_prepeak_clean,Table_1\results_aic\raw_aic_results.csv
200_-6.0_147,200,-6.0,147,3210909570,ricker,WGN,-1,1000,1,1000,219,219.0,AIC_prepeak_clean,Table_1\results_aic\raw_aic_results.csv
200_-6.0_148,200,-6.0,148,1225715681,ricker,WGN,-1,1000,1,1000,219,219.0,AIC_prepeak_clean,Table_1\results_aic\raw_aic_results.csv
200_-6.0_149,200,-6.0,149,3502292748,ricker,WGN,-1,1000,1,1000,219,219.0,AIC_prepeak_clean,Table_1\results_aic\raw_aic_results.csv
200_-6.0_150,200,-6.0,150,2301536717,ricker,WGN,-1,1000,1,1000,219,219.0,AIC_prepeak_clean,Table_1\results_aic\raw_aic_results.csv
200_-6.0_151,200,-6.0,151,1988522567,ricker,WGN,-1,1000,1,1000,219,219.0,AIC_prepeak_clean,Table_1\results_aic\raw_aic_results.csv
200_-6.0_152,200,-6.0,152,679659788,ricker,WGN,-1,1000,1,1000,219,219.0,AIC_prepeak_clean,Table_1\results_aic\raw_aic_results.csv
200_-6.0_153,200,-6.0,153,1464492568,ricker,WGN,-1,1000,1,1000,219,219.0,AIC_prepeak_clean,Table_1\results_aic\raw_aic_results.csv
200_-6.0_154,200,-6.0,154,371665458,ricker,WGN,-1,1000,1,1000,219,219.0,AIC_prepeak_clean,Table_1\results_aic\raw_aic_results.csv
200_-6.0_155,200,-6.0,155,3353237509,ricker,WGN,-1,1000,1,1000,219,219.0,AIC_prepeak_clean,Table_1\results_aic\raw_aic_results.csv
200_-6.0_156,200,-6.0,156,1252990476,ricker,WGN,-1,1000,1,1000,219,219.0,AIC_prepeak_clean,Table_1\results_aic\raw_aic_results.csv
200_-6.0_157,200,-6.0,157,3144458674,ricker,WGN,-1,1000,1,1000,219,219.0,AIC_prepeak_clean,Table_1\results_aic\raw_aic_results.csv
200_-6.0_158,200,-6.0,158,3720392138,ricker,WGN,-1,1000,1,1000,219,219.0,AIC_prepeak_clean,Table_1\results_aic\raw_aic_results.csv
200_-6.0_159,200,-6.0,159,3406446874,ricker,WGN,-1,1000,1,1000,219,219.0,AIC_prepeak_clean,Table_1\results_aic\raw_aic_results.csv
200_-6.0_160,200,-6.0,160,4252611529,ricker,WGN,-1,1000,1,1000,219,219.0,AIC_prepeak_clean,Table_1\results_aic\raw_aic_results.csv
200_-6.0_161,200,-6.0,161,997780041,ricker,WGN,-1,1000,1,1000,219,219.0,AIC_prepeak_clean,Table_1\results_aic\raw_aic_results.csv
200_-6.0_162,200,-6.0,162,1725741981,ricker,WGN,-1,1000,1,1000,219,219.0,AIC_prepeak_clean,Table_1\results_aic\raw_aic_results.csv
200_-6.0_163,200,-6.0,163,38202323,ricker,WGN,-1,1000,1,1000,219,219.0,AIC_prepeak_clean,Table_1\results_aic\raw_aic_results.csv
200_-6.0_164,200,-6.0,164,162104160,ricker,WGN,-1,1000,1,1000,219,219.0,AIC_prepeak_clean,Table_1\results_aic\raw_aic_results.csv
200_-6.0_165,200,-6.0,165,570438675,ricker,WGN,-1,1000,1,1000,219,219.0,AIC_prepeak_clean,Table_1\results_aic\raw_aic_results.csv
200_-6.0_166,200,-6.0,166,4212507495,ricker,WGN,-1,1000,1,1000,219,219.0,AIC_prepeak_clean,Table_1\results_aic\raw_aic_results.csv
200_-6.0_167,200,-6.0,167,4202313778,ricker,WGN,-1,1000,1,1000,219,219.0,AIC_prepeak_clean,Table_1\results_aic\raw_aic_results.csv
200_-6.0_168,200,-6.0,168,1759248100,ricker,WGN,-1,1000,1,1000,219,219.0,AIC_prepeak_clean,Table_1\results_aic\raw_aic_results.csv
200_-6.0_169,200,-6.0,169,2077017548,ricker,WGN,-1,1000,1,1000,219,219.0,AIC_prepeak_clean,Table_1\results_aic\raw_aic_results.csv
200_-6.0_170,200,-6.0,170,2878951344,ricker,WGN,-1,1000,1,1000,219,219.0,AIC_prepeak_clean,Table_1\results_aic\raw_aic_results.csv
200_-6.0_171,200,-6.0,171,2973527053,ricker,WGN,-1,1000,1,1000,219,219.0,AIC_prepeak_clean,Table_1\results_aic\raw_aic_results.csv
200_-6.0_172,200,-6.0,172,3195759244,ricker,WGN,-1,1000,1,1000,219,219.0,AIC_prepeak_clean,Table_1\results_aic\raw_aic_results.csv
200_-6.0_173,200,-6.0,173,1274042072,ricker,WGN,-1,1000,1,1000,219,219.0,AIC_prepeak_clean,Table_1\results_aic\raw_aic_results.csv
200_-6.0_174,200,-6.0,174,2156000876,ricker,WGN,-1,1000,1,1000,219,219.0,AIC_prepeak_clean,Table_1\results_aic\raw_aic_results.csv
200_-6.0_175,200,-6.0,175,4003671106,ricker,WGN,-1,1000,1,1000,219,219.0,AIC_prepeak_clean,Table_1\results_aic\raw_aic_results.csv
200_-6.0_176,200,-6.0,176,833736751,ricker,WGN,-1,1000,1,1000,219,219.0,AIC_prepeak_clean,Table_1\results_aic\raw_aic_results.csv
200_-6.0_177,200,-6.0,177,360109126,ricker,WGN,-1,1000,1,1000,219,219.0,AIC_prepeak_clean,Table_1\results_aic\raw_aic_results.csv
200_-6.0_178,200,-6.0,178,1708257635,ricker,WGN,-1,1000,1,1000,219,219.0,AIC_prepeak_clean,Table_1\results_aic\raw_aic_results.csv
200_-6.0_179,200,-6.0,179,928304979,ricker,WGN,-1,1000,1,1000,219,219.0,AIC_prepeak_clean,Table_1\results_aic\raw_aic_results.csv
200_-6.0_180,200,-6.0,180,3590710736,ricker,WGN,-1,1000,1,1000,219,219.0,AIC_prepeak_clean,Table_1\results_aic\raw_aic_results.csv
200_-6.0_181,200,-6.0,181,2365351338,ricker,WGN,-1,1000,1,1000,219,219.0,AIC_prepeak_clean,Table_1\results_aic\raw_aic_results.csv
200_-6.0_182,200,-6.0,182,3390431740,ricker,WGN,-1,1000,1,1000,219,219.0,AIC_prepeak_clean,Table_1\results_aic\raw_aic_results.csv
200_-6.0_183,200,-6.0,183,628542883,ricker,WGN,-1,1000,1,1000,219,219.0,AIC_prepeak_clean,Table_1\results_aic\raw_aic_results.csv
200_-6.0_184,200,-6.0,184,1030316673,ricker,WGN,-1,1000,1,1000,219,219.0,AIC_prepeak_clean,Table_1\results_aic\raw_aic_results.csv
200_-6.0_185,200,-6.0,185,611712923,ricker,WGN,-1,1000,1,1000,219,219.0,AIC_prepeak_clean,Table_1\results_aic\raw_aic_results.csv
200_-6.0_186,200,-6.0,186,1892431041,ricker,WGN,-1,1000,1,1000,219,219.0,AIC_prepeak_clean,Table_1\results_aic\raw_aic_results.csv
200_-6.0_187,200,-6.0,187,2173234716,ricker,WGN,-1,1000,1,1000,219,219.0,AIC_prepeak_clean,Table_1\results_aic\raw_aic_results.csv
200_-6.0_188,200,-6.0,188,287563777,ricker,WGN,-1,1000,1,1000,219,219.0,AIC_prepeak_clean,Table_1\results_aic\raw_aic_results.csv
200_-6.0_189,200,-6.0,189,425550110,ricker,WGN,-1,1000,1,1000,219,219.0,AIC_prepeak_clean,Table_1\results_aic\raw_aic_results.csv
200_-6.0_190,200,-6.0,190,2735553043,ricker,WGN,-1,1000,1,1000,219,219.0,AIC_prepeak_clean,Table_1\results_aic\raw_aic_results.csv
200_-6.0_191,200,-6.0,191,567409415,ricker,WGN,-1,1000,1,1000,219,219.0,AIC_prepeak_clean,Table_1\results_aic\raw_aic_results.csv
200_-6.0_192,200,-6.0,192,62599012,ricker,WGN,-1,1000,1,1000,219,219.0,AIC_prepeak_clean,Table_1\results_aic\raw_aic_results.csv
200_-6.0_193,200,-6.0,193,2124407492,ricker,WGN,-1,1000,1,1000,219,219.0,AIC_prepeak_clean,Table_1\results_aic\raw_aic_results.csv
200_-6.0_194,200,-6.0,194,4142598491,ricker,WGN,-1,1000,1,1000,219,219.0,AIC_prepeak_clean,Table_1\results_aic\raw_aic_results.csv
200_-6.0_195,200,-6.0,195,2375906794,ricker,WGN,-1,1000,1,1000,219,219.0,AIC_prepeak_clean,Table_1\results_aic\raw_aic_results.csv
200_-6.0_196,200,-6.0,196,3829452277,ricker,WGN,-1,1000,1,1000,219,219.0,AIC_prepeak_clean,Table_1\results_aic\raw_aic_results.csv
200_-6.0_197,200,-6.0,197,2642299380,ricker,WGN,-1,1000,1,1000,219,219.0,AIC_prepeak_clean,Table_1\results_aic\raw_aic_results.csv
200_-6.0_198,200,-6.0,198,582996694,ricker,WGN,-1,1000,1,1000,219,219.0,AIC_prepeak_clean,Table_1\results_aic\raw_aic_results.csv
200_-6.0_199,200,-6.0,199,2047429260,ricker,WGN,-1,1000,1,1000,219,219.0,AIC_prepeak_clean,Table_1\results_aic\raw_aic_results.csv
200_2.0_0,200,2.0,0,3677053791,ricker,WGN,-1,1000,1,1000,219,219.0,AIC_prepeak_clean,Table_1\results_aic\raw_aic_results.csv
200_2.0_1,200,2.0,1,4137476110,ricker,WGN,-1,1000,1,1000,219,219.0,AIC_prepeak_clean,Table_1\results_aic\raw_aic_results.csv
200_2.0_2,200,2.0,2,2204162015,ricker,WGN,-1,1000,1,1000,219,219.0,AIC_prepeak_clean,Table_1\results_aic\raw_aic_results.csv
200_2.0_3,200,2.0,3,3127049848,ricker,WGN,-1,1000,1,1000,219,219.0,AIC_prepeak_clean,Table_1\results_aic\raw_aic_results.csv
200_2.0_4,200,2.0,4,1236110078,ricker,WGN,-1,1000,1,1000,219,219.0,AIC_prepeak_clean,Table_1\results_aic\raw_aic_results.csv
200_2.0_5,200,2.0,5,3028076790,ricker,WGN,-1,1000,1,1000,219,219.0,AIC_prepeak_clean,Table_1\results_aic\raw_aic_results.csv
200_2.0_6,200,2.0,6,1341864641,ricker,WGN,-1,1000,1,1000,219,219.0,AIC_prepeak_clean,Table_1\results_aic\raw_aic_results.csv
200_2.0_7,200,2.0,7,2301230152,ricker,WGN,-1,1000,1,1000,219,219.0,AIC_prepeak_clean,Table_1\results_aic\raw_aic_results.csv
200_2.0_8,200,2.0,8,3745676962,ricker,WGN,-1,1000,1,1000,219,219.0,AIC_prepeak_clean,Table_1\results_aic\raw_aic_results.csv
200_2.0_9,200,2.0,9,1663707528,ricker,WGN,-1,1000,1,1000,219,219.0,AIC_prepeak_clean,Table_1\results_aic\raw_aic_results.csv
200_2.0_10,200,2.0,10,1688234712,ricker,WGN,-1,1000,1,1000,219,219.0,AIC_prepeak_clean,Table_1\results_aic\raw_aic_results.csv
200_2.0_11,200,2.0,11,1678776966,ricker,WGN,-1,1000,1,1000,219,219.0,AIC_prepeak_clean,Table_1\results_aic\raw_aic_results.csv
200_2.0_12,200,2.0,12,849708069,ricker,WGN,-1,1000,1,1000,219,219.0,AIC_prepeak_clean,Table_1\results_aic\raw_aic_results.csv
200_2.0_13,200,2.0,13,2454692301,ricker,WGN,-1,1000,1,1000,219,219.0,AIC_prepeak_clean,Table_1\results_aic\raw_aic_results.csv
200_2.0_14,200,2.0,14,2648922768,ricker,WGN,-1,1000,1,1000,219,219.0,AIC_prepeak_clean,Table_1\results_aic\raw_aic_results.csv
200_2.0_15,200,2.0,15,1288073421,ricker,WGN,-1,1000,1,1000,219,219.0,AIC_prepeak_clean,Table_1\results_aic\raw_aic_results.csv
200_2.0_16,200,2.0,16,3354061819,ricker,WGN,-1,1000,1,1000,219,219.0,AIC_prepeak_clean,Table_1\results_aic\raw_aic_results.csv
200_2.0_17,200,2.0,17,2947919918,ricker,WGN,-1,1000,1,1000,219,219.0,AIC_prepeak_clean,Table_1\results_aic\raw_aic_results.csv
200_2.0_18,200,2.0,18,130306680,ricker,WGN,-1,1000,1,1000,219,219.0,AIC_prepeak_clean,Table_1\results_aic\raw_aic_results.csv
200_2.0_19,200,2.0,19,3839086365,ricker,WGN,-1,1000,1,1000,219,219.0,AIC_prepeak_clean,Table_1\results_aic\raw_aic_results.csv
200_2.0_20,200,2.0,20,1476700633,ricker,WGN,-1,1000,1,1000,219,219.0,AIC_prepeak_clean,Table_1\results_aic\raw_aic_results.csv
200_2.0_21,200,2.0,21,89297499,ricker,WGN,-1,1000,1,1000,219,219.0,AIC_prepeak_clean,Table_1\results_aic\raw_aic_results.csv
200_2.0_22,200,2.0,22,3570835513,ricker,WGN,-1,1000,1,1000,219,219.0,AIC_prepeak_clean,Table_1\results_aic\raw_aic_results.csv
200_2.0_23,200,2.0,23,3722896382,ricker,WGN,-1,1000,1,1000,219,219.0,AIC_prepeak_clean,Table_1\results_aic\raw_aic_results.csv
200_2.0_24,200,2.0,24,3927710466,ricker,WGN,-1,1000,1,1000,219,219.0,AIC_prepeak_clean,Table_1\results_aic\raw_aic_results.csv
200_2.0_25,200,2.0,25,3227071402,ricker,WGN,-1,1000,1,1000,219,219.0,AIC_prepeak_clean,Table_1\results_aic\raw_aic_results.csv
200_2.0_26,200,2.0,26,2021809721,ricker,WGN,-1,1000,1,1000,219,219.0,AIC_prepeak_clean,Table_1\results_aic\raw_aic_results.csv
200_2.0_27,200,2.0,27,586495905,ricker,WGN,-1,1000,1,1000,219,219.0,AIC_prepeak_clean,Table_1\results_aic\raw_aic_results.csv
200_2.0_28,200,2.0,28,896386630,ricker,WGN,-1,1000,1,1000,219,219.0,AIC_prepeak_clean,Table_1\results_aic\raw_aic_results.csv
200_2.0_29,200,2.0,29,1018563674,ricker,WGN,-1,1000,1,1000,219,219.0,AIC_prepeak_clean,Table_1\results_aic\raw_aic_results.csv
200_2.0_30,200,2.0,30,4058963123,ricker,WGN,-1,1000,1,1000,219,219.0,AIC_prepeak_clean,Table_1\results_aic\raw_aic_results.csv
200_2.0_31,200,2.0,31,3528578851,ricker,WGN,-1,1000,1,1000,219,219.0,AIC_prepeak_clean,Table_1\results_aic\raw_aic_results.csv
200_2.0_32,200,2.0,32,1168614897,ricker,WGN,-1,1000,1,1000,219,219.0,AIC_prepeak_clean,Table_1\results_aic\raw_aic_results.csv
200_2.0_33,200,2.0,33,1520681409,ricker,WGN,-1,1000,1,1000,219,219.0,AIC_prepeak_clean,Table_1\results_aic\raw_aic_results.csv
200_2.0_34,200,2.0,34,448611100,ricker,WGN,-1,1000,1,1000,219,219.0,AIC_prepeak_clean,Table_1\results_aic\raw_aic_results.csv
200_2.0_35,200,2.0,35,299453840,ricker,WGN,-1,1000,1,1000,219,219.0,AIC_prepeak_clean,Table_1\results_aic\raw_aic_results.csv
200_2.0_36,200,2.0,36,955177271,ricker,WGN,-1,1000,1,1000,219,219.0,AIC_prepeak_clean,Table_1\results_aic\raw_aic_results.csv
200_2.0_37,200,2.0,37,3866696011,ricker,WGN,-1,1000,1,1000,219,219.0,AIC_prepeak_clean,Table_1\results_aic\raw_aic_results.csv
200_2.0_38,200,2.0,38,349640894,ricker,WGN,-1,1000,1,1000,219,219.0,AIC_prepeak_clean,Table_1\results_aic\raw_aic_results.csv
200_2.0_39,200,2.0,39,2916126310,ricker,WGN,-1,1000,1,1000,219,219.0,AIC_prepeak_clean,Table_1\results_aic\raw_aic_results.csv
200_2.0_40,200,2.0,40,3084605656,ricker,WGN,-1,1000,1,1000,219,219.0,AIC_prepeak_clean,Table_1\results_aic\raw_aic_results.csv
200_2.0_41,200,2.0,41,1840117533,ricker,WGN,-1,1000,1,1000,219,219.0,AIC_prepeak_clean,Table_1\results_aic\raw_aic_results.csv
200_2.0_42,200,2.0,42,3826699877,ricker,WGN,-1,1000,1,1000,219,219.0,AIC_prepeak_clean,Table_1\results_aic\raw_aic_results.csv
200_2.0_43,200,2.0,43,3173316577,ricker,WGN,-1,1000,1,1000,219,219.0,AIC_prepeak_clean,Table_1\results_aic\raw_aic_results.csv
200_2.0_44,200,2.0,44,1372231149,ricker,WGN,-1,1000,1,1000,219,219.0,AIC_prepeak_clean,Table_1\results_aic\raw_aic_results.csv
200_2.0_45,200,2.0,45,3947382941,ricker,WGN,-1,1000,1,1000,219,219.0,AIC_prepeak_clean,Table_1\results_aic\raw_aic_results.csv
200_2.0_46,200,2.0,46,2501733756,ricker,WGN,-1,1000,1,1000,219,219.0,AIC_prepeak_clean,Table_1\results_aic\raw_aic_results.csv
200_2.0_47,200,2.0,47,9123910,ricker,WGN,-1,1000,1,1000,219,219.0,AIC_prepeak_clean,Table_1\results_aic\raw_aic_results.csv
200_2.0_48,200,2.0,48,213623478,ricker,WGN,-1,1000,1,1000,219,219.0,AIC_prepeak_clean,Table_1\results_aic\raw_aic_results.csv
200_2.0_49,200,2.0,49,4288315420,ricker,WGN,-1,1000,1,1000,219,219.0,AIC_prepeak_clean,Table_1\results_aic\raw_aic_results.csv
200_2.0_50,200,2.0,50,79470619,ricker,WGN,-1,1000,1,1000,219,219.0,AIC_prepeak_clean,Table_1\results_aic\raw_aic_results.csv
200_2.0_51,200,2.0,51,4160440172,ricker,WGN,-1,1000,1,1000,219,219.0,AIC_prepeak_clean,Table_1\results_aic\raw_aic_results.csv
200_2.0_52,200,2.0,52,764290265,ricker,WGN,-1,1000,1,1000,219,219.0,AIC_prepeak_clean,Table_1\results_aic\raw_aic_results.csv
200_2.0_53,200,2.0,53,3042144161,ricker,WGN,-1,1000,1,1000,219,219.0,AIC_prepeak_clean,Table_1\results_aic\raw_aic_results.csv
200_2.0_54,200,2.0,54,576736032,ricker,WGN,-1,1000,1,1000,219,219.0,AIC_prepeak_clean,Table_1\results_aic\raw_aic_results.csv
200_2.0_55,200,2.0,55,1991836957,ricker,WGN,-1,1000,1,1000,219,219.0,AIC_prepeak_clean,Table_1\results_aic\raw_aic_results.csv
200_2.0_56,200,2.0,56,4235993001,ricker,WGN,-1,1000,1,1000,219,219.0,AIC_prepeak_clean,Table_1\results_aic\raw_aic_results.csv
200_2.0_57,200,2.0,57,3811061601,ricker,WGN,-1,1000,1,1000,219,219.0,AIC_prepeak_clean,Table_1\results_aic\raw_aic_results.csv
200_2.0_58,200,2.0,58,4179714988,ricker,WGN,-1,1000,1,1000,219,219.0,AIC_prepeak_clean,Table_1\results_aic\raw_aic_results.csv
200_2.0_59,200,2.0,59,875162039,ricker,WGN,-1,1000,1,1000,219,219.0,AIC_prepeak_clean,Table_1\results_aic\raw_aic_results.csv
200_2.0_60,200,2.0,60,1048079224,ricker,WGN,-1,1000,1,1000,219,219.0,AIC_prepeak_clean,Table_1\results_aic\raw_aic_results.csv
200_2.0_61,200,2.0,61,645942755,ricker,WGN,-1,1000,1,1000,219,219.0,AIC_prepeak_clean,Table_1\results_aic\raw_aic_results.csv
200_2.0_62,200,2.0,62,1512548419,ricker,WGN,-1,1000,1,1000,219,219.0,AIC_prepeak_clean,Table_1\results_aic\raw_aic_results.csv
200_2.0_63,200,2.0,63,2265192919,ricker,WGN,-1,1000,1,1000,219,219.0,AIC_prepeak_clean,Table_1\results_aic\raw_aic_results.csv
200_2.0_64,200,2.0,64,205736962,ricker,WGN,-1,1000,1,1000,219,219.0,AIC_prepeak_clean,Table_1\results_aic\raw_aic_results.csv
200_2.0_65,200,2.0,65,4247707132,ricker,WGN,-1,1000,1,1000,219,219.0,AIC_prepeak_clean,Table_1\results_aic\raw_aic_results.csv
200_2.0_66,200,2.0,66,91546031,ricker,WGN,-1,1000,1,1000,219,219.0,AIC_prepeak_clean,Table_1\results_aic\raw_aic_results.csv
200_2.0_67,200,2.0,67,1599329812,ricker,WGN,-1,1000,1,1000,219,219.0,AIC_prepeak_clean,Table_1\results_aic\raw_aic_results.csv
200_2.0_68,200,2.0,68,901763745,ricker,WGN,-1,1000,1,1000,219,219.0,AIC_prepeak_clean,Table_1\results_aic\raw_aic_results.csv
200_2.0_69,200,2.0,69,658325597,ricker,WGN,-1,1000,1,1000,219,219.0,AIC_prepeak_clean,Table_1\results_aic\raw_aic_results.csv
200_2.0_70,200,2.0,70,2034861496,ricker,WGN,-1,1000,1,1000,219,219.0,AIC_prepeak_clean,Table_1\results_aic\raw_aic_results.csv
200_2.0_71,200,2.0,71,2807130743,ricker,WGN,-1,1000,1,1000,219,219.0,AIC_prepeak_clean,Table_1\results_aic\raw_aic_results.csv
200_2.0_72,200,2.0,72,3177414465,ricker,WGN,-1,1000,1,1000,219,219.0,AIC_prepeak_clean,Table_1\results_aic\raw_aic_results.csv
200_2.0_73,200,2.0,73,1618225625,ricker,WGN,-1,1000,1,1000,219,219.0,AIC_prepeak_clean,Table_1\results_aic\raw_aic_results.csv
200_2.0_74,200,2.0,74,296739560,ricker,WGN,-1,1000,1,1000,219,219.0,AIC_prepeak_clean,Table_1\results_aic\raw_aic_results.csv
200_2.0_75,200,2.0,75,4077557435,ricker,WGN,-1,1000,1,1000,219,219.0,AIC_prepeak_clean,Table_1\results_aic\raw_aic_results.csv
200_2.0_76,200,2.0,76,2082375282,ricker,WGN,-1,1000,1,1000,219,219.0,AIC_prepeak_clean,Table_1\results_aic\raw_aic_results.csv
200_2.0_77,200,2.0,77,863948308,ricker,WGN,-1,1000,1,1000,219,219.0,AIC_prepeak_clean,Table_1\results_aic\raw_aic_results.csv
200_2.0_78,200,2.0,78,1616041555,ricker,WGN,-1,1000,1,1000,219,219.0,AIC_prepeak_clean,Table_1\results_aic\raw_aic_results.csv
200_2.0_79,200,2.0,79,3512283413,ricker,WGN,-1,1000,1,1000,219,219.0,AIC_prepeak_clean,Table_1\results_aic\raw_aic_results.csv
200_2.0_80,200,2.0,80,4014305234,ricker,WGN,-1,1000,1,1000,219,219.0,AIC_prepeak_clean,Table_1\results_aic\raw_aic_results.csv
200_2.0_81,200,2.0,81,1695716580,ricker,WGN,-1,1000,1,1000,219,219.0,AIC_prepeak_clean,Table_1\results_aic\raw_aic_results.csv
200_2.0_82,200,2.0,82,2070276811,ricker,WGN,-1,1000,1,1000,219,219.0,AIC_prepeak_clean,Table_1\results_aic\raw_aic_results.csv
200_2.0_83,200,2.0,83,3391754338,ricker,WGN,-1,1000,1,1000,219,219.0,AIC_prepeak_clean,Table_1\results_aic\raw_aic_results.csv
200_2.0_84,200,2.0,84,952181116,ricker,WGN,-1,1000,1,1000,219,219.0,AIC_prepeak_clean,Table_1\results_aic\raw_aic_results.csv
200_2.0_85,200,2.0,85,3011885483,ricker,WGN,-1,1000,1,1000,219,219.0,AIC_prepeak_clean,Table_1\results_aic\raw_aic_results.csv
200_2.0_86,200,2.0,86,3790917695,ricker,WGN,-1,1000,1,1000,219,219.0,AIC_prepeak_clean,Table_1\results_aic\raw_aic_results.csv
200_2.0_87,200,2.0,87,1909360839,ricker,WGN,-1,1000,1,1000,219,219.0,AIC_prepeak_clean,Table_1\results_aic\raw_aic_results.csv
200_2.0_88,200,2.0,88,3178902614,ricker,WGN,-1,1000,1,1000,219,219.0,AIC_prepeak_clean,Table_1\results_aic\raw_aic_results.csv
200_2.0_89,200,2.0,89,2915472977,ricker,WGN,-1,1000,1,1000,219,219.0,AIC_prepeak_clean,Table_1\results_aic\raw_aic_results.csv
200_2.0_90,200,2.0,90,2339020232,ricker,WGN,-1,1000,1,1000,219,219.0,AIC_prepeak_clean,Table_1\results_aic\raw_aic_results.csv
200_2.0_91,200,2.0,91,583752946,ricker,WGN,-1,1000,1,1000,219,219.0,AIC_prepeak_clean,Table_1\results_aic\raw_aic_results.csv
200_2.0_92,200,2.0,92,3536276551,ricker,WGN,-1,1000,1,1000,219,219.0,AIC_prepeak_clean,Table_1\results_aic\raw_aic_results.csv
200_2.0_93,200,2.0,93,2826828587,ricker,WGN,-1,1000,1,1000,219,219.0,AIC_prepeak_clean,Table_1\results_aic\raw_aic_results.csv
200_2.0_94,200,2.0,94,3864415386,ricker,WGN,-1,1000,1,1000,219,219.0,AIC_prepeak_clean,Table_1\results_aic\raw_aic_results.csv
200_2.0_95,200,2.0,95,1051610456,ricker,WGN,-1,1000,1,1000,219,219.0,AIC_prepeak_clean,Table_1\results_aic\raw_aic_results.csv
200_2.0_96,200,2.0,96,3988031761,ricker,WGN,-1,1000,1,1000,219,219.0,AIC_prepeak_clean,Table_1\results_aic\raw_aic_results.csv
200_2.0_97,200,2.0,97,787380806,ricker,WGN,-1,1000,1,1000,219,219.0,AIC_prepeak_clean,Table_1\results_aic\raw_aic_results.csv
200_2.0_98,200,2.0,98,340354201,ricker,WGN,-1,1000,1,1000,219,219.0,AIC_prepeak_clean,Table_1\results_aic\raw_aic_results.csv
200_2.0_99,200,2.0,99,3433925072,ricker,WGN,-1,1000,1,1000,219,219.0,AIC_prepeak_clean,Table_1\results_aic\raw_aic_results.csv
200_2.0_100,200,2.0,100,3030780229,ricker,WGN,-1,1000,1,1000,219,219.0,AIC_prepeak_clean,Table_1\results_aic\raw_aic_results.csv
200_2.0_101,200,2.0,101,2725149384,ricker,WGN,-1,1000,1,1000,219,219.0,AIC_prepeak_clean,Table_1\results_aic\raw_aic_results.csv
200_2.0_102,200,2.0,102,2042861152,ricker,WGN,-1,1000,1,1000,219,219.0,AIC_prepeak_clean,Table_1\results_aic\raw_aic_results.csv
200_2.0_103,200,2.0,103,73242363,ricker,WGN,-1,1000,1,1000,219,219.0,AIC_prepeak_clean,Table_1\results_aic\raw_aic_results.csv
200_2.0_104,200,2.0,104,3683422177,ricker,WGN,-1,1000,1,1000,219,219.0,AIC_prepeak_clean,Table_1\results_aic\raw_aic_results.csv
200_2.0_105,200,2.0,105,2997570288,ricker,WGN,-1,1000,1,1000,219,219.0,AIC_prepeak_clean,Table_1\results_aic\raw_aic_results.csv
200_2.0_106,200,2.0,106,2033845988,ricker,WGN,-1,1000,1,1000,219,219.0,AIC_prepeak_clean,Table_1\results_aic\raw_aic_results.csv
200_2.0_107,200,2.0,107,2335013017,ricker,WGN,-1,1000,1,1000,219,219.0,AIC_prepeak_clean,Table_1\results_aic\raw_aic_results.csv
200_2.0_108,200,2.0,108,3717989488,ricker,WGN,-1,1000,1,1000,219,219.0,AIC_prepeak_clean,Table_1\results_aic\raw_aic_results.csv
200_2.0_109,200,2.0,109,2705303964,ricker,WGN,-1,1000,1,1000,219,219.0,AIC_prepeak_clean,Table_1\results_aic\raw_aic_results.csv
200_2.0_110,200,2.0,110,1656695369,ricker,WGN,-1,1000,1,1000,219,219.0,AIC_prepeak_clean,Table_1\results_aic\raw_aic_results.csv
200_2.0_111,200,2.0,111,555236698,ricker,WGN,-1,1000,1,1000,219,219.0,AIC_prepeak_clean,Table_1\results_aic\raw_aic_results.csv
200_2.0_112,200,2.0,112,3865364052,ricker,WGN,-1,1000,1,1000,219,219.0,AIC_prepeak_clean,Table_1\results_aic\raw_aic_results.csv
200_2.0_113,200,2.0,113,313552634,ricker,WGN,-1,1000,1,1000,219,219.0,AIC_prepeak_clean,Table_1\results_aic\raw_aic_results.csv
200_2.0_114,200,2.0,114,3798481263,ricker,WGN,-1,1000,1,1000,219,219.0,AIC_prepeak_clean,Table_1\results_aic\raw_aic_results.csv
200_2.0_115,200,2.0,115,3430916720,ricker,WGN,-1,1000,1,1000,219,219.0,AIC_prepeak_clean,Table_1\results_aic\raw_aic_results.csv
200_2.0_116,200,2.0,116,2878526552,ricker,WGN,-1,1000,1,1000,219,219.0,AIC_prepeak_clean,Table_1\results_aic\raw_aic_results.csv
200_2.0_117,200,2.0,117,1990119674,ricker,WGN,-1,1000,1,1000,219,219.0,AIC_prepeak_clean,Table_1\results_aic\raw_aic_results.csv
200_2.0_118,200,2.0,118,1526882588,ricker,WGN,-1,1000,1,1000,219,219.0,AIC_prepeak_clean,Table_1\results_aic\raw_aic_results.csv
200_2.0_119,200,2.0,119,1737061923,ricker,WGN,-1,1000,1,1000,219,219.0,AIC_prepeak_clean,Table_1\results_aic\raw_aic_results.csv
200_2.0_120,200,2.0,120,2536348553,ricker,WGN,-1,1000,1,1000,219,219.0,AIC_prepeak_clean,Table_1\results_aic\raw_aic_results.csv
200_2.0_121,200,2.0,121,2879879019,ricker,WGN,-1,1000,1,1000,219,219.0,AIC_prepeak_clean,Table_1\results_aic\raw_aic_results.csv
200_2.0_122,200,2.0,122,1665962854,ricker,WGN,-1,1000,1,1000,219,219.0,AIC_prepeak_clean,Table_1\results_aic\raw_aic_results.csv
200_2.0_123,200,2.0,123,4248832470,ricker,WGN,-1,1000,1,1000,219,219.0,AIC_prepeak_clean,Table_1\results_aic\raw_aic_results.csv
200_2.0_124,200,2.0,124,2496799002,ricker,WGN,-1,1000,1,1000,219,219.0,AIC_prepeak_clean,Table_1\results_aic\raw_aic_results.csv
200_2.0_125,200,2.0,125,1040143105,ricker,WGN,-1,1000,1,1000,219,219.0,AIC_prepeak_clean,Table_1\results_aic\raw_aic_results.csv
200_2.0_126,200,2.0,126,3022653791,ricker,WGN,-1,1000,1,1000,219,219.0,AIC_prepeak_clean,Table_1\results_aic\raw_aic_results.csv
200_2.0_127,200,2.0,127,2307509542,ricker,WGN,-1,1000,1,1000,219,219.0,AIC_prepeak_clean,Table_1\results_aic\raw_aic_results.csv
200_2.0_128,200,2.0,128,1846102098,ricker,WGN,-1,1000,1,1000,219,219.0,AIC_prepeak_clean,Table_1\results_aic\raw_aic_results.csv
200_2.0_129,200,2.0,129,4045004261,ricker,WGN,-1,1000,1,1000,219,219.0,AIC_prepeak_clean,Table_1\results_aic\raw_aic_results.csv
200_2.0_130,200,2.0,130,1820213934,ricker,WGN,-1,1000,1,1000,219,219.0,AIC_prepeak_clean,Table_1\results_aic\raw_aic_results.csv
200_2.0_131,200,2.0,131,136756661,ricker,WGN,-1,1000,1,1000,219,219.0,AIC_prepeak_clean,Table_1\results_aic\raw_aic_results.csv
200_2.0_132,200,2.0,132,1043107810,ricker,WGN,-1,1000,1,1000,219,219.0,AIC_prepeak_clean,Table_1\results_aic\raw_aic_results.csv
200_2.0_133,200,2.0,133,1012189194,ricker,WGN,-1,1000,1,1000,219,219.0,AIC_prepeak_clean,Table_1\results_aic\raw_aic_results.csv
200_2.0_134,200,2.0,134,1189195096,ricker,WGN,-1,1000,1,1000,219,219.0,AIC_prepeak_clean,Table_1\results_aic\raw_aic_results.csv
200_2.0_135,200,2.0,135,2508945714,ricker,WGN,-1,1000,1,1000,219,219.0,AIC_prepeak_clean,Table_1\results_aic\raw_aic_results.csv
200_2.0_136,200,2.0,136,3644076647,ricker,WGN,-1,1000,1,1000,219,219.0,AIC_prepeak_clean,Table_1\results_aic\raw_aic_results.csv
200_2.0_137,200,2.0,137,497518278,ricker,WGN,-1,1000,1,1000,219,219.0,AIC_prepeak_clean,Table_1\results_aic\raw_aic_results.csv
200_2.0_138,200,2.0,138,1607231066,ricker,WGN,-1,1000,1,1000,219,219.0,AIC_prepeak_clean,Table_1\results_aic\raw_aic_results.csv
200_2.0_139,200,2.0,139,399104373,ricker,WGN,-1,1000,1,1000,219,219.0,AIC_prepeak_clean,Table_1\results_aic\raw_aic_results.csv
200_2.0_140,200,2.0,140,1551464306,ricker,WGN,-1,1000,1,1000,219,219.0,AIC_prepeak_clean,Table_1\results_aic\raw_aic_results.csv
200_2.0_141,200,2.0,141,3671303318,ricker,WGN,-1,1000,1,1000,219,219.0,AIC_prepeak_clean,Table_1\results_aic\raw_aic_results.csv
200_2.0_142,200,2.0,142,2839215630,ricker,WGN,-1,1000,1,1000,219,219.0,AIC_prepeak_clean,Table_1\results_aic\raw_aic_results.csv
200_2.0_143,200,2.0,143,3783403970,ricker,WGN,-1,1000,1,1000,219,219.0,AIC_prepeak_clean,Table_1\results_aic\raw_aic_results.csv
200_2.0_144,200,2.0,144,2846822200,ricker,WGN,-1,1000,1,1000,219,219.0,AIC_prepeak_clean,Table_1\results_aic\raw_aic_results.csv
200_2.0_145,200,2.0,145,750298149,ricker,WGN,-1,1000,1,1000,219,219.0,AIC_prepeak_clean,Table_1\results_aic\raw_aic_results.csv
200_2.0_146,200,2.0,146,829133818,ricker,WGN,-1,1000,1,1000,219,219.0,AIC_prepeak_clean,Table_1\results_aic\raw_aic_results.csv
200_2.0_147,200,2.0,147,704991913,ricker,WGN,-1,1000,1,1000,219,219.0,AIC_prepeak_clean,Table_1\results_aic\raw_aic_results.csv
200_2.0_148,200,2.0,148,1480655708,ricker,WGN,-1,1000,1,1000,219,219.0,AIC_prepeak_clean,Table_1\results_aic\raw_aic_results.csv
200_2.0_149,200,2.0,149,753503823,ricker,WGN,-1,1000,1,1000,219,219.0,AIC_prepeak_clean,Table_1\results_aic\raw_aic_results.csv
200_2.0_150,200,2.0,150,1997239207,ricker,WGN,-1,1000,1,1000,219,219.0,AIC_prepeak_clean,Table_1\results_aic\raw_aic_results.csv
200_2.0_151,200,2.0,151,146905851,ricker,WGN,-1,1000,1,1000,219,219.0,AIC_prepeak_clean,Table_1\results_aic\raw_aic_results.csv
200_2.0_152,200,2.0,152,3822573370,ricker,WGN,-1,1000,1,1000,219,219.0,AIC_prepeak_clean,Table_1\results_aic\raw_aic_results.csv
200_2.0_153,200,2.0,153,2200711834,ricker,WGN,-1,1000,1,1000,219,219.0,AIC_prepeak_clean,Table_1\results_aic\raw_aic_results.csv
200_2.0_154,200,2.0,154,1527125034,ricker,WGN,-1,1000,1,1000,219,219.0,AIC_prepeak_clean,Table_1\results_aic\raw_aic_results.csv
200_2.0_155,200,2.0,155,1414091631,ricker,WGN,-1,1000,1,1000,219,219.0,AIC_prepeak_clean,Table_1\results_aic\raw_aic_results.csv
200_2.0_156,200,2.0,156,897022326,ricker,WGN,-1,1000,1,1000,219,219.0,AIC_prepeak_clean,Table_1\results_aic\raw_aic_results.csv
200_2.0_157,200,2.0,157,3885004122,ricker,WGN,-1,1000,1,1000,219,219.0,AIC_prepeak_clean,Table_1\results_aic\raw_aic_results.csv
200_2.0_158,200,2.0,158,866889856,ricker,WGN,-1,1000,1,1000,219,219.0,AIC_prepeak_clean,Table_1\results_aic\raw_aic_results.csv
200_2.0_159,200,2.0,159,3631315406,ricker,WGN,-1,1000,1,1000,219,219.0,AIC_prepeak_clean,Table_1\results_aic\raw_aic_results.csv
200_2.0_160,200,2.0,160,3611205144,ricker,WGN,-1,1000,1,1000,219,219.0,AIC_prepeak_clean,Table_1\results_aic\raw_aic_results.csv
200_2.0_161,200,2.0,161,4258101938,ricker,WGN,-1,1000,1,1000,219,219.0,AIC_prepeak_clean,Table_1\results_aic\raw_aic_results.csv
200_2.0_162,200,2.0,162,501476723,ricker,WGN,-1,1000,1,1000,219,219.0,AIC_prepeak_clean,Table_1\results_aic\raw_aic_results.csv
200_2.0_163,200,2.0,163,1117514811,ricker,WGN,-1,1000,1,1000,219,219.0,AIC_prepeak_clean,Table_1\results_aic\raw_aic_results.csv
200_2.0_164,200,2.0,164,597806586,ricker,WGN,-1,1000,1,1000,219,219.0,AIC_prepeak_clean,Table_1\results_aic\raw_aic_results.csv
200_2.0_165,200,2.0,165,118821441,ricker,WGN,-1,1000,1,1000,219,219.0,AIC_prepeak_clean,Table_1\results_aic\raw_aic_results.csv
200_2.0_166,200,2.0,166,2425193782,ricker,WGN,-1,1000,1,1000,219,219.0,AIC_prepeak_clean,Table_1\results_aic\raw_aic_results.csv
200_2.0_167,200,2.0,167,1407242900,ricker,WGN,-1,1000,1,1000,219,219.0,AIC_prepeak_clean,Table_1\results_aic\raw_aic_results.csv
200_2.0_168,200,2.0,168,3824916338,ricker,WGN,-1,1000,1,1000,219,219.0,AIC_prepeak_clean,Table_1\results_aic\raw_aic_results.csv
200_2.0_169,200,2.0,169,3900807109,ricker,WGN,-1,1000,1,1000,219,219.0,AIC_prepeak_clean,Table_1\results_aic\raw_aic_results.csv
200_2.0_170,200,2.0,170,2784873647,ricker,WGN,-1,1000,1,1000,219,219.0,AIC_prepeak_clean,Table_1\results_aic\raw_aic_results.csv
200_2.0_171,200,2.0,171,2611462601,ricker,WGN,-1,1000,1,1000,219,219.0,AIC_prepeak_clean,Table_1\results_aic\raw_aic_results.csv
200_2.0_172,200,2.0,172,747986076,ricker,WGN,-1,1000,1,1000,219,219.0,AIC_prepeak_clean,Table_1\results_aic\raw_aic_results.csv
200_2.0_173,200,2.0,173,637994926,ricker,WGN,-1,1000,1,1000,219,219.0,AIC_prepeak_clean,Table_1\results_aic\raw_aic_results.csv
200_2.0_174,200,2.0,174,988349785,ricker,WGN,-1,1000,1,1000,219,219.0,AIC_prepeak_clean,Table_1\results_aic\raw_aic_results.csv
200_2.0_175,200,2.0,175,2724657403,ricker,WGN,-1,1000,1,1000,219,219.0,AIC_prepeak_clean,Table_1\results_aic\raw_aic_results.csv
200_2.0_176,200,2.0,176,3182745533,ricker,WGN,-1,1000,1,1000,219,219.0,AIC_prepeak_clean,Table_1\results_aic\raw_aic_results.csv
200_2.0_177,200,2.0,177,3482003627,ricker,WGN,-1,1000,1,1000,219,219.0,AIC_prepeak_clean,Table_1\results_aic\raw_aic_results.csv
200_2.0_178,200,2.0,178,3178893721,ricker,WGN,-1,1000,1,1000,219,219.0,AIC_prepeak_clean,Table_1\results_aic\raw_aic_results.csv
200_2.0_179,200,2.0,179,2057244852,ricker,WGN,-1,1000,1,1000,219,219.0,AIC_prepeak_clean,Table_1\results_aic\raw_aic_results.csv
200_2.0_180,200,2.0,180,1701304691,ricker,WGN,-1,1000,1,1000,219,219.0,AIC_prepeak_clean,Table_1\results_aic\raw_aic_results.csv
200_2.0_181,200,2.0,181,2132675213,ricker,WGN,-1,1000,1,1000,219,219.0,AIC_prepeak_clean,Table_1\results_aic\raw_aic_results.csv
200_2.0_182,200,2.0,182,3243652020,ricker,WGN,-1,1000,1,1000,219,219.0,AIC_prepeak_clean,Table_1\results_aic\raw_aic_results.csv
200_2.0_183,200,2.0,183,1481882482,ricker,WGN,-1,1000,1,1000,219,219.0,AIC_prepeak_clean,Table_1\results_aic\raw_aic_results.csv
200_2.0_184,200,2.0,184,254169660,ricker,WGN,-1,1000,1,1000,219,219.0,AIC_prepeak_clean,Table_1\results_aic\raw_aic_results.csv
200_2.0_185,200,2.0,185,2189591244,ricker,WGN,-1,1000,1,1000,219,219.0,AIC_prepeak_clean,Table_1\results_aic\raw_aic_results.csv
200_2.0_186,200,2.0,186,510647552,ricker,WGN,-1,1000,1,1000,219,219.0,AIC_prepeak_clean,Table_1\results_aic\raw_aic_results.csv
200_2.0_187,200,2.0,187,3297795947,ricker,WGN,-1,1000,1,1000,219,219.0,AIC_prepeak_clean,Table_1\results_aic\raw_aic_results.csv
200_2.0_188,200,2.0,188,3353164466,ricker,WGN,-1,1000,1,1000,219,219.0,AIC_prepeak_clean,Table_1\results_aic\raw_aic_results.csv
200_2.0_189,200,2.0,189,2282567665,ricker,WGN,-1,1000,1,1000,219,219.0,AIC_prepeak_clean,Table_1\results_aic\raw_aic_results.csv
200_2.0_190,200,2.0,190,3601650206,ricker,WGN,-1,1000,1,1000,219,219.0,AIC_prepeak_clean,Table_1\results_aic\raw_aic_results.csv
200_2.0_191,200,2.0,191,403101375,ricker,WGN,-1,1000,1,1000,219,219.0,AIC_prepeak_clean,Table_1\results_aic\raw_aic_results.csv
200_2.0_192,200,2.0,192,2870603423,ricker,WGN,-1,1000,1,1000,219,219.0,AIC_prepeak_clean,Table_1\results_aic\raw_aic_results.csv
200_2.0_193,200,2.0,193,2445857950,ricker,WGN,-1,1000,1,1000,219,219.0,AIC_prepeak_clean,Table_1\results_aic\raw_aic_results.csv
200_2.0_194,200,2.0,194,1755349997,ricker,WGN,-1,1000,1,1000,219,219.0,AIC_prepeak_clean,Table_1\results_aic\raw_aic_results.csv
200_2.0_195,200,2.0,195,3418977310,ricker,WGN,-1,1000,1,1000,219,219.0,AIC_prepeak_clean,Table_1\results_aic\raw_aic_results.csv
200_2.0_196,200,2.0,196,2934922691,ricker,WGN,-1,1000,1,1000,219,219.0,AIC_prepeak_clean,Table_1\results_aic\raw_aic_results.csv
200_2.0_197,200,2.0,197,4096122673,ricker,WGN,-1,1000,1,1000,219,219.0,AIC_prepeak_clean,Table_1\results_aic\raw_aic_results.csv
200_2.0_198,200,2.0,198,2586107388,ricker,WGN,-1,1000,1,1000,219,219.0,AIC_prepeak_clean,Table_1\results_aic\raw_aic_results.csv
200_2.0_199,200,2.0,199,870125620,ricker,WGN,-1,1000,1,1000,219,219.0,AIC_prepeak_clean,Table_1\results_aic\raw_aic_results.csv
250_-10.0_0,250,-10.0,0,4135147338,ricker,WGN,-1,1000,1,1000,221,221.0,AIC_prepeak_clean,Table_1\results_aic\raw_aic_results.csv
250_-10.0_1,250,-10.0,1,4169437149,ricker,WGN,-1,1000,1,1000,221,221.0,AIC_prepeak_clean,Table_1\results_aic\raw_aic_results.csv
250_-10.0_2,250,-10.0,2,1944378167,ricker,WGN,-1,1000,1,1000,221,221.0,AIC_prepeak_clean,Table_1\results_aic\raw_aic_results.csv
250_-10.0_3,250,-10.0,3,2996105118,ricker,WGN,-1,1000,1,1000,221,221.0,AIC_prepeak_clean,Table_1\results_aic\raw_aic_results.csv
250_-10.0_4,250,-10.0,4,1382831776,ricker,WGN,-1,1000,1,1000,221,221.0,AIC_prepeak_clean,Table_1\results_aic\raw_aic_results.csv
250_-10.0_5,250,-10.0,5,240759742,ricker,WGN,-1,1000,1,1000,221,221.0,AIC_prepeak_clean,Table_1\results_aic\raw_aic_results.csv
250_-10.0_6,250,-10.0,6,2255898295,ricker,WGN,-1,1000,1,1000,221,221.0,AIC_prepeak_clean,Table_1\results_aic\raw_aic_results.csv
250_-10.0_7,250,-10.0,7,3493675159,ricker,WGN,-1,1000,1,1000,221,221.0,AIC_prepeak_clean,Table_1\results_aic\raw_aic_results.csv
250_-10.0_8,250,-10.0,8,3936291495,ricker,WGN,-1,1000,1,1000,221,221.0,AIC_prepeak_clean,Table_1\results_aic\raw_aic_results.csv
250_-10.0_9,250,-10.0,9,316200870,ricker,WGN,-1,1000,1,1000,221,221.0,AIC_prepeak_clean,Table_1\results_aic\raw_aic_results.csv
250_-10.0_10,250,-10.0,10,2592118627,ricker,WGN,-1,1000,1,1000,221,221.0,AIC_prepeak_clean,Table_1\results_aic\raw_aic_results.csv
250_-10.0_11,250,-10.0,11,1378011861,ricker,WGN,-1,1000,1,1000,221,221.0,AIC_prepeak_clean,Table_1\results_aic\raw_aic_results.csv
250_-10.0_12,250,-10.0,12,3089616808,ricker,WGN,-1,1000,1,1000,221,221.0,AIC_prepeak_clean,Table_1\results_aic\raw_aic_results.csv
250_-10.0_13,250,-10.0,13,2607121449,ricker,WGN,-1,1000,1,1000,221,221.0,AIC_prepeak_clean,Table_1\results_aic\raw_aic_results.csv
250_-10.0_14,250,-10.0,14,2246488935,ricker,WGN,-1,1000,1,1000,221,221.0,AIC_prepeak_clean,Table_1\results_aic\raw_aic_results.csv
250_-10.0_15,250,-10.0,15,145420536,ricker,WGN,-1,1000,1,1000,221,221.0,AIC_prepeak_clean,Table_1\results_aic\raw_aic_results.csv
250_-10.0_16,250,-10.0,16,1487732762,ricker,WGN,-1,1000,1,1000,221,221.0,AIC_prepeak_clean,Table_1\results_aic\raw_aic_results.csv
250_-10.0_17,250,-10.0,17,3528143818,ricker,WGN,-1,1000,1,1000,221,221.0,AIC_prepeak_clean,Table_1\results_aic\raw_aic_results.csv
250_-10.0_18,250,-10.0,18,3816997546,ricker,WGN,-1,1000,1,1000,221,221.0,AIC_prepeak_clean,Table_1\results_aic\raw_aic_results.csv
250_-10.0_19,250,-10.0,19,1428021521,ricker,WGN,-1,1000,1,1000,221,221.0,AIC_prepeak_clean,Table_1\results_aic\raw_aic_results.csv
250_-10.0_20,250,-10.0,20,3603500119,ricker,WGN,-1,1000,1,1000,221,221.0,AIC_prepeak_clean,Table_1\results_aic\raw_aic_results.csv
250_-10.0_21,250,-10.0,21,2294318916,ricker,WGN,-1,1000,1,1000,221,221.0,AIC_prepeak_clean,Table_1\results_aic\raw_aic_results.csv
250_-10.0_22,250,-10.0,22,3915987373,ricker,WGN,-1,1000,1,1000,221,221.0,AIC_prepeak_clean,Table_1\results_aic\raw_aic_results.csv
250_-10.0_23,250,-10.0,23,3680043496,ricker,WGN,-1,1000,1,1000,221,221.0,AIC_prepeak_clean,Table_1\results_aic\raw_aic_results.csv
250_-10.0_24,250,-10.0,24,3329346868,ricker,WGN,-1,1000,1,1000,221,221.0,AIC_prepeak_clean,Table_1\results_aic\raw_aic_results.csv
250_-10.0_25,250,-10.0,25,90506769,ricker,WGN,-1,1000,1,1000,221,221.0,AIC_prepeak_clean,Table_1\results_aic\raw_aic_results.csv
250_-10.0_26,250,-10.0,26,3701774878,ricker,WGN,-1,1000,1,1000,221,221.0,AIC_prepeak_clean,Table_1\results_aic\raw_aic_results.csv
250_-10.0_27,250,-10.0,27,3479591074,ricker,WGN,-1,1000,1,1000,221,221.0,AIC_prepeak_clean,Table_1\results_aic\raw_aic_results.csv
250_-10.0_28,250,-10.0,28,2055628558,ricker,WGN,-1,1000,1,1000,221,221.0,AIC_prepeak_clean,Table_1\results_aic\raw_aic_results.csv
250_-10.0_29,250,-10.0,29,3901485716,ricker,WGN,-1,1000,1,1000,221,221.0,AIC_prepeak_clean,Table_1\results_aic\raw_aic_results.csv
250_-10.0_30,250,-10.0,30,3722072886,ricker,WGN,-1,1000,1,1000,221,221.0,AIC_prepeak_clean,Table_1\results_aic\raw_aic_results.csv
250_-10.0_31,250,-10.0,31,416096824,ricker,WGN,-1,1000,1,1000,221,221.0,AIC_prepeak_clean,Table_1\results_aic\raw_aic_results.csv
250_-10.0_32,250,-10.0,32,4744512,ricker,WGN,-1,1000,1,1000,221,221.0,AIC_prepeak_clean,Table_1\results_aic\raw_aic_results.csv
250_-10.0_33,250,-10.0,33,2144513027,ricker,WGN,-1,1000,1,1000,221,221.0,AIC_prepeak_clean,Table_1\results_aic\raw_aic_results.csv
250_-10.0_34,250,-10.0,34,1231007330,ricker,WGN,-1,1000,1,1000,221,221.0,AIC_prepeak_clean,Table_1\results_aic\raw_aic_results.csv
250_-10.0_35,250,-10.0,35,1712089296,ricker,WGN,-1,1000,1,1000,221,221.0,AIC_prepeak_clean,Table_1\results_aic\raw_aic_results.csv
250_-10.0_36,250,-10.0,36,1744964668,ricker,WGN,-1,1000,1,1000,221,221.0,AIC_prepeak_clean,Table_1\results_aic\raw_aic_results.csv
250_-10.0_37,250,-10.0,37,4126758592,ricker,WGN,-1,1000,1,1000,221,221.0,AIC_prepeak_clean,Table_1\results_aic\raw_aic_results.csv
250_-10.0_38,250,-10.0,38,3199068352,ricker,WGN,-1,1000,1,1000,221,221.0,AIC_prepeak_clean,Table_1\results_aic\raw_aic_results.csv
250_-10.0_39,250,-10.0,39,3607501919,ricker,WGN,-1,1000,1,1000,221,221.0,AIC_prepeak_clean,Table_1\results_aic\raw_aic_results.csv
250_-10.0_40,250,-10.0,40,2145038706,ricker,WGN,-1,1000,1,1000,221,221.0,AIC_prepeak_clean,Table_1\results_aic\raw_aic_results.csv
250_-10.0_41,250,-10.0,41,4106453986,ricker,WGN,-1,1000,1,1000,221,221.0,AIC_prepeak_clean,Table_1\results_aic\raw_aic_results.csv
250_-10.0_42,250,-10.0,42,2303086755,ricker,WGN,-1,1000,1,1000,221,221.0,AIC_prepeak_clean,Table_1\results_aic\raw_aic_results.csv
250_-10.0_43,250,-10.0,43,1468241072,ricker,WGN,-1,1000,1,1000,221,221.0,AIC_prepeak_clean,Table_1\results_aic\raw_aic_results.csv
250_-10.0_44,250,-10.0,44,2677079889,ricker,WGN,-1,1000,1,1000,221,221.0,AIC_prepeak_clean,Table_1\results_aic\raw_aic_results.csv
250_-10.0_45,250,-10.0,45,2314776627,ricker,WGN,-1,1000,1,1000,221,221.0,AIC_prepeak_clean,Table_1\results_aic\raw_aic_results.csv
250_-10.0_46,250,-10.0,46,2276144254,ricker,WGN,-1,1000,1,1000,221,221.0,AIC_prepeak_clean,Table_1\results_aic\raw_aic_results.csv
250_-10.0_47,250,-10.0,47,2908692254,ricker,WGN,-1,1000,1,1000,221,221.0,AIC_prepeak_clean,Table_1\results_aic\raw_aic_results.csv
250_-10.0_48,250,-10.0,48,2369684797,ricker,WGN,-1,1000,1,1000,221,221.0,AIC_prepeak_clean,Table_1\results_aic\raw_aic_results.csv
250_-10.0_49,250,-10.0,49,922125577,ricker,WGN,-1,1000,1,1000,221,221.0,AIC_prepeak_clean,Table_1\results_aic\raw_aic_results.csv
250_-10.0_50,250,-10.0,50,2793058067,ricker,WGN,-1,1000,1,1000,221,221.0,AIC_prepeak_clean,Table_1\results_aic\raw_aic_results.csv
250_-10.0_51,250,-10.0,51,936105187,ricker,WGN,-1,1000,1,1000,221,221.0,AIC_prepeak_clean,Table_1\results_aic\raw_aic_results.csv
250_-10.0_52,250,-10.0,52,1923737399,ricker,WGN,-1,1000,1,1000,221,221.0,AIC_prepeak_clean,Table_1\results_aic\raw_aic_results.csv
250_-10.0_53,250,-10.0,53,1696603798,ricker,WGN,-1,1000,1,1000,221,221.0,AIC_prepeak_clean,Table_1\results_aic\raw_aic_results.csv
250_-10.0_54,250,-10.0,54,3104796038,ricker,WGN,-1,1000,1,1000,221,221.0,AIC_prepeak_clean,Table_1\results_aic\raw_aic_results.csv
250_-10.0_55,250,-10.0,55,1887094927,ricker,WGN,-1,1000,1,1000,221,221.0,AIC_prepeak_clean,Table_1\results_aic\raw_aic_results.csv
250_-10.0_56,250,-10.0,56,901457094,ricker,WGN,-1,1000,1,1000,221,221.0,AIC_prepeak_clean,Table_1\results_aic\raw_aic_results.csv
250_-10.0_57,250,-10.0,57,1513838180,ricker,WGN,-1,1000,1,1000,221,221.0,AIC_prepeak_clean,Table_1\results_aic\raw_aic_results.csv
250_-10.0_58,250,-10.0,58,2395212943,ricker,WGN,-1,1000,1,1000,221,221.0,AIC_prepeak_clean,Table_1\results_aic\raw_aic_results.csv
250_-10.0_59,250,-10.0,59,1393702161,ricker,WGN,-1,1000,1,1000,221,221.0,AIC_prepeak_clean,Table_1\results_aic\raw_aic_results.csv
250_-10.0_60,250,-10.0,60,1222867593,ricker,WGN,-1,1000,1,1000,221,221.0,AIC_prepeak_clean,Table_1\results_aic\raw_aic_results.csv
250_-10.0_61,250,-10.0,61,1726598687,ricker,WGN,-1,1000,1,1000,221,221.0,AIC_prepeak_clean,Table_1\results_aic\raw_aic_results.csv
250_-10.0_62,250,-10.0,62,2494156291,ricker,WGN,-1,1000,1,1000,221,221.0,AIC_prepeak_clean,Table_1\results_aic\raw_aic_results.csv
250_-10.0_63,250,-10.0,63,664490078,ricker,WGN,-1,1000,1,1000,221,221.0,AIC_prepeak_clean,Table_1\results_aic\raw_aic_results.csv
250_-10.0_64,250,-10.0,64,865876428,ricker,WGN,-1,1000,1,1000,221,221.0,AIC_prepeak_clean,Table_1\results_aic\raw_aic_results.csv
250_-10.0_65,250,-10.0,65,3641375000,ricker,WGN,-1,1000,1,1000,221,221.0,AIC_prepeak_clean,Table_1\results_aic\raw_aic_results.csv
250_-10.0_66,250,-10.0,66,798726917,ricker,WGN,-1,1000,1,1000,221,221.0,AIC_prepeak_clean,Table_1\results_aic\raw_aic_results.csv
250_-10.0_67,250,-10.0,67,3943035157,ricker,WGN,-1,1000,1,1000,221,221.0,AIC_prepeak_clean,Table_1\results_aic\raw_aic_results.csv
250_-10.0_68,250,-10.0,68,1003850096,ricker,WGN,-1,1000,1,1000,221,221.0,AIC_prepeak_clean,Table_1\results_aic\raw_aic_results.csv
250_-10.0_69,250,-10.0,69,785018125,ricker,WGN,-1,1000,1,1000,221,221.0,AIC_prepeak_clean,Table_1\results_aic\raw_aic_results.csv
250_-10.0_70,250,-10.0,70,2764399333,ricker,WGN,-1,1000,1,1000,221,221.0,AIC_prepeak_clean,Table_1\results_aic\raw_aic_results.csv
250_-10.0_71,250,-10.0,71,3727332492,ricker,WGN,-1,1000,1,1000,221,221.0,AIC_prepeak_clean,Table_1\results_aic\raw_aic_results.csv
250_-10.0_72,250,-10.0,72,3957458252,ricker,WGN,-1,1000,1,1000,221,221.0,AIC_prepeak_clean,Table_1\results_aic\raw_aic_results.csv
250_-10.0_73,250,-10.0,73,778265033,ricker,WGN,-1,1000,1,1000,221,221.0,AIC_prepeak_clean,Table_1\results_aic\raw_aic_results.csv
250_-10.0_74,250,-10.0,74,3865782303,ricker,WGN,-1,1000,1,1000,221,221.0,AIC_prepeak_clean,Table_1\results_aic\raw_aic_results.csv
250_-10.0_75,250,-10.0,75,2654907914,ricker,WGN,-1,1000,1,1000,221,221.0,AIC_prepeak_clean,Table_1\results_aic\raw_aic_results.csv
250_-10.0_76,250,-10.0,76,2924353266,ricker,WGN,-1,1000,1,1000,221,221.0,AIC_prepeak_clean,Table_1\results_aic\raw_aic_results.csv
250_-10.0_77,250,-10.0,77,16546283,ricker,WGN,-1,1000,1,1000,221,221.0,AIC_prepeak_clean,Table_1\results_aic\raw_aic_results.csv
250_-10.0_78,250,-10.0,78,1607547039,ricker,WGN,-1,1000,1,1000,221,221.0,AIC_prepeak_clean,Table_1\results_aic\raw_aic_results.csv
250_-10.0_79,250,-10.0,79,2848830882,ricker,WGN,-1,1000,1,1000,221,221.0,AIC_prepeak_clean,Table_1\results_aic\raw_aic_results.csv
250_-10.0_80,250,-10.0,80,458487227,ricker,WGN,-1,1000,1,1000,221,221.0,AIC_prepeak_clean,Table_1\results_aic\raw_aic_results.csv
250_-10.0_81,250,-10.0,81,691064871,ricker,WGN,-1,1000,1,1000,221,221.0,AIC_prepeak_clean,Table_1\results_aic\raw_aic_results.csv
250_-10.0_82,250,-10.0,82,1391434707,ricker,WGN,-1,1000,1,1000,221,221.0,AIC_prepeak_clean,Table_1\results_aic\raw_aic_results.csv
250_-10.0_83,250,-10.0,83,1321429871,ricker,WGN,-1,1000,1,1000,221,221.0,AIC_prepeak_clean,Table_1\results_aic\raw_aic_results.csv
250_-10.0_84,250,-10.0,84,2240753241,ricker,WGN,-1,1000,1,1000,221,221.0,AIC_prepeak_clean,Table_1\results_aic\raw_aic_results.csv
250_-10.0_85,250,-10.0,85,1451975430,ricker,WGN,-1,1000,1,1000,221,221.0,AIC_prepeak_clean,Table_1\results_aic\raw_aic_results.csv
250_-10.0_86,250,-10.0,86,771944906,ricker,WGN,-1,1000,1,1000,221,221.0,AIC_prepeak_clean,Table_1\results_aic\raw_aic_results.csv
250_-10.0_87,250,-10.0,87,2711599270,ricker,WGN,-1,1000,1,1000,221,221.0,AIC_prepeak_clean,Table_1\results_aic\raw_aic_results.csv
250_-10.0_88,250,-10.0,88,186440586,ricker,WGN,-1,1000,1,1000,221,221.0,AIC_prepeak_clean,Table_1\results_aic\raw_aic_results.csv
250_-10.0_89,250,-10.0,89,1115861730,ricker,WGN,-1,1000,1,1000,221,221.0,AIC_prepeak_clean,Table_1\results_aic\raw_aic_results.csv
250_-10.0_90,250,-10.0,90,3003376036,ricker,WGN,-1,1000,1,1000,221,221.0,AIC_prepeak_clean,Table_1\results_aic\raw_aic_results.csv
250_-10.0_91,250,-10.0,91,569268043,ricker,WGN,-1,1000,1,1000,221,221.0,AIC_prepeak_clean,Table_1\results_aic\raw_aic_results.csv
250_-10.0_92,250,-10.0,92,1871351730,ricker,WGN,-1,1000,1,1000,221,221.0,AIC_prepeak_clean,Table_1\results_aic\raw_aic_results.csv
250_-10.0_93,250,-10.0,93,4077845688,ricker,WGN,-1,1000,1,1000,221,221.0,AIC_prepeak_clean,Table_1\results_aic\raw_aic_results.csv
250_-10.0_94,250,-10.0,94,431003292,ricker,WGN,-1,1000,1,1000,221,221.0,AIC_prepeak_clean,Table_1\results_aic\raw_aic_results.csv
250_-10.0_95,250,-10.0,95,2584088417,ricker,WGN,-1,1000,1,1000,221,221.0,AIC_prepeak_clean,Table_1\results_aic\raw_aic_results.csv
250_-10.0_96,250,-10.0,96,3841359928,ricker,WGN,-1,1000,1,1000,221,221.0,AIC_prepeak_clean,Table_1\results_aic\raw_aic_results.csv
250_-10.0_97,250,-10.0,97,1363691546,ricker,WGN,-1,1000,1,1000,221,221.0,AIC_prepeak_clean,Table_1\results_aic\raw_aic_results.csv
250_-10.0_98,250,-10.0,98,168867019,ricker,WGN,-1,1000,1,1000,221,221.0,AIC_prepeak_clean,Table_1\results_aic\raw_aic_results.csv
250_-10.0_99,250,-10.0,99,3567473275,ricker,WGN,-1,1000,1,1000,221,221.0,AIC_prepeak_clean,Table_1\results_aic\raw_aic_results.csv
250_-10.0_100,250,-10.0,100,943114067,ricker,WGN,-1,1000,1,1000,221,221.0,AIC_prepeak_clean,Table_1\results_aic\raw_aic_results.csv
250_-10.0_101,250,-10.0,101,302383396,ricker,WGN,-1,1000,1,1000,221,221.0,AIC_prepeak_clean,Table_1\results_aic\raw_aic_results.csv
250_-10.0_102,250,-10.0,102,888740158,ricker,WGN,-1,1000,1,1000,221,221.0,AIC_prepeak_clean,Table_1\results_aic\raw_aic_results.csv
250_-10.0_103,250,-10.0,103,1984492311,ricker,WGN,-1,1000,1,1000,221,221.0,AIC_prepeak_clean,Table_1\results_aic\raw_aic_results.csv
250_-10.0_104,250,-10.0,104,1170591210,ricker,WGN,-1,1000,1,1000,221,221.0,AIC_prepeak_clean,Table_1\results_aic\raw_aic_results.csv
250_-10.0_105,250,-10.0,105,912087090,ricker,WGN,-1,1000,1,1000,221,221.0,AIC_prepeak_clean,Table_1\results_aic\raw_aic_results.csv
250_-10.0_106,250,-10.0,106,297313220,ricker,WGN,-1,1000,1,1000,221,221.0,AIC_prepeak_clean,Table_1\results_aic\raw_aic_results.csv
250_-10.0_107,250,-10.0,107,792297856,ricker,WGN,-1,1000,1,1000,221,221.0,AIC_prepeak_clean,Table_1\results_aic\raw_aic_results.csv
250_-10.0_108,250,-10.0,108,2979906120,ricker,WGN,-1,1000,1,1000,221,221.0,AIC_prepeak_clean,Table_1\results_aic\raw_aic_results.csv
250_-10.0_109,250,-10.0,109,2727302422,ricker,WGN,-1,1000,1,1000,221,221.0,AIC_prepeak_clean,Table_1\results_aic\raw_aic_results.csv
250_-10.0_110,250,-10.0,110,349481086,ricker,WGN,-1,1000,1,1000,221,221.0,AIC_prepeak_clean,Table_1\results_aic\raw_aic_results.csv
250_-10.0_111,250,-10.0,111,2155897730,ricker,WGN,-1,1000,1,1000,221,221.0,AIC_prepeak_clean,Table_1\results_aic\raw_aic_results.csv
250_-10.0_112,250,-10.0,112,2595949094,ricker,WGN,-1,1000,1,1000,221,221.0,AIC_prepeak_clean,Table_1\results_aic\raw_aic_results.csv
250_-10.0_113,250,-10.0,113,2630495745,ricker,WGN,-1,1000,1,1000,221,221.0,AIC_prepeak_clean,Table_1\results_aic\raw_aic_results.csv
250_-10.0_114,250,-10.0,114,3944885725,ricker,WGN,-1,1000,1,1000,221,221.0,AIC_prepeak_clean,Table_1\results_aic\raw_aic_results.csv
250_-10.0_115,250,-10.0,115,856170124,ricker,WGN,-1,1000,1,1000,221,221.0,AIC_prepeak_clean,Table_1\results_aic\raw_aic_results.csv
250_-10.0_116,250,-10.0,116,2439464141,ricker,WGN,-1,1000,1,1000,221,221.0,AIC_prepeak_clean,Table_1\results_aic\raw_aic_results.csv
250_-10.0_117,250,-10.0,117,1551921804,ricker,WGN,-1,1000,1,1000,221,221.0,AIC_prepeak_clean,Table_1\results_aic\raw_aic_results.csv
250_-10.0_118,250,-10.0,118,1788558533,ricker,WGN,-1,1000,1,1000,221,221.0,AIC_prepeak_clean,Table_1\results_aic\raw_aic_results.csv
250_-10.0_119,250,-10.0,119,125643253,ricker,WGN,-1,1000,1,1000,221,221.0,AIC_prepeak_clean,Table_1\results_aic\raw_aic_results.csv
250_-10.0_120,250,-10.0,120,1230719977,ricker,WGN,-1,1000,1,1000,221,221.0,AIC_prepeak_clean,Table_1\results_aic\raw_aic_results.csv
250_-10.0_121,250,-10.0,121,2942678,ricker,WGN,-1,1000,1,1000,221,221.0,AIC_prepeak_clean,Table_1\results_aic\raw_aic_results.csv
250_-10.0_122,250,-10.0,122,2866077801,ricker,WGN,-1,1000,1,1000,221,221.0,AIC_prepeak_clean,Table_1\results_aic\raw_aic_results.csv
250_-10.0_123,250,-10.0,123,2400521330,ricker,WGN,-1,1000,1,1000,221,221.0,AIC_prepeak_clean,Table_1\results_aic\raw_aic_results.csv
250_-10.0_124,250,-10.0,124,158827299,ricker,WGN,-1,1000,1,1000,221,221.0,AIC_prepeak_clean,Table_1\results_aic\raw_aic_results.csv
250_-10.0_125,250,-10.0,125,4210399301,ricker,WGN,-1,1000,1,1000,221,221.0,AIC_prepeak_clean,Table_1\results_aic\raw_aic_results.csv
250_-10.0_126,250,-10.0,126,2953808814,ricker,WGN,-1,1000,1,1000,221,221.0,AIC_prepeak_clean,Table_1\results_aic\raw_aic_results.csv
250_-10.0_127,250,-10.0,127,1023419278,ricker,WGN,-1,1000,1,1000,221,221.0,AIC_prepeak_clean,Table_1\results_aic\raw_aic_results.csv
250_-10.0_128,250,-10.0,128,444807675,ricker,WGN,-1,1000,1,1000,221,221.0,AIC_prepeak_clean,Table_1\results_aic\raw_aic_results.csv
250_-10.0_129,250,-10.0,129,2203835408,ricker,WGN,-1,1000,1,1000,221,221.0,AIC_prepeak_clean,Table_1\results_aic\raw_aic_results.csv
250_-10.0_130,250,-10.0,130,1452620264,ricker,WGN,-1,1000,1,1000,221,221.0,AIC_prepeak_clean,Table_1\results_aic\raw_aic_results.csv
250_-10.0_131,250,-10.0,131,1582519064,ricker,WGN,-1,1000,1,1000,221,221.0,AIC_prepeak_clean,Table_1\results_aic\raw_aic_results.csv
250_-10.0_132,250,-10.0,132,2292574119,ricker,WGN,-1,1000,1,1000,221,221.0,AIC_prepeak_clean,Table_1\results_aic\raw_aic_results.csv
250_-10.0_133,250,-10.0,133,1372632112,ricker,WGN,-1,1000,1,1000,221,221.0,AIC_prepeak_clean,Table_1\results_aic\raw_aic_results.csv
250_-10.0_134,250,-10.0,134,313058480,ricker,WGN,-1,1000,1,1000,221,221.0,AIC_prepeak_clean,Table_1\results_aic\raw_aic_results.csv
250_-10.0_135,250,-10.0,135,608288685,ricker,WGN,-1,1000,1,1000,221,221.0,AIC_prepeak_clean,Table_1\results_aic\raw_aic_results.csv
250_-10.0_136,250,-10.0,136,182460082,ricker,WGN,-1,1000,1,1000,221,221.0,AIC_prepeak_clean,Table_1\results_aic\raw_aic_results.csv
250_-10.0_137,250,-10.0,137,1023004427,ricker,WGN,-1,1000,1,1000,221,221.0,AIC_prepeak_clean,Table_1\results_aic\raw_aic_results.csv
250_-10.0_138,250,-10.0,138,454952230,ricker,WGN,-1,1000,1,1000,221,221.0,AIC_prepeak_clean,Table_1\results_aic\raw_aic_results.csv
250_-10.0_139,250,-10.0,139,4147055126,ricker,WGN,-1,1000,1,1000,221,221.0,AIC_prepeak_clean,Table_1\results_aic\raw_aic_results.csv
250_-10.0_140,250,-10.0,140,314646323,ricker,WGN,-1,1000,1,1000,221,221.0,AIC_prepeak_clean,Table_1\results_aic\raw_aic_results.csv
250_-10.0_141,250,-10.0,141,1518082327,ricker,WGN,-1,1000,1,1000,221,221.0,AIC_prepeak_clean,Table_1\results_aic\raw_aic_results.csv
250_-10.0_142,250,-10.0,142,3413286782,ricker,WGN,-1,1000,1,1000,221,221.0,AIC_prepeak_clean,Table_1\results_aic\raw_aic_results.csv
250_-10.0_143,250,-10.0,143,1254050320,ricker,WGN,-1,1000,1,1000,221,221.0,AIC_prepeak_clean,Table_1\results_aic\raw_aic_results.csv
250_-10.0_144,250,-10.0,144,340225712,ricker,WGN,-1,1000,1,1000,221,221.0,AIC_prepeak_clean,Table_1\results_aic\raw_aic_results.csv
250_-10.0_145,250,-10.0,145,395034649,ricker,WGN,-1,1000,1,1000,221,221.0,AIC_prepeak_clean,Table_1\results_aic\raw_aic_results.csv
250_-10.0_146,250,-10.0,146,3445983335,ricker,WGN,-1,1000,1,1000,221,221.0,AIC_prepeak_clean,Table_1\results_aic\raw_aic_results.csv
250_-10.0_147,250,-10.0,147,2916048020,ricker,WGN,-1,1000,1,1000,221,221.0,AIC_prepeak_clean,Table_1\results_aic\raw_aic_results.csv
250_-10.0_148,250,-10.0,148,631871065,ricker,WGN,-1,1000,1,1000,221,221.0,AIC_prepeak_clean,Table_1\results_aic\raw_aic_results.csv
250_-10.0_149,250,-10.0,149,3644805270,ricker,WGN,-1,1000,1,1000,221,221.0,AIC_prepeak_clean,Table_1\results_aic\raw_aic_results.csv
250_-10.0_150,250,-10.0,150,1022169949,ricker,WGN,-1,1000,1,1000,221,221.0,AIC_prepeak_clean,Table_1\results_aic\raw_aic_results.csv
250_-10.0_151,250,-10.0,151,800627255,ricker,WGN,-1,1000,1,1000,221,221.0,AIC_prepeak_clean,Table_1\results_aic\raw_aic_results.csv
250_-10.0_152,250,-10.0,152,2628843388,ricker,WGN,-1,1000,1,1000,221,221.0,AIC_prepeak_clean,Table_1\results_aic\raw_aic_results.csv
250_-10.0_153,250,-10.0,153,2669823646,ricker,WGN,-1,1000,1,1000,221,221.0,AIC_prepeak_clean,Table_1\results_aic\raw_aic_results.csv
250_-10.0_154,250,-10.0,154,505759340,ricker,WGN,-1,1000,1,1000,221,221.0,AIC_prepeak_clean,Table_1\results_aic\raw_aic_results.csv
250_-10.0_155,250,-10.0,155,3374090143,ricker,WGN,-1,1000,1,1000,221,221.0,AIC_prepeak_clean,Table_1\results_aic\raw_aic_results.csv
250_-10.0_156,250,-10.0,156,2302975892,ricker,WGN,-1,1000,1,1000,221,221.0,AIC_prepeak_clean,Table_1\results_aic\raw_aic_results.csv
250_-10.0_157,250,-10.0,157,1789896491,ricker,WGN,-1,1000,1,1000,221,221.0,AIC_prepeak_clean,Table_1\results_aic\raw_aic_results.csv
250_-10.0_158,250,-10.0,158,3130390926,ricker,WGN,-1,1000,1,1000,221,221.0,AIC_prepeak_clean,Table_1\results_aic\raw_aic_results.csv
250_-10.0_159,250,-10.0,159,2630403844,ricker,WGN,-1,1000,1,1000,221,221.0,AIC_prepeak_clean,Table_1\results_aic\raw_aic_results.csv
250_-10.0_160,250,-10.0,160,3894056547,ricker,WGN,-1,1000,1,1000,221,221.0,AIC_prepeak_clean,Table_1\results_aic\raw_aic_results.csv
250_-10.0_161,250,-10.0,161,2448018083,ricker,WGN,-1,1000,1,1000,221,221.0,AIC_prepeak_clean,Table_1\results_aic\raw_aic_results.csv
250_-10.0_162,250,-10.0,162,3388618,ricker,WGN,-1,1000,1,1000,221,221.0,AIC_prepeak_clean,Table_1\results_aic\raw_aic_results.csv
250_-10.0_163,250,-10.0,163,4005682790,ricker,WGN,-1,1000,1,1000,221,221.0,AIC_prepeak_clean,Table_1\results_aic\raw_aic_results.csv
250_-10.0_164,250,-10.0,164,2730096352,ricker,WGN,-1,1000,1,1000,221,221.0,AIC_prepeak_clean,Table_1\results_aic\raw_aic_results.csv
250_-10.0_165,250,-10.0,165,2974572606,ricker,WGN,-1,1000,1,1000,221,221.0,AIC_prepeak_clean,Table_1\results_aic\raw_aic_results.csv
250_-10.0_166,250,-10.0,166,540976297,ricker,WGN,-1,1000,1,1000,221,221.0,AIC_prepeak_clean,Table_1\results_aic\raw_aic_results.csv
250_-10.0_167,250,-10.0,167,1328071871,ricker,WGN,-1,1000,1,1000,221,221.0,AIC_prepeak_clean,Table_1\results_aic\raw_aic_results.csv
250_-10.0_168,250,-10.0,168,724408204,ricker,WGN,-1,1000,1,1000,221,221.0,AIC_prepeak_clean,Table_1\results_aic\raw_aic_results.csv
250_-10.0_169,250,-10.0,169,1199454666,ricker,WGN,-1,1000,1,1000,221,221.0,AIC_prepeak_clean,Table_1\results_aic\raw_aic_results.csv
250_-10.0_170,250,-10.0,170,1386958653,ricker,WGN,-1,1000,1,1000,221,221.0,AIC_prepeak_clean,Table_1\results_aic\raw_aic_results.csv
250_-10.0_171,250,-10.0,171,3858249467,ricker,WGN,-1,1000,1,1000,221,221.0,AIC_prepeak_clean,Table_1\results_aic\raw_aic_results.csv
250_-10.0_172,250,-10.0,172,3265603514,ricker,WGN,-1,1000,1,1000,221,221.0,AIC_prepeak_clean,Table_1\results_aic\raw_aic_results.csv
250_-10.0_173,250,-10.0,173,1297044281,ricker,WGN,-1,1000,1,1000,221,221.0,AIC_prepeak_clean,Table_1\results_aic\raw_aic_results.csv
250_-10.0_174,250,-10.0,174,2618205640,ricker,WGN,-1,1000,1,1000,221,221.0,AIC_prepeak_clean,Table_1\results_aic\raw_aic_results.csv
250_-10.0_175,250,-10.0,175,3644867841,ricker,WGN,-1,1000,1,1000,221,221.0,AIC_prepeak_clean,Table_1\results_aic\raw_aic_results.csv
250_-10.0_176,250,-10.0,176,1171688907,ricker,WGN,-1,1000,1,1000,221,221.0,AIC_prepeak_clean,Table_1\results_aic\raw_aic_results.csv
250_-10.0_177,250,-10.0,177,3531486994,ricker,WGN,-1,1000,1,1000,221,221.0,AIC_prepeak_clean,Table_1\results_aic\raw_aic_results.csv
250_-10.0_178,250,-10.0,178,3153189540,ricker,WGN,-1,1000,1,1000,221,221.0,AIC_prepeak_clean,Table_1\results_aic\raw_aic_results.csv
250_-10.0_179,250,-10.0,179,1236341925,ricker,WGN,-1,1000,1,1000,221,221.0,AIC_prepeak_clean,Table_1\results_aic\raw_aic_results.csv
250_-10.0_180,250,-10.0,180,1009066182,ricker,WGN,-1,1000,1,1000,221,221.0,AIC_prepeak_clean,Table_1\results_aic\raw_aic_results.csv
250_-10.0_181,250,-10.0,181,598708467,ricker,WGN,-1,1000,1,1000,221,221.0,AIC_prepeak_clean,Table_1\results_aic\raw_aic_results.csv
250_-10.0_182,250,-10.0,182,1519305110,ricker,WGN,-1,1000,1,1000,221,221.0,AIC_prepeak_clean,Table_1\results_aic\raw_aic_results.csv
250_-10.0_183,250,-10.0,183,2350525533,ricker,WGN,-1,1000,1,1000,221,221.0,AIC_prepeak_clean,Table_1\results_aic\raw_aic_results.csv
250_-10.0_184,250,-10.0,184,3998624566,ricker,WGN,-1,1000,1,1000,221,221.0,AIC_prepeak_clean,Table_1\results_aic\raw_aic_results.csv
250_-10.0_185,250,-10.0,185,3963080649,ricker,WGN,-1,1000,1,1000,221,221.0,AIC_prepeak_clean,Table_1\results_aic\raw_aic_results.csv
250_-10.0_186,250,-10.0,186,1890224342,ricker,WGN,-1,1000,1,1000,221,221.0,AIC_prepeak_clean,Table_1\results_aic\raw_aic_results.csv
250_-10.0_187,250,-10.0,187,3347372720,ricker,WGN,-1,1000,1,1000,221,221.0,AIC_prepeak_clean,Table_1\results_aic\raw_aic_results.csv
250_-10.0_188,250,-10.0,188,394697294,ricker,WGN,-1,1000,1,1000,221,221.0,AIC_prepeak_clean,Table_1\results_aic\raw_aic_results.csv
250_-10.0_189,250,-10.0,189,295534698,ricker,WGN,-1,1000,1,1000,221,221.0,AIC_prepeak_clean,Table_1\results_aic\raw_aic_results.csv
250_-10.0_190,250,-10.0,190,155586147,ricker,WGN,-1,1000,1,1000,221,221.0,AIC_prepeak_clean,Table_1\results_aic\raw_aic_results.csv
250_-10.0_191,250,-10.0,191,3714196659,ricker,WGN,-1,1000,1,1000,221,221.0,AIC_prepeak_clean,Table_1\results_aic\raw_aic_results.csv
250_-10.0_192,250,-10.0,192,2823156762,ricker,WGN,-1,1000,1,1000,221,221.0,AIC_prepeak_clean,Table_1\results_aic\raw_aic_results.csv
250_-10.0_193,250,-10.0,193,2816348103,ricker,WGN,-1,1000,1,1000,221,221.0,AIC_prepeak_clean,Table_1\results_aic\raw_aic_results.csv
250_-10.0_194,250,-10.0,194,2348656124,ricker,WGN,-1,1000,1,1000,221,221.0,AIC_prepeak_clean,Table_1\results_aic\raw_aic_results.csv
250_-10.0_195,250,-10.0,195,867757216,ricker,WGN,-1,1000,1,1000,221,221.0,AIC_prepeak_clean,Table_1\results_aic\raw_aic_results.csv
250_-10.0_196,250,-10.0,196,3720896388,ricker,WGN,-1,1000,1,1000,221,221.0,AIC_prepeak_clean,Table_1\results_aic\raw_aic_results.csv
250_-10.0_197,250,-10.0,197,2328984255,ricker,WGN,-1,1000,1,1000,221,221.0,AIC_prepeak_clean,Table_1\results_aic\raw_aic_results.csv
250_-10.0_198,250,-10.0,198,824125715,ricker,WGN,-1,1000,1,1000,221,221.0,AIC_prepeak_clean,Table_1\results_aic\raw_aic_results.csv
250_-10.0_199,250,-10.0,199,1148152650,ricker,WGN,-1,1000,1,1000,221,221.0,AIC_prepeak_clean,Table_1\results_aic\raw_aic_results.csv
250_-8.0_0,250,-8.0,0,2197621386,ricker,WGN,-1,1000,1,1000,221,221.0,AIC_prepeak_clean,Table_1\results_aic\raw_aic_results.csv
250_-8.0_1,250,-8.0,1,592993214,ricker,WGN,-1,1000,1,1000,221,221.0,AIC_prepeak_clean,Table_1\results_aic\raw_aic_results.csv
250_-8.0_2,250,-8.0,2,2694296863,ricker,WGN,-1,1000,1,1000,221,221.0,AIC_prepeak_clean,Table_1\results_aic\raw_aic_results.csv
250_-8.0_3,250,-8.0,3,82119725,ricker,WGN,-1,1000,1,1000,221,221.0,AIC_prepeak_clean,Table_1\results_aic\raw_aic_results.csv
250_-8.0_4,250,-8.0,4,3707430452,ricker,WGN,-1,1000,1,1000,221,221.0,AIC_prepeak_clean,Table_1\results_aic\raw_aic_results.csv
250_-8.0_5,250,-8.0,5,4086878869,ricker,WGN,-1,1000,1,1000,221,221.0,AIC_prepeak_clean,Table_1\results_aic\raw_aic_results.csv
250_-8.0_6,250,-8.0,6,2533246454,ricker,WGN,-1,1000,1,1000,221,221.0,AIC_prepeak_clean,Table_1\results_aic\raw_aic_results.csv
250_-8.0_7,250,-8.0,7,299305160,ricker,WGN,-1,1000,1,1000,221,221.0,AIC_prepeak_clean,Table_1\results_aic\raw_aic_results.csv
250_-8.0_8,250,-8.0,8,3021416275,ricker,WGN,-1,1000,1,1000,221,221.0,AIC_prepeak_clean,Table_1\results_aic\raw_aic_results.csv
250_-8.0_9,250,-8.0,9,3344081702,ricker,WGN,-1,1000,1,1000,221,221.0,AIC_prepeak_clean,Table_1\results_aic\raw_aic_results.csv
250_-8.0_10,250,-8.0,10,1359021064,ricker,WGN,-1,1000,1,1000,221,221.0,AIC_prepeak_clean,Table_1\results_aic\raw_aic_results.csv
250_-8.0_11,250,-8.0,11,94103137,ricker,WGN,-1,1000,1,1000,221,221.0,AIC_prepeak_clean,Table_1\results_aic\raw_aic_results.csv
250_-8.0_12,250,-8.0,12,711373919,ricker,WGN,-1,1000,1,1000,221,221.0,AIC_prepeak_clean,Table_1\results_aic\raw_aic_results.csv
250_-8.0_13,250,-8.0,13,4057111548,ricker,WGN,-1,1000,1,1000,221,221.0,AIC_prepeak_clean,Table_1\results_aic\raw_aic_results.csv
250_-8.0_14,250,-8.0,14,74684644,ricker,WGN,-1,1000,1,1000,221,221.0,AIC_prepeak_clean,Table_1\results_aic\raw_aic_results.csv
250_-8.0_15,250,-8.0,15,1540379749,ricker,WGN,-1,1000,1,1000,221,221.0,AIC_prepeak_clean,Table_1\results_aic\raw_aic_results.csv
250_-8.0_16,250,-8.0,16,38079185,ricker,WGN,-1,1000,1,1000,221,221.0,AIC_prepeak_clean,Table_1\results_aic\raw_aic_results.csv
250_-8.0_17,250,-8.0,17,3247570460,ricker,WGN,-1,1000,1,1000,221,221.0,AIC_prepeak_clean,Table_1\results_aic\raw_aic_results.csv
250_-8.0_18,250,-8.0,18,4265629978,ricker,WGN,-1,1000,1,1000,221,221.0,AIC_prepeak_clean,Table_1\results_aic\raw_aic_results.csv
250_-8.0_19,250,-8.0,19,1564032410,ricker,WGN,-1,1000,1,1000,221,221.0,AIC_prepeak_clean,Table_1\results_aic\raw_aic_results.csv
250_-8.0_20,250,-8.0,20,685755567,ricker,WGN,-1,1000,1,1000,221,221.0,AIC_prepeak_clean,Table_1\results_aic\raw_aic_results.csv
250_-8.0_21,250,-8.0,21,2490235110,ricker,WGN,-1,1000,1,1000,221,221.0,AIC_prepeak_clean,Table_1\results_aic\raw_aic_results.csv
250_-8.0_22,250,-8.0,22,3698546074,ricker,WGN,-1,1000,1,1000,221,221.0,AIC_prepeak_clean,Table_1\results_aic\raw_aic_results.csv
250_-8.0_23,250,-8.0,23,4124710364,ricker,WGN,-1,1000,1,1000,221,221.0,AIC_prepeak_clean,Table_1\results_aic\raw_aic_results.csv
250_-8.0_24,250,-8.0,24,4044994617,ricker,WGN,-1,1000,1,1000,221,221.0,AIC_prepeak_clean,Table_1\results_aic\raw_aic_results.csv
250_-8.0_25,250,-8.0,25,1382157393,ricker,WGN,-1,1000,1,1000,221,221.0,AIC_prepeak_clean,Table_1\results_aic\raw_aic_results.csv
250_-8.0_26,250,-8.0,26,2220328920,ricker,WGN,-1,1000,1,1000,221,221.0,AIC_prepeak_clean,Table_1\results_aic\raw_aic_results.csv
250_-8.0_27,250,-8.0,27,2866965798,ricker,WGN,-1,1000,1,1000,221,221.0,AIC_prepeak_clean,Table_1\results_aic\raw_aic_results.csv
250_-8.0_28,250,-8.0,28,2241937900,ricker,WGN,-1,1000,1,1000,221,221.0,AIC_prepeak_clean,Table_1\results_aic\raw_aic_results.csv
250_-8.0_29,250,-8.0,29,2602238285,ricker,WGN,-1,1000,1,1000,221,221.0,AIC_prepeak_clean,Table_1\results_aic\raw_aic_results.csv
250_-8.0_30,250,-8.0,30,2466622636,ricker,WGN,-1,1000,1,1000,221,221.0,AIC_prepeak_clean,Table_1\results_aic\raw_aic_results.csv
250_-8.0_31,250,-8.0,31,1019671698,ricker,WGN,-1,1000,1,1000,221,221.0,AIC_prepeak_clean,Table_1\results_aic\raw_aic_results.csv
250_-8.0_32,250,-8.0,32,1143008021,ricker,WGN,-1,1000,1,1000,221,221.0,AIC_prepeak_clean,Table_1\results_aic\raw_aic_results.csv
250_-8.0_33,250,-8.0,33,2932759051,ricker,WGN,-1,1000,1,1000,221,221.0,AIC_prepeak_clean,Table_1\results_aic\raw_aic_results.csv
250_-8.0_34,250,-8.0,34,1578933900,ricker,WGN,-1,1000,1,1000,221,221.0,AIC_prepeak_clean,Table_1\results_aic\raw_aic_results.csv
250_-8.0_35,250,-8.0,35,2689120470,ricker,WGN,-1,1000,1,1000,221,221.0,AIC_prepeak_clean,Table_1\results_aic\raw_aic_results.csv
250_-8.0_36,250,-8.0,36,3649011022,ricker,WGN,-1,1000,1,1000,221,221.0,AIC_prepeak_clean,Table_1\results_aic\raw_aic_results.csv
250_-8.0_37,250,-8.0,37,2111902011,ricker,WGN,-1,1000,1,1000,221,221.0,AIC_prepeak_clean,Table_1\results_aic\raw_aic_results.csv
250_-8.0_38,250,-8.0,38,1946435912,ricker,WGN,-1,1000,1,1000,221,221.0,AIC_prepeak_clean,Table_1\results_aic\raw_aic_results.csv
250_-8.0_39,250,-8.0,39,3254870394,ricker,WGN,-1,1000,1,1000,221,221.0,AIC_prepeak_clean,Table_1\results_aic\raw_aic_results.csv
250_-8.0_40,250,-8.0,40,3717412003,ricker,WGN,-1,1000,1,1000,221,221.0,AIC_prepeak_clean,Table_1\results_aic\raw_aic_results.csv
250_-8.0_41,250,-8.0,41,544515532,ricker,WGN,-1,1000,1,1000,221,221.0,AIC_prepeak_clean,Table_1\results_aic\raw_aic_results.csv
250_-8.0_42,250,-8.0,42,1617272963,ricker,WGN,-1,1000,1,1000,221,221.0,AIC_prepeak_clean,Table_1\results_aic\raw_aic_results.csv
250_-8.0_43,250,-8.0,43,3531661377,ricker,WGN,-1,1000,1,1000,221,221.0,AIC_prepeak_clean,Table_1\results_aic\raw_aic_results.csv
250_-8.0_44,250,-8.0,44,2158887582,ricker,WGN,-1,1000,1,1000,221,221.0,AIC_prepeak_clean,Table_1\results_aic\raw_aic_results.csv
250_-8.0_45,250,-8.0,45,3110022028,ricker,WGN,-1,1000,1,1000,221,221.0,AIC_prepeak_clean,Table_1\results_aic\raw_aic_results.csv
250_-8.0_46,250,-8.0,46,2736125738,ricker,WGN,-1,1000,1,1000,221,221.0,AIC_prepeak_clean,Table_1\results_aic\raw_aic_results.csv
250_-8.0_47,250,-8.0,47,3238843033,ricker,WGN,-1,1000,1,1000,221,221.0,AIC_prepeak_clean,Table_1\results_aic\raw_aic_results.csv
250_-8.0_48,250,-8.0,48,3761903922,ricker,WGN,-1,1000,1,1000,221,221.0,AIC_prepeak_clean,Table_1\results_aic\raw_aic_results.csv
250_-8.0_49,250,-8.0,49,2253306353,ricker,WGN,-1,1000,1,1000,221,221.0,AIC_prepeak_clean,Table_1\results_aic\raw_aic_results.csv
250_-8.0_50,250,-8.0,50,1946173009,ricker,WGN,-1,1000,1,1000,221,221.0,AIC_prepeak_clean,Table_1\results_aic\raw_aic_results.csv
250_-8.0_51,250,-8.0,51,4103542944,ricker,WGN,-1,1000,1,1000,221,221.0,AIC_prepeak_clean,Table_1\results_aic\raw_aic_results.csv
250_-8.0_52,250,-8.0,52,1885375864,ricker,WGN,-1,1000,1,1000,221,221.0,AIC_prepeak_clean,Table_1\results_aic\raw_aic_results.csv
250_-8.0_53,250,-8.0,53,4272287349,ricker,WGN,-1,1000,1,1000,221,221.0,AIC_prepeak_clean,Table_1\results_aic\raw_aic_results.csv
250_-8.0_54,250,-8.0,54,1259801349,ricker,WGN,-1,1000,1,1000,221,221.0,AIC_prepeak_clean,Table_1\results_aic\raw_aic_results.csv
250_-8.0_55,250,-8.0,55,1778524640,ricker,WGN,-1,1000,1,1000,221,221.0,AIC_prepeak_clean,Table_1\results_aic\raw_aic_results.csv
250_-8.0_56,250,-8.0,56,250226519,ricker,WGN,-1,1000,1,1000,221,221.0,AIC_prepeak_clean,Table_1\results_aic\raw_aic_results.csv
250_-8.0_57,250,-8.0,57,865954689,ricker,WGN,-1,1000,1,1000,221,221.0,AIC_prepeak_clean,Table_1\results_aic\raw_aic_results.csv
250_-8.0_58,250,-8.0,58,4191086999,ricker,WGN,-1,1000,1,1000,221,221.0,AIC_prepeak_clean,Table_1\results_aic\raw_aic_results.csv
250_-8.0_59,250,-8.0,59,1677009738,ricker,WGN,-1,1000,1,1000,221,221.0,AIC_prepeak_clean,Table_1\results_aic\raw_aic_results.csv
250_-8.0_60,250,-8.0,60,1945853179,ricker,WGN,-1,1000,1,1000,221,221.0,AIC_prepeak_clean,Table_1\results_aic\raw_aic_results.csv
250_-8.0_61,250,-8.0,61,2446765392,ricker,WGN,-1,1000,1,1000,221,221.0,AIC_prepeak_clean,Table_1\results_aic\raw_aic_results.csv
250_-8.0_62,250,-8.0,62,2563799207,ricker,WGN,-1,1000,1,1000,221,221.0,AIC_prepeak_clean,Table_1\results_aic\raw_aic_results.csv
250_-8.0_63,250,-8.0,63,1620546291,ricker,WGN,-1,1000,1,1000,221,221.0,AIC_prepeak_clean,Table_1\results_aic\raw_aic_results.csv
250_-8.0_64,250,-8.0,64,2364724211,ricker,WGN,-1,1000,1,1000,221,221.0,AIC_prepeak_clean,Table_1\results_aic\raw_aic_results.csv
250_-8.0_65,250,-8.0,65,3692991388,ricker,WGN,-1,1000,1,1000,221,221.0,AIC_prepeak_clean,Table_1\results_aic\raw_aic_results.csv
250_-8.0_66,250,-8.0,66,228620453,ricker,WGN,-1,1000,1,1000,221,221.0,AIC_prepeak_clean,Table_1\results_aic\raw_aic_results.csv
250_-8.0_67,250,-8.0,67,3720621284,ricker,WGN,-1,1000,1,1000,221,221.0,AIC_prepeak_clean,Table_1\results_aic\raw_aic_results.csv
250_-8.0_68,250,-8.0,68,3799367438,ricker,WGN,-1,1000,1,1000,221,221.0,AIC_prepeak_clean,Table_1\results_aic\raw_aic_results.csv
250_-8.0_69,250,-8.0,69,4085697106,ricker,WGN,-1,1000,1,1000,221,221.0,AIC_prepeak_clean,Table_1\results_aic\raw_aic_results.csv
250_-8.0_70,250,-8.0,70,3323593768,ricker,WGN,-1,1000,1,1000,221,221.0,AIC_prepeak_clean,Table_1\results_aic\raw_aic_results.csv
250_-8.0_71,250,-8.0,71,3745405937,ricker,WGN,-1,1000,1,1000,221,221.0,AIC_prepeak_clean,Table_1\results_aic\raw_aic_results.csv
250_-8.0_72,250,-8.0,72,1511856296,ricker,WGN,-1,1000,1,1000,221,221.0,AIC_prepeak_clean,Table_1\results_aic\raw_aic_results.csv
250_-8.0_73,250,-8.0,73,3692814329,ricker,WGN,-1,1000,1,1000,221,221.0,AIC_prepeak_clean,Table_1\results_aic\raw_aic_results.csv
250_-8.0_74,250,-8.0,74,1743858832,ricker,WGN,-1,1000,1,1000,221,221.0,AIC_prepeak_clean,Table_1\results_aic\raw_aic_results.csv
250_-8.0_75,250,-8.0,75,984357799,ricker,WGN,-1,1000,1,1000,221,221.0,AIC_prepeak_clean,Table_1\results_aic\raw_aic_results.csv
250_-8.0_76,250,-8.0,76,3198501795,ricker,WGN,-1,1000,1,1000,221,221.0,AIC_prepeak_clean,Table_1\results_aic\raw_aic_results.csv
250_-8.0_77,250,-8.0,77,1763873617,ricker,WGN,-1,1000,1,1000,221,221.0,AIC_prepeak_clean,Table_1\results_aic\raw_aic_results.csv
250_-8.0_78,250,-8.0,78,1520775603,ricker,WGN,-1,1000,1,1000,221,221.0,AIC_prepeak_clean,Table_1\results_aic\raw_aic_results.csv
250_-8.0_79,250,-8.0,79,1705276842,ricker,WGN,-1,1000,1,1000,221,221.0,AIC_prepeak_clean,Table_1\results_aic\raw_aic_results.csv
250_-8.0_80,250,-8.0,80,1396458074,ricker,WGN,-1,1000,1,1000,221,221.0,AIC_prepeak_clean,Table_1\results_aic\raw_aic_results.csv
250_-8.0_81,250,-8.0,81,1635762958,ricker,WGN,-1,1000,1,1000,221,221.0,AIC_prepeak_clean,Table_1\results_aic\raw_aic_results.csv
250_-8.0_82,250,-8.0,82,2727956690,ricker,WGN,-1,1000,1,1000,221,221.0,AIC_prepeak_clean,Table_1\results_aic\raw_aic_results.csv
250_-8.0_83,250,-8.0,83,3795701181,ricker,WGN,-1,1000,1,1000,221,221.0,AIC_prepeak_clean,Table_1\results_aic\raw_aic_results.csv
250_-8.0_84,250,-8.0,84,3110262020,ricker,WGN,-1,1000,1,1000,221,221.0,AIC_prepeak_clean,Table_1\results_aic\raw_aic_results.csv
250_-8.0_85,250,-8.0,85,3738485798,ricker,WGN,-1,1000,1,1000,221,221.0,AIC_prepeak_clean,Table_1\results_aic\raw_aic_results.csv
250_-8.0_86,250,-8.0,86,622213477,ricker,WGN,-1,1000,1,1000,221,221.0,AIC_prepeak_clean,Table_1\results_aic\raw_aic_results.csv
250_-8.0_87,250,-8.0,87,1378768283,ricker,WGN,-1,1000,1,1000,221,221.0,AIC_prepeak_clean,Table_1\results_aic\raw_aic_results.csv
250_-8.0_88,250,-8.0,88,45854289,ricker,WGN,-1,1000,1,1000,221,221.0,AIC_prepeak_clean,Table_1\results_aic\raw_aic_results.csv
250_-8.0_89,250,-8.0,89,1599812242,ricker,WGN,-1,1000,1,1000,221,221.0,AIC_prepeak_clean,Table_1\results_aic\raw_aic_results.csv
250_-8.0_90,250,-8.0,90,3093732609,ricker,WGN,-1,1000,1,1000,221,221.0,AIC_prepeak_clean,Table_1\results_aic\raw_aic_results.csv
250_-8.0_91,250,-8.0,91,2279633086,ricker,WGN,-1,1000,1,1000,221,221.0,AIC_prepeak_clean,Table_1\results_aic\raw_aic_results.csv
250_-8.0_92,250,-8.0,92,3015775868,ricker,WGN,-1,1000,1,1000,221,221.0,AIC_prepeak_clean,Table_1\results_aic\raw_aic_results.csv
250_-8.0_93,250,-8.0,93,741702782,ricker,WGN,-1,1000,1,1000,221,221.0,AIC_prepeak_clean,Table_1\results_aic\raw_aic_results.csv
250_-8.0_94,250,-8.0,94,1665643391,ricker,WGN,-1,1000,1,1000,221,221.0,AIC_prepeak_clean,Table_1\results_aic\raw_aic_results.csv
250_-8.0_95,250,-8.0,95,3411727704,ricker,WGN,-1,1000,1,1000,221,221.0,AIC_prepeak_clean,Table_1\results_aic\raw_aic_results.csv
250_-8.0_96,250,-8.0,96,4165848733,ricker,WGN,-1,1000,1,1000,221,221.0,AIC_prepeak_clean,Table_1\results_aic\raw_aic_results.csv
250_-8.0_97,250,-8.0,97,914795981,ricker,WGN,-1,1000,1,1000,221,221.0,AIC_prepeak_clean,Table_1\results_aic\raw_aic_results.csv
250_-8.0_98,250,-8.0,98,346421630,ricker,WGN,-1,1000,1,1000,221,221.0,AIC_prepeak_clean,Table_1\results_aic\raw_aic_results.csv
250_-8.0_99,250,-8.0,99,3608208950,ricker,WGN,-1,1000,1,1000,221,221.0,AIC_prepeak_clean,Table_1\results_aic\raw_aic_results.csv
250_-8.0_100,250,-8.0,100,1931820915,ricker,WGN,-1,1000,1,1000,221,221.0,AIC_prepeak_clean,Table_1\results_aic\raw_aic_results.csv
250_-8.0_101,250,-8.0,101,1125586839,ricker,WGN,-1,1000,1,1000,221,221.0,AIC_prepeak_clean,Table_1\results_aic\raw_aic_results.csv
250_-8.0_102,250,-8.0,102,2180025174,ricker,WGN,-1,1000,1,1000,221,221.0,AIC_prepeak_clean,Table_1\results_aic\raw_aic_results.csv
250_-8.0_103,250,-8.0,103,470737844,ricker,WGN,-1,1000,1,1000,221,221.0,AIC_prepeak_clean,Table_1\results_aic\raw_aic_results.csv
250_-8.0_104,250,-8.0,104,1892726949,ricker,WGN,-1,1000,1,1000,221,221.0,AIC_prepeak_clean,Table_1\results_aic\raw_aic_results.csv
250_-8.0_105,250,-8.0,105,1449068841,ricker,WGN,-1,1000,1,1000,221,221.0,AIC_prepeak_clean,Table_1\results_aic\raw_aic_results.csv
250_-8.0_106,250,-8.0,106,3024870108,ricker,WGN,-1,1000,1,1000,221,221.0,AIC_prepeak_clean,Table_1\results_aic\raw_aic_results.csv
250_-8.0_107,250,-8.0,107,155458293,ricker,WGN,-1,1000,1,1000,221,221.0,AIC_prepeak_clean,Table_1\results_aic\raw_aic_results.csv
250_-8.0_108,250,-8.0,108,3388157703,ricker,WGN,-1,1000,1,1000,221,221.0,AIC_prepeak_clean,Table_1\results_aic\raw_aic_results.csv
250_-8.0_109,250,-8.0,109,1639460619,ricker,WGN,-1,1000,1,1000,221,221.0,AIC_prepeak_clean,Table_1\results_aic\raw_aic_results.csv
250_-8.0_110,250,-8.0,110,650268825,ricker,WGN,-1,1000,1,1000,221,221.0,AIC_prepeak_clean,Table_1\results_aic\raw_aic_results.csv
250_-8.0_111,250,-8.0,111,4237865880,ricker,WGN,-1,1000,1,1000,221,221.0,AIC_prepeak_clean,Table_1\results_aic\raw_aic_results.csv
250_-8.0_112,250,-8.0,112,2041183921,ricker,WGN,-1,1000,1,1000,221,221.0,AIC_prepeak_clean,Table_1\results_aic\raw_aic_results.csv
250_-8.0_113,250,-8.0,113,2872252789,ricker,WGN,-1,1000,1,1000,221,221.0,AIC_prepeak_clean,Table_1\results_aic\raw_aic_results.csv
250_-8.0_114,250,-8.0,114,283023987,ricker,WGN,-1,1000,1,1000,221,221.0,AIC_prepeak_clean,Table_1\results_aic\raw_aic_results.csv
250_-8.0_115,250,-8.0,115,4101894931,ricker,WGN,-1,1000,1,1000,221,221.0,AIC_prepeak_clean,Table_1\results_aic\raw_aic_results.csv
250_-8.0_116,250,-8.0,116,527252123,ricker,WGN,-1,1000,1,1000,221,221.0,AIC_prepeak_clean,Table_1\results_aic\raw_aic_results.csv
250_-8.0_117,250,-8.0,117,953700820,ricker,WGN,-1,1000,1,1000,221,221.0,AIC_prepeak_clean,Table_1\results_aic\raw_aic_results.csv
250_-8.0_118,250,-8.0,118,2808503029,ricker,WGN,-1,1000,1,1000,221,221.0,AIC_prepeak_clean,Table_1\results_aic\raw_aic_results.csv
250_-8.0_119,250,-8.0,119,361498151,ricker,WGN,-1,1000,1,1000,221,221.0,AIC_prepeak_clean,Table_1\results_aic\raw_aic_results.csv
250_-8.0_120,250,-8.0,120,3244181321,ricker,WGN,-1,1000,1,1000,221,221.0,AIC_prepeak_clean,Table_1\results_aic\raw_aic_results.csv
250_-8.0_121,250,-8.0,121,1682134478,ricker,WGN,-1,1000,1,1000,221,221.0,AIC_prepeak_clean,Table_1\results_aic\raw_aic_results.csv
250_-8.0_122,250,-8.0,122,2955624197,ricker,WGN,-1,1000,1,1000,221,221.0,AIC_prepeak_clean,Table_1\results_aic\raw_aic_results.csv
250_-8.0_123,250,-8.0,123,1518205744,ricker,WGN,-1,1000,1,1000,221,221.0,AIC_prepeak_clean,Table_1\results_aic\raw_aic_results.csv
250_-8.0_124,250,-8.0,124,2459804905,ricker,WGN,-1,1000,1,1000,221,221.0,AIC_prepeak_clean,Table_1\results_aic\raw_aic_results.csv
250_-8.0_125,250,-8.0,125,4029279331,ricker,WGN,-1,1000,1,1000,221,221.0,AIC_prepeak_clean,Table_1\results_aic\raw_aic_results.csv
250_-8.0_126,250,-8.0,126,3491761266,ricker,WGN,-1,1000,1,1000,221,221.0,AIC_prepeak_clean,Table_1\results_aic\raw_aic_results.csv
250_-8.0_127,250,-8.0,127,772893490,ricker,WGN,-1,1000,1,1000,221,221.0,AIC_prepeak_clean,Table_1\results_aic\raw_aic_results.csv
250_-8.0_128,250,-8.0,128,1120977309,ricker,WGN,-1,1000,1,1000,221,221.0,AIC_prepeak_clean,Table_1\results_aic\raw_aic_results.csv
250_-8.0_129,250,-8.0,129,587897167,ricker,WGN,-1,1000,1,1000,221,221.0,AIC_prepeak_clean,Table_1\results_aic\raw_aic_results.csv
250_-8.0_130,250,-8.0,130,3560557597,ricker,WGN,-1,1000,1,1000,221,221.0,AIC_prepeak_clean,Table_1\results_aic\raw_aic_results.csv
250_-8.0_131,250,-8.0,131,3306395257,ricker,WGN,-1,1000,1,1000,221,221.0,AIC_prepeak_clean,Table_1\results_aic\raw_aic_results.csv
250_-8.0_132,250,-8.0,132,1461926652,ricker,WGN,-1,1000,1,1000,221,221.0,AIC_prepeak_clean,Table_1\results_aic\raw_aic_results.csv
250_-8.0_133,250,-8.0,133,852075477,ricker,WGN,-1,1000,1,1000,221,221.0,AIC_prepeak_clean,Table_1\results_aic\raw_aic_results.csv
250_-8.0_134,250,-8.0,134,394942711,ricker,WGN,-1,1000,1,1000,221,221.0,AIC_prepeak_clean,Table_1\results_aic\raw_aic_results.csv
250_-8.0_135,250,-8.0,135,3733916019,ricker,WGN,-1,1000,1,1000,221,221.0,AIC_prepeak_clean,Table_1\results_aic\raw_aic_results.csv
250_-8.0_136,250,-8.0,136,3331942459,ricker,WGN,-1,1000,1,1000,221,221.0,AIC_prepeak_clean,Table_1\results_aic\raw_aic_results.csv
250_-8.0_137,250,-8.0,137,3786745699,ricker,WGN,-1,1000,1,1000,221,221.0,AIC_prepeak_clean,Table_1\results_aic\raw_aic_results.csv
250_-8.0_138,250,-8.0,138,3189947645,ricker,WGN,-1,1000,1,1000,221,221.0,AIC_prepeak_clean,Table_1\results_aic\raw_aic_results.csv
250_-8.0_139,250,-8.0,139,912062006,ricker,WGN,-1,1000,1,1000,221,221.0,AIC_prepeak_clean,Table_1\results_aic\raw_aic_results.csv
250_-8.0_140,250,-8.0,140,1420413422,ricker,WGN,-1,1000,1,1000,221,221.0,AIC_prepeak_clean,Table_1\results_aic\raw_aic_results.csv
250_-8.0_141,250,-8.0,141,3576722852,ricker,WGN,-1,1000,1,1000,221,221.0,AIC_prepeak_clean,Table_1\results_aic\raw_aic_results.csv
250_-8.0_142,250,-8.0,142,3403437837,ricker,WGN,-1,1000,1,1000,221,221.0,AIC_prepeak_clean,Table_1\results_aic\raw_aic_results.csv
250_-8.0_143,250,-8.0,143,4176714216,ricker,WGN,-1,1000,1,1000,221,221.0,AIC_prepeak_clean,Table_1\results_aic\raw_aic_results.csv
250_-8.0_144,250,-8.0,144,3116852340,ricker,WGN,-1,1000,1,1000,221,221.0,AIC_prepeak_clean,Table_1\results_aic\raw_aic_results.csv
250_-8.0_145,250,-8.0,145,3695697723,ricker,WGN,-1,1000,1,1000,221,221.0,AIC_prepeak_clean,Table_1\results_aic\raw_aic_results.csv
250_-8.0_146,250,-8.0,146,1030715038,ricker,WGN,-1,1000,1,1000,221,221.0,AIC_prepeak_clean,Table_1\results_aic\raw_aic_results.csv
250_-8.0_147,250,-8.0,147,2294973873,ricker,WGN,-1,1000,1,1000,221,221.0,AIC_prepeak_clean,Table_1\results_aic\raw_aic_results.csv
250_-8.0_148,250,-8.0,148,2316261027,ricker,WGN,-1,1000,1,1000,221,221.0,AIC_prepeak_clean,Table_1\results_aic\raw_aic_results.csv
250_-8.0_149,250,-8.0,149,3994306159,ricker,WGN,-1,1000,1,1000,221,221.0,AIC_prepeak_clean,Table_1\results_aic\raw_aic_results.csv
250_-8.0_150,250,-8.0,150,3992184869,ricker,WGN,-1,1000,1,1000,221,221.0,AIC_prepeak_clean,Table_1\results_aic\raw_aic_results.csv
250_-8.0_151,250,-8.0,151,631723996,ricker,WGN,-1,1000,1,1000,221,221.0,AIC_prepeak_clean,Table_1\results_aic\raw_aic_results.csv
250_-8.0_152,250,-8.0,152,1312168735,ricker,WGN,-1,1000,1,1000,221,221.0,AIC_prepeak_clean,Table_1\results_aic\raw_aic_results.csv
250_-8.0_153,250,-8.0,153,3423204756,ricker,WGN,-1,1000,1,1000,221,221.0,AIC_prepeak_clean,Table_1\results_aic\raw_aic_results.csv
250_-8.0_154,250,-8.0,154,2041309597,ricker,WGN,-1,1000,1,1000,221,221.0,AIC_prepeak_clean,Table_1\results_aic\raw_aic_results.csv
250_-8.0_155,250,-8.0,155,2099524900,ricker,WGN,-1,1000,1,1000,221,221.0,AIC_prepeak_clean,Table_1\results_aic\raw_aic_results.csv
250_-8.0_156,250,-8.0,156,50808976,ricker,WGN,-1,1000,1,1000,221,221.0,AIC_prepeak_clean,Table_1\results_aic\raw_aic_results.csv
250_-8.0_157,250,-8.0,157,360699224,ricker,WGN,-1,1000,1,1000,221,221.0,AIC_prepeak_clean,Table_1\results_aic\raw_aic_results.csv
250_-8.0_158,250,-8.0,158,3676021122,ricker,WGN,-1,1000,1,1000,221,221.0,AIC_prepeak_clean,Table_1\results_aic\raw_aic_results.csv
250_-8.0_159,250,-8.0,159,865896959,ricker,WGN,-1,1000,1,1000,221,221.0,AIC_prepeak_clean,Table_1\results_aic\raw_aic_results.csv
250_-8.0_160,250,-8.0,160,1550672705,ricker,WGN,-1,1000,1,1000,221,221.0,AIC_prepeak_clean,Table_1\results_aic\raw_aic_results.csv
250_-8.0_161,250,-8.0,161,2074258274,ricker,WGN,-1,1000,1,1000,221,221.0,AIC_prepeak_clean,Table_1\results_aic\raw_aic_results.csv
250_-8.0_162,250,-8.0,162,1488010904,ricker,WGN,-1,1000,1,1000,221,221.0,AIC_prepeak_clean,Table_1\results_aic\raw_aic_results.csv
250_-8.0_163,250,-8.0,163,881178991,ricker,WGN,-1,1000,1,1000,221,221.0,AIC_prepeak_clean,Table_1\results_aic\raw_aic_results.csv
250_-8.0_164,250,-8.0,164,1059545645,ricker,WGN,-1,1000,1,1000,221,221.0,AIC_prepeak_clean,Table_1\results_aic\raw_aic_results.csv
250_-8.0_165,250,-8.0,165,2860852904,ricker,WGN,-1,1000,1,1000,221,221.0,AIC_prepeak_clean,Table_1\results_aic\raw_aic_results.csv
250_-8.0_166,250,-8.0,166,1064231960,ricker,WGN,-1,1000,1,1000,221,221.0,AIC_prepeak_clean,Table_1\results_aic\raw_aic_results.csv
250_-8.0_167,250,-8.0,167,1033856725,ricker,WGN,-1,1000,1,1000,221,221.0,AIC_prepeak_clean,Table_1\results_aic\raw_aic_results.csv
250_-8.0_168,250,-8.0,168,3326764627,ricker,WGN,-1,1000,1,1000,221,221.0,AIC_prepeak_clean,Table_1\results_aic\raw_aic_results.csv
250_-8.0_169,250,-8.0,169,179755895,ricker,WGN,-1,1000,1,1000,221,221.0,AIC_prepeak_clean,Table_1\results_aic\raw_aic_results.csv
250_-8.0_170,250,-8.0,170,891768738,ricker,WGN,-1,1000,1,1000,221,221.0,AIC_prepeak_clean,Table_1\results_aic\raw_aic_results.csv
250_-8.0_171,250,-8.0,171,57787224,ricker,WGN,-1,1000,1,1000,221,221.0,AIC_prepeak_clean,Table_1\results_aic\raw_aic_results.csv
250_-8.0_172,250,-8.0,172,1989723220,ricker,WGN,-1,1000,1,1000,221,221.0,AIC_prepeak_clean,Table_1\results_aic\raw_aic_results.csv
250_-8.0_173,250,-8.0,173,495425660,ricker,WGN,-1,1000,1,1000,221,221.0,AIC_prepeak_clean,Table_1\results_aic\raw_aic_results.csv
250_-8.0_174,250,-8.0,174,2575459464,ricker,WGN,-1,1000,1,1000,221,221.0,AIC_prepeak_clean,Table_1\results_aic\raw_aic_results.csv
250_-8.0_175,250,-8.0,175,2945685929,ricker,WGN,-1,1000,1,1000,221,221.0,AIC_prepeak_clean,Table_1\results_aic\raw_aic_results.csv
250_-8.0_176,250,-8.0,176,3034227245,ricker,WGN,-1,1000,1,1000,221,221.0,AIC_prepeak_clean,Table_1\results_aic\raw_aic_results.csv
250_-8.0_177,250,-8.0,177,4221461954,ricker,WGN,-1,1000,1,1000,221,221.0,AIC_prepeak_clean,Table_1\results_aic\raw_aic_results.csv
250_-8.0_178,250,-8.0,178,2150471959,ricker,WGN,-1,1000,1,1000,221,221.0,AIC_prepeak_clean,Table_1\results_aic\raw_aic_results.csv
250_-8.0_179,250,-8.0,179,3772897761,ricker,WGN,-1,1000,1,1000,221,221.0,AIC_prepeak_clean,Table_1\results_aic\raw_aic_results.csv
250_-8.0_180,250,-8.0,180,1372601449,ricker,WGN,-1,1000,1,1000,221,221.0,AIC_prepeak_clean,Table_1\results_aic\raw_aic_results.csv
250_-8.0_181,250,-8.0,181,3288013621,ricker,WGN,-1,1000,1,1000,221,221.0,AIC_prepeak_clean,Table_1\results_aic\raw_aic_results.csv
250_-8.0_182,250,-8.0,182,317402705,ricker,WGN,-1,1000,1,1000,221,221.0,AIC_prepeak_clean,Table_1\results_aic\raw_aic_results.csv
250_-8.0_183,250,-8.0,183,2487095149,ricker,WGN,-1,1000,1,1000,221,221.0,AIC_prepeak_clean,Table_1\results_aic\raw_aic_results.csv
250_-8.0_184,250,-8.0,184,1118200273,ricker,WGN,-1,1000,1,1000,221,221.0,AIC_prepeak_clean,Table_1\results_aic\raw_aic_results.csv
250_-8.0_185,250,-8.0,185,26073362,ricker,WGN,-1,1000,1,1000,221,221.0,AIC_prepeak_clean,Table_1\results_aic\raw_aic_results.csv
250_-8.0_186,250,-8.0,186,856959350,ricker,WGN,-1,1000,1,1000,221,221.0,AIC_prepeak_clean,Table_1\results_aic\raw_aic_results.csv
250_-8.0_187,250,-8.0,187,848201596,ricker,WGN,-1,1000,1,1000,221,221.0,AIC_prepeak_clean,Table_1\results_aic\raw_aic_results.csv
250_-8.0_188,250,-8.0,188,4085331299,ricker,WGN,-1,1000,1,1000,221,221.0,AIC_prepeak_clean,Table_1\results_aic\raw_aic_results.csv
250_-8.0_189,250,-8.0,189,928240342,ricker,WGN,-1,1000,1,1000,221,221.0,AIC_prepeak_clean,Table_1\results_aic\raw_aic_results.csv
250_-8.0_190,250,-8.0,190,1513086518,ricker,WGN,-1,1000,1,1000,221,221.0,AIC_prepeak_clean,Table_1\results_aic\raw_aic_results.csv
250_-8.0_191,250,-8.0,191,1390563412,ricker,WGN,-1,1000,1,1000,221,221.0,AIC_prepeak_clean,Table_1\results_aic\raw_aic_results.csv
250_-8.0_192,250,-8.0,192,1903912687,ricker,WGN,-1,1000,1,1000,221,221.0,AIC_prepeak_clean,Table_1\results_aic\raw_aic_results.csv
250_-8.0_193,250,-8.0,193,3391205302,ricker,WGN,-1,1000,1,1000,221,221.0,AIC_prepeak_clean,Table_1\results_aic\raw_aic_results.csv
250_-8.0_194,250,-8.0,194,3877927067,ricker,WGN,-1,1000,1,1000,221,221.0,AIC_prepeak_clean,Table_1\results_aic\raw_aic_results.csv
250_-8.0_195,250,-8.0,195,3840780147,ricker,WGN,-1,1000,1,1000,221,221.0,AIC_prepeak_clean,Table_1\results_aic\raw_aic_results.csv
250_-8.0_196,250,-8.0,196,1354588034,ricker,WGN,-1,1000,1,1000,221,221.0,AIC_prepeak_clean,Table_1\results_aic\raw_aic_results.csv
250_-8.0_197,250,-8.0,197,906384591,ricker,WGN,-1,1000,1,1000,221,221.0,AIC_prepeak_clean,Table_1\results_aic\raw_aic_results.csv
250_-8.0_198,250,-8.0,198,4249696982,ricker,WGN,-1,1000,1,1000,221,221.0,AIC_prepeak_clean,Table_1\results_aic\raw_aic_results.csv
250_-8.0_199,250,-8.0,199,1796956205,ricker,WGN,-1,1000,1,1000,221,221.0,AIC_prepeak_clean,Table_1\results_aic\raw_aic_results.csv
250_-6.0_0,250,-6.0,0,4246447837,ricker,WGN,-1,1000,1,1000,221,221.0,AIC_prepeak_clean,Table_1\results_aic\raw_aic_results.csv
250_-6.0_1,250,-6.0,1,964651672,ricker,WGN,-1,1000,1,1000,221,221.0,AIC_prepeak_clean,Table_1\results_aic\raw_aic_results.csv
250_-6.0_2,250,-6.0,2,2787606511,ricker,WGN,-1,1000,1,1000,221,221.0,AIC_prepeak_clean,Table_1\results_aic\raw_aic_results.csv
250_-6.0_3,250,-6.0,3,2201403239,ricker,WGN,-1,1000,1,1000,221,221.0,AIC_prepeak_clean,Table_1\results_aic\raw_aic_results.csv
250_-6.0_4,250,-6.0,4,464329251,ricker,WGN,-1,1000,1,1000,221,221.0,AIC_prepeak_clean,Table_1\results_aic\raw_aic_results.csv
250_-6.0_5,250,-6.0,5,2051620322,ricker,WGN,-1,1000,1,1000,221,221.0,AIC_prepeak_clean,Table_1\results_aic\raw_aic_results.csv
250_-6.0_6,250,-6.0,6,2227129773,ricker,WGN,-1,1000,1,1000,221,221.0,AIC_prepeak_clean,Table_1\results_aic\raw_aic_results.csv
250_-6.0_7,250,-6.0,7,2277112638,ricker,WGN,-1,1000,1,1000,221,221.0,AIC_prepeak_clean,Table_1\results_aic\raw_aic_results.csv
250_-6.0_8,250,-6.0,8,1983061301,ricker,WGN,-1,1000,1,1000,221,221.0,AIC_prepeak_clean,Table_1\results_aic\raw_aic_results.csv
250_-6.0_9,250,-6.0,9,1642209524,ricker,WGN,-1,1000,1,1000,221,221.0,AIC_prepeak_clean,Table_1\results_aic\raw_aic_results.csv
250_-6.0_10,250,-6.0,10,938291178,ricker,WGN,-1,1000,1,1000,221,221.0,AIC_prepeak_clean,Table_1\results_aic\raw_aic_results.csv
250_-6.0_11,250,-6.0,11,1962263022,ricker,WGN,-1,1000,1,1000,221,221.0,AIC_prepeak_clean,Table_1\results_aic\raw_aic_results.csv
250_-6.0_12,250,-6.0,12,3999313826,ricker,WGN,-1,1000,1,1000,221,221.0,AIC_prepeak_clean,Table_1\results_aic\raw_aic_results.csv
250_-6.0_13,250,-6.0,13,567900718,ricker,WGN,-1,1000,1,1000,221,221.0,AIC_prepeak_clean,Table_1\results_aic\raw_aic_results.csv
250_-6.0_14,250,-6.0,14,3495032284,ricker,WGN,-1,1000,1,1000,221,221.0,AIC_prepeak_clean,Table_1\results_aic\raw_aic_results.csv
250_-6.0_15,250,-6.0,15,2923974028,ricker,WGN,-1,1000,1,1000,221,221.0,AIC_prepeak_clean,Table_1\results_aic\raw_aic_results.csv
250_-6.0_16,250,-6.0,16,648994581,ricker,WGN,-1,1000,1,1000,221,221.0,AIC_prepeak_clean,Table_1\results_aic\raw_aic_results.csv
250_-6.0_17,250,-6.0,17,1012950743,ricker,WGN,-1,1000,1,1000,221,221.0,AIC_prepeak_clean,Table_1\results_aic\raw_aic_results.csv
250_-6.0_18,250,-6.0,18,3174269215,ricker,WGN,-1,1000,1,1000,221,221.0,AIC_prepeak_clean,Table_1\results_aic\raw_aic_results.csv
250_-6.0_19,250,-6.0,19,1630522777,ricker,WGN,-1,1000,1,1000,221,221.0,AIC_prepeak_clean,Table_1\results_aic\raw_aic_results.csv
250_-6.0_20,250,-6.0,20,478240882,ricker,WGN,-1,1000,1,1000,221,221.0,AIC_prepeak_clean,Table_1\results_aic\raw_aic_results.csv
250_-6.0_21,250,-6.0,21,3478119091,ricker,WGN,-1,1000,1,1000,221,221.0,AIC_prepeak_clean,Table_1\results_aic\raw_aic_results.csv
250_-6.0_22,250,-6.0,22,2931093568,ricker,WGN,-1,1000,1,1000,221,221.0,AIC_prepeak_clean,Table_1\results_aic\raw_aic_results.csv
250_-6.0_23,250,-6.0,23,1100435242,ricker,WGN,-1,1000,1,1000,221,221.0,AIC_prepeak_clean,Table_1\results_aic\raw_aic_results.csv
250_-6.0_24,250,-6.0,24,376761346,ricker,WGN,-1,1000,1,1000,221,221.0,AIC_prepeak_clean,Table_1\results_aic\raw_aic_results.csv
250_-6.0_25,250,-6.0,25,2469237870,ricker,WGN,-1,1000,1,1000,221,221.0,AIC_prepeak_clean,Table_1\results_aic\raw_aic_results.csv
250_-6.0_26,250,-6.0,26,1457059629,ricker,WGN,-1,1000,1,1000,221,221.0,AIC_prepeak_clean,Table_1\results_aic\raw_aic_results.csv
250_-6.0_27,250,-6.0,27,2690461863,ricker,WGN,-1,1000,1,1000,221,221.0,AIC_prepeak_clean,Table_1\results_aic\raw_aic_results.csv
250_-6.0_28,250,-6.0,28,3324826004,ricker,WGN,-1,1000,1,1000,221,221.0,AIC_prepeak_clean,Table_1\results_aic\raw_aic_results.csv
250_-6.0_29,250,-6.0,29,2892862992,ricker,WGN,-1,1000,1,1000,221,221.0,AIC_prepeak_clean,Table_1\results_aic\raw_aic_results.csv
250_-6.0_30,250,-6.0,30,985544982,ricker,WGN,-1,1000,1,1000,221,221.0,AIC_prepeak_clean,Table_1\results_aic\raw_aic_results.csv
250_-6.0_31,250,-6.0,31,4036475259,ricker,WGN,-1,1000,1,1000,221,221.0,AIC_prepeak_clean,Table_1\results_aic\raw_aic_results.csv
250_-6.0_32,250,-6.0,32,4035739093,ricker,WGN,-1,1000,1,1000,221,221.0,AIC_prepeak_clean,Table_1\results_aic\raw_aic_results.csv
250_-6.0_33,250,-6.0,33,1010241056,ricker,WGN,-1,1000,1,1000,221,221.0,AIC_prepeak_clean,Table_1\results_aic\raw_aic_results.csv
250_-6.0_34,250,-6.0,34,161482665,ricker,WGN,-1,1000,1,1000,221,221.0,AIC_prepeak_clean,Table_1\results_aic\raw_aic_results.csv
250_-6.0_35,250,-6.0,35,1855384616,ricker,WGN,-1,1000,1,1000,221,221.0,AIC_prepeak_clean,Table_1\results_aic\raw_aic_results.csv
250_-6.0_36,250,-6.0,36,2530783908,ricker,WGN,-1,1000,1,1000,221,221.0,AIC_prepeak_clean,Table_1\results_aic\raw_aic_results.csv
250_-6.0_37,250,-6.0,37,1810668871,ricker,WGN,-1,1000,1,1000,221,221.0,AIC_prepeak_clean,Table_1\results_aic\raw_aic_results.csv
250_-6.0_38,250,-6.0,38,1917721873,ricker,WGN,-1,1000,1,1000,221,221.0,AIC_prepeak_clean,Table_1\results_aic\raw_aic_results.csv
250_-6.0_39,250,-6.0,39,4246417303,ricker,WGN,-1,1000,1,1000,221,221.0,AIC_prepeak_clean,Table_1\results_aic\raw_aic_results.csv
250_-6.0_40,250,-6.0,40,3463851804,ricker,WGN,-1,1000,1,1000,221,221.0,AIC_prepeak_clean,Table_1\results_aic\raw_aic_results.csv
250_-6.0_41,250,-6.0,41,1430142619,ricker,WGN,-1,1000,1,1000,221,221.0,AIC_prepeak_clean,Table_1\results_aic\raw_aic_results.csv
250_-6.0_42,250,-6.0,42,1052172990,ricker,WGN,-1,1000,1,1000,221,221.0,AIC_prepeak_clean,Table_1\results_aic\raw_aic_results.csv
250_-6.0_43,250,-6.0,43,475637411,ricker,WGN,-1,1000,1,1000,221,221.0,AIC_prepeak_clean,Table_1\results_aic\raw_aic_results.csv
250_-6.0_44,250,-6.0,44,2516614690,ricker,WGN,-1,1000,1,1000,221,221.0,AIC_prepeak_clean,Table_1\results_aic\raw_aic_results.csv
250_-6.0_45,250,-6.0,45,1166907491,ricker,WGN,-1,1000,1,1000,221,221.0,AIC_prepeak_clean,Table_1\results_aic\raw_aic_results.csv
250_-6.0_46,250,-6.0,46,2459104851,ricker,WGN,-1,1000,1,1000,221,221.0,AIC_prepeak_clean,Table_1\results_aic\raw_aic_results.csv
250_-6.0_47,250,-6.0,47,453694865,ricker,WGN,-1,1000,1,1000,221,221.0,AIC_prepeak_clean,Table_1\results_aic\raw_aic_results.csv
250_-6.0_48,250,-6.0,48,4044883496,ricker,WGN,-1,1000,1,1000,221,221.0,AIC_prepeak_clean,Table_1\results_aic\raw_aic_results.csv
250_-6.0_49,250,-6.0,49,3267236916,ricker,WGN,-1,1000,1,1000,221,221.0,AIC_prepeak_clean,Table_1\results_aic\raw_aic_results.csv
250_-6.0_50,250,-6.0,50,4207556684,ricker,WGN,-1,1000,1,1000,221,221.0,AIC_prepeak_clean,Table_1\results_aic\raw_aic_results.csv
250_-6.0_51,250,-6.0,51,1948987671,ricker,WGN,-1,1000,1,1000,221,221.0,AIC_prepeak_clean,Table_1\results_aic\raw_aic_results.csv
250_-6.0_52,250,-6.0,52,4220335536,ricker,WGN,-1,1000,1,1000,221,221.0,AIC_prepeak_clean,Table_1\results_aic\raw_aic_results.csv
250_-6.0_53,250,-6.0,53,496761821,ricker,WGN,-1,1000,1,1000,221,221.0,AIC_prepeak_clean,Table_1\results_aic\raw_aic_results.csv
250_-6.0_54,250,-6.0,54,2305524767,ricker,WGN,-1,1000,1,1000,221,221.0,AIC_prepeak_clean,Table_1\results_aic\raw_aic_results.csv
250_-6.0_55,250,-6.0,55,429366014,ricker,WGN,-1,1000,1,1000,221,221.0,AIC_prepeak_clean,Table_1\results_aic\raw_aic_results.csv
250_-6.0_56,250,-6.0,56,2809554916,ricker,WGN,-1,1000,1,1000,221,221.0,AIC_prepeak_clean,Table_1\results_aic\raw_aic_results.csv
250_-6.0_57,250,-6.0,57,2155770386,ricker,WGN,-1,1000,1,1000,221,221.0,AIC_prepeak_clean,Table_1\results_aic\raw_aic_results.csv
250_-6.0_58,250,-6.0,58,1580560303,ricker,WGN,-1,1000,1,1000,221,221.0,AIC_prepeak_clean,Table_1\results_aic\raw_aic_results.csv
250_-6.0_59,250,-6.0,59,965480811,ricker,WGN,-1,1000,1,1000,221,221.0,AIC_prepeak_clean,Table_1\results_aic\raw_aic_results.csv
250_-6.0_60,250,-6.0,60,2971619448,ricker,WGN,-1,1000,1,1000,221,221.0,AIC_prepeak_clean,Table_1\results_aic\raw_aic_results.csv
250_-6.0_61,250,-6.0,61,3777095423,ricker,WGN,-1,1000,1,1000,221,221.0,AIC_prepeak_clean,Table_1\results_aic\raw_aic_results.csv
250_-6.0_62,250,-6.0,62,1819818576,ricker,WGN,-1,1000,1,1000,221,221.0,AIC_prepeak_clean,Table_1\results_aic\raw_aic_results.csv
250_-6.0_63,250,-6.0,63,1283224372,ricker,WGN,-1,1000,1,1000,221,221.0,AIC_prepeak_clean,Table_1\results_aic\raw_aic_results.csv
250_-6.0_64,250,-6.0,64,1460608055,ricker,WGN,-1,1000,1,1000,221,221.0,AIC_prepeak_clean,Table_1\results_aic\raw_aic_results.csv
250_-6.0_65,250,-6.0,65,2263742239,ricker,WGN,-1,1000,1,1000,221,221.0,AIC_prepeak_clean,Table_1\results_aic\raw_aic_results.csv
250_-6.0_66,250,-6.0,66,2570380118,ricker,WGN,-1,1000,1,1000,221,221.0,AIC_prepeak_clean,Table_1\results_aic\raw_aic_results.csv
250_-6.0_67,250,-6.0,67,4058317188,ricker,WGN,-1,1000,1,1000,221,221.0,AIC_prepeak_clean,Table_1\results_aic\raw_aic_results.csv
250_-6.0_68,250,-6.0,68,544591228,ricker,WGN,-1,1000,1,1000,221,221.0,AIC_prepeak_clean,Table_1\results_aic\raw_aic_results.csv
250_-6.0_69,250,-6.0,69,759104664,ricker,WGN,-1,1000,1,1000,221,221.0,AIC_prepeak_clean,Table_1\results_aic\raw_aic_results.csv
250_-6.0_70,250,-6.0,70,3991034655,ricker,WGN,-1,1000,1,1000,221,221.0,AIC_prepeak_clean,Table_1\results_aic\raw_aic_results.csv
250_-6.0_71,250,-6.0,71,911293241,ricker,WGN,-1,1000,1,1000,221,221.0,AIC_prepeak_clean,Table_1\results_aic\raw_aic_results.csv
250_-6.0_72,250,-6.0,72,2673152889,ricker,WGN,-1,1000,1,1000,221,221.0,AIC_prepeak_clean,Table_1\results_aic\raw_aic_results.csv
250_-6.0_73,250,-6.0,73,1640829197,ricker,WGN,-1,1000,1,1000,221,221.0,AIC_prepeak_clean,Table_1\results_aic\raw_aic_results.csv
250_-6.0_74,250,-6.0,74,3560704516,ricker,WGN,-1,1000,1,1000,221,221.0,AIC_prepeak_clean,Table_1\results_aic\raw_aic_results.csv
250_-6.0_75,250,-6.0,75,3614644638,ricker,WGN,-1,1000,1,1000,221,221.0,AIC_prepeak_clean,Table_1\results_aic\raw_aic_results.csv
250_-6.0_76,250,-6.0,76,203200841,ricker,WGN,-1,1000,1,1000,221,221.0,AIC_prepeak_clean,Table_1\results_aic\raw_aic_results.csv
250_-6.0_77,250,-6.0,77,1019346010,ricker,WGN,-1,1000,1,1000,221,221.0,AIC_prepeak_clean,Table_1\results_aic\raw_aic_results.csv
250_-6.0_78,250,-6.0,78,3760001047,ricker,WGN,-1,1000,1,1000,221,221.0,AIC_prepeak_clean,Table_1\results_aic\raw_aic_results.csv
250_-6.0_79,250,-6.0,79,2822654310,ricker,WGN,-1,1000,1,1000,221,221.0,AIC_prepeak_clean,Table_1\results_aic\raw_aic_results.csv
250_-6.0_80,250,-6.0,80,258000104,ricker,WGN,-1,1000,1,1000,221,221.0,AIC_prepeak_clean,Table_1\results_aic\raw_aic_results.csv
250_-6.0_81,250,-6.0,81,3901027576,ricker,WGN,-1,1000,1,1000,221,221.0,AIC_prepeak_clean,Table_1\results_aic\raw_aic_results.csv
250_-6.0_82,250,-6.0,82,1068489604,ricker,WGN,-1,1000,1,1000,221,221.0,AIC_prepeak_clean,Table_1\results_aic\raw_aic_results.csv
250_-6.0_83,250,-6.0,83,3117211291,ricker,WGN,-1,1000,1,1000,221,221.0,AIC_prepeak_clean,Table_1\results_aic\raw_aic_results.csv
250_-6.0_84,250,-6.0,84,3162688519,ricker,WGN,-1,1000,1,1000,221,221.0,AIC_prepeak_clean,Table_1\results_aic\raw_aic_results.csv
250_-6.0_85,250,-6.0,85,2890680520,ricker,WGN,-1,1000,1,1000,221,221.0,AIC_prepeak_clean,Table_1\results_aic\raw_aic_results.csv
250_-6.0_86,250,-6.0,86,3903183603,ricker,WGN,-1,1000,1,1000,221,221.0,AIC_prepeak_clean,Table_1\results_aic\raw_aic_results.csv
250_-6.0_87,250,-6.0,87,2093942471,ricker,WGN,-1,1000,1,1000,221,221.0,AIC_prepeak_clean,Table_1\results_aic\raw_aic_results.csv
250_-6.0_88,250,-6.0,88,3226834055,ricker,WGN,-1,1000,1,1000,221,221.0,AIC_prepeak_clean,Table_1\results_aic\raw_aic_results.csv
250_-6.0_89,250,-6.0,89,1613289247,ricker,WGN,-1,1000,1,1000,221,221.0,AIC_prepeak_clean,Table_1\results_aic\raw_aic_results.csv
250_-6.0_90,250,-6.0,90,330600854,ricker,WGN,-1,1000,1,1000,221,221.0,AIC_prepeak_clean,Table_1\results_aic\raw_aic_results.csv
250_-6.0_91,250,-6.0,91,2276136594,ricker,WGN,-1,1000,1,1000,221,221.0,AIC_prepeak_clean,Table_1\results_aic\raw_aic_results.csv
250_-6.0_92,250,-6.0,92,2964900962,ricker,WGN,-1,1000,1,1000,221,221.0,AIC_prepeak_clean,Table_1\results_aic\raw_aic_results.csv
250_-6.0_93,250,-6.0,93,137051119,ricker,WGN,-1,1000,1,1000,221,221.0,AIC_prepeak_clean,Table_1\results_aic\raw_aic_results.csv
250_-6.0_94,250,-6.0,94,1322915757,ricker,WGN,-1,1000,1,1000,221,221.0,AIC_prepeak_clean,Table_1\results_aic\raw_aic_results.csv
250_-6.0_95,250,-6.0,95,198109369,ricker,WGN,-1,1000,1,1000,221,221.0,AIC_prepeak_clean,Table_1\results_aic\raw_aic_results.csv
250_-6.0_96,250,-6.0,96,3425318303,ricker,WGN,-1,1000,1,1000,221,221.0,AIC_prepeak_clean,Table_1\results_aic\raw_aic_results.csv
250_-6.0_97,250,-6.0,97,2540790302,ricker,WGN,-1,1000,1,1000,221,221.0,AIC_prepeak_clean,Table_1\results_aic\raw_aic_results.csv
250_-6.0_98,250,-6.0,98,1700388952,ricker,WGN,-1,1000,1,1000,221,221.0,AIC_prepeak_clean,Table_1\results_aic\raw_aic_results.csv
250_-6.0_99,250,-6.0,99,3057513182,ricker,WGN,-1,1000,1,1000,221,221.0,AIC_prepeak_clean,Table_1\results_aic\raw_aic_results.csv
250_-6.0_100,250,-6.0,100,3925163682,ricker,WGN,-1,1000,1,1000,221,221.0,AIC_prepeak_clean,Table_1\results_aic\raw_aic_results.csv
250_-6.0_101,250,-6.0,101,1486456813,ricker,WGN,-1,1000,1,1000,221,221.0,AIC_prepeak_clean,Table_1\results_aic\raw_aic_results.csv
250_-6.0_102,250,-6.0,102,1658325654,ricker,WGN,-1,1000,1,1000,221,221.0,AIC_prepeak_clean,Table_1\results_aic\raw_aic_results.csv
250_-6.0_103,250,-6.0,103,2186730417,ricker,WGN,-1,1000,1,1000,221,221.0,AIC_prepeak_clean,Table_1\results_aic\raw_aic_results.csv
250_-6.0_104,250,-6.0,104,3120625043,ricker,WGN,-1,1000,1,1000,221,221.0,AIC_prepeak_clean,Table_1\results_aic\raw_aic_results.csv
250_-6.0_105,250,-6.0,105,1082670368,ricker,WGN,-1,1000,1,1000,221,221.0,AIC_prepeak_clean,Table_1\results_aic\raw_aic_results.csv
250_-6.0_106,250,-6.0,106,1594505388,ricker,WGN,-1,1000,1,1000,221,221.0,AIC_prepeak_clean,Table_1\results_aic\raw_aic_results.csv
250_-6.0_107,250,-6.0,107,4159784226,ricker,WGN,-1,1000,1,1000,221,221.0,AIC_prepeak_clean,Table_1\results_aic\raw_aic_results.csv
250_-6.0_108,250,-6.0,108,127575328,ricker,WGN,-1,1000,1,1000,221,221.0,AIC_prepeak_clean,Table_1\results_aic\raw_aic_results.csv
250_-6.0_109,250,-6.0,109,2575215182,ricker,WGN,-1,1000,1,1000,221,221.0,AIC_prepeak_clean,Table_1\results_aic\raw_aic_results.csv
250_-6.0_110,250,-6.0,110,150545177,ricker,WGN,-1,1000,1,1000,221,221.0,AIC_prepeak_clean,Table_1\results_aic\raw_aic_results.csv
250_-6.0_111,250,-6.0,111,4249905334,ricker,WGN,-1,1000,1,1000,221,221.0,AIC_prepeak_clean,Table_1\results_aic\raw_aic_results.csv
250_-6.0_112,250,-6.0,112,3644189026,ricker,WGN,-1,1000,1,1000,221,221.0,AIC_prepeak_clean,Table_1\results_aic\raw_aic_results.csv
250_-6.0_113,250,-6.0,113,1239831786,ricker,WGN,-1,1000,1,1000,221,221.0,AIC_prepeak_clean,Table_1\results_aic\raw_aic_results.csv
250_-6.0_114,250,-6.0,114,3074380284,ricker,WGN,-1,1000,1,1000,221,221.0,AIC_prepeak_clean,Table_1\results_aic\raw_aic_results.csv
250_-6.0_115,250,-6.0,115,1544544688,ricker,WGN,-1,1000,1,1000,221,221.0,AIC_prepeak_clean,Table_1\results_aic\raw_aic_results.csv
250_-6.0_116,250,-6.0,116,1995454444,ricker,WGN,-1,1000,1,1000,221,221.0,AIC_prepeak_clean,Table_1\results_aic\raw_aic_results.csv
250_-6.0_117,250,-6.0,117,3474276269,ricker,WGN,-1,1000,1,1000,221,221.0,AIC_prepeak_clean,Table_1\results_aic\raw_aic_results.csv
250_-6.0_118,250,-6.0,118,2127644258,ricker,WGN,-1,1000,1,1000,221,221.0,AIC_prepeak_clean,Table_1\results_aic\raw_aic_results.csv
250_-6.0_119,250,-6.0,119,1967538873,ricker,WGN,-1,1000,1,1000,221,221.0,AIC_prepeak_clean,Table_1\results_aic\raw_aic_results.csv
250_-6.0_120,250,-6.0,120,1588114421,ricker,WGN,-1,1000,1,1000,221,221.0,AIC_prepeak_clean,Table_1\results_aic\raw_aic_results.csv
250_-6.0_121,250,-6.0,121,4229600065,ricker,WGN,-1,1000,1,1000,221,221.0,AIC_prepeak_clean,Table_1\results_aic\raw_aic_results.csv
250_-6.0_122,250,-6.0,122,2329602979,ricker,WGN,-1,1000,1,1000,221,221.0,AIC_prepeak_clean,Table_1\results_aic\raw_aic_results.csv
250_-6.0_123,250,-6.0,123,4009314740,ricker,WGN,-1,1000,1,1000,221,221.0,AIC_prepeak_clean,Table_1\results_aic\raw_aic_results.csv
250_-6.0_124,250,-6.0,124,4211346987,ricker,WGN,-1,1000,1,1000,221,221.0,AIC_prepeak_clean,Table_1\results_aic\raw_aic_results.csv
250_-6.0_125,250,-6.0,125,214262818,ricker,WGN,-1,1000,1,1000,221,221.0,AIC_prepeak_clean,Table_1\results_aic\raw_aic_results.csv
250_-6.0_126,250,-6.0,126,1000094077,ricker,WGN,-1,1000,1,1000,221,221.0,AIC_prepeak_clean,Table_1\results_aic\raw_aic_results.csv
250_-6.0_127,250,-6.0,127,2987537584,ricker,WGN,-1,1000,1,1000,221,221.0,AIC_prepeak_clean,Table_1\results_aic\raw_aic_results.csv
250_-6.0_128,250,-6.0,128,755634034,ricker,WGN,-1,1000,1,1000,221,221.0,AIC_prepeak_clean,Table_1\results_aic\raw_aic_results.csv
250_-6.0_129,250,-6.0,129,1232521890,ricker,WGN,-1,1000,1,1000,221,221.0,AIC_prepeak_clean,Table_1\results_aic\raw_aic_results.csv
250_-6.0_130,250,-6.0,130,304360496,ricker,WGN,-1,1000,1,1000,221,221.0,AIC_prepeak_clean,Table_1\results_aic\raw_aic_results.csv
250_-6.0_131,250,-6.0,131,3123560996,ricker,WGN,-1,1000,1,1000,221,221.0,AIC_prepeak_clean,Table_1\results_aic\raw_aic_results.csv
250_-6.0_132,250,-6.0,132,3351778019,ricker,WGN,-1,1000,1,1000,221,221.0,AIC_prepeak_clean,Table_1\results_aic\raw_aic_results.csv
250_-6.0_133,250,-6.0,133,4190059429,ricker,WGN,-1,1000,1,1000,221,221.0,AIC_prepeak_clean,Table_1\results_aic\raw_aic_results.csv
250_-6.0_134,250,-6.0,134,3585240607,ricker,WGN,-1,1000,1,1000,221,221.0,AIC_prepeak_clean,Table_1\results_aic\raw_aic_results.csv
250_-6.0_135,250,-6.0,135,3634177458,ricker,WGN,-1,1000,1,1000,221,221.0,AIC_prepeak_clean,Table_1\results_aic\raw_aic_results.csv
250_-6.0_136,250,-6.0,136,838490136,ricker,WGN,-1,1000,1,1000,221,221.0,AIC_prepeak_clean,Table_1\results_aic\raw_aic_results.csv
250_-6.0_137,250,-6.0,137,1588170497,ricker,WGN,-1,1000,1,1000,221,221.0,AIC_prepeak_clean,Table_1\results_aic\raw_aic_results.csv
250_-6.0_138,250,-6.0,138,2790887626,ricker,WGN,-1,1000,1,1000,221,221.0,AIC_prepeak_clean,Table_1\results_aic\raw_aic_results.csv
250_-6.0_139,250,-6.0,139,1483063663,ricker,WGN,-1,1000,1,1000,221,221.0,AIC_prepeak_clean,Table_1\results_aic\raw_aic_results.csv
250_-6.0_140,250,-6.0,140,679427593,ricker,WGN,-1,1000,1,1000,221,221.0,AIC_prepeak_clean,Table_1\results_aic\raw_aic_results.csv
250_-6.0_141,250,-6.0,141,3127798781,ricker,WGN,-1,1000,1,1000,221,221.0,AIC_prepeak_clean,Table_1\results_aic\raw_aic_results.csv
250_-6.0_142,250,-6.0,142,1987714711,ricker,WGN,-1,1000,1,1000,221,221.0,AIC_prepeak_clean,Table_1\results_aic\raw_aic_results.csv
250_-6.0_143,250,-6.0,143,2392580990,ricker,WGN,-1,1000,1,1000,221,221.0,AIC_prepeak_clean,Table_1\results_aic\raw_aic_results.csv
250_-6.0_144,250,-6.0,144,2067827585,ricker,WGN,-1,1000,1,1000,221,221.0,AIC_prepeak_clean,Table_1\results_aic\raw_aic_results.csv
250_-6.0_145,250,-6.0,145,424353401,ricker,WGN,-1,1000,1,1000,221,221.0,AIC_prepeak_clean,Table_1\results_aic\raw_aic_results.csv
250_-6.0_146,250,-6.0,146,1126705238,ricker,WGN,-1,1000,1,1000,221,221.0,AIC_prepeak_clean,Table_1\results_aic\raw_aic_results.csv
250_-6.0_147,250,-6.0,147,1686172090,ricker,WGN,-1,1000,1,1000,221,221.0,AIC_prepeak_clean,Table_1\results_aic\raw_aic_results.csv
250_-6.0_148,250,-6.0,148,1167421479,ricker,WGN,-1,1000,1,1000,221,221.0,AIC_prepeak_clean,Table_1\results_aic\raw_aic_results.csv
250_-6.0_149,250,-6.0,149,1027987955,ricker,WGN,-1,1000,1,1000,221,221.0,AIC_prepeak_clean,Table_1\results_aic\raw_aic_results.csv
250_-6.0_150,250,-6.0,150,3985250472,ricker,WGN,-1,1000,1,1000,221,221.0,AIC_prepeak_clean,Table_1\results_aic\raw_aic_results.csv
250_-6.0_151,250,-6.0,151,1049977376,ricker,WGN,-1,1000,1,1000,221,221.0,AIC_prepeak_clean,Table_1\results_aic\raw_aic_results.csv
250_-6.0_152,250,-6.0,152,1907883620,ricker,WGN,-1,1000,1,1000,221,221.0,AIC_prepeak_clean,Table_1\results_aic\raw_aic_results.csv
250_-6.0_153,250,-6.0,153,88543814,ricker,WGN,-1,1000,1,1000,221,221.0,AIC_prepeak_clean,Table_1\results_aic\raw_aic_results.csv
250_-6.0_154,250,-6.0,154,2177701740,ricker,WGN,-1,1000,1,1000,221,221.0,AIC_prepeak_clean,Table_1\results_aic\raw_aic_results.csv
250_-6.0_155,250,-6.0,155,2098882592,ricker,WGN,-1,1000,1,1000,221,221.0,AIC_prepeak_clean,Table_1\results_aic\raw_aic_results.csv
250_-6.0_156,250,-6.0,156,2834015718,ricker,WGN,-1,1000,1,1000,221,221.0,AIC_prepeak_clean,Table_1\results_aic\raw_aic_results.csv
250_-6.0_157,250,-6.0,157,237509146,ricker,WGN,-1,1000,1,1000,221,221.0,AIC_prepeak_clean,Table_1\results_aic\raw_aic_results.csv
250_-6.0_158,250,-6.0,158,489007278,ricker,WGN,-1,1000,1,1000,221,221.0,AIC_prepeak_clean,Table_1\results_aic\raw_aic_results.csv
250_-6.0_159,250,-6.0,159,3441866133,ricker,WGN,-1,1000,1,1000,221,221.0,AIC_prepeak_clean,Table_1\results_aic\raw_aic_results.csv
250_-6.0_160,250,-6.0,160,3859293435,ricker,WGN,-1,1000,1,1000,221,221.0,AIC_prepeak_clean,Table_1\results_aic\raw_aic_results.csv
250_-6.0_161,250,-6.0,161,2277041621,ricker,WGN,-1,1000,1,1000,221,221.0,AIC_prepeak_clean,Table_1\results_aic\raw_aic_results.csv
250_-6.0_162,250,-6.0,162,4262797788,ricker,WGN,-1,1000,1,1000,221,221.0,AIC_prepeak_clean,Table_1\results_aic\raw_aic_results.csv
250_-6.0_163,250,-6.0,163,23533903,ricker,WGN,-1,1000,1,1000,221,221.0,AIC_prepeak_clean,Table_1\results_aic\raw_aic_results.csv
250_-6.0_164,250,-6.0,164,2782469030,ricker,WGN,-1,1000,1,1000,221,221.0,AIC_prepeak_clean,Table_1\results_aic\raw_aic_results.csv
250_-6.0_165,250,-6.0,165,1758225221,ricker,WGN,-1,1000,1,1000,221,221.0,AIC_prepeak_clean,Table_1\results_aic\raw_aic_results.csv
250_-6.0_166,250,-6.0,166,1760596970,ricker,WGN,-1,1000,1,1000,221,221.0,AIC_prepeak_clean,Table_1\results_aic\raw_aic_results.csv
250_-6.0_167,250,-6.0,167,2543835298,ricker,WGN,-1,1000,1,1000,221,221.0,AIC_prepeak_clean,Table_1\results_aic\raw_aic_results.csv
250_-6.0_168,250,-6.0,168,2844891424,ricker,WGN,-1,1000,1,1000,221,221.0,AIC_prepeak_clean,Table_1\results_aic\raw_aic_results.csv
250_-6.0_169,250,-6.0,169,2272083060,ricker,WGN,-1,1000,1,1000,221,221.0,AIC_prepeak_clean,Table_1\results_aic\raw_aic_results.csv
250_-6.0_170,250,-6.0,170,2985716624,ricker,WGN,-1,1000,1,1000,221,221.0,AIC_prepeak_clean,Table_1\results_aic\raw_aic_results.csv
250_-6.0_171,250,-6.0,171,2870380133,ricker,WGN,-1,1000,1,1000,221,221.0,AIC_prepeak_clean,Table_1\results_aic\raw_aic_results.csv
250_-6.0_172,250,-6.0,172,1799464903,ricker,WGN,-1,1000,1,1000,221,221.0,AIC_prepeak_clean,Table_1\results_aic\raw_aic_results.csv
250_-6.0_173,250,-6.0,173,337688838,ricker,WGN,-1,1000,1,1000,221,221.0,AIC_prepeak_clean,Table_1\results_aic\raw_aic_results.csv
250_-6.0_174,250,-6.0,174,873521475,ricker,WGN,-1,1000,1,1000,221,221.0,AIC_prepeak_clean,Table_1\results_aic\raw_aic_results.csv
250_-6.0_175,250,-6.0,175,3616536731,ricker,WGN,-1,1000,1,1000,221,221.0,AIC_prepeak_clean,Table_1\results_aic\raw_aic_results.csv
250_-6.0_176,250,-6.0,176,2106526051,ricker,WGN,-1,1000,1,1000,221,221.0,AIC_prepeak_clean,Table_1\results_aic\raw_aic_results.csv
250_-6.0_177,250,-6.0,177,2759116168,ricker,WGN,-1,1000,1,1000,221,221.0,AIC_prepeak_clean,Table_1\results_aic\raw_aic_results.csv
250_-6.0_178,250,-6.0,178,1957198463,ricker,WGN,-1,1000,1,1000,221,221.0,AIC_prepeak_clean,Table_1\results_aic\raw_aic_results.csv
250_-6.0_179,250,-6.0,179,1508891478,ricker,WGN,-1,1000,1,1000,221,221.0,AIC_prepeak_clean,Table_1\results_aic\raw_aic_results.csv
250_-6.0_180,250,-6.0,180,2155783207,ricker,WGN,-1,1000,1,1000,221,221.0,AIC_prepeak_clean,Table_1\results_aic\raw_aic_results.csv
250_-6.0_181,250,-6.0,181,2253228948,ricker,WGN,-1,1000,1,1000,221,221.0,AIC_prepeak_clean,Table_1\results_aic\raw_aic_results.csv
250_-6.0_182,250,-6.0,182,3546487394,ricker,WGN,-1,1000,1,1000,221,221.0,AIC_prepeak_clean,Table_1\results_aic\raw_aic_results.csv
250_-6.0_183,250,-6.0,183,1196310107,ricker,WGN,-1,1000,1,1000,221,221.0,AIC_prepeak_clean,Table_1\results_aic\raw_aic_results.csv
250_-6.0_184,250,-6.0,184,236137483,ricker,WGN,-1,1000,1,1000,221,221.0,AIC_prepeak_clean,Table_1\results_aic\raw_aic_results.csv
250_-6.0_185,250,-6.0,185,1402069576,ricker,WGN,-1,1000,1,1000,221,221.0,AIC_prepeak_clean,Table_1\results_aic\raw_aic_results.csv
250_-6.0_186,250,-6.0,186,219887116,ricker,WGN,-1,1000,1,1000,221,221.0,AIC_prepeak_clean,Table_1\results_aic\raw_aic_results.csv
250_-6.0_187,250,-6.0,187,3323871954,ricker,WGN,-1,1000,1,1000,221,221.0,AIC_prepeak_clean,Table_1\results_aic\raw_aic_results.csv
250_-6.0_188,250,-6.0,188,2716963625,ricker,WGN,-1,1000,1,1000,221,221.0,AIC_prepeak_clean,Table_1\results_aic\raw_aic_results.csv
250_-6.0_189,250,-6.0,189,1830330130,ricker,WGN,-1,1000,1,1000,221,221.0,AIC_prepeak_clean,Table_1\results_aic\raw_aic_results.csv
250_-6.0_190,250,-6.0,190,2233643236,ricker,WGN,-1,1000,1,1000,221,221.0,AIC_prepeak_clean,Table_1\results_aic\raw_aic_results.csv
250_-6.0_191,250,-6.0,191,2538880545,ricker,WGN,-1,1000,1,1000,221,221.0,AIC_prepeak_clean,Table_1\results_aic\raw_aic_results.csv
250_-6.0_192,250,-6.0,192,2883236452,ricker,WGN,-1,1000,1,1000,221,221.0,AIC_prepeak_clean,Table_1\results_aic\raw_aic_results.csv
250_-6.0_193,250,-6.0,193,567761299,ricker,WGN,-1,1000,1,1000,221,221.0,AIC_prepeak_clean,Table_1\results_aic\raw_aic_results.csv
250_-6.0_194,250,-6.0,194,3723909008,ricker,WGN,-1,1000,1,1000,221,221.0,AIC_prepeak_clean,Table_1\results_aic\raw_aic_results.csv
250_-6.0_195,250,-6.0,195,3191270331,ricker,WGN,-1,1000,1,1000,221,221.0,AIC_prepeak_clean,Table_1\results_aic\raw_aic_results.csv
250_-6.0_196,250,-6.0,196,1984272940,ricker,WGN,-1,1000,1,1000,221,221.0,AIC_prepeak_clean,Table_1\results_aic\raw_aic_results.csv
250_-6.0_197,250,-6.0,197,1611667033,ricker,WGN,-1,1000,1,1000,221,221.0,AIC_prepeak_clean,Table_1\results_aic\raw_aic_results.csv
250_-6.0_198,250,-6.0,198,1098547214,ricker,WGN,-1,1000,1,1000,221,221.0,AIC_prepeak_clean,Table_1\results_aic\raw_aic_results.csv
250_-6.0_199,250,-6.0,199,1016431029,ricker,WGN,-1,1000,1,1000,221,221.0,AIC_prepeak_clean,Table_1\results_aic\raw_aic_results.csv
250_2.0_0,250,2.0,0,45481985,ricker,WGN,-1,1000,1,1000,221,221.0,AIC_prepeak_clean,Table_1\results_aic\raw_aic_results.csv
250_2.0_1,250,2.0,1,2138231574,ricker,WGN,-1,1000,1,1000,221,221.0,AIC_prepeak_clean,Table_1\results_aic\raw_aic_results.csv
250_2.0_2,250,2.0,2,2874116030,ricker,WGN,-1,1000,1,1000,221,221.0,AIC_prepeak_clean,Table_1\results_aic\raw_aic_results.csv
250_2.0_3,250,2.0,3,2663536117,ricker,WGN,-1,1000,1,1000,221,221.0,AIC_prepeak_clean,Table_1\results_aic\raw_aic_results.csv
250_2.0_4,250,2.0,4,2661059283,ricker,WGN,-1,1000,1,1000,221,221.0,AIC_prepeak_clean,Table_1\results_aic\raw_aic_results.csv
250_2.0_5,250,2.0,5,4071156302,ricker,WGN,-1,1000,1,1000,221,221.0,AIC_prepeak_clean,Table_1\results_aic\raw_aic_results.csv
250_2.0_6,250,2.0,6,2166783496,ricker,WGN,-1,1000,1,1000,221,221.0,AIC_prepeak_clean,Table_1\results_aic\raw_aic_results.csv
250_2.0_7,250,2.0,7,1584928971,ricker,WGN,-1,1000,1,1000,221,221.0,AIC_prepeak_clean,Table_1\results_aic\raw_aic_results.csv
250_2.0_8,250,2.0,8,676882203,ricker,WGN,-1,1000,1,1000,221,221.0,AIC_prepeak_clean,Table_1\results_aic\raw_aic_results.csv
250_2.0_9,250,2.0,9,3575976252,ricker,WGN,-1,1000,1,1000,221,221.0,AIC_prepeak_clean,Table_1\results_aic\raw_aic_results.csv
250_2.0_10,250,2.0,10,79377150,ricker,WGN,-1,1000,1,1000,221,221.0,AIC_prepeak_clean,Table_1\results_aic\raw_aic_results.csv
250_2.0_11,250,2.0,11,1310945154,ricker,WGN,-1,1000,1,1000,221,221.0,AIC_prepeak_clean,Table_1\results_aic\raw_aic_results.csv
250_2.0_12,250,2.0,12,1058855497,ricker,WGN,-1,1000,1,1000,221,221.0,AIC_prepeak_clean,Table_1\results_aic\raw_aic_results.csv
250_2.0_13,250,2.0,13,3752620932,ricker,WGN,-1,1000,1,1000,221,221.0,AIC_prepeak_clean,Table_1\results_aic\raw_aic_results.csv
250_2.0_14,250,2.0,14,205802841,ricker,WGN,-1,1000,1,1000,221,221.0,AIC_prepeak_clean,Table_1\results_aic\raw_aic_results.csv
250_2.0_15,250,2.0,15,549622618,ricker,WGN,-1,1000,1,1000,221,221.0,AIC_prepeak_clean,Table_1\results_aic\raw_aic_results.csv
250_2.0_16,250,2.0,16,1798319899,ricker,WGN,-1,1000,1,1000,221,221.0,AIC_prepeak_clean,Table_1\results_aic\raw_aic_results.csv
250_2.0_17,250,2.0,17,3441266268,ricker,WGN,-1,1000,1,1000,221,221.0,AIC_prepeak_clean,Table_1\results_aic\raw_aic_results.csv
250_2.0_18,250,2.0,18,2134312976,ricker,WGN,-1,1000,1,1000,221,221.0,AIC_prepeak_clean,Table_1\results_aic\raw_aic_results.csv
250_2.0_19,250,2.0,19,3480507282,ricker,WGN,-1,1000,1,1000,221,221.0,AIC_prepeak_clean,Table_1\results_aic\raw_aic_results.csv
250_2.0_20,250,2.0,20,2900062328,ricker,WGN,-1,1000,1,1000,221,221.0,AIC_prepeak_clean,Table_1\results_aic\raw_aic_results.csv
250_2.0_21,250,2.0,21,858386221,ricker,WGN,-1,1000,1,1000,221,221.0,AIC_prepeak_clean,Table_1\results_aic\raw_aic_results.csv
250_2.0_22,250,2.0,22,4024839146,ricker,WGN,-1,1000,1,1000,221,221.0,AIC_prepeak_clean,Table_1\results_aic\raw_aic_results.csv
250_2.0_23,250,2.0,23,2074346062,ricker,WGN,-1,1000,1,1000,221,221.0,AIC_prepeak_clean,Table_1\results_aic\raw_aic_results.csv
250_2.0_24,250,2.0,24,2012936229,ricker,WGN,-1,1000,1,1000,221,221.0,AIC_prepeak_clean,Table_1\results_aic\raw_aic_results.csv
250_2.0_25,250,2.0,25,2012908562,ricker,WGN,-1,1000,1,1000,221,221.0,AIC_prepeak_clean,Table_1\results_aic\raw_aic_results.csv
250_2.0_26,250,2.0,26,2778651390,ricker,WGN,-1,1000,1,1000,221,221.0,AIC_prepeak_clean,Table_1\results_aic\raw_aic_results.csv
250_2.0_27,250,2.0,27,1629700450,ricker,WGN,-1,1000,1,1000,221,221.0,AIC_prepeak_clean,Table_1\results_aic\raw_aic_results.csv
250_2.0_28,250,2.0,28,583708165,ricker,WGN,-1,1000,1,1000,221,221.0,AIC_prepeak_clean,Table_1\results_aic\raw_aic_results.csv
250_2.0_29,250,2.0,29,56102274,ricker,WGN,-1,1000,1,1000,221,221.0,AIC_prepeak_clean,Table_1\results_aic\raw_aic_results.csv
250_2.0_30,250,2.0,30,4291295067,ricker,WGN,-1,1000,1,1000,221,221.0,AIC_prepeak_clean,Table_1\results_aic\raw_aic_results.csv
250_2.0_31,250,2.0,31,2091385104,ricker,WGN,-1,1000,1,1000,221,221.0,AIC_prepeak_clean,Table_1\results_aic\raw_aic_results.csv
250_2.0_32,250,2.0,32,2423559764,ricker,WGN,-1,1000,1,1000,221,221.0,AIC_prepeak_clean,Table_1\results_aic\raw_aic_results.csv
250_2.0_33,250,2.0,33,87607643,ricker,WGN,-1,1000,1,1000,221,221.0,AIC_prepeak_clean,Table_1\results_aic\raw_aic_results.csv
250_2.0_34,250,2.0,34,2293934313,ricker,WGN,-1,1000,1,1000,221,221.0,AIC_prepeak_clean,Table_1\results_aic\raw_aic_results.csv
250_2.0_35,250,2.0,35,2782576952,ricker,WGN,-1,1000,1,1000,221,221.0,AIC_prepeak_clean,Table_1\results_aic\raw_aic_results.csv
250_2.0_36,250,2.0,36,2118950977,ricker,WGN,-1,1000,1,1000,221,221.0,AIC_prepeak_clean,Table_1\results_aic\raw_aic_results.csv
250_2.0_37,250,2.0,37,1397497997,ricker,WGN,-1,1000,1,1000,221,221.0,AIC_prepeak_clean,Table_1\results_aic\raw_aic_results.csv
250_2.0_38,250,2.0,38,1951542642,ricker,WGN,-1,1000,1,1000,221,221.0,AIC_prepeak_clean,Table_1\results_aic\raw_aic_results.csv
250_2.0_39,250,2.0,39,3015264344,ricker,WGN,-1,1000,1,1000,221,221.0,AIC_prepeak_clean,Table_1\results_aic\raw_aic_results.csv
250_2.0_40,250,2.0,40,892354347,ricker,WGN,-1,1000,1,1000,221,221.0,AIC_prepeak_clean,Table_1\results_aic\raw_aic_results.csv
250_2.0_41,250,2.0,41,2936459091,ricker,WGN,-1,1000,1,1000,221,221.0,AIC_prepeak_clean,Table_1\results_aic\raw_aic_results.csv
250_2.0_42,250,2.0,42,296162747,ricker,WGN,-1,1000,1,1000,221,221.0,AIC_prepeak_clean,Table_1\results_aic\raw_aic_results.csv
250_2.0_43,250,2.0,43,3838049270,ricker,WGN,-1,1000,1,1000,221,221.0,AIC_prepeak_clean,Table_1\results_aic\raw_aic_results.csv
250_2.0_44,250,2.0,44,2890700610,ricker,WGN,-1,1000,1,1000,221,221.0,AIC_prepeak_clean,Table_1\results_aic\raw_aic_results.csv
250_2.0_45,250,2.0,45,972808240,ricker,WGN,-1,1000,1,1000,221,221.0,AIC_prepeak_clean,Table_1\results_aic\raw_aic_results.csv
250_2.0_46,250,2.0,46,1985592423,ricker,WGN,-1,1000,1,1000,221,221.0,AIC_prepeak_clean,Table_1\results_aic\raw_aic_results.csv
250_2.0_47,250,2.0,47,3699985404,ricker,WGN,-1,1000,1,1000,221,221.0,AIC_prepeak_clean,Table_1\results_aic\raw_aic_results.csv
250_2.0_48,250,2.0,48,164088324,ricker,WGN,-1,1000,1,1000,221,221.0,AIC_prepeak_clean,Table_1\results_aic\raw_aic_results.csv
250_2.0_49,250,2.0,49,3034592830,ricker,WGN,-1,1000,1,1000,221,221.0,AIC_prepeak_clean,Table_1\results_aic\raw_aic_results.csv
250_2.0_50,250,2.0,50,2965771773,ricker,WGN,-1,1000,1,1000,221,221.0,AIC_prepeak_clean,Table_1\results_aic\raw_aic_results.csv
250_2.0_51,250,2.0,51,966564149,ricker,WGN,-1,1000,1,1000,221,221.0,AIC_prepeak_clean,Table_1\results_aic\raw_aic_results.csv
250_2.0_52,250,2.0,52,1779372856,ricker,WGN,-1,1000,1,1000,221,221.0,AIC_prepeak_clean,Table_1\results_aic\raw_aic_results.csv
250_2.0_53,250,2.0,53,1572617530,ricker,WGN,-1,1000,1,1000,221,221.0,AIC_prepeak_clean,Table_1\results_aic\raw_aic_results.csv
250_2.0_54,250,2.0,54,17886008,ricker,WGN,-1,1000,1,1000,221,221.0,AIC_prepeak_clean,Table_1\results_aic\raw_aic_results.csv
250_2.0_55,250,2.0,55,821160269,ricker,WGN,-1,1000,1,1000,221,221.0,AIC_prepeak_clean,Table_1\results_aic\raw_aic_results.csv
250_2.0_56,250,2.0,56,3908862278,ricker,WGN,-1,1000,1,1000,221,221.0,AIC_prepeak_clean,Table_1\results_aic\raw_aic_results.csv
250_2.0_57,250,2.0,57,4238484577,ricker,WGN,-1,1000,1,1000,221,221.0,AIC_prepeak_clean,Table_1\results_aic\raw_aic_results.csv
250_2.0_58,250,2.0,58,3520929494,ricker,WGN,-1,1000,1,1000,221,221.0,AIC_prepeak_clean,Table_1\results_aic\raw_aic_results.csv
250_2.0_59,250,2.0,59,2085425763,ricker,WGN,-1,1000,1,1000,221,221.0,AIC_prepeak_clean,Table_1\results_aic\raw_aic_results.csv
250_2.0_60,250,2.0,60,3778885617,ricker,WGN,-1,1000,1,1000,221,221.0,AIC_prepeak_clean,Table_1\results_aic\raw_aic_results.csv
250_2.0_61,250,2.0,61,2069183492,ricker,WGN,-1,1000,1,1000,221,221.0,AIC_prepeak_clean,Table_1\results_aic\raw_aic_results.csv
250_2.0_62,250,2.0,62,3670951047,ricker,WGN,-1,1000,1,1000,221,221.0,AIC_prepeak_clean,Table_1\results_aic\raw_aic_results.csv
250_2.0_63,250,2.0,63,528596522,ricker,WGN,-1,1000,1,1000,221,221.0,AIC_prepeak_clean,Table_1\results_aic\raw_aic_results.csv
250_2.0_64,250,2.0,64,1266545232,ricker,WGN,-1,1000,1,1000,221,221.0,AIC_prepeak_clean,Table_1\results_aic\raw_aic_results.csv
250_2.0_65,250,2.0,65,2340122929,ricker,WGN,-1,1000,1,1000,221,221.0,AIC_prepeak_clean,Table_1\results_aic\raw_aic_results.csv
250_2.0_66,250,2.0,66,2287882190,ricker,WGN,-1,1000,1,1000,221,221.0,AIC_prepeak_clean,Table_1\results_aic\raw_aic_results.csv
250_2.0_67,250,2.0,67,3971223830,ricker,WGN,-1,1000,1,1000,221,221.0,AIC_prepeak_clean,Table_1\results_aic\raw_aic_results.csv
250_2.0_68,250,2.0,68,2587219964,ricker,WGN,-1,1000,1,1000,221,221.0,AIC_prepeak_clean,Table_1\results_aic\raw_aic_results.csv
250_2.0_69,250,2.0,69,1425248911,ricker,WGN,-1,1000,1,1000,221,221.0,AIC_prepeak_clean,Table_1\results_aic\raw_aic_results.csv
250_2.0_70,250,2.0,70,1176725828,ricker,WGN,-1,1000,1,1000,221,221.0,AIC_prepeak_clean,Table_1\results_aic\raw_aic_results.csv
250_2.0_71,250,2.0,71,1704111932,ricker,WGN,-1,1000,1,1000,221,221.0,AIC_prepeak_clean,Table_1\results_aic\raw_aic_results.csv
250_2.0_72,250,2.0,72,3308551809,ricker,WGN,-1,1000,1,1000,221,221.0,AIC_prepeak_clean,Table_1\results_aic\raw_aic_results.csv
250_2.0_73,250,2.0,73,664422960,ricker,WGN,-1,1000,1,1000,221,221.0,AIC_prepeak_clean,Table_1\results_aic\raw_aic_results.csv
250_2.0_74,250,2.0,74,981318588,ricker,WGN,-1,1000,1,1000,221,221.0,AIC_prepeak_clean,Table_1\results_aic\raw_aic_results.csv
250_2.0_75,250,2.0,75,246129466,ricker,WGN,-1,1000,1,1000,221,221.0,AIC_prepeak_clean,Table_1\results_aic\raw_aic_results.csv
250_2.0_76,250,2.0,76,2608211473,ricker,WGN,-1,1000,1,1000,221,221.0,AIC_prepeak_clean,Table_1\results_aic\raw_aic_results.csv
250_2.0_77,250,2.0,77,4272553931,ricker,WGN,-1,1000,1,1000,221,221.0,AIC_prepeak_clean,Table_1\results_aic\raw_aic_results.csv
250_2.0_78,250,2.0,78,909098295,ricker,WGN,-1,1000,1,1000,221,221.0,AIC_prepeak_clean,Table_1\results_aic\raw_aic_results.csv
250_2.0_79,250,2.0,79,79834736,ricker,WGN,-1,1000,1,1000,221,221.0,AIC_prepeak_clean,Table_1\results_aic\raw_aic_results.csv
250_2.0_80,250,2.0,80,2707146401,ricker,WGN,-1,1000,1,1000,221,221.0,AIC_prepeak_clean,Table_1\results_aic\raw_aic_results.csv
250_2.0_81,250,2.0,81,1824012134,ricker,WGN,-1,1000,1,1000,221,221.0,AIC_prepeak_clean,Table_1\results_aic\raw_aic_results.csv
250_2.0_82,250,2.0,82,361994056,ricker,WGN,-1,1000,1,1000,221,221.0,AIC_prepeak_clean,Table_1\results_aic\raw_aic_results.csv
250_2.0_83,250,2.0,83,3593082794,ricker,WGN,-1,1000,1,1000,221,221.0,AIC_prepeak_clean,Table_1\results_aic\raw_aic_results.csv
250_2.0_84,250,2.0,84,4079491773,ricker,WGN,-1,1000,1,1000,221,221.0,AIC_prepeak_clean,Table_1\results_aic\raw_aic_results.csv
250_2.0_85,250,2.0,85,1701249731,ricker,WGN,-1,1000,1,1000,221,221.0,AIC_prepeak_clean,Table_1\results_aic\raw_aic_results.csv
250_2.0_86,250,2.0,86,3118825850,ricker,WGN,-1,1000,1,1000,221,221.0,AIC_prepeak_clean,Table_1\results_aic\raw_aic_results.csv
250_2.0_87,250,2.0,87,2279250700,ricker,WGN,-1,1000,1,1000,221,221.0,AIC_prepeak_clean,Table_1\results_aic\raw_aic_results.csv
250_2.0_88,250,2.0,88,1401747217,ricker,WGN,-1,1000,1,1000,221,221.0,AIC_prepeak_clean,Table_1\results_aic\raw_aic_results.csv
250_2.0_89,250,2.0,89,850955703,ricker,WGN,-1,1000,1,1000,221,221.0,AIC_prepeak_clean,Table_1\results_aic\raw_aic_results.csv
250_2.0_90,250,2.0,90,1828536324,ricker,WGN,-1,1000,1,1000,221,221.0,AIC_prepeak_clean,Table_1\results_aic\raw_aic_results.csv
250_2.0_91,250,2.0,91,3642448171,ricker,WGN,-1,1000,1,1000,221,221.0,AIC_prepeak_clean,Table_1\results_aic\raw_aic_results.csv
250_2.0_92,250,2.0,92,2126936505,ricker,WGN,-1,1000,1,1000,221,221.0,AIC_prepeak_clean,Table_1\results_aic\raw_aic_results.csv
250_2.0_93,250,2.0,93,2434490128,ricker,WGN,-1,1000,1,1000,221,221.0,AIC_prepeak_clean,Table_1\results_aic\raw_aic_results.csv
250_2.0_94,250,2.0,94,1473896222,ricker,WGN,-1,1000,1,1000,221,221.0,AIC_prepeak_clean,Table_1\results_aic\raw_aic_results.csv
250_2.0_95,250,2.0,95,777461827,ricker,WGN,-1,1000,1,1000,221,221.0,AIC_prepeak_clean,Table_1\results_aic\raw_aic_results.csv
250_2.0_96,250,2.0,96,3630534653,ricker,WGN,-1,1000,1,1000,221,221.0,AIC_prepeak_clean,Table_1\results_aic\raw_aic_results.csv
250_2.0_97,250,2.0,97,1335653496,ricker,WGN,-1,1000,1,1000,221,221.0,AIC_prepeak_clean,Table_1\results_aic\raw_aic_results.csv
250_2.0_98,250,2.0,98,1419801689,ricker,WGN,-1,1000,1,1000,221,221.0,AIC_prepeak_clean,Table_1\results_aic\raw_aic_results.csv
250_2.0_99,250,2.0,99,981212949,ricker,WGN,-1,1000,1,1000,221,221.0,AIC_prepeak_clean,Table_1\results_aic\raw_aic_results.csv
250_2.0_100,250,2.0,100,2116672829,ricker,WGN,-1,1000,1,1000,221,221.0,AIC_prepeak_clean,Table_1\results_aic\raw_aic_results.csv
250_2.0_101,250,2.0,101,2161546467,ricker,WGN,-1,1000,1,1000,221,221.0,AIC_prepeak_clean,Table_1\results_aic\raw_aic_results.csv
250_2.0_102,250,2.0,102,879432726,ricker,WGN,-1,1000,1,1000,221,221.0,AIC_prepeak_clean,Table_1\results_aic\raw_aic_results.csv
250_2.0_103,250,2.0,103,2639763904,ricker,WGN,-1,1000,1,1000,221,221.0,AIC_prepeak_clean,Table_1\results_aic\raw_aic_results.csv
250_2.0_104,250,2.0,104,4039255383,ricker,WGN,-1,1000,1,1000,221,221.0,AIC_prepeak_clean,Table_1\results_aic\raw_aic_results.csv
250_2.0_105,250,2.0,105,2637659546,ricker,WGN,-1,1000,1,1000,221,221.0,AIC_prepeak_clean,Table_1\results_aic\raw_aic_results.csv
250_2.0_106,250,2.0,106,1092894139,ricker,WGN,-1,1000,1,1000,221,221.0,AIC_prepeak_clean,Table_1\results_aic\raw_aic_results.csv
250_2.0_107,250,2.0,107,1888501969,ricker,WGN,-1,1000,1,1000,221,221.0,AIC_prepeak_clean,Table_1\results_aic\raw_aic_results.csv
250_2.0_108,250,2.0,108,1994212145,ricker,WGN,-1,1000,1,1000,221,221.0,AIC_prepeak_clean,Table_1\results_aic\raw_aic_results.csv
250_2.0_109,250,2.0,109,584032846,ricker,WGN,-1,1000,1,1000,221,221.0,AIC_prepeak_clean,Table_1\results_aic\raw_aic_results.csv
250_2.0_110,250,2.0,110,3758149190,ricker,WGN,-1,1000,1,1000,221,221.0,AIC_prepeak_clean,Table_1\results_aic\raw_aic_results.csv
250_2.0_111,250,2.0,111,1993954591,ricker,WGN,-1,1000,1,1000,221,221.0,AIC_prepeak_clean,Table_1\results_aic\raw_aic_results.csv
250_2.0_112,250,2.0,112,585500526,ricker,WGN,-1,1000,1,1000,221,221.0,AIC_prepeak_clean,Table_1\results_aic\raw_aic_results.csv
250_2.0_113,250,2.0,113,732284980,ricker,WGN,-1,1000,1,1000,221,221.0,AIC_prepeak_clean,Table_1\results_aic\raw_aic_results.csv
250_2.0_114,250,2.0,114,945235286,ricker,WGN,-1,1000,1,1000,221,221.0,AIC_prepeak_clean,Table_1\results_aic\raw_aic_results.csv
250_2.0_115,250,2.0,115,1885831678,ricker,WGN,-1,1000,1,1000,221,221.0,AIC_prepeak_clean,Table_1\results_aic\raw_aic_results.csv
250_2.0_116,250,2.0,116,761520832,ricker,WGN,-1,1000,1,1000,221,221.0,AIC_prepeak_clean,Table_1\results_aic\raw_aic_results.csv
250_2.0_117,250,2.0,117,2608840209,ricker,WGN,-1,1000,1,1000,221,221.0,AIC_prepeak_clean,Table_1\results_aic\raw_aic_results.csv
250_2.0_118,250,2.0,118,2144653588,ricker,WGN,-1,1000,1,1000,221,221.0,AIC_prepeak_clean,Table_1\results_aic\raw_aic_results.csv
250_2.0_119,250,2.0,119,331282878,ricker,WGN,-1,1000,1,1000,221,221.0,AIC_prepeak_clean,Table_1\results_aic\raw_aic_results.csv
250_2.0_120,250,2.0,120,3450362629,ricker,WGN,-1,1000,1,1000,221,221.0,AIC_prepeak_clean,Table_1\results_aic\raw_aic_results.csv
250_2.0_121,250,2.0,121,1809382775,ricker,WGN,-1,1000,1,1000,221,221.0,AIC_prepeak_clean,Table_1\results_aic\raw_aic_results.csv
250_2.0_122,250,2.0,122,1267442134,ricker,WGN,-1,1000,1,1000,221,221.0,AIC_prepeak_clean,Table_1\results_aic\raw_aic_results.csv
250_2.0_123,250,2.0,123,2939127652,ricker,WGN,-1,1000,1,1000,221,221.0,AIC_prepeak_clean,Table_1\results_aic\raw_aic_results.csv
250_2.0_124,250,2.0,124,1951432380,ricker,WGN,-1,1000,1,1000,221,221.0,AIC_prepeak_clean,Table_1\results_aic\raw_aic_results.csv
250_2.0_125,250,2.0,125,2874323530,ricker,WGN,-1,1000,1,1000,221,221.0,AIC_prepeak_clean,Table_1\results_aic\raw_aic_results.csv
250_2.0_126,250,2.0,126,2366865340,ricker,WGN,-1,1000,1,1000,221,221.0,AIC_prepeak_clean,Table_1\results_aic\raw_aic_results.csv
250_2.0_127,250,2.0,127,4082933264,ricker,WGN,-1,1000,1,1000,221,221.0,AIC_prepeak_clean,Table_1\results_aic\raw_aic_results.csv
250_2.0_128,250,2.0,128,2341186238,ricker,WGN,-1,1000,1,1000,221,221.0,AIC_prepeak_clean,Table_1\results_aic\raw_aic_results.csv
250_2.0_129,250,2.0,129,1415943827,ricker,WGN,-1,1000,1,1000,221,221.0,AIC_prepeak_clean,Table_1\results_aic\raw_aic_results.csv
250_2.0_130,250,2.0,130,2276157757,ricker,WGN,-1,1000,1,1000,221,221.0,AIC_prepeak_clean,Table_1\results_aic\raw_aic_results.csv
250_2.0_131,250,2.0,131,59747445,ricker,WGN,-1,1000,1,1000,221,221.0,AIC_prepeak_clean,Table_1\results_aic\raw_aic_results.csv
250_2.0_132,250,2.0,132,3541092582,ricker,WGN,-1,1000,1,1000,221,221.0,AIC_prepeak_clean,Table_1\results_aic\raw_aic_results.csv
250_2.0_133,250,2.0,133,1873974798,ricker,WGN,-1,1000,1,1000,221,221.0,AIC_prepeak_clean,Table_1\results_aic\raw_aic_results.csv
250_2.0_134,250,2.0,134,3113330332,ricker,WGN,-1,1000,1,1000,221,221.0,AIC_prepeak_clean,Table_1\results_aic\raw_aic_results.csv
250_2.0_135,250,2.0,135,98054063,ricker,WGN,-1,1000,1,1000,221,221.0,AIC_prepeak_clean,Table_1\results_aic\raw_aic_results.csv
250_2.0_136,250,2.0,136,2422103215,ricker,WGN,-1,1000,1,1000,221,221.0,AIC_prepeak_clean,Table_1\results_aic\raw_aic_results.csv
250_2.0_137,250,2.0,137,1887312635,ricker,WGN,-1,1000,1,1000,221,221.0,AIC_prepeak_clean,Table_1\results_aic\raw_aic_results.csv
250_2.0_138,250,2.0,138,3324771041,ricker,WGN,-1,1000,1,1000,221,221.0,AIC_prepeak_clean,Table_1\results_aic\raw_aic_results.csv
250_2.0_139,250,2.0,139,2200418611,ricker,WGN,-1,1000,1,1000,221,221.0,AIC_prepeak_clean,Table_1\results_aic\raw_aic_results.csv
250_2.0_140,250,2.0,140,4227873410,ricker,WGN,-1,1000,1,1000,221,221.0,AIC_prepeak_clean,Table_1\results_aic\raw_aic_results.csv
250_2.0_141,250,2.0,141,303002162,ricker,WGN,-1,1000,1,1000,221,221.0,AIC_prepeak_clean,Table_1\results_aic\raw_aic_results.csv
250_2.0_142,250,2.0,142,2900766261,ricker,WGN,-1,1000,1,1000,221,221.0,AIC_prepeak_clean,Table_1\results_aic\raw_aic_results.csv
250_2.0_143,250,2.0,143,443175091,ricker,WGN,-1,1000,1,1000,221,221.0,AIC_prepeak_clean,Table_1\results_aic\raw_aic_results.csv
250_2.0_144,250,2.0,144,3715117044,ricker,WGN,-1,1000,1,1000,221,221.0,AIC_prepeak_clean,Table_1\results_aic\raw_aic_results.csv
250_2.0_145,250,2.0,145,3634712840,ricker,WGN,-1,1000,1,1000,221,221.0,AIC_prepeak_clean,Table_1\results_aic\raw_aic_results.csv
250_2.0_146,250,2.0,146,1744717947,ricker,WGN,-1,1000,1,1000,221,221.0,AIC_prepeak_clean,Table_1\results_aic\raw_aic_results.csv
250_2.0_147,250,2.0,147,3346901303,ricker,WGN,-1,1000,1,1000,221,221.0,AIC_prepeak_clean,Table_1\results_aic\raw_aic_results.csv
250_2.0_148,250,2.0,148,1294681105,ricker,WGN,-1,1000,1,1000,221,221.0,AIC_prepeak_clean,Table_1\results_aic\raw_aic_results.csv
250_2.0_149,250,2.0,149,1703234695,ricker,WGN,-1,1000,1,1000,221,221.0,AIC_prepeak_clean,Table_1\results_aic\raw_aic_results.csv
250_2.0_150,250,2.0,150,2453332897,ricker,WGN,-1,1000,1,1000,221,221.0,AIC_prepeak_clean,Table_1\results_aic\raw_aic_results.csv
250_2.0_151,250,2.0,151,2018950055,ricker,WGN,-1,1000,1,1000,221,221.0,AIC_prepeak_clean,Table_1\results_aic\raw_aic_results.csv
250_2.0_152,250,2.0,152,2418082073,ricker,WGN,-1,1000,1,1000,221,221.0,AIC_prepeak_clean,Table_1\results_aic\raw_aic_results.csv
250_2.0_153,250,2.0,153,3675700792,ricker,WGN,-1,1000,1,1000,221,221.0,AIC_prepeak_clean,Table_1\results_aic\raw_aic_results.csv
250_2.0_154,250,2.0,154,1474155921,ricker,WGN,-1,1000,1,1000,221,221.0,AIC_prepeak_clean,Table_1\results_aic\raw_aic_results.csv
250_2.0_155,250,2.0,155,3855027159,ricker,WGN,-1,1000,1,1000,221,221.0,AIC_prepeak_clean,Table_1\results_aic\raw_aic_results.csv
250_2.0_156,250,2.0,156,3955433039,ricker,WGN,-1,1000,1,1000,221,221.0,AIC_prepeak_clean,Table_1\results_aic\raw_aic_results.csv
250_2.0_157,250,2.0,157,138842235,ricker,WGN,-1,1000,1,1000,221,221.0,AIC_prepeak_clean,Table_1\results_aic\raw_aic_results.csv
250_2.0_158,250,2.0,158,1292745357,ricker,WGN,-1,1000,1,1000,221,221.0,AIC_prepeak_clean,Table_1\results_aic\raw_aic_results.csv
250_2.0_159,250,2.0,159,4435229,ricker,WGN,-1,1000,1,1000,221,221.0,AIC_prepeak_clean,Table_1\results_aic\raw_aic_results.csv
250_2.0_160,250,2.0,160,2446041103,ricker,WGN,-1,1000,1,1000,221,221.0,AIC_prepeak_clean,Table_1\results_aic\raw_aic_results.csv
250_2.0_161,250,2.0,161,3461054890,ricker,WGN,-1,1000,1,1000,221,221.0,AIC_prepeak_clean,Table_1\results_aic\raw_aic_results.csv
250_2.0_162,250,2.0,162,995009095,ricker,WGN,-1,1000,1,1000,221,221.0,AIC_prepeak_clean,Table_1\results_aic\raw_aic_results.csv
250_2.0_163,250,2.0,163,3906162738,ricker,WGN,-1,1000,1,1000,221,221.0,AIC_prepeak_clean,Table_1\results_aic\raw_aic_results.csv
250_2.0_164,250,2.0,164,4072120436,ricker,WGN,-1,1000,1,1000,221,221.0,AIC_prepeak_clean,Table_1\results_aic\raw_aic_results.csv
250_2.0_165,250,2.0,165,4161640795,ricker,WGN,-1,1000,1,1000,221,221.0,AIC_prepeak_clean,Table_1\results_aic\raw_aic_results.csv
250_2.0_166,250,2.0,166,1239876802,ricker,WGN,-1,1000,1,1000,221,221.0,AIC_prepeak_clean,Table_1\results_aic\raw_aic_results.csv
250_2.0_167,250,2.0,167,3241834077,ricker,WGN,-1,1000,1,1000,221,221.0,AIC_prepeak_clean,Table_1\results_aic\raw_aic_results.csv
250_2.0_168,250,2.0,168,681708681,ricker,WGN,-1,1000,1,1000,221,221.0,AIC_prepeak_clean,Table_1\results_aic\raw_aic_results.csv
250_2.0_169,250,2.0,169,3839626157,ricker,WGN,-1,1000,1,1000,221,221.0,AIC_prepeak_clean,Table_1\results_aic\raw_aic_results.csv
250_2.0_170,250,2.0,170,1653385136,ricker,WGN,-1,1000,1,1000,221,221.0,AIC_prepeak_clean,Table_1\results_aic\raw_aic_results.csv
250_2.0_171,250,2.0,171,3309293121,ricker,WGN,-1,1000,1,1000,221,221.0,AIC_prepeak_clean,Table_1\results_aic\raw_aic_results.csv
250_2.0_172,250,2.0,172,4023244724,ricker,WGN,-1,1000,1,1000,221,221.0,AIC_prepeak_clean,Table_1\results_aic\raw_aic_results.csv
250_2.0_173,250,2.0,173,2797516695,ricker,WGN,-1,1000,1,1000,221,221.0,AIC_prepeak_clean,Table_1\results_aic\raw_aic_results.csv
250_2.0_174,250,2.0,174,663764493,ricker,WGN,-1,1000,1,1000,221,221.0,AIC_prepeak_clean,Table_1\results_aic\raw_aic_results.csv
250_2.0_175,250,2.0,175,1256696926,ricker,WGN,-1,1000,1,1000,221,221.0,AIC_prepeak_clean,Table_1\results_aic\raw_aic_results.csv
250_2.0_176,250,2.0,176,2610313175,ricker,WGN,-1,1000,1,1000,221,221.0,AIC_prepeak_clean,Table_1\results_aic\raw_aic_results.csv
250_2.0_177,250,2.0,177,3850049363,ricker,WGN,-1,1000,1,1000,221,221.0,AIC_prepeak_clean,Table_1\results_aic\raw_aic_results.csv
250_2.0_178,250,2.0,178,1972835966,ricker,WGN,-1,1000,1,1000,221,221.0,AIC_prepeak_clean,Table_1\results_aic\raw_aic_results.csv
250_2.0_179,250,2.0,179,2260773708,ricker,WGN,-1,1000,1,1000,221,221.0,AIC_prepeak_clean,Table_1\results_aic\raw_aic_results.csv
250_2.0_180,250,2.0,180,977937256,ricker,WGN,-1,1000,1,1000,221,221.0,AIC_prepeak_clean,Table_1\results_aic\raw_aic_results.csv
250_2.0_181,250,2.0,181,161427310,ricker,WGN,-1,1000,1,1000,221,221.0,AIC_prepeak_clean,Table_1\results_aic\raw_aic_results.csv
250_2.0_182,250,2.0,182,3248980373,ricker,WGN,-1,1000,1,1000,221,221.0,AIC_prepeak_clean,Table_1\results_aic\raw_aic_results.csv
250_2.0_183,250,2.0,183,3880056,ricker,WGN,-1,1000,1,1000,221,221.0,AIC_prepeak_clean,Table_1\results_aic\raw_aic_results.csv
250_2.0_184,250,2.0,184,579206414,ricker,WGN,-1,1000,1,1000,221,221.0,AIC_prepeak_clean,Table_1\results_aic\raw_aic_results.csv
250_2.0_185,250,2.0,185,3656873330,ricker,WGN,-1,1000,1,1000,221,221.0,AIC_prepeak_clean,Table_1\results_aic\raw_aic_results.csv
250_2.0_186,250,2.0,186,1724969207,ricker,WGN,-1,1000,1,1000,221,221.0,AIC_prepeak_clean,Table_1\results_aic\raw_aic_results.csv
250_2.0_187,250,2.0,187,2586618472,ricker,WGN,-1,1000,1,1000,221,221.0,AIC_prepeak_clean,Table_1\results_aic\raw_aic_results.csv
250_2.0_188,250,2.0,188,3828244620,ricker,WGN,-1,1000,1,1000,221,221.0,AIC_prepeak_clean,Table_1\results_aic\raw_aic_results.csv
250_2.0_189,250,2.0,189,3575008698,ricker,WGN,-1,1000,1,1000,221,221.0,AIC_prepeak_clean,Table_1\results_aic\raw_aic_results.csv
250_2.0_190,250,2.0,190,10399047,ricker,WGN,-1,1000,1,1000,221,221.0,AIC_prepeak_clean,Table_1\results_aic\raw_aic_results.csv
250_2.0_191,250,2.0,191,743609716,ricker,WGN,-1,1000,1,1000,221,221.0,AIC_prepeak_clean,Table_1\results_aic\raw_aic_results.csv
250_2.0_192,250,2.0,192,3054895855,ricker,WGN,-1,1000,1,1000,221,221.0,AIC_prepeak_clean,Table_1\results_aic\raw_aic_results.csv
250_2.0_193,250,2.0,193,2495739440,ricker,WGN,-1,1000,1,1000,221,221.0,AIC_prepeak_clean,Table_1\results_aic\raw_aic_results.csv
250_2.0_194,250,2.0,194,125747424,ricker,WGN,-1,1000,1,1000,221,221.0,AIC_prepeak_clean,Table_1\results_aic\raw_aic_results.csv
250_2.0_195,250,2.0,195,4247217067,ricker,WGN,-1,1000,1,1000,221,221.0,AIC_prepeak_clean,Table_1\results_aic\raw_aic_results.csv
250_2.0_196,250,2.0,196,2947129147,ricker,WGN,-1,1000,1,1000,221,221.0,AIC_prepeak_clean,Table_1\results_aic\raw_aic_results.csv
250_2.0_197,250,2.0,197,671165815,ricker,WGN,-1,1000,1,1000,221,221.0,AIC_prepeak_clean,Table_1\results_aic\raw_aic_results.csv
250_2.0_198,250,2.0,198,2578156450,ricker,WGN,-1,1000,1,1000,221,221.0,AIC_prepeak_clean,Table_1\results_aic\raw_aic_results.csv
250_2.0_199,250,2.0,199,854719755,ricker,WGN,-1,1000,1,1000,221,221.0,AIC_prepeak_clean,Table_1\results_aic\raw_aic_results.csv
300_-10.0_0,300,-10.0,0,1703621633,ricker,WGN,-1,1000,1,1000,221,221.0,AIC_prepeak_clean,Table_1\results_aic\raw_aic_results.csv
300_-10.0_1,300,-10.0,1,617816560,ricker,WGN,-1,1000,1,1000,221,221.0,AIC_prepeak_clean,Table_1\results_aic\raw_aic_results.csv
300_-10.0_2,300,-10.0,2,2814570602,ricker,WGN,-1,1000,1,1000,221,221.0,AIC_prepeak_clean,Table_1\results_aic\raw_aic_results.csv
300_-10.0_3,300,-10.0,3,3144585950,ricker,WGN,-1,1000,1,1000,221,221.0,AIC_prepeak_clean,Table_1\results_aic\raw_aic_results.csv
300_-10.0_4,300,-10.0,4,3914338113,ricker,WGN,-1,1000,1,1000,221,221.0,AIC_prepeak_clean,Table_1\results_aic\raw_aic_results.csv
300_-10.0_5,300,-10.0,5,185656693,ricker,WGN,-1,1000,1,1000,221,221.0,AIC_prepeak_clean,Table_1\results_aic\raw_aic_results.csv
300_-10.0_6,300,-10.0,6,3306891484,ricker,WGN,-1,1000,1,1000,221,221.0,AIC_prepeak_clean,Table_1\results_aic\raw_aic_results.csv
300_-10.0_7,300,-10.0,7,3715049530,ricker,WGN,-1,1000,1,1000,221,221.0,AIC_prepeak_clean,Table_1\results_aic\raw_aic_results.csv
300_-10.0_8,300,-10.0,8,2087694507,ricker,WGN,-1,1000,1,1000,221,221.0,AIC_prepeak_clean,Table_1\results_aic\raw_aic_results.csv
300_-10.0_9,300,-10.0,9,3812609701,ricker,WGN,-1,1000,1,1000,221,221.0,AIC_prepeak_clean,Table_1\results_aic\raw_aic_results.csv
300_-10.0_10,300,-10.0,10,1915892102,ricker,WGN,-1,1000,1,1000,221,221.0,AIC_prepeak_clean,Table_1\results_aic\raw_aic_results.csv
300_-10.0_11,300,-10.0,11,2579673469,ricker,WGN,-1,1000,1,1000,221,221.0,AIC_prepeak_clean,Table_1\results_aic\raw_aic_results.csv
300_-10.0_12,300,-10.0,12,1860891909,ricker,WGN,-1,1000,1,1000,221,221.0,AIC_prepeak_clean,Table_1\results_aic\raw_aic_results.csv
300_-10.0_13,300,-10.0,13,4152103737,ricker,WGN,-1,1000,1,1000,221,221.0,AIC_prepeak_clean,Table_1\results_aic\raw_aic_results.csv
300_-10.0_14,300,-10.0,14,107690522,ricker,WGN,-1,1000,1,1000,221,221.0,AIC_prepeak_clean,Table_1\results_aic\raw_aic_results.csv
300_-10.0_15,300,-10.0,15,277906040,ricker,WGN,-1,1000,1,1000,221,221.0,AIC_prepeak_clean,Table_1\results_aic\raw_aic_results.csv
300_-10.0_16,300,-10.0,16,2734891238,ricker,WGN,-1,1000,1,1000,221,221.0,AIC_prepeak_clean,Table_1\results_aic\raw_aic_results.csv
300_-10.0_17,300,-10.0,17,3022605500,ricker,WGN,-1,1000,1,1000,221,221.0,AIC_prepeak_clean,Table_1\results_aic\raw_aic_results.csv
300_-10.0_18,300,-10.0,18,2542954183,ricker,WGN,-1,1000,1,1000,221,221.0,AIC_prepeak_clean,Table_1\results_aic\raw_aic_results.csv
300_-10.0_19,300,-10.0,19,719051255,ricker,WGN,-1,1000,1,1000,221,221.0,AIC_prepeak_clean,Table_1\results_aic\raw_aic_results.csv
300_-10.0_20,300,-10.0,20,1843337166,ricker,WGN,-1,1000,1,1000,221,221.0,AIC_prepeak_clean,Table_1\results_aic\raw_aic_results.csv
300_-10.0_21,300,-10.0,21,4180620091,ricker,WGN,-1,1000,1,1000,221,221.0,AIC_prepeak_clean,Table_1\results_aic\raw_aic_results.csv
300_-10.0_22,300,-10.0,22,3888408002,ricker,WGN,-1,1000,1,1000,221,221.0,AIC_prepeak_clean,Table_1\results_aic\raw_aic_results.csv
300_-10.0_23,300,-10.0,23,3879611337,ricker,WGN,-1,1000,1,1000,221,221.0,AIC_prepeak_clean,Table_1\results_aic\raw_aic_results.csv
300_-10.0_24,300,-10.0,24,2762360466,ricker,WGN,-1,1000,1,1000,221,221.0,AIC_prepeak_clean,Table_1\results_aic\raw_aic_results.csv
300_-10.0_25,300,-10.0,25,609450373,ricker,WGN,-1,1000,1,1000,221,221.0,AIC_prepeak_clean,Table_1\results_aic\raw_aic_results.csv
300_-10.0_26,300,-10.0,26,1580955934,ricker,WGN,-1,1000,1,1000,221,221.0,AIC_prepeak_clean,Table_1\results_aic\raw_aic_results.csv
300_-10.0_27,300,-10.0,27,1747427608,ricker,WGN,-1,1000,1,1000,221,221.0,AIC_prepeak_clean,Table_1\results_aic\raw_aic_results.csv
300_-10.0_28,300,-10.0,28,1947172784,ricker,WGN,-1,1000,1,1000,221,221.0,AIC_prepeak_clean,Table_1\results_aic\raw_aic_results.csv
300_-10.0_29,300,-10.0,29,1957949920,ricker,WGN,-1,1000,1,1000,221,221.0,AIC_prepeak_clean,Table_1\results_aic\raw_aic_results.csv
300_-10.0_30,300,-10.0,30,1476281659,ricker,WGN,-1,1000,1,1000,221,221.0,AIC_prepeak_clean,Table_1\results_aic\raw_aic_results.csv
300_-10.0_31,300,-10.0,31,3130062150,ricker,WGN,-1,1000,1,1000,221,221.0,AIC_prepeak_clean,Table_1\results_aic\raw_aic_results.csv
300_-10.0_32,300,-10.0,32,56762665,ricker,WGN,-1,1000,1,1000,221,221.0,AIC_prepeak_clean,Table_1\results_aic\raw_aic_results.csv
300_-10.0_33,300,-10.0,33,4185180024,ricker,WGN,-1,1000,1,1000,221,221.0,AIC_prepeak_clean,Table_1\results_aic\raw_aic_results.csv
300_-10.0_34,300,-10.0,34,2969404132,ricker,WGN,-1,1000,1,1000,221,221.0,AIC_prepeak_clean,Table_1\results_aic\raw_aic_results.csv
300_-10.0_35,300,-10.0,35,2194103594,ricker,WGN,-1,1000,1,1000,221,221.0,AIC_prepeak_clean,Table_1\results_aic\raw_aic_results.csv
300_-10.0_36,300,-10.0,36,877384613,ricker,WGN,-1,1000,1,1000,221,221.0,AIC_prepeak_clean,Table_1\results_aic\raw_aic_results.csv
300_-10.0_37,300,-10.0,37,3478184403,ricker,WGN,-1,1000,1,1000,221,221.0,AIC_prepeak_clean,Table_1\results_aic\raw_aic_results.csv
300_-10.0_38,300,-10.0,38,885312077,ricker,WGN,-1,1000,1,1000,221,221.0,AIC_prepeak_clean,Table_1\results_aic\raw_aic_results.csv
300_-10.0_39,300,-10.0,39,6388254,ricker,WGN,-1,1000,1,1000,221,221.0,AIC_prepeak_clean,Table_1\results_aic\raw_aic_results.csv
300_-10.0_40,300,-10.0,40,2214840370,ricker,WGN,-1,1000,1,1000,221,221.0,AIC_prepeak_clean,Table_1\results_aic\raw_aic_results.csv
300_-10.0_41,300,-10.0,41,1795022283,ricker,WGN,-1,1000,1,1000,221,221.0,AIC_prepeak_clean,Table_1\results_aic\raw_aic_results.csv
300_-10.0_42,300,-10.0,42,2538871451,ricker,WGN,-1,1000,1,1000,221,221.0,AIC_prepeak_clean,Table_1\results_aic\raw_aic_results.csv
300_-10.0_43,300,-10.0,43,2364605266,ricker,WGN,-1,1000,1,1000,221,221.0,AIC_prepeak_clean,Table_1\results_aic\raw_aic_results.csv
300_-10.0_44,300,-10.0,44,341368428,ricker,WGN,-1,1000,1,1000,221,221.0,AIC_prepeak_clean,Table_1\results_aic\raw_aic_results.csv
300_-10.0_45,300,-10.0,45,4086666744,ricker,WGN,-1,1000,1,1000,221,221.0,AIC_prepeak_clean,Table_1\results_aic\raw_aic_results.csv
300_-10.0_46,300,-10.0,46,2531739321,ricker,WGN,-1,1000,1,1000,221,221.0,AIC_prepeak_clean,Table_1\results_aic\raw_aic_results.csv
300_-10.0_47,300,-10.0,47,419953072,ricker,WGN,-1,1000,1,1000,221,221.0,AIC_prepeak_clean,Table_1\results_aic\raw_aic_results.csv
300_-10.0_48,300,-10.0,48,3353911985,ricker,WGN,-1,1000,1,1000,221,221.0,AIC_prepeak_clean,Table_1\results_aic\raw_aic_results.csv
300_-10.0_49,300,-10.0,49,2355482162,ricker,WGN,-1,1000,1,1000,221,221.0,AIC_prepeak_clean,Table_1\results_aic\raw_aic_results.csv
300_-10.0_50,300,-10.0,50,1099362007,ricker,WGN,-1,1000,1,1000,221,221.0,AIC_prepeak_clean,Table_1\results_aic\raw_aic_results.csv
300_-10.0_51,300,-10.0,51,1921375503,ricker,WGN,-1,1000,1,1000,221,221.0,AIC_prepeak_clean,Table_1\results_aic\raw_aic_results.csv
300_-10.0_52,300,-10.0,52,2361843566,ricker,WGN,-1,1000,1,1000,221,221.0,AIC_prepeak_clean,Table_1\results_aic\raw_aic_results.csv
300_-10.0_53,300,-10.0,53,1427830029,ricker,WGN,-1,1000,1,1000,221,221.0,AIC_prepeak_clean,Table_1\results_aic\raw_aic_results.csv
300_-10.0_54,300,-10.0,54,3843299860,ricker,WGN,-1,1000,1,1000,221,221.0,AIC_prepeak_clean,Table_1\results_aic\raw_aic_results.csv
300_-10.0_55,300,-10.0,55,4225784150,ricker,WGN,-1,1000,1,1000,221,221.0,AIC_prepeak_clean,Table_1\results_aic\raw_aic_results.csv
300_-10.0_56,300,-10.0,56,3271151227,ricker,WGN,-1,1000,1,1000,221,221.0,AIC_prepeak_clean,Table_1\results_aic\raw_aic_results.csv
300_-10.0_57,300,-10.0,57,2785369827,ricker,WGN,-1,1000,1,1000,221,221.0,AIC_prepeak_clean,Table_1\results_aic\raw_aic_results.csv
300_-10.0_58,300,-10.0,58,3331158099,ricker,WGN,-1,1000,1,1000,221,221.0,AIC_prepeak_clean,Table_1\results_aic\raw_aic_results.csv
300_-10.0_59,300,-10.0,59,1971032639,ricker,WGN,-1,1000,1,1000,221,221.0,AIC_prepeak_clean,Table_1\results_aic\raw_aic_results.csv
300_-10.0_60,300,-10.0,60,260886123,ricker,WGN,-1,1000,1,1000,221,221.0,AIC_prepeak_clean,Table_1\results_aic\raw_aic_results.csv
300_-10.0_61,300,-10.0,61,2838967077,ricker,WGN,-1,1000,1,1000,221,221.0,AIC_prepeak_clean,Table_1\results_aic\raw_aic_results.csv
300_-10.0_62,300,-10.0,62,4276741565,ricker,WGN,-1,1000,1,1000,221,221.0,AIC_prepeak_clean,Table_1\results_aic\raw_aic_results.csv
300_-10.0_63,300,-10.0,63,2566047329,ricker,WGN,-1,1000,1,1000,221,221.0,AIC_prepeak_clean,Table_1\results_aic\raw_aic_results.csv
300_-10.0_64,300,-10.0,64,1647602814,ricker,WGN,-1,1000,1,1000,221,221.0,AIC_prepeak_clean,Table_1\results_aic\raw_aic_results.csv
300_-10.0_65,300,-10.0,65,1018991303,ricker,WGN,-1,1000,1,1000,221,221.0,AIC_prepeak_clean,Table_1\results_aic\raw_aic_results.csv
300_-10.0_66,300,-10.0,66,3222566540,ricker,WGN,-1,1000,1,1000,221,221.0,AIC_prepeak_clean,Table_1\results_aic\raw_aic_results.csv
300_-10.0_67,300,-10.0,67,2253321843,ricker,WGN,-1,1000,1,1000,221,221.0,AIC_prepeak_clean,Table_1\results_aic\raw_aic_results.csv
300_-10.0_68,300,-10.0,68,2938186495,ricker,WGN,-1,1000,1,1000,221,221.0,AIC_prepeak_clean,Table_1\results_aic\raw_aic_results.csv
300_-10.0_69,300,-10.0,69,707364625,ricker,WGN,-1,1000,1,1000,221,221.0,AIC_prepeak_clean,Table_1\results_aic\raw_aic_results.csv
300_-10.0_70,300,-10.0,70,188550466,ricker,WGN,-1,1000,1,1000,221,221.0,AIC_prepeak_clean,Table_1\results_aic\raw_aic_results.csv
300_-10.0_71,300,-10.0,71,393277958,ricker,WGN,-1,1000,1,1000,221,221.0,AIC_prepeak_clean,Table_1\results_aic\raw_aic_results.csv
300_-10.0_72,300,-10.0,72,3135145516,ricker,WGN,-1,1000,1,1000,221,221.0,AIC_prepeak_clean,Table_1\results_aic\raw_aic_results.csv
300_-10.0_73,300,-10.0,73,3710555106,ricker,WGN,-1,1000,1,1000,221,221.0,AIC_prepeak_clean,Table_1\results_aic\raw_aic_results.csv
300_-10.0_74,300,-10.0,74,1085084794,ricker,WGN,-1,1000,1,1000,221,221.0,AIC_prepeak_clean,Table_1\results_aic\raw_aic_results.csv
300_-10.0_75,300,-10.0,75,527435414,ricker,WGN,-1,1000,1,1000,221,221.0,AIC_prepeak_clean,Table_1\results_aic\raw_aic_results.csv
300_-10.0_76,300,-10.0,76,1081586747,ricker,WGN,-1,1000,1,1000,221,221.0,AIC_prepeak_clean,Table_1\results_aic\raw_aic_results.csv
300_-10.0_77,300,-10.0,77,166697349,ricker,WGN,-1,1000,1,1000,221,221.0,AIC_prepeak_clean,Table_1\results_aic\raw_aic_results.csv
300_-10.0_78,300,-10.0,78,2922085792,ricker,WGN,-1,1000,1,1000,221,221.0,AIC_prepeak_clean,Table_1\results_aic\raw_aic_results.csv
300_-10.0_79,300,-10.0,79,2639518823,ricker,WGN,-1,1000,1,1000,221,221.0,AIC_prepeak_clean,Table_1\results_aic\raw_aic_results.csv
300_-10.0_80,300,-10.0,80,2764375153,ricker,WGN,-1,1000,1,1000,221,221.0,AIC_prepeak_clean,Table_1\results_aic\raw_aic_results.csv
300_-10.0_81,300,-10.0,81,4268803329,ricker,WGN,-1,1000,1,1000,221,221.0,AIC_prepeak_clean,Table_1\results_aic\raw_aic_results.csv
300_-10.0_82,300,-10.0,82,1416332408,ricker,WGN,-1,1000,1,1000,221,221.0,AIC_prepeak_clean,Table_1\results_aic\raw_aic_results.csv
300_-10.0_83,300,-10.0,83,1807862730,ricker,WGN,-1,1000,1,1000,221,221.0,AIC_prepeak_clean,Table_1\results_aic\raw_aic_results.csv
300_-10.0_84,300,-10.0,84,799987774,ricker,WGN,-1,1000,1,1000,221,221.0,AIC_prepeak_clean,Table_1\results_aic\raw_aic_results.csv
300_-10.0_85,300,-10.0,85,745765401,ricker,WGN,-1,1000,1,1000,221,221.0,AIC_prepeak_clean,Table_1\results_aic\raw_aic_results.csv
300_-10.0_86,300,-10.0,86,1179972345,ricker,WGN,-1,1000,1,1000,221,221.0,AIC_prepeak_clean,Table_1\results_aic\raw_aic_results.csv
300_-10.0_87,300,-10.0,87,3508815984,ricker,WGN,-1,1000,1,1000,221,221.0,AIC_prepeak_clean,Table_1\results_aic\raw_aic_results.csv
300_-10.0_88,300,-10.0,88,529714541,ricker,WGN,-1,1000,1,1000,221,221.0,AIC_prepeak_clean,Table_1\results_aic\raw_aic_results.csv
300_-10.0_89,300,-10.0,89,2937656519,ricker,WGN,-1,1000,1,1000,221,221.0,AIC_prepeak_clean,Table_1\results_aic\raw_aic_results.csv
300_-10.0_90,300,-10.0,90,3567606570,ricker,WGN,-1,1000,1,1000,221,221.0,AIC_prepeak_clean,Table_1\results_aic\raw_aic_results.csv
300_-10.0_91,300,-10.0,91,1567020824,ricker,WGN,-1,1000,1,1000,221,221.0,AIC_prepeak_clean,Table_1\results_aic\raw_aic_results.csv
300_-10.0_92,300,-10.0,92,1713185896,ricker,WGN,-1,1000,1,1000,221,221.0,AIC_prepeak_clean,Table_1\results_aic\raw_aic_results.csv
300_-10.0_93,300,-10.0,93,3159566070,ricker,WGN,-1,1000,1,1000,221,221.0,AIC_prepeak_clean,Table_1\results_aic\raw_aic_results.csv
300_-10.0_94,300,-10.0,94,2558150917,ricker,WGN,-1,1000,1,1000,221,221.0,AIC_prepeak_clean,Table_1\results_aic\raw_aic_results.csv
300_-10.0_95,300,-10.0,95,1265935464,ricker,WGN,-1,1000,1,1000,221,221.0,AIC_prepeak_clean,Table_1\results_aic\raw_aic_results.csv
300_-10.0_96,300,-10.0,96,4220575577,ricker,WGN,-1,1000,1,1000,221,221.0,AIC_prepeak_clean,Table_1\results_aic\raw_aic_results.csv
300_-10.0_97,300,-10.0,97,3062007946,ricker,WGN,-1,1000,1,1000,221,221.0,AIC_prepeak_clean,Table_1\results_aic\raw_aic_results.csv
300_-10.0_98,300,-10.0,98,3661924493,ricker,WGN,-1,1000,1,1000,221,221.0,AIC_prepeak_clean,Table_1\results_aic\raw_aic_results.csv
300_-10.0_99,300,-10.0,99,1197649190,ricker,WGN,-1,1000,1,1000,221,221.0,AIC_prepeak_clean,Table_1\results_aic\raw_aic_results.csv
300_-10.0_100,300,-10.0,100,3165863362,ricker,WGN,-1,1000,1,1000,221,221.0,AIC_prepeak_clean,Table_1\results_aic\raw_aic_results.csv
300_-10.0_101,300,-10.0,101,2980096798,ricker,WGN,-1,1000,1,1000,221,221.0,AIC_prepeak_clean,Table_1\results_aic\raw_aic_results.csv
300_-10.0_102,300,-10.0,102,1586476773,ricker,WGN,-1,1000,1,1000,221,221.0,AIC_prepeak_clean,Table_1\results_aic\raw_aic_results.csv
300_-10.0_103,300,-10.0,103,3466804853,ricker,WGN,-1,1000,1,1000,221,221.0,AIC_prepeak_clean,Table_1\results_aic\raw_aic_results.csv
300_-10.0_104,300,-10.0,104,3392375979,ricker,WGN,-1,1000,1,1000,221,221.0,AIC_prepeak_clean,Table_1\results_aic\raw_aic_results.csv
300_-10.0_105,300,-10.0,105,1366113404,ricker,WGN,-1,1000,1,1000,221,221.0,AIC_prepeak_clean,Table_1\results_aic\raw_aic_results.csv
300_-10.0_106,300,-10.0,106,2182172874,ricker,WGN,-1,1000,1,1000,221,221.0,AIC_prepeak_clean,Table_1\results_aic\raw_aic_results.csv
300_-10.0_107,300,-10.0,107,3386618505,ricker,WGN,-1,1000,1,1000,221,221.0,AIC_prepeak_clean,Table_1\results_aic\raw_aic_results.csv
300_-10.0_108,300,-10.0,108,650940196,ricker,WGN,-1,1000,1,1000,221,221.0,AIC_prepeak_clean,Table_1\results_aic\raw_aic_results.csv
300_-10.0_109,300,-10.0,109,2161245225,ricker,WGN,-1,1000,1,1000,221,221.0,AIC_prepeak_clean,Table_1\results_aic\raw_aic_results.csv
300_-10.0_110,300,-10.0,110,2907164912,ricker,WGN,-1,1000,1,1000,221,221.0,AIC_prepeak_clean,Table_1\results_aic\raw_aic_results.csv
300_-10.0_111,300,-10.0,111,2102307776,ricker,WGN,-1,1000,1,1000,221,221.0,AIC_prepeak_clean,Table_1\results_aic\raw_aic_results.csv
300_-10.0_112,300,-10.0,112,3634704526,ricker,WGN,-1,1000,1,1000,221,221.0,AIC_prepeak_clean,Table_1\results_aic\raw_aic_results.csv
300_-10.0_113,300,-10.0,113,387176369,ricker,WGN,-1,1000,1,1000,221,221.0,AIC_prepeak_clean,Table_1\results_aic\raw_aic_results.csv
300_-10.0_114,300,-10.0,114,3703036637,ricker,WGN,-1,1000,1,1000,221,221.0,AIC_prepeak_clean,Table_1\results_aic\raw_aic_results.csv
300_-10.0_115,300,-10.0,115,1849811661,ricker,WGN,-1,1000,1,1000,221,221.0,AIC_prepeak_clean,Table_1\results_aic\raw_aic_results.csv
300_-10.0_116,300,-10.0,116,2113172540,ricker,WGN,-1,1000,1,1000,221,221.0,AIC_prepeak_clean,Table_1\results_aic\raw_aic_results.csv
300_-10.0_117,300,-10.0,117,1247341537,ricker,WGN,-1,1000,1,1000,221,221.0,AIC_prepeak_clean,Table_1\results_aic\raw_aic_results.csv
300_-10.0_118,300,-10.0,118,1854073204,ricker,WGN,-1,1000,1,1000,221,221.0,AIC_prepeak_clean,Table_1\results_aic\raw_aic_results.csv
300_-10.0_119,300,-10.0,119,958400215,ricker,WGN,-1,1000,1,1000,221,221.0,AIC_prepeak_clean,Table_1\results_aic\raw_aic_results.csv
300_-10.0_120,300,-10.0,120,3899548355,ricker,WGN,-1,1000,1,1000,221,221.0,AIC_prepeak_clean,Table_1\results_aic\raw_aic_results.csv
300_-10.0_121,300,-10.0,121,1794549098,ricker,WGN,-1,1000,1,1000,221,221.0,AIC_prepeak_clean,Table_1\results_aic\raw_aic_results.csv
300_-10.0_122,300,-10.0,122,1228985727,ricker,WGN,-1,1000,1,1000,221,221.0,AIC_prepeak_clean,Table_1\results_aic\raw_aic_results.csv
300_-10.0_123,300,-10.0,123,3401313447,ricker,WGN,-1,1000,1,1000,221,221.0,AIC_prepeak_clean,Table_1\results_aic\raw_aic_results.csv
300_-10.0_124,300,-10.0,124,61487314,ricker,WGN,-1,1000,1,1000,221,221.0,AIC_prepeak_clean,Table_1\results_aic\raw_aic_results.csv
300_-10.0_125,300,-10.0,125,276041647,ricker,WGN,-1,1000,1,1000,221,221.0,AIC_prepeak_clean,Table_1\results_aic\raw_aic_results.csv
300_-10.0_126,300,-10.0,126,682991375,ricker,WGN,-1,1000,1,1000,221,221.0,AIC_prepeak_clean,Table_1\results_aic\raw_aic_results.csv
300_-10.0_127,300,-10.0,127,2406672438,ricker,WGN,-1,1000,1,1000,221,221.0,AIC_prepeak_clean,Table_1\results_aic\raw_aic_results.csv
300_-10.0_128,300,-10.0,128,267982696,ricker,WGN,-1,1000,1,1000,221,221.0,AIC_prepeak_clean,Table_1\results_aic\raw_aic_results.csv
300_-10.0_129,300,-10.0,129,268861129,ricker,WGN,-1,1000,1,1000,221,221.0,AIC_prepeak_clean,Table_1\results_aic\raw_aic_results.csv
300_-10.0_130,300,-10.0,130,3241526291,ricker,WGN,-1,1000,1,1000,221,221.0,AIC_prepeak_clean,Table_1\results_aic\raw_aic_results.csv
300_-10.0_131,300,-10.0,131,3796122884,ricker,WGN,-1,1000,1,1000,221,221.0,AIC_prepeak_clean,Table_1\results_aic\raw_aic_results.csv
300_-10.0_132,300,-10.0,132,40332033,ricker,WGN,-1,1000,1,1000,221,221.0,AIC_prepeak_clean,Table_1\results_aic\raw_aic_results.csv
300_-10.0_133,300,-10.0,133,2642539209,ricker,WGN,-1,1000,1,1000,221,221.0,AIC_prepeak_clean,Table_1\results_aic\raw_aic_results.csv
300_-10.0_134,300,-10.0,134,1700058525,ricker,WGN,-1,1000,1,1000,221,221.0,AIC_prepeak_clean,Table_1\results_aic\raw_aic_results.csv
300_-10.0_135,300,-10.0,135,3512110487,ricker,WGN,-1,1000,1,1000,221,221.0,AIC_prepeak_clean,Table_1\results_aic\raw_aic_results.csv
300_-10.0_136,300,-10.0,136,3330443077,ricker,WGN,-1,1000,1,1000,221,221.0,AIC_prepeak_clean,Table_1\results_aic\raw_aic_results.csv
300_-10.0_137,300,-10.0,137,723057669,ricker,WGN,-1,1000,1,1000,221,221.0,AIC_prepeak_clean,Table_1\results_aic\raw_aic_results.csv
300_-10.0_138,300,-10.0,138,1279052288,ricker,WGN,-1,1000,1,1000,221,221.0,AIC_prepeak_clean,Table_1\results_aic\raw_aic_results.csv
300_-10.0_139,300,-10.0,139,3285903372,ricker,WGN,-1,1000,1,1000,221,221.0,AIC_prepeak_clean,Table_1\results_aic\raw_aic_results.csv
300_-10.0_140,300,-10.0,140,442073162,ricker,WGN,-1,1000,1,1000,221,221.0,AIC_prepeak_clean,Table_1\results_aic\raw_aic_results.csv
300_-10.0_141,300,-10.0,141,1291059544,ricker,WGN,-1,1000,1,1000,221,221.0,AIC_prepeak_clean,Table_1\results_aic\raw_aic_results.csv
300_-10.0_142,300,-10.0,142,3249798867,ricker,WGN,-1,1000,1,1000,221,221.0,AIC_prepeak_clean,Table_1\results_aic\raw_aic_results.csv
300_-10.0_143,300,-10.0,143,3411931259,ricker,WGN,-1,1000,1,1000,221,221.0,AIC_prepeak_clean,Table_1\results_aic\raw_aic_results.csv
300_-10.0_144,300,-10.0,144,3689388875,ricker,WGN,-1,1000,1,1000,221,221.0,AIC_prepeak_clean,Table_1\results_aic\raw_aic_results.csv
300_-10.0_145,300,-10.0,145,4206950521,ricker,WGN,-1,1000,1,1000,221,221.0,AIC_prepeak_clean,Table_1\results_aic\raw_aic_results.csv
300_-10.0_146,300,-10.0,146,3292739892,ricker,WGN,-1,1000,1,1000,221,221.0,AIC_prepeak_clean,Table_1\results_aic\raw_aic_results.csv
300_-10.0_147,300,-10.0,147,4274045005,ricker,WGN,-1,1000,1,1000,221,221.0,AIC_prepeak_clean,Table_1\results_aic\raw_aic_results.csv
300_-10.0_148,300,-10.0,148,3205010945,ricker,WGN,-1,1000,1,1000,221,221.0,AIC_prepeak_clean,Table_1\results_aic\raw_aic_results.csv
300_-10.0_149,300,-10.0,149,1385442031,ricker,WGN,-1,1000,1,1000,221,221.0,AIC_prepeak_clean,Table_1\results_aic\raw_aic_results.csv
300_-10.0_150,300,-10.0,150,56570908,ricker,WGN,-1,1000,1,1000,221,221.0,AIC_prepeak_clean,Table_1\results_aic\raw_aic_results.csv
300_-10.0_151,300,-10.0,151,1759622470,ricker,WGN,-1,1000,1,1000,221,221.0,AIC_prepeak_clean,Table_1\results_aic\raw_aic_results.csv
300_-10.0_152,300,-10.0,152,3857220948,ricker,WGN,-1,1000,1,1000,221,221.0,AIC_prepeak_clean,Table_1\results_aic\raw_aic_results.csv
300_-10.0_153,300,-10.0,153,2126289121,ricker,WGN,-1,1000,1,1000,221,221.0,AIC_prepeak_clean,Table_1\results_aic\raw_aic_results.csv
300_-10.0_154,300,-10.0,154,2752452886,ricker,WGN,-1,1000,1,1000,221,221.0,AIC_prepeak_clean,Table_1\results_aic\raw_aic_results.csv
300_-10.0_155,300,-10.0,155,164286587,ricker,WGN,-1,1000,1,1000,221,221.0,AIC_prepeak_clean,Table_1\results_aic\raw_aic_results.csv
300_-10.0_156,300,-10.0,156,2107300640,ricker,WGN,-1,1000,1,1000,221,221.0,AIC_prepeak_clean,Table_1\results_aic\raw_aic_results.csv
300_-10.0_157,300,-10.0,157,2714644378,ricker,WGN,-1,1000,1,1000,221,221.0,AIC_prepeak_clean,Table_1\results_aic\raw_aic_results.csv
300_-10.0_158,300,-10.0,158,796588314,ricker,WGN,-1,1000,1,1000,221,221.0,AIC_prepeak_clean,Table_1\results_aic\raw_aic_results.csv
300_-10.0_159,300,-10.0,159,3477359274,ricker,WGN,-1,1000,1,1000,221,221.0,AIC_prepeak_clean,Table_1\results_aic\raw_aic_results.csv
300_-10.0_160,300,-10.0,160,1902806060,ricker,WGN,-1,1000,1,1000,221,221.0,AIC_prepeak_clean,Table_1\results_aic\raw_aic_results.csv
300_-10.0_161,300,-10.0,161,3115785568,ricker,WGN,-1,1000,1,1000,221,221.0,AIC_prepeak_clean,Table_1\results_aic\raw_aic_results.csv
300_-10.0_162,300,-10.0,162,592575424,ricker,WGN,-1,1000,1,1000,221,221.0,AIC_prepeak_clean,Table_1\results_aic\raw_aic_results.csv
300_-10.0_163,300,-10.0,163,2272474715,ricker,WGN,-1,1000,1,1000,221,221.0,AIC_prepeak_clean,Table_1\results_aic\raw_aic_results.csv
300_-10.0_164,300,-10.0,164,2122301934,ricker,WGN,-1,1000,1,1000,221,221.0,AIC_prepeak_clean,Table_1\results_aic\raw_aic_results.csv
300_-10.0_165,300,-10.0,165,3156560961,ricker,WGN,-1,1000,1,1000,221,221.0,AIC_prepeak_clean,Table_1\results_aic\raw_aic_results.csv
300_-10.0_166,300,-10.0,166,1486066859,ricker,WGN,-1,1000,1,1000,221,221.0,AIC_prepeak_clean,Table_1\results_aic\raw_aic_results.csv
300_-10.0_167,300,-10.0,167,971851878,ricker,WGN,-1,1000,1,1000,221,221.0,AIC_prepeak_clean,Table_1\results_aic\raw_aic_results.csv
300_-10.0_168,300,-10.0,168,391582381,ricker,WGN,-1,1000,1,1000,221,221.0,AIC_prepeak_clean,Table_1\results_aic\raw_aic_results.csv
300_-10.0_169,300,-10.0,169,818680197,ricker,WGN,-1,1000,1,1000,221,221.0,AIC_prepeak_clean,Table_1\results_aic\raw_aic_results.csv
300_-10.0_170,300,-10.0,170,3375204209,ricker,WGN,-1,1000,1,1000,221,221.0,AIC_prepeak_clean,Table_1\results_aic\raw_aic_results.csv
300_-10.0_171,300,-10.0,171,768891622,ricker,WGN,-1,1000,1,1000,221,221.0,AIC_prepeak_clean,Table_1\results_aic\raw_aic_results.csv
300_-10.0_172,300,-10.0,172,3887315829,ricker,WGN,-1,1000,1,1000,221,221.0,AIC_prepeak_clean,Table_1\results_aic\raw_aic_results.csv
300_-10.0_173,300,-10.0,173,3136504707,ricker,WGN,-1,1000,1,1000,221,221.0,AIC_prepeak_clean,Table_1\results_aic\raw_aic_results.csv
300_-10.0_174,300,-10.0,174,830326188,ricker,WGN,-1,1000,1,1000,221,221.0,AIC_prepeak_clean,Table_1\results_aic\raw_aic_results.csv
300_-10.0_175,300,-10.0,175,3549539740,ricker,WGN,-1,1000,1,1000,221,221.0,AIC_prepeak_clean,Table_1\results_aic\raw_aic_results.csv
300_-10.0_176,300,-10.0,176,2152144207,ricker,WGN,-1,1000,1,1000,221,221.0,AIC_prepeak_clean,Table_1\results_aic\raw_aic_results.csv
300_-10.0_177,300,-10.0,177,2053528302,ricker,WGN,-1,1000,1,1000,221,221.0,AIC_prepeak_clean,Table_1\results_aic\raw_aic_results.csv
300_-10.0_178,300,-10.0,178,890624073,ricker,WGN,-1,1000,1,1000,221,221.0,AIC_prepeak_clean,Table_1\results_aic\raw_aic_results.csv
300_-10.0_179,300,-10.0,179,1414584573,ricker,WGN,-1,1000,1,1000,221,221.0,AIC_prepeak_clean,Table_1\results_aic\raw_aic_results.csv
300_-10.0_180,300,-10.0,180,3040942850,ricker,WGN,-1,1000,1,1000,221,221.0,AIC_prepeak_clean,Table_1\results_aic\raw_aic_results.csv
300_-10.0_181,300,-10.0,181,3148760349,ricker,WGN,-1,1000,1,1000,221,221.0,AIC_prepeak_clean,Table_1\results_aic\raw_aic_results.csv
300_-10.0_182,300,-10.0,182,3879818185,ricker,WGN,-1,1000,1,1000,221,221.0,AIC_prepeak_clean,Table_1\results_aic\raw_aic_results.csv
300_-10.0_183,300,-10.0,183,2162483468,ricker,WGN,-1,1000,1,1000,221,221.0,AIC_prepeak_clean,Table_1\results_aic\raw_aic_results.csv
300_-10.0_184,300,-10.0,184,2161263455,ricker,WGN,-1,1000,1,1000,221,221.0,AIC_prepeak_clean,Table_1\results_aic\raw_aic_results.csv
300_-10.0_185,300,-10.0,185,2580015852,ricker,WGN,-1,1000,1,1000,221,221.0,AIC_prepeak_clean,Table_1\results_aic\raw_aic_results.csv
300_-10.0_186,300,-10.0,186,1405058464,ricker,WGN,-1,1000,1,1000,221,221.0,AIC_prepeak_clean,Table_1\results_aic\raw_aic_results.csv
300_-10.0_187,300,-10.0,187,3659154447,ricker,WGN,-1,1000,1,1000,221,221.0,AIC_prepeak_clean,Table_1\results_aic\raw_aic_results.csv
300_-10.0_188,300,-10.0,188,38544403,ricker,WGN,-1,1000,1,1000,221,221.0,AIC_prepeak_clean,Table_1\results_aic\raw_aic_results.csv
300_-10.0_189,300,-10.0,189,310776585,ricker,WGN,-1,1000,1,1000,221,221.0,AIC_prepeak_clean,Table_1\results_aic\raw_aic_results.csv
300_-10.0_190,300,-10.0,190,3513097973,ricker,WGN,-1,1000,1,1000,221,221.0,AIC_prepeak_clean,Table_1\results_aic\raw_aic_results.csv
300_-10.0_191,300,-10.0,191,1357669704,ricker,WGN,-1,1000,1,1000,221,221.0,AIC_prepeak_clean,Table_1\results_aic\raw_aic_results.csv
300_-10.0_192,300,-10.0,192,444124042,ricker,WGN,-1,1000,1,1000,221,221.0,AIC_prepeak_clean,Table_1\results_aic\raw_aic_results.csv
300_-10.0_193,300,-10.0,193,1984683168,ricker,WGN,-1,1000,1,1000,221,221.0,AIC_prepeak_clean,Table_1\results_aic\raw_aic_results.csv
300_-10.0_194,300,-10.0,194,1127029273,ricker,WGN,-1,1000,1,1000,221,221.0,AIC_prepeak_clean,Table_1\results_aic\raw_aic_results.csv
300_-10.0_195,300,-10.0,195,4098874049,ricker,WGN,-1,1000,1,1000,221,221.0,AIC_prepeak_clean,Table_1\results_aic\raw_aic_results.csv
300_-10.0_196,300,-10.0,196,4036379672,ricker,WGN,-1,1000,1,1000,221,221.0,AIC_prepeak_clean,Table_1\results_aic\raw_aic_results.csv
300_-10.0_197,300,-10.0,197,210143555,ricker,WGN,-1,1000,1,1000,221,221.0,AIC_prepeak_clean,Table_1\results_aic\raw_aic_results.csv
300_-10.0_198,300,-10.0,198,3321852858,ricker,WGN,-1,1000,1,1000,221,221.0,AIC_prepeak_clean,Table_1\results_aic\raw_aic_results.csv
300_-10.0_199,300,-10.0,199,3876991731,ricker,WGN,-1,1000,1,1000,221,221.0,AIC_prepeak_clean,Table_1\results_aic\raw_aic_results.csv
300_-8.0_0,300,-8.0,0,204883412,ricker,WGN,-1,1000,1,1000,221,221.0,AIC_prepeak_clean,Table_1\results_aic\raw_aic_results.csv
300_-8.0_1,300,-8.0,1,2920095725,ricker,WGN,-1,1000,1,1000,221,221.0,AIC_prepeak_clean,Table_1\results_aic\raw_aic_results.csv
300_-8.0_2,300,-8.0,2,3920674414,ricker,WGN,-1,1000,1,1000,221,221.0,AIC_prepeak_clean,Table_1\results_aic\raw_aic_results.csv
300_-8.0_3,300,-8.0,3,1856860602,ricker,WGN,-1,1000,1,1000,221,221.0,AIC_prepeak_clean,Table_1\results_aic\raw_aic_results.csv
300_-8.0_4,300,-8.0,4,935535698,ricker,WGN,-1,1000,1,1000,221,221.0,AIC_prepeak_clean,Table_1\results_aic\raw_aic_results.csv
300_-8.0_5,300,-8.0,5,2005159651,ricker,WGN,-1,1000,1,1000,221,221.0,AIC_prepeak_clean,Table_1\results_aic\raw_aic_results.csv
300_-8.0_6,300,-8.0,6,256319253,ricker,WGN,-1,1000,1,1000,221,221.0,AIC_prepeak_clean,Table_1\results_aic\raw_aic_results.csv
300_-8.0_7,300,-8.0,7,3031801062,ricker,WGN,-1,1000,1,1000,221,221.0,AIC_prepeak_clean,Table_1\results_aic\raw_aic_results.csv
300_-8.0_8,300,-8.0,8,2011346447,ricker,WGN,-1,1000,1,1000,221,221.0,AIC_prepeak_clean,Table_1\results_aic\raw_aic_results.csv
300_-8.0_9,300,-8.0,9,1238353812,ricker,WGN,-1,1000,1,1000,221,221.0,AIC_prepeak_clean,Table_1\results_aic\raw_aic_results.csv
300_-8.0_10,300,-8.0,10,19569405,ricker,WGN,-1,1000,1,1000,221,221.0,AIC_prepeak_clean,Table_1\results_aic\raw_aic_results.csv
300_-8.0_11,300,-8.0,11,2085388361,ricker,WGN,-1,1000,1,1000,221,221.0,AIC_prepeak_clean,Table_1\results_aic\raw_aic_results.csv
300_-8.0_12,300,-8.0,12,107541030,ricker,WGN,-1,1000,1,1000,221,221.0,AIC_prepeak_clean,Table_1\results_aic\raw_aic_results.csv
300_-8.0_13,300,-8.0,13,1770137123,ricker,WGN,-1,1000,1,1000,221,221.0,AIC_prepeak_clean,Table_1\results_aic\raw_aic_results.csv
300_-8.0_14,300,-8.0,14,1894936773,ricker,WGN,-1,1000,1,1000,221,221.0,AIC_prepeak_clean,Table_1\results_aic\raw_aic_results.csv
300_-8.0_15,300,-8.0,15,2035304362,ricker,WGN,-1,1000,1,1000,221,221.0,AIC_prepeak_clean,Table_1\results_aic\raw_aic_results.csv
300_-8.0_16,300,-8.0,16,1464126047,ricker,WGN,-1,1000,1,1000,221,221.0,AIC_prepeak_clean,Table_1\results_aic\raw_aic_results.csv
300_-8.0_17,300,-8.0,17,4053294231,ricker,WGN,-1,1000,1,1000,221,221.0,AIC_prepeak_clean,Table_1\results_aic\raw_aic_results.csv
300_-8.0_18,300,-8.0,18,2195853280,ricker,WGN,-1,1000,1,1000,221,221.0,AIC_prepeak_clean,Table_1\results_aic\raw_aic_results.csv
300_-8.0_19,300,-8.0,19,3181756182,ricker,WGN,-1,1000,1,1000,221,221.0,AIC_prepeak_clean,Table_1\results_aic\raw_aic_results.csv
300_-8.0_20,300,-8.0,20,1902801534,ricker,WGN,-1,1000,1,1000,221,221.0,AIC_prepeak_clean,Table_1\results_aic\raw_aic_results.csv
300_-8.0_21,300,-8.0,21,3626039099,ricker,WGN,-1,1000,1,1000,221,221.0,AIC_prepeak_clean,Table_1\results_aic\raw_aic_results.csv
300_-8.0_22,300,-8.0,22,665195673,ricker,WGN,-1,1000,1,1000,221,221.0,AIC_prepeak_clean,Table_1\results_aic\raw_aic_results.csv
300_-8.0_23,300,-8.0,23,3831870335,ricker,WGN,-1,1000,1,1000,221,221.0,AIC_prepeak_clean,Table_1\results_aic\raw_aic_results.csv
300_-8.0_24,300,-8.0,24,393866920,ricker,WGN,-1,1000,1,1000,221,221.0,AIC_prepeak_clean,Table_1\results_aic\raw_aic_results.csv
300_-8.0_25,300,-8.0,25,124124442,ricker,WGN,-1,1000,1,1000,221,221.0,AIC_prepeak_clean,Table_1\results_aic\raw_aic_results.csv
300_-8.0_26,300,-8.0,26,2742154860,ricker,WGN,-1,1000,1,1000,221,221.0,AIC_prepeak_clean,Table_1\results_aic\raw_aic_results.csv
300_-8.0_27,300,-8.0,27,2915359906,ricker,WGN,-1,1000,1,1000,221,221.0,AIC_prepeak_clean,Table_1\results_aic\raw_aic_results.csv
300_-8.0_28,300,-8.0,28,4085058881,ricker,WGN,-1,1000,1,1000,221,221.0,AIC_prepeak_clean,Table_1\results_aic\raw_aic_results.csv
300_-8.0_29,300,-8.0,29,2512823735,ricker,WGN,-1,1000,1,1000,221,221.0,AIC_prepeak_clean,Table_1\results_aic\raw_aic_results.csv
300_-8.0_30,300,-8.0,30,3433224703,ricker,WGN,-1,1000,1,1000,221,221.0,AIC_prepeak_clean,Table_1\results_aic\raw_aic_results.csv
300_-8.0_31,300,-8.0,31,1676679491,ricker,WGN,-1,1000,1,1000,221,221.0,AIC_prepeak_clean,Table_1\results_aic\raw_aic_results.csv
300_-8.0_32,300,-8.0,32,3295496385,ricker,WGN,-1,1000,1,1000,221,221.0,AIC_prepeak_clean,Table_1\results_aic\raw_aic_results.csv
300_-8.0_33,300,-8.0,33,2558349045,ricker,WGN,-1,1000,1,1000,221,221.0,AIC_prepeak_clean,Table_1\results_aic\raw_aic_results.csv
300_-8.0_34,300,-8.0,34,1369031124,ricker,WGN,-1,1000,1,1000,221,221.0,AIC_prepeak_clean,Table_1\results_aic\raw_aic_results.csv
300_-8.0_35,300,-8.0,35,346746946,ricker,WGN,-1,1000,1,1000,221,221.0,AIC_prepeak_clean,Table_1\results_aic\raw_aic_results.csv
300_-8.0_36,300,-8.0,36,847950070,ricker,WGN,-1,1000,1,1000,221,221.0,AIC_prepeak_clean,Table_1\results_aic\raw_aic_results.csv
300_-8.0_37,300,-8.0,37,3543206237,ricker,WGN,-1,1000,1,1000,221,221.0,AIC_prepeak_clean,Table_1\results_aic\raw_aic_results.csv
300_-8.0_38,300,-8.0,38,527153358,ricker,WGN,-1,1000,1,1000,221,221.0,AIC_prepeak_clean,Table_1\results_aic\raw_aic_results.csv
300_-8.0_39,300,-8.0,39,3013196918,ricker,WGN,-1,1000,1,1000,221,221.0,AIC_prepeak_clean,Table_1\results_aic\raw_aic_results.csv
300_-8.0_40,300,-8.0,40,2164866822,ricker,WGN,-1,1000,1,1000,221,221.0,AIC_prepeak_clean,Table_1\results_aic\raw_aic_results.csv
300_-8.0_41,300,-8.0,41,2157039840,ricker,WGN,-1,1000,1,1000,221,221.0,AIC_prepeak_clean,Table_1\results_aic\raw_aic_results.csv
300_-8.0_42,300,-8.0,42,3518916805,ricker,WGN,-1,1000,1,1000,221,221.0,AIC_prepeak_clean,Table_1\results_aic\raw_aic_results.csv
300_-8.0_43,300,-8.0,43,3157508202,ricker,WGN,-1,1000,1,1000,221,221.0,AIC_prepeak_clean,Table_1\results_aic\raw_aic_results.csv
300_-8.0_44,300,-8.0,44,807602478,ricker,WGN,-1,1000,1,1000,221,221.0,AIC_prepeak_clean,Table_1\results_aic\raw_aic_results.csv
300_-8.0_45,300,-8.0,45,3279201380,ricker,WGN,-1,1000,1,1000,221,221.0,AIC_prepeak_clean,Table_1\results_aic\raw_aic_results.csv
300_-8.0_46,300,-8.0,46,1389113803,ricker,WGN,-1,1000,1,1000,221,221.0,AIC_prepeak_clean,Table_1\results_aic\raw_aic_results.csv
300_-8.0_47,300,-8.0,47,831555742,ricker,WGN,-1,1000,1,1000,221,221.0,AIC_prepeak_clean,Table_1\results_aic\raw_aic_results.csv
300_-8.0_48,300,-8.0,48,1292965662,ricker,WGN,-1,1000,1,1000,221,221.0,AIC_prepeak_clean,Table_1\results_aic\raw_aic_results.csv
300_-8.0_49,300,-8.0,49,31263074,ricker,WGN,-1,1000,1,1000,221,221.0,AIC_prepeak_clean,Table_1\results_aic\raw_aic_results.csv
300_-8.0_50,300,-8.0,50,3402309042,ricker,WGN,-1,1000,1,1000,221,221.0,AIC_prepeak_clean,Table_1\results_aic\raw_aic_results.csv
300_-8.0_51,300,-8.0,51,854594122,ricker,WGN,-1,1000,1,1000,221,221.0,AIC_prepeak_clean,Table_1\results_aic\raw_aic_results.csv
300_-8.0_52,300,-8.0,52,3138965453,ricker,WGN,-1,1000,1,1000,221,221.0,AIC_prepeak_clean,Table_1\results_aic\raw_aic_results.csv
300_-8.0_53,300,-8.0,53,375797895,ricker,WGN,-1,1000,1,1000,221,221.0,AIC_prepeak_clean,Table_1\results_aic\raw_aic_results.csv
300_-8.0_54,300,-8.0,54,4014293902,ricker,WGN,-1,1000,1,1000,221,221.0,AIC_prepeak_clean,Table_1\results_aic\raw_aic_results.csv
300_-8.0_55,300,-8.0,55,335284193,ricker,WGN,-1,1000,1,1000,221,221.0,AIC_prepeak_clean,Table_1\results_aic\raw_aic_results.csv
300_-8.0_56,300,-8.0,56,1930104294,ricker,WGN,-1,1000,1,1000,221,221.0,AIC_prepeak_clean,Table_1\results_aic\raw_aic_results.csv
300_-8.0_57,300,-8.0,57,3264556498,ricker,WGN,-1,1000,1,1000,221,221.0,AIC_prepeak_clean,Table_1\results_aic\raw_aic_results.csv
300_-8.0_58,300,-8.0,58,3922786262,ricker,WGN,-1,1000,1,1000,221,221.0,AIC_prepeak_clean,Table_1\results_aic\raw_aic_results.csv
300_-8.0_59,300,-8.0,59,1627981319,ricker,WGN,-1,1000,1,1000,221,221.0,AIC_prepeak_clean,Table_1\results_aic\raw_aic_results.csv
300_-8.0_60,300,-8.0,60,3035529507,ricker,WGN,-1,1000,1,1000,221,221.0,AIC_prepeak_clean,Table_1\results_aic\raw_aic_results.csv
300_-8.0_61,300,-8.0,61,1576734389,ricker,WGN,-1,1000,1,1000,221,221.0,AIC_prepeak_clean,Table_1\results_aic\raw_aic_results.csv
300_-8.0_62,300,-8.0,62,529790904,ricker,WGN,-1,1000,1,1000,221,221.0,AIC_prepeak_clean,Table_1\results_aic\raw_aic_results.csv
300_-8.0_63,300,-8.0,63,1872657257,ricker,WGN,-1,1000,1,1000,221,221.0,AIC_prepeak_clean,Table_1\results_aic\raw_aic_results.csv
300_-8.0_64,300,-8.0,64,115304442,ricker,WGN,-1,1000,1,1000,221,221.0,AIC_prepeak_clean,Table_1\results_aic\raw_aic_results.csv
300_-8.0_65,300,-8.0,65,2839830235,ricker,WGN,-1,1000,1,1000,221,221.0,AIC_prepeak_clean,Table_1\results_aic\raw_aic_results.csv
300_-8.0_66,300,-8.0,66,4071285348,ricker,WGN,-1,1000,1,1000,221,221.0,AIC_prepeak_clean,Table_1\results_aic\raw_aic_results.csv
300_-8.0_67,300,-8.0,67,1742668043,ricker,WGN,-1,1000,1,1000,221,221.0,AIC_prepeak_clean,Table_1\results_aic\raw_aic_results.csv
300_-8.0_68,300,-8.0,68,3846998488,ricker,WGN,-1,1000,1,1000,221,221.0,AIC_prepeak_clean,Table_1\results_aic\raw_aic_results.csv
300_-8.0_69,300,-8.0,69,2791538778,ricker,WGN,-1,1000,1,1000,221,221.0,AIC_prepeak_clean,Table_1\results_aic\raw_aic_results.csv
300_-8.0_70,300,-8.0,70,2739618084,ricker,WGN,-1,1000,1,1000,221,221.0,AIC_prepeak_clean,Table_1\results_aic\raw_aic_results.csv
300_-8.0_71,300,-8.0,71,2020855748,ricker,WGN,-1,1000,1,1000,221,221.0,AIC_prepeak_clean,Table_1\results_aic\raw_aic_results.csv
300_-8.0_72,300,-8.0,72,1336407657,ricker,WGN,-1,1000,1,1000,221,221.0,AIC_prepeak_clean,Table_1\results_aic\raw_aic_results.csv
300_-8.0_73,300,-8.0,73,926733967,ricker,WGN,-1,1000,1,1000,221,221.0,AIC_prepeak_clean,Table_1\results_aic\raw_aic_results.csv
300_-8.0_74,300,-8.0,74,2770877186,ricker,WGN,-1,1000,1,1000,221,221.0,AIC_prepeak_clean,Table_1\results_aic\raw_aic_results.csv
300_-8.0_75,300,-8.0,75,2621720185,ricker,WGN,-1,1000,1,1000,221,221.0,AIC_prepeak_clean,Table_1\results_aic\raw_aic_results.csv
300_-8.0_76,300,-8.0,76,14159587,ricker,WGN,-1,1000,1,1000,221,221.0,AIC_prepeak_clean,Table_1\results_aic\raw_aic_results.csv
300_-8.0_77,300,-8.0,77,1421247742,ricker,WGN,-1,1000,1,1000,221,221.0,AIC_prepeak_clean,Table_1\results_aic\raw_aic_results.csv
300_-8.0_78,300,-8.0,78,1364296217,ricker,WGN,-1,1000,1,1000,221,221.0,AIC_prepeak_clean,Table_1\results_aic\raw_aic_results.csv
300_-8.0_79,300,-8.0,79,1548952074,ricker,WGN,-1,1000,1,1000,221,221.0,AIC_prepeak_clean,Table_1\results_aic\raw_aic_results.csv
300_-8.0_80,300,-8.0,80,2982492196,ricker,WGN,-1,1000,1,1000,221,221.0,AIC_prepeak_clean,Table_1\results_aic\raw_aic_results.csv
300_-8.0_81,300,-8.0,81,2897823250,ricker,WGN,-1,1000,1,1000,221,221.0,AIC_prepeak_clean,Table_1\results_aic\raw_aic_results.csv
300_-8.0_82,300,-8.0,82,3255287380,ricker,WGN,-1,1000,1,1000,221,221.0,AIC_prepeak_clean,Table_1\results_aic\raw_aic_results.csv
300_-8.0_83,300,-8.0,83,3348348419,ricker,WGN,-1,1000,1,1000,221,221.0,AIC_prepeak_clean,Table_1\results_aic\raw_aic_results.csv
300_-8.0_84,300,-8.0,84,3273723442,ricker,WGN,-1,1000,1,1000,221,221.0,AIC_prepeak_clean,Table_1\results_aic\raw_aic_results.csv
300_-8.0_85,300,-8.0,85,1870114880,ricker,WGN,-1,1000,1,1000,221,221.0,AIC_prepeak_clean,Table_1\results_aic\raw_aic_results.csv
300_-8.0_86,300,-8.0,86,3477589482,ricker,WGN,-1,1000,1,1000,221,221.0,AIC_prepeak_clean,Table_1\results_aic\raw_aic_results.csv
300_-8.0_87,300,-8.0,87,586461956,ricker,WGN,-1,1000,1,1000,221,221.0,AIC_prepeak_clean,Table_1\results_aic\raw_aic_results.csv
300_-8.0_88,300,-8.0,88,1357685332,ricker,WGN,-1,1000,1,1000,221,221.0,AIC_prepeak_clean,Table_1\results_aic\raw_aic_results.csv
300_-8.0_89,300,-8.0,89,2802652353,ricker,WGN,-1,1000,1,1000,221,221.0,AIC_prepeak_clean,Table_1\results_aic\raw_aic_results.csv
300_-8.0_90,300,-8.0,90,3488068843,ricker,WGN,-1,1000,1,1000,221,221.0,AIC_prepeak_clean,Table_1\results_aic\raw_aic_results.csv
300_-8.0_91,300,-8.0,91,3898967786,ricker,WGN,-1,1000,1,1000,221,221.0,AIC_prepeak_clean,Table_1\results_aic\raw_aic_results.csv
300_-8.0_92,300,-8.0,92,4049368702,ricker,WGN,-1,1000,1,1000,221,221.0,AIC_prepeak_clean,Table_1\results_aic\raw_aic_results.csv
300_-8.0_93,300,-8.0,93,576391351,ricker,WGN,-1,1000,1,1000,221,221.0,AIC_prepeak_clean,Table_1\results_aic\raw_aic_results.csv
300_-8.0_94,300,-8.0,94,3790586465,ricker,WGN,-1,1000,1,1000,221,221.0,AIC_prepeak_clean,Table_1\results_aic\raw_aic_results.csv
300_-8.0_95,300,-8.0,95,3699333746,ricker,WGN,-1,1000,1,1000,221,221.0,AIC_prepeak_clean,Table_1\results_aic\raw_aic_results.csv
300_-8.0_96,300,-8.0,96,525051118,ricker,WGN,-1,1000,1,1000,221,221.0,AIC_prepeak_clean,Table_1\results_aic\raw_aic_results.csv
300_-8.0_97,300,-8.0,97,241176385,ricker,WGN,-1,1000,1,1000,221,221.0,AIC_prepeak_clean,Table_1\results_aic\raw_aic_results.csv
300_-8.0_98,300,-8.0,98,2645609580,ricker,WGN,-1,1000,1,1000,221,221.0,AIC_prepeak_clean,Table_1\results_aic\raw_aic_results.csv
300_-8.0_99,300,-8.0,99,4134345335,ricker,WGN,-1,1000,1,1000,221,221.0,AIC_prepeak_clean,Table_1\results_aic\raw_aic_results.csv
300_-8.0_100,300,-8.0,100,3162896167,ricker,WGN,-1,1000,1,1000,221,221.0,AIC_prepeak_clean,Table_1\results_aic\raw_aic_results.csv
300_-8.0_101,300,-8.0,101,2607786568,ricker,WGN,-1,1000,1,1000,221,221.0,AIC_prepeak_clean,Table_1\results_aic\raw_aic_results.csv
300_-8.0_102,300,-8.0,102,787738985,ricker,WGN,-1,1000,1,1000,221,221.0,AIC_prepeak_clean,Table_1\results_aic\raw_aic_results.csv
300_-8.0_103,300,-8.0,103,3121136435,ricker,WGN,-1,1000,1,1000,221,221.0,AIC_prepeak_clean,Table_1\results_aic\raw_aic_results.csv
300_-8.0_104,300,-8.0,104,2645225384,ricker,WGN,-1,1000,1,1000,221,221.0,AIC_prepeak_clean,Table_1\results_aic\raw_aic_results.csv
300_-8.0_105,300,-8.0,105,1189048774,ricker,WGN,-1,1000,1,1000,221,221.0,AIC_prepeak_clean,Table_1\results_aic\raw_aic_results.csv
300_-8.0_106,300,-8.0,106,2563319175,ricker,WGN,-1,1000,1,1000,221,221.0,AIC_prepeak_clean,Table_1\results_aic\raw_aic_results.csv
300_-8.0_107,300,-8.0,107,2602398573,ricker,WGN,-1,1000,1,1000,221,221.0,AIC_prepeak_clean,Table_1\results_aic\raw_aic_results.csv
300_-8.0_108,300,-8.0,108,2518285268,ricker,WGN,-1,1000,1,1000,221,221.0,AIC_prepeak_clean,Table_1\results_aic\raw_aic_results.csv
300_-8.0_109,300,-8.0,109,923380704,ricker,WGN,-1,1000,1,1000,221,221.0,AIC_prepeak_clean,Table_1\results_aic\raw_aic_results.csv
300_-8.0_110,300,-8.0,110,1488215798,ricker,WGN,-1,1000,1,1000,221,221.0,AIC_prepeak_clean,Table_1\results_aic\raw_aic_results.csv
300_-8.0_111,300,-8.0,111,3489880703,ricker,WGN,-1,1000,1,1000,221,221.0,AIC_prepeak_clean,Table_1\results_aic\raw_aic_results.csv
300_-8.0_112,300,-8.0,112,514355286,ricker,WGN,-1,1000,1,1000,221,221.0,AIC_prepeak_clean,Table_1\results_aic\raw_aic_results.csv
300_-8.0_113,300,-8.0,113,2227936459,ricker,WGN,-1,1000,1,1000,221,221.0,AIC_prepeak_clean,Table_1\results_aic\raw_aic_results.csv
300_-8.0_114,300,-8.0,114,2278176489,ricker,WGN,-1,1000,1,1000,221,221.0,AIC_prepeak_clean,Table_1\results_aic\raw_aic_results.csv
300_-8.0_115,300,-8.0,115,1339629276,ricker,WGN,-1,1000,1,1000,221,221.0,AIC_prepeak_clean,Table_1\results_aic\raw_aic_results.csv
300_-8.0_116,300,-8.0,116,2575780718,ricker,WGN,-1,1000,1,1000,221,221.0,AIC_prepeak_clean,Table_1\results_aic\raw_aic_results.csv
300_-8.0_117,300,-8.0,117,2875157366,ricker,WGN,-1,1000,1,1000,221,221.0,AIC_prepeak_clean,Table_1\results_aic\raw_aic_results.csv
300_-8.0_118,300,-8.0,118,2967643892,ricker,WGN,-1,1000,1,1000,221,221.0,AIC_prepeak_clean,Table_1\results_aic\raw_aic_results.csv
300_-8.0_119,300,-8.0,119,551733859,ricker,WGN,-1,1000,1,1000,221,221.0,AIC_prepeak_clean,Table_1\results_aic\raw_aic_results.csv
300_-8.0_120,300,-8.0,120,128767919,ricker,WGN,-1,1000,1,1000,221,221.0,AIC_prepeak_clean,Table_1\results_aic\raw_aic_results.csv
300_-8.0_121,300,-8.0,121,2813518231,ricker,WGN,-1,1000,1,1000,221,221.0,AIC_prepeak_clean,Table_1\results_aic\raw_aic_results.csv
300_-8.0_122,300,-8.0,122,3589762710,ricker,WGN,-1,1000,1,1000,221,221.0,AIC_prepeak_clean,Table_1\results_aic\raw_aic_results.csv
300_-8.0_123,300,-8.0,123,3366907076,ricker,WGN,-1,1000,1,1000,221,221.0,AIC_prepeak_clean,Table_1\results_aic\raw_aic_results.csv
300_-8.0_124,300,-8.0,124,1495890389,ricker,WGN,-1,1000,1,1000,221,221.0,AIC_prepeak_clean,Table_1\results_aic\raw_aic_results.csv
300_-8.0_125,300,-8.0,125,2276196470,ricker,WGN,-1,1000,1,1000,221,221.0,AIC_prepeak_clean,Table_1\results_aic\raw_aic_results.csv
300_-8.0_126,300,-8.0,126,2131155738,ricker,WGN,-1,1000,1,1000,221,221.0,AIC_prepeak_clean,Table_1\results_aic\raw_aic_results.csv
300_-8.0_127,300,-8.0,127,1161651648,ricker,WGN,-1,1000,1,1000,221,221.0,AIC_prepeak_clean,Table_1\results_aic\raw_aic_results.csv
300_-8.0_128,300,-8.0,128,3248256864,ricker,WGN,-1,1000,1,1000,221,221.0,AIC_prepeak_clean,Table_1\results_aic\raw_aic_results.csv
300_-8.0_129,300,-8.0,129,469505755,ricker,WGN,-1,1000,1,1000,221,221.0,AIC_prepeak_clean,Table_1\results_aic\raw_aic_results.csv
300_-8.0_130,300,-8.0,130,3995573934,ricker,WGN,-1,1000,1,1000,221,221.0,AIC_prepeak_clean,Table_1\results_aic\raw_aic_results.csv
300_-8.0_131,300,-8.0,131,1215835608,ricker,WGN,-1,1000,1,1000,221,221.0,AIC_prepeak_clean,Table_1\results_aic\raw_aic_results.csv
300_-8.0_132,300,-8.0,132,2326366014,ricker,WGN,-1,1000,1,1000,221,221.0,AIC_prepeak_clean,Table_1\results_aic\raw_aic_results.csv
300_-8.0_133,300,-8.0,133,2569794695,ricker,WGN,-1,1000,1,1000,221,221.0,AIC_prepeak_clean,Table_1\results_aic\raw_aic_results.csv
300_-8.0_134,300,-8.0,134,1104270285,ricker,WGN,-1,1000,1,1000,221,221.0,AIC_prepeak_clean,Table_1\results_aic\raw_aic_results.csv
300_-8.0_135,300,-8.0,135,915271557,ricker,WGN,-1,1000,1,1000,221,221.0,AIC_prepeak_clean,Table_1\results_aic\raw_aic_results.csv
300_-8.0_136,300,-8.0,136,1882161077,ricker,WGN,-1,1000,1,1000,221,221.0,AIC_prepeak_clean,Table_1\results_aic\raw_aic_results.csv
300_-8.0_137,300,-8.0,137,2754470435,ricker,WGN,-1,1000,1,1000,221,221.0,AIC_prepeak_clean,Table_1\results_aic\raw_aic_results.csv
300_-8.0_138,300,-8.0,138,1079882939,ricker,WGN,-1,1000,1,1000,221,221.0,AIC_prepeak_clean,Table_1\results_aic\raw_aic_results.csv
300_-8.0_139,300,-8.0,139,3133261662,ricker,WGN,-1,1000,1,1000,221,221.0,AIC_prepeak_clean,Table_1\results_aic\raw_aic_results.csv
300_-8.0_140,300,-8.0,140,2816572097,ricker,WGN,-1,1000,1,1000,221,221.0,AIC_prepeak_clean,Table_1\results_aic\raw_aic_results.csv
300_-8.0_141,300,-8.0,141,3478245640,ricker,WGN,-1,1000,1,1000,221,221.0,AIC_prepeak_clean,Table_1\results_aic\raw_aic_results.csv
300_-8.0_142,300,-8.0,142,2987851303,ricker,WGN,-1,1000,1,1000,221,221.0,AIC_prepeak_clean,Table_1\results_aic\raw_aic_results.csv
300_-8.0_143,300,-8.0,143,4042614678,ricker,WGN,-1,1000,1,1000,221,221.0,AIC_prepeak_clean,Table_1\results_aic\raw_aic_results.csv
300_-8.0_144,300,-8.0,144,3347876421,ricker,WGN,-1,1000,1,1000,221,221.0,AIC_prepeak_clean,Table_1\results_aic\raw_aic_results.csv
300_-8.0_145,300,-8.0,145,2672923702,ricker,WGN,-1,1000,1,1000,221,221.0,AIC_prepeak_clean,Table_1\results_aic\raw_aic_results.csv
300_-8.0_146,300,-8.0,146,4218793963,ricker,WGN,-1,1000,1,1000,221,221.0,AIC_prepeak_clean,Table_1\results_aic\raw_aic_results.csv
300_-8.0_147,300,-8.0,147,533143535,ricker,WGN,-1,1000,1,1000,221,221.0,AIC_prepeak_clean,Table_1\results_aic\raw_aic_results.csv
300_-8.0_148,300,-8.0,148,3903019020,ricker,WGN,-1,1000,1,1000,221,221.0,AIC_prepeak_clean,Table_1\results_aic\raw_aic_results.csv
300_-8.0_149,300,-8.0,149,2626899534,ricker,WGN,-1,1000,1,1000,221,221.0,AIC_prepeak_clean,Table_1\results_aic\raw_aic_results.csv
300_-8.0_150,300,-8.0,150,1779590015,ricker,WGN,-1,1000,1,1000,221,221.0,AIC_prepeak_clean,Table_1\results_aic\raw_aic_results.csv
300_-8.0_151,300,-8.0,151,1937525878,ricker,WGN,-1,1000,1,1000,221,221.0,AIC_prepeak_clean,Table_1\results_aic\raw_aic_results.csv
300_-8.0_152,300,-8.0,152,2016362377,ricker,WGN,-1,1000,1,1000,221,221.0,AIC_prepeak_clean,Table_1\results_aic\raw_aic_results.csv
300_-8.0_153,300,-8.0,153,1212000576,ricker,WGN,-1,1000,1,1000,221,221.0,AIC_prepeak_clean,Table_1\results_aic\raw_aic_results.csv
300_-8.0_154,300,-8.0,154,1408952251,ricker,WGN,-1,1000,1,1000,221,221.0,AIC_prepeak_clean,Table_1\results_aic\raw_aic_results.csv
300_-8.0_155,300,-8.0,155,656216924,ricker,WGN,-1,1000,1,1000,221,221.0,AIC_prepeak_clean,Table_1\results_aic\raw_aic_results.csv
300_-8.0_156,300,-8.0,156,1390099719,ricker,WGN,-1,1000,1,1000,221,221.0,AIC_prepeak_clean,Table_1\results_aic\raw_aic_results.csv
300_-8.0_157,300,-8.0,157,250104985,ricker,WGN,-1,1000,1,1000,221,221.0,AIC_prepeak_clean,Table_1\results_aic\raw_aic_results.csv
300_-8.0_158,300,-8.0,158,1595234214,ricker,WGN,-1,1000,1,1000,221,221.0,AIC_prepeak_clean,Table_1\results_aic\raw_aic_results.csv
300_-8.0_159,300,-8.0,159,4247285888,ricker,WGN,-1,1000,1,1000,221,221.0,AIC_prepeak_clean,Table_1\results_aic\raw_aic_results.csv
300_-8.0_160,300,-8.0,160,303934838,ricker,WGN,-1,1000,1,1000,221,221.0,AIC_prepeak_clean,Table_1\results_aic\raw_aic_results.csv
300_-8.0_161,300,-8.0,161,898023143,ricker,WGN,-1,1000,1,1000,221,221.0,AIC_prepeak_clean,Table_1\results_aic\raw_aic_results.csv
300_-8.0_162,300,-8.0,162,2639522219,ricker,WGN,-1,1000,1,1000,221,221.0,AIC_prepeak_clean,Table_1\results_aic\raw_aic_results.csv
300_-8.0_163,300,-8.0,163,1022810224,ricker,WGN,-1,1000,1,1000,221,221.0,AIC_prepeak_clean,Table_1\results_aic\raw_aic_results.csv
300_-8.0_164,300,-8.0,164,3146715507,ricker,WGN,-1,1000,1,1000,221,221.0,AIC_prepeak_clean,Table_1\results_aic\raw_aic_results.csv
300_-8.0_165,300,-8.0,165,1145307938,ricker,WGN,-1,1000,1,1000,221,221.0,AIC_prepeak_clean,Table_1\results_aic\raw_aic_results.csv
300_-8.0_166,300,-8.0,166,2004636134,ricker,WGN,-1,1000,1,1000,221,221.0,AIC_prepeak_clean,Table_1\results_aic\raw_aic_results.csv
300_-8.0_167,300,-8.0,167,1622130382,ricker,WGN,-1,1000,1,1000,221,221.0,AIC_prepeak_clean,Table_1\results_aic\raw_aic_results.csv
300_-8.0_168,300,-8.0,168,201971732,ricker,WGN,-1,1000,1,1000,221,221.0,AIC_prepeak_clean,Table_1\results_aic\raw_aic_results.csv
300_-8.0_169,300,-8.0,169,1605579470,ricker,WGN,-1,1000,1,1000,221,221.0,AIC_prepeak_clean,Table_1\results_aic\raw_aic_results.csv
300_-8.0_170,300,-8.0,170,2256929093,ricker,WGN,-1,1000,1,1000,221,221.0,AIC_prepeak_clean,Table_1\results_aic\raw_aic_results.csv
300_-8.0_171,300,-8.0,171,2465648197,ricker,WGN,-1,1000,1,1000,221,221.0,AIC_prepeak_clean,Table_1\results_aic\raw_aic_results.csv
300_-8.0_172,300,-8.0,172,4261653963,ricker,WGN,-1,1000,1,1000,221,221.0,AIC_prepeak_clean,Table_1\results_aic\raw_aic_results.csv
300_-8.0_173,300,-8.0,173,1998954542,ricker,WGN,-1,1000,1,1000,221,221.0,AIC_prepeak_clean,Table_1\results_aic\raw_aic_results.csv
300_-8.0_174,300,-8.0,174,633925694,ricker,WGN,-1,1000,1,1000,221,221.0,AIC_prepeak_clean,Table_1\results_aic\raw_aic_results.csv
300_-8.0_175,300,-8.0,175,2579230797,ricker,WGN,-1,1000,1,1000,221,221.0,AIC_prepeak_clean,Table_1\results_aic\raw_aic_results.csv
300_-8.0_176,300,-8.0,176,2516488615,ricker,WGN,-1,1000,1,1000,221,221.0,AIC_prepeak_clean,Table_1\results_aic\raw_aic_results.csv
300_-8.0_177,300,-8.0,177,574991906,ricker,WGN,-1,1000,1,1000,221,221.0,AIC_prepeak_clean,Table_1\results_aic\raw_aic_results.csv
300_-8.0_178,300,-8.0,178,2529732489,ricker,WGN,-1,1000,1,1000,221,221.0,AIC_prepeak_clean,Table_1\results_aic\raw_aic_results.csv
300_-8.0_179,300,-8.0,179,3790834805,ricker,WGN,-1,1000,1,1000,221,221.0,AIC_prepeak_clean,Table_1\results_aic\raw_aic_results.csv
300_-8.0_180,300,-8.0,180,2242367326,ricker,WGN,-1,1000,1,1000,221,221.0,AIC_prepeak_clean,Table_1\results_aic\raw_aic_results.csv
300_-8.0_181,300,-8.0,181,1012867418,ricker,WGN,-1,1000,1,1000,221,221.0,AIC_prepeak_clean,Table_1\results_aic\raw_aic_results.csv
300_-8.0_182,300,-8.0,182,2535660742,ricker,WGN,-1,1000,1,1000,221,221.0,AIC_prepeak_clean,Table_1\results_aic\raw_aic_results.csv
300_-8.0_183,300,-8.0,183,3994947340,ricker,WGN,-1,1000,1,1000,221,221.0,AIC_prepeak_clean,Table_1\results_aic\raw_aic_results.csv
300_-8.0_184,300,-8.0,184,112379562,ricker,WGN,-1,1000,1,1000,221,221.0,AIC_prepeak_clean,Table_1\results_aic\raw_aic_results.csv
300_-8.0_185,300,-8.0,185,2550028695,ricker,WGN,-1,1000,1,1000,221,221.0,AIC_prepeak_clean,Table_1\results_aic\raw_aic_results.csv
300_-8.0_186,300,-8.0,186,2354446740,ricker,WGN,-1,1000,1,1000,221,221.0,AIC_prepeak_clean,Table_1\results_aic\raw_aic_results.csv
300_-8.0_187,300,-8.0,187,4076760673,ricker,WGN,-1,1000,1,1000,221,221.0,AIC_prepeak_clean,Table_1\results_aic\raw_aic_results.csv
300_-8.0_188,300,-8.0,188,906435369,ricker,WGN,-1,1000,1,1000,221,221.0,AIC_prepeak_clean,Table_1\results_aic\raw_aic_results.csv
300_-8.0_189,300,-8.0,189,2173922623,ricker,WGN,-1,1000,1,1000,221,221.0,AIC_prepeak_clean,Table_1\results_aic\raw_aic_results.csv
300_-8.0_190,300,-8.0,190,531390880,ricker,WGN,-1,1000,1,1000,221,221.0,AIC_prepeak_clean,Table_1\results_aic\raw_aic_results.csv
300_-8.0_191,300,-8.0,191,2348805657,ricker,WGN,-1,1000,1,1000,221,221.0,AIC_prepeak_clean,Table_1\results_aic\raw_aic_results.csv
300_-8.0_192,300,-8.0,192,1144522613,ricker,WGN,-1,1000,1,1000,221,221.0,AIC_prepeak_clean,Table_1\results_aic\raw_aic_results.csv
300_-8.0_193,300,-8.0,193,2912256617,ricker,WGN,-1,1000,1,1000,221,221.0,AIC_prepeak_clean,Table_1\results_aic\raw_aic_results.csv
300_-8.0_194,300,-8.0,194,3224908057,ricker,WGN,-1,1000,1,1000,221,221.0,AIC_prepeak_clean,Table_1\results_aic\raw_aic_results.csv
300_-8.0_195,300,-8.0,195,1450212293,ricker,WGN,-1,1000,1,1000,221,221.0,AIC_prepeak_clean,Table_1\results_aic\raw_aic_results.csv
300_-8.0_196,300,-8.0,196,3218827569,ricker,WGN,-1,1000,1,1000,221,221.0,AIC_prepeak_clean,Table_1\results_aic\raw_aic_results.csv
300_-8.0_197,300,-8.0,197,1983230421,ricker,WGN,-1,1000,1,1000,221,221.0,AIC_prepeak_clean,Table_1\results_aic\raw_aic_results.csv
300_-8.0_198,300,-8.0,198,2218855455,ricker,WGN,-1,1000,1,1000,221,221.0,AIC_prepeak_clean,Table_1\results_aic\raw_aic_results.csv
300_-8.0_199,300,-8.0,199,4045736939,ricker,WGN,-1,1000,1,1000,221,221.0,AIC_prepeak_clean,Table_1\results_aic\raw_aic_results.csv
300_-6.0_0,300,-6.0,0,231218801,ricker,WGN,-1,1000,1,1000,221,221.0,AIC_prepeak_clean,Table_1\results_aic\raw_aic_results.csv
300_-6.0_1,300,-6.0,1,2841876818,ricker,WGN,-1,1000,1,1000,221,221.0,AIC_prepeak_clean,Table_1\results_aic\raw_aic_results.csv
300_-6.0_2,300,-6.0,2,3515424708,ricker,WGN,-1,1000,1,1000,221,221.0,AIC_prepeak_clean,Table_1\results_aic\raw_aic_results.csv
300_-6.0_3,300,-6.0,3,852971209,ricker,WGN,-1,1000,1,1000,221,221.0,AIC_prepeak_clean,Table_1\results_aic\raw_aic_results.csv
300_-6.0_4,300,-6.0,4,4032993928,ricker,WGN,-1,1000,1,1000,221,221.0,AIC_prepeak_clean,Table_1\results_aic\raw_aic_results.csv
300_-6.0_5,300,-6.0,5,1472819050,ricker,WGN,-1,1000,1,1000,221,221.0,AIC_prepeak_clean,Table_1\results_aic\raw_aic_results.csv
300_-6.0_6,300,-6.0,6,3524655176,ricker,WGN,-1,1000,1,1000,221,221.0,AIC_prepeak_clean,Table_1\results_aic\raw_aic_results.csv
300_-6.0_7,300,-6.0,7,2673561690,ricker,WGN,-1,1000,1,1000,221,221.0,AIC_prepeak_clean,Table_1\results_aic\raw_aic_results.csv
300_-6.0_8,300,-6.0,8,552666795,ricker,WGN,-1,1000,1,1000,221,221.0,AIC_prepeak_clean,Table_1\results_aic\raw_aic_results.csv
300_-6.0_9,300,-6.0,9,772180086,ricker,WGN,-1,1000,1,1000,221,221.0,AIC_prepeak_clean,Table_1\results_aic\raw_aic_results.csv
300_-6.0_10,300,-6.0,10,1996457883,ricker,WGN,-1,1000,1,1000,221,221.0,AIC_prepeak_clean,Table_1\results_aic\raw_aic_results.csv
300_-6.0_11,300,-6.0,11,487369880,ricker,WGN,-1,1000,1,1000,221,221.0,AIC_prepeak_clean,Table_1\results_aic\raw_aic_results.csv
300_-6.0_12,300,-6.0,12,2932453499,ricker,WGN,-1,1000,1,1000,221,221.0,AIC_prepeak_clean,Table_1\results_aic\raw_aic_results.csv
300_-6.0_13,300,-6.0,13,1458365898,ricker,WGN,-1,1000,1,1000,221,221.0,AIC_prepeak_clean,Table_1\results_aic\raw_aic_results.csv
300_-6.0_14,300,-6.0,14,1557626596,ricker,WGN,-1,1000,1,1000,221,221.0,AIC_prepeak_clean,Table_1\results_aic\raw_aic_results.csv
300_-6.0_15,300,-6.0,15,2562575393,ricker,WGN,-1,1000,1,1000,221,221.0,AIC_prepeak_clean,Table_1\results_aic\raw_aic_results.csv
300_-6.0_16,300,-6.0,16,87054854,ricker,WGN,-1,1000,1,1000,221,221.0,AIC_prepeak_clean,Table_1\results_aic\raw_aic_results.csv
300_-6.0_17,300,-6.0,17,3979970512,ricker,WGN,-1,1000,1,1000,221,221.0,AIC_prepeak_clean,Table_1\results_aic\raw_aic_results.csv
300_-6.0_18,300,-6.0,18,416428105,ricker,WGN,-1,1000,1,1000,221,221.0,AIC_prepeak_clean,Table_1\results_aic\raw_aic_results.csv
300_-6.0_19,300,-6.0,19,297018633,ricker,WGN,-1,1000,1,1000,221,221.0,AIC_prepeak_clean,Table_1\results_aic\raw_aic_results.csv
300_-6.0_20,300,-6.0,20,2805620936,ricker,WGN,-1,1000,1,1000,221,221.0,AIC_prepeak_clean,Table_1\results_aic\raw_aic_results.csv
300_-6.0_21,300,-6.0,21,1651052394,ricker,WGN,-1,1000,1,1000,221,221.0,AIC_prepeak_clean,Table_1\results_aic\raw_aic_results.csv
300_-6.0_22,300,-6.0,22,2475385209,ricker,WGN,-1,1000,1,1000,221,221.0,AIC_prepeak_clean,Table_1\results_aic\raw_aic_results.csv
300_-6.0_23,300,-6.0,23,1139200261,ricker,WGN,-1,1000,1,1000,221,221.0,AIC_prepeak_clean,Table_1\results_aic\raw_aic_results.csv
300_-6.0_24,300,-6.0,24,3899063982,ricker,WGN,-1,1000,1,1000,221,221.0,AIC_prepeak_clean,Table_1\results_aic\raw_aic_results.csv
300_-6.0_25,300,-6.0,25,1468796865,ricker,WGN,-1,1000,1,1000,221,221.0,AIC_prepeak_clean,Table_1\results_aic\raw_aic_results.csv
300_-6.0_26,300,-6.0,26,1666248510,ricker,WGN,-1,1000,1,1000,221,221.0,AIC_prepeak_clean,Table_1\results_aic\raw_aic_results.csv
300_-6.0_27,300,-6.0,27,2175582147,ricker,WGN,-1,1000,1,1000,221,221.0,AIC_prepeak_clean,Table_1\results_aic\raw_aic_results.csv
300_-6.0_28,300,-6.0,28,3404108927,ricker,WGN,-1,1000,1,1000,221,221.0,AIC_prepeak_clean,Table_1\results_aic\raw_aic_results.csv
300_-6.0_29,300,-6.0,29,1734857692,ricker,WGN,-1,1000,1,1000,221,221.0,AIC_prepeak_clean,Table_1\results_aic\raw_aic_results.csv
300_-6.0_30,300,-6.0,30,58823001,ricker,WGN,-1,1000,1,1000,221,221.0,AIC_prepeak_clean,Table_1\results_aic\raw_aic_results.csv
300_-6.0_31,300,-6.0,31,2478642575,ricker,WGN,-1,1000,1,1000,221,221.0,AIC_prepeak_clean,Table_1\results_aic\raw_aic_results.csv
300_-6.0_32,300,-6.0,32,1705266635,ricker,WGN,-1,1000,1,1000,221,221.0,AIC_prepeak_clean,Table_1\results_aic\raw_aic_results.csv
300_-6.0_33,300,-6.0,33,3123275920,ricker,WGN,-1,1000,1,1000,221,221.0,AIC_prepeak_clean,Table_1\results_aic\raw_aic_results.csv
300_-6.0_34,300,-6.0,34,2398598812,ricker,WGN,-1,1000,1,1000,221,221.0,AIC_prepeak_clean,Table_1\results_aic\raw_aic_results.csv
300_-6.0_35,300,-6.0,35,1904313553,ricker,WGN,-1,1000,1,1000,221,221.0,AIC_prepeak_clean,Table_1\results_aic\raw_aic_results.csv
300_-6.0_36,300,-6.0,36,1581758819,ricker,WGN,-1,1000,1,1000,221,221.0,AIC_prepeak_clean,Table_1\results_aic\raw_aic_results.csv
300_-6.0_37,300,-6.0,37,684685615,ricker,WGN,-1,1000,1,1000,221,221.0,AIC_prepeak_clean,Table_1\results_aic\raw_aic_results.csv
300_-6.0_38,300,-6.0,38,1123111428,ricker,WGN,-1,1000,1,1000,221,221.0,AIC_prepeak_clean,Table_1\results_aic\raw_aic_results.csv
300_-6.0_39,300,-6.0,39,2986509342,ricker,WGN,-1,1000,1,1000,221,221.0,AIC_prepeak_clean,Table_1\results_aic\raw_aic_results.csv
300_-6.0_40,300,-6.0,40,2011687925,ricker,WGN,-1,1000,1,1000,221,221.0,AIC_prepeak_clean,Table_1\results_aic\raw_aic_results.csv
300_-6.0_41,300,-6.0,41,2455319285,ricker,WGN,-1,1000,1,1000,221,221.0,AIC_prepeak_clean,Table_1\results_aic\raw_aic_results.csv
300_-6.0_42,300,-6.0,42,1432193330,ricker,WGN,-1,1000,1,1000,221,221.0,AIC_prepeak_clean,Table_1\results_aic\raw_aic_results.csv
300_-6.0_43,300,-6.0,43,3206435458,ricker,WGN,-1,1000,1,1000,221,221.0,AIC_prepeak_clean,Table_1\results_aic\raw_aic_results.csv
300_-6.0_44,300,-6.0,44,366076339,ricker,WGN,-1,1000,1,1000,221,221.0,AIC_prepeak_clean,Table_1\results_aic\raw_aic_results.csv
300_-6.0_45,300,-6.0,45,189860405,ricker,WGN,-1,1000,1,1000,221,221.0,AIC_prepeak_clean,Table_1\results_aic\raw_aic_results.csv
300_-6.0_46,300,-6.0,46,4272498087,ricker,WGN,-1,1000,1,1000,221,221.0,AIC_prepeak_clean,Table_1\results_aic\raw_aic_results.csv
300_-6.0_47,300,-6.0,47,268743578,ricker,WGN,-1,1000,1,1000,221,221.0,AIC_prepeak_clean,Table_1\results_aic\raw_aic_results.csv
300_-6.0_48,300,-6.0,48,1798784854,ricker,WGN,-1,1000,1,1000,221,221.0,AIC_prepeak_clean,Table_1\results_aic\raw_aic_results.csv
300_-6.0_49,300,-6.0,49,2524665799,ricker,WGN,-1,1000,1,1000,221,221.0,AIC_prepeak_clean,Table_1\results_aic\raw_aic_results.csv
300_-6.0_50,300,-6.0,50,3196328504,ricker,WGN,-1,1000,1,1000,221,221.0,AIC_prepeak_clean,Table_1\results_aic\raw_aic_results.csv
300_-6.0_51,300,-6.0,51,1370150346,ricker,WGN,-1,1000,1,1000,221,221.0,AIC_prepeak_clean,Table_1\results_aic\raw_aic_results.csv
300_-6.0_52,300,-6.0,52,501217008,ricker,WGN,-1,1000,1,1000,221,221.0,AIC_prepeak_clean,Table_1\results_aic\raw_aic_results.csv
300_-6.0_53,300,-6.0,53,3292139203,ricker,WGN,-1,1000,1,1000,221,221.0,AIC_prepeak_clean,Table_1\results_aic\raw_aic_results.csv
300_-6.0_54,300,-6.0,54,2418377660,ricker,WGN,-1,1000,1,1000,221,221.0,AIC_prepeak_clean,Table_1\results_aic\raw_aic_results.csv
300_-6.0_55,300,-6.0,55,3017035171,ricker,WGN,-1,1000,1,1000,221,221.0,AIC_prepeak_clean,Table_1\results_aic\raw_aic_results.csv
300_-6.0_56,300,-6.0,56,1784490977,ricker,WGN,-1,1000,1,1000,221,221.0,AIC_prepeak_clean,Table_1\results_aic\raw_aic_results.csv
300_-6.0_57,300,-6.0,57,1534492302,ricker,WGN,-1,1000,1,1000,221,221.0,AIC_prepeak_clean,Table_1\results_aic\raw_aic_results.csv
300_-6.0_58,300,-6.0,58,789551394,ricker,WGN,-1,1000,1,1000,221,221.0,AIC_prepeak_clean,Table_1\results_aic\raw_aic_results.csv
300_-6.0_59,300,-6.0,59,4223466705,ricker,WGN,-1,1000,1,1000,221,221.0,AIC_prepeak_clean,Table_1\results_aic\raw_aic_results.csv
300_-6.0_60,300,-6.0,60,41315437,ricker,WGN,-1,1000,1,1000,221,221.0,AIC_prepeak_clean,Table_1\results_aic\raw_aic_results.csv
300_-6.0_61,300,-6.0,61,2040359581,ricker,WGN,-1,1000,1,1000,221,221.0,AIC_prepeak_clean,Table_1\results_aic\raw_aic_results.csv
300_-6.0_62,300,-6.0,62,4068127948,ricker,WGN,-1,1000,1,1000,221,221.0,AIC_prepeak_clean,Table_1\results_aic\raw_aic_results.csv
300_-6.0_63,300,-6.0,63,2484564678,ricker,WGN,-1,1000,1,1000,221,221.0,AIC_prepeak_clean,Table_1\results_aic\raw_aic_results.csv
300_-6.0_64,300,-6.0,64,1832630234,ricker,WGN,-1,1000,1,1000,221,221.0,AIC_prepeak_clean,Table_1\results_aic\raw_aic_results.csv
300_-6.0_65,300,-6.0,65,715170207,ricker,WGN,-1,1000,1,1000,221,221.0,AIC_prepeak_clean,Table_1\results_aic\raw_aic_results.csv
300_-6.0_66,300,-6.0,66,898109045,ricker,WGN,-1,1000,1,1000,221,221.0,AIC_prepeak_clean,Table_1\results_aic\raw_aic_results.csv
300_-6.0_67,300,-6.0,67,3633352764,ricker,WGN,-1,1000,1,1000,221,221.0,AIC_prepeak_clean,Table_1\results_aic\raw_aic_results.csv
300_-6.0_68,300,-6.0,68,1223344004,ricker,WGN,-1,1000,1,1000,221,221.0,AIC_prepeak_clean,Table_1\results_aic\raw_aic_results.csv
300_-6.0_69,300,-6.0,69,2447997481,ricker,WGN,-1,1000,1,1000,221,221.0,AIC_prepeak_clean,Table_1\results_aic\raw_aic_results.csv
300_-6.0_70,300,-6.0,70,1788385647,ricker,WGN,-1,1000,1,1000,221,221.0,AIC_prepeak_clean,Table_1\results_aic\raw_aic_results.csv
300_-6.0_71,300,-6.0,71,3194097107,ricker,WGN,-1,1000,1,1000,221,221.0,AIC_prepeak_clean,Table_1\results_aic\raw_aic_results.csv
300_-6.0_72,300,-6.0,72,1682062965,ricker,WGN,-1,1000,1,1000,221,221.0,AIC_prepeak_clean,Table_1\results_aic\raw_aic_results.csv
300_-6.0_73,300,-6.0,73,1925633632,ricker,WGN,-1,1000,1,1000,221,221.0,AIC_prepeak_clean,Table_1\results_aic\raw_aic_results.csv
300_-6.0_74,300,-6.0,74,4286697,ricker,WGN,-1,1000,1,1000,221,221.0,AIC_prepeak_clean,Table_1\results_aic\raw_aic_results.csv
300_-6.0_75,300,-6.0,75,1990981814,ricker,WGN,-1,1000,1,1000,221,221.0,AIC_prepeak_clean,Table_1\results_aic\raw_aic_results.csv
300_-6.0_76,300,-6.0,76,3962194559,ricker,WGN,-1,1000,1,1000,221,221.0,AIC_prepeak_clean,Table_1\results_aic\raw_aic_results.csv
300_-6.0_77,300,-6.0,77,2371100954,ricker,WGN,-1,1000,1,1000,221,221.0,AIC_prepeak_clean,Table_1\results_aic\raw_aic_results.csv
300_-6.0_78,300,-6.0,78,4291543132,ricker,WGN,-1,1000,1,1000,221,221.0,AIC_prepeak_clean,Table_1\results_aic\raw_aic_results.csv
300_-6.0_79,300,-6.0,79,3204597945,ricker,WGN,-1,1000,1,1000,221,221.0,AIC_prepeak_clean,Table_1\results_aic\raw_aic_results.csv
300_-6.0_80,300,-6.0,80,3211955135,ricker,WGN,-1,1000,1,1000,221,221.0,AIC_prepeak_clean,Table_1\results_aic\raw_aic_results.csv
300_-6.0_81,300,-6.0,81,1363976782,ricker,WGN,-1,1000,1,1000,221,221.0,AIC_prepeak_clean,Table_1\results_aic\raw_aic_results.csv
300_-6.0_82,300,-6.0,82,4098901155,ricker,WGN,-1,1000,1,1000,221,221.0,AIC_prepeak_clean,Table_1\results_aic\raw_aic_results.csv
300_-6.0_83,300,-6.0,83,2392931537,ricker,WGN,-1,1000,1,1000,221,221.0,AIC_prepeak_clean,Table_1\results_aic\raw_aic_results.csv
300_-6.0_84,300,-6.0,84,4036534116,ricker,WGN,-1,1000,1,1000,221,221.0,AIC_prepeak_clean,Table_1\results_aic\raw_aic_results.csv
300_-6.0_85,300,-6.0,85,453191154,ricker,WGN,-1,1000,1,1000,221,221.0,AIC_prepeak_clean,Table_1\results_aic\raw_aic_results.csv
300_-6.0_86,300,-6.0,86,2743927424,ricker,WGN,-1,1000,1,1000,221,221.0,AIC_prepeak_clean,Table_1\results_aic\raw_aic_results.csv
300_-6.0_87,300,-6.0,87,1328433750,ricker,WGN,-1,1000,1,1000,221,221.0,AIC_prepeak_clean,Table_1\results_aic\raw_aic_results.csv
300_-6.0_88,300,-6.0,88,1185408617,ricker,WGN,-1,1000,1,1000,221,221.0,AIC_prepeak_clean,Table_1\results_aic\raw_aic_results.csv
300_-6.0_89,300,-6.0,89,1492508994,ricker,WGN,-1,1000,1,1000,221,221.0,AIC_prepeak_clean,Table_1\results_aic\raw_aic_results.csv
300_-6.0_90,300,-6.0,90,4264337397,ricker,WGN,-1,1000,1,1000,221,221.0,AIC_prepeak_clean,Table_1\results_aic\raw_aic_results.csv
300_-6.0_91,300,-6.0,91,731431198,ricker,WGN,-1,1000,1,1000,221,221.0,AIC_prepeak_clean,Table_1\results_aic\raw_aic_results.csv
300_-6.0_92,300,-6.0,92,3278258984,ricker,WGN,-1,1000,1,1000,221,221.0,AIC_prepeak_clean,Table_1\results_aic\raw_aic_results.csv
300_-6.0_93,300,-6.0,93,137676768,ricker,WGN,-1,1000,1,1000,221,221.0,AIC_prepeak_clean,Table_1\results_aic\raw_aic_results.csv
300_-6.0_94,300,-6.0,94,720656885,ricker,WGN,-1,1000,1,1000,221,221.0,AIC_prepeak_clean,Table_1\results_aic\raw_aic_results.csv
300_-6.0_95,300,-6.0,95,4189556773,ricker,WGN,-1,1000,1,1000,221,221.0,AIC_prepeak_clean,Table_1\results_aic\raw_aic_results.csv
300_-6.0_96,300,-6.0,96,1369600235,ricker,WGN,-1,1000,1,1000,221,221.0,AIC_prepeak_clean,Table_1\results_aic\raw_aic_results.csv
300_-6.0_97,300,-6.0,97,1756936289,ricker,WGN,-1,1000,1,1000,221,221.0,AIC_prepeak_clean,Table_1\results_aic\raw_aic_results.csv
300_-6.0_98,300,-6.0,98,86074458,ricker,WGN,-1,1000,1,1000,221,221.0,AIC_prepeak_clean,Table_1\results_aic\raw_aic_results.csv
300_-6.0_99,300,-6.0,99,1296507105,ricker,WGN,-1,1000,1,1000,221,221.0,AIC_prepeak_clean,Table_1\results_aic\raw_aic_results.csv
300_-6.0_100,300,-6.0,100,1424264280,ricker,WGN,-1,1000,1,1000,221,221.0,AIC_prepeak_clean,Table_1\results_aic\raw_aic_results.csv
300_-6.0_101,300,-6.0,101,793402355,ricker,WGN,-1,1000,1,1000,221,221.0,AIC_prepeak_clean,Table_1\results_aic\raw_aic_results.csv
300_-6.0_102,300,-6.0,102,2075028025,ricker,WGN,-1,1000,1,1000,221,221.0,AIC_prepeak_clean,Table_1\results_aic\raw_aic_results.csv
300_-6.0_103,300,-6.0,103,4290678603,ricker,WGN,-1,1000,1,1000,221,221.0,AIC_prepeak_clean,Table_1\results_aic\raw_aic_results.csv
300_-6.0_104,300,-6.0,104,1920934287,ricker,WGN,-1,1000,1,1000,221,221.0,AIC_prepeak_clean,Table_1\results_aic\raw_aic_results.csv
300_-6.0_105,300,-6.0,105,1227816191,ricker,WGN,-1,1000,1,1000,221,221.0,AIC_prepeak_clean,Table_1\results_aic\raw_aic_results.csv
300_-6.0_106,300,-6.0,106,1209137043,ricker,WGN,-1,1000,1,1000,221,221.0,AIC_prepeak_clean,Table_1\results_aic\raw_aic_results.csv
300_-6.0_107,300,-6.0,107,1469837820,ricker,WGN,-1,1000,1,1000,221,221.0,AIC_prepeak_clean,Table_1\results_aic\raw_aic_results.csv
300_-6.0_108,300,-6.0,108,2349353272,ricker,WGN,-1,1000,1,1000,221,221.0,AIC_prepeak_clean,Table_1\results_aic\raw_aic_results.csv
300_-6.0_109,300,-6.0,109,3727141283,ricker,WGN,-1,1000,1,1000,221,221.0,AIC_prepeak_clean,Table_1\results_aic\raw_aic_results.csv
300_-6.0_110,300,-6.0,110,315428271,ricker,WGN,-1,1000,1,1000,221,221.0,AIC_prepeak_clean,Table_1\results_aic\raw_aic_results.csv
300_-6.0_111,300,-6.0,111,1364618440,ricker,WGN,-1,1000,1,1000,221,221.0,AIC_prepeak_clean,Table_1\results_aic\raw_aic_results.csv
300_-6.0_112,300,-6.0,112,1727188061,ricker,WGN,-1,1000,1,1000,221,221.0,AIC_prepeak_clean,Table_1\results_aic\raw_aic_results.csv
300_-6.0_113,300,-6.0,113,1475104740,ricker,WGN,-1,1000,1,1000,221,221.0,AIC_prepeak_clean,Table_1\results_aic\raw_aic_results.csv
300_-6.0_114,300,-6.0,114,1226420924,ricker,WGN,-1,1000,1,1000,221,221.0,AIC_prepeak_clean,Table_1\results_aic\raw_aic_results.csv
300_-6.0_115,300,-6.0,115,670390995,ricker,WGN,-1,1000,1,1000,221,221.0,AIC_prepeak_clean,Table_1\results_aic\raw_aic_results.csv
300_-6.0_116,300,-6.0,116,3273544090,ricker,WGN,-1,1000,1,1000,221,221.0,AIC_prepeak_clean,Table_1\results_aic\raw_aic_results.csv
300_-6.0_117,300,-6.0,117,384547296,ricker,WGN,-1,1000,1,1000,221,221.0,AIC_prepeak_clean,Table_1\results_aic\raw_aic_results.csv
300_-6.0_118,300,-6.0,118,2633660175,ricker,WGN,-1,1000,1,1000,221,221.0,AIC_prepeak_clean,Table_1\results_aic\raw_aic_results.csv
300_-6.0_119,300,-6.0,119,3832821879,ricker,WGN,-1,1000,1,1000,221,221.0,AIC_prepeak_clean,Table_1\results_aic\raw_aic_results.csv
300_-6.0_120,300,-6.0,120,263495203,ricker,WGN,-1,1000,1,1000,221,221.0,AIC_prepeak_clean,Table_1\results_aic\raw_aic_results.csv
300_-6.0_121,300,-6.0,121,2275591300,ricker,WGN,-1,1000,1,1000,221,221.0,AIC_prepeak_clean,Table_1\results_aic\raw_aic_results.csv
300_-6.0_122,300,-6.0,122,746634153,ricker,WGN,-1,1000,1,1000,221,221.0,AIC_prepeak_clean,Table_1\results_aic\raw_aic_results.csv
300_-6.0_123,300,-6.0,123,3690156168,ricker,WGN,-1,1000,1,1000,221,221.0,AIC_prepeak_clean,Table_1\results_aic\raw_aic_results.csv
300_-6.0_124,300,-6.0,124,4100523403,ricker,WGN,-1,1000,1,1000,221,221.0,AIC_prepeak_clean,Table_1\results_aic\raw_aic_results.csv
300_-6.0_125,300,-6.0,125,3641990194,ricker,WGN,-1,1000,1,1000,221,221.0,AIC_prepeak_clean,Table_1\results_aic\raw_aic_results.csv
300_-6.0_126,300,-6.0,126,3348804702,ricker,WGN,-1,1000,1,1000,221,221.0,AIC_prepeak_clean,Table_1\results_aic\raw_aic_results.csv
300_-6.0_127,300,-6.0,127,4403125,ricker,WGN,-1,1000,1,1000,221,221.0,AIC_prepeak_clean,Table_1\results_aic\raw_aic_results.csv
300_-6.0_128,300,-6.0,128,2647161103,ricker,WGN,-1,1000,1,1000,221,221.0,AIC_prepeak_clean,Table_1\results_aic\raw_aic_results.csv
300_-6.0_129,300,-6.0,129,1565085536,ricker,WGN,-1,1000,1,1000,221,221.0,AIC_prepeak_clean,Table_1\results_aic\raw_aic_results.csv
300_-6.0_130,300,-6.0,130,2232124673,ricker,WGN,-1,1000,1,1000,221,221.0,AIC_prepeak_clean,Table_1\results_aic\raw_aic_results.csv
300_-6.0_131,300,-6.0,131,1956794650,ricker,WGN,-1,1000,1,1000,221,221.0,AIC_prepeak_clean,Table_1\results_aic\raw_aic_results.csv
300_-6.0_132,300,-6.0,132,2661490296,ricker,WGN,-1,1000,1,1000,221,221.0,AIC_prepeak_clean,Table_1\results_aic\raw_aic_results.csv
300_-6.0_133,300,-6.0,133,1899172023,ricker,WGN,-1,1000,1,1000,221,221.0,AIC_prepeak_clean,Table_1\results_aic\raw_aic_results.csv
300_-6.0_134,300,-6.0,134,2679058273,ricker,WGN,-1,1000,1,1000,221,221.0,AIC_prepeak_clean,Table_1\results_aic\raw_aic_results.csv
300_-6.0_135,300,-6.0,135,4143250063,ricker,WGN,-1,1000,1,1000,221,221.0,AIC_prepeak_clean,Table_1\results_aic\raw_aic_results.csv
300_-6.0_136,300,-6.0,136,448732373,ricker,WGN,-1,1000,1,1000,221,221.0,AIC_prepeak_clean,Table_1\results_aic\raw_aic_results.csv
300_-6.0_137,300,-6.0,137,4124659869,ricker,WGN,-1,1000,1,1000,221,221.0,AIC_prepeak_clean,Table_1\results_aic\raw_aic_results.csv
300_-6.0_138,300,-6.0,138,2176629754,ricker,WGN,-1,1000,1,1000,221,221.0,AIC_prepeak_clean,Table_1\results_aic\raw_aic_results.csv
300_-6.0_139,300,-6.0,139,1697333800,ricker,WGN,-1,1000,1,1000,221,221.0,AIC_prepeak_clean,Table_1\results_aic\raw_aic_results.csv
300_-6.0_140,300,-6.0,140,1373249587,ricker,WGN,-1,1000,1,1000,221,221.0,AIC_prepeak_clean,Table_1\results_aic\raw_aic_results.csv
300_-6.0_141,300,-6.0,141,2563916564,ricker,WGN,-1,1000,1,1000,221,221.0,AIC_prepeak_clean,Table_1\results_aic\raw_aic_results.csv
300_-6.0_142,300,-6.0,142,943794642,ricker,WGN,-1,1000,1,1000,221,221.0,AIC_prepeak_clean,Table_1\results_aic\raw_aic_results.csv
300_-6.0_143,300,-6.0,143,3968662774,ricker,WGN,-1,1000,1,1000,221,221.0,AIC_prepeak_clean,Table_1\results_aic\raw_aic_results.csv
300_-6.0_144,300,-6.0,144,1516204930,ricker,WGN,-1,1000,1,1000,221,221.0,AIC_prepeak_clean,Table_1\results_aic\raw_aic_results.csv
300_-6.0_145,300,-6.0,145,2042706238,ricker,WGN,-1,1000,1,1000,221,221.0,AIC_prepeak_clean,Table_1\results_aic\raw_aic_results.csv
300_-6.0_146,300,-6.0,146,1387897098,ricker,WGN,-1,1000,1,1000,221,221.0,AIC_prepeak_clean,Table_1\results_aic\raw_aic_results.csv
300_-6.0_147,300,-6.0,147,464040176,ricker,WGN,-1,1000,1,1000,221,221.0,AIC_prepeak_clean,Table_1\results_aic\raw_aic_results.csv
300_-6.0_148,300,-6.0,148,2902765680,ricker,WGN,-1,1000,1,1000,221,221.0,AIC_prepeak_clean,Table_1\results_aic\raw_aic_results.csv
300_-6.0_149,300,-6.0,149,3773235896,ricker,WGN,-1,1000,1,1000,221,221.0,AIC_prepeak_clean,Table_1\results_aic\raw_aic_results.csv
300_-6.0_150,300,-6.0,150,283576096,ricker,WGN,-1,1000,1,1000,221,221.0,AIC_prepeak_clean,Table_1\results_aic\raw_aic_results.csv
300_-6.0_151,300,-6.0,151,34330744,ricker,WGN,-1,1000,1,1000,221,221.0,AIC_prepeak_clean,Table_1\results_aic\raw_aic_results.csv
300_-6.0_152,300,-6.0,152,232025497,ricker,WGN,-1,1000,1,1000,221,221.0,AIC_prepeak_clean,Table_1\results_aic\raw_aic_results.csv
300_-6.0_153,300,-6.0,153,3186192533,ricker,WGN,-1,1000,1,1000,221,221.0,AIC_prepeak_clean,Table_1\results_aic\raw_aic_results.csv
300_-6.0_154,300,-6.0,154,2680377752,ricker,WGN,-1,1000,1,1000,221,221.0,AIC_prepeak_clean,Table_1\results_aic\raw_aic_results.csv
300_-6.0_155,300,-6.0,155,537693754,ricker,WGN,-1,1000,1,1000,221,221.0,AIC_prepeak_clean,Table_1\results_aic\raw_aic_results.csv
300_-6.0_156,300,-6.0,156,848033468,ricker,WGN,-1,1000,1,1000,221,221.0,AIC_prepeak_clean,Table_1\results_aic\raw_aic_results.csv
300_-6.0_157,300,-6.0,157,3430368422,ricker,WGN,-1,1000,1,1000,221,221.0,AIC_prepeak_clean,Table_1\results_aic\raw_aic_results.csv
300_-6.0_158,300,-6.0,158,3739689371,ricker,WGN,-1,1000,1,1000,221,221.0,AIC_prepeak_clean,Table_1\results_aic\raw_aic_results.csv
300_-6.0_159,300,-6.0,159,206344273,ricker,WGN,-1,1000,1,1000,221,221.0,AIC_prepeak_clean,Table_1\results_aic\raw_aic_results.csv
300_-6.0_160,300,-6.0,160,4092544462,ricker,WGN,-1,1000,1,1000,221,221.0,AIC_prepeak_clean,Table_1\results_aic\raw_aic_results.csv
300_-6.0_161,300,-6.0,161,13565562,ricker,WGN,-1,1000,1,1000,221,221.0,AIC_prepeak_clean,Table_1\results_aic\raw_aic_results.csv
300_-6.0_162,300,-6.0,162,2817498038,ricker,WGN,-1,1000,1,1000,221,221.0,AIC_prepeak_clean,Table_1\results_aic\raw_aic_results.csv
300_-6.0_163,300,-6.0,163,2027400711,ricker,WGN,-1,1000,1,1000,221,221.0,AIC_prepeak_clean,Table_1\results_aic\raw_aic_results.csv
300_-6.0_164,300,-6.0,164,2211156179,ricker,WGN,-1,1000,1,1000,221,221.0,AIC_prepeak_clean,Table_1\results_aic\raw_aic_results.csv
300_-6.0_165,300,-6.0,165,3667242307,ricker,WGN,-1,1000,1,1000,221,221.0,AIC_prepeak_clean,Table_1\results_aic\raw_aic_results.csv
300_-6.0_166,300,-6.0,166,1670668261,ricker,WGN,-1,1000,1,1000,221,221.0,AIC_prepeak_clean,Table_1\results_aic\raw_aic_results.csv
300_-6.0_167,300,-6.0,167,282007504,ricker,WGN,-1,1000,1,1000,221,221.0,AIC_prepeak_clean,Table_1\results_aic\raw_aic_results.csv
300_-6.0_168,300,-6.0,168,2768452642,ricker,WGN,-1,1000,1,1000,221,221.0,AIC_prepeak_clean,Table_1\results_aic\raw_aic_results.csv
300_-6.0_169,300,-6.0,169,3257347943,ricker,WGN,-1,1000,1,1000,221,221.0,AIC_prepeak_clean,Table_1\results_aic\raw_aic_results.csv
300_-6.0_170,300,-6.0,170,1424316915,ricker,WGN,-1,1000,1,1000,221,221.0,AIC_prepeak_clean,Table_1\results_aic\raw_aic_results.csv
300_-6.0_171,300,-6.0,171,336098313,ricker,WGN,-1,1000,1,1000,221,221.0,AIC_prepeak_clean,Table_1\results_aic\raw_aic_results.csv
300_-6.0_172,300,-6.0,172,1420665784,ricker,WGN,-1,1000,1,1000,221,221.0,AIC_prepeak_clean,Table_1\results_aic\raw_aic_results.csv
300_-6.0_173,300,-6.0,173,2822920681,ricker,WGN,-1,1000,1,1000,221,221.0,AIC_prepeak_clean,Table_1\results_aic\raw_aic_results.csv
300_-6.0_174,300,-6.0,174,3298688911,ricker,WGN,-1,1000,1,1000,221,221.0,AIC_prepeak_clean,Table_1\results_aic\raw_aic_results.csv
300_-6.0_175,300,-6.0,175,1682432273,ricker,WGN,-1,1000,1,1000,221,221.0,AIC_prepeak_clean,Table_1\results_aic\raw_aic_results.csv
300_-6.0_176,300,-6.0,176,4221211540,ricker,WGN,-1,1000,1,1000,221,221.0,AIC_prepeak_clean,Table_1\results_aic\raw_aic_results.csv
300_-6.0_177,300,-6.0,177,2242383372,ricker,WGN,-1,1000,1,1000,221,221.0,AIC_prepeak_clean,Table_1\results_aic\raw_aic_results.csv
300_-6.0_178,300,-6.0,178,2931146847,ricker,WGN,-1,1000,1,1000,221,221.0,AIC_prepeak_clean,Table_1\results_aic\raw_aic_results.csv
300_-6.0_179,300,-6.0,179,2436893856,ricker,WGN,-1,1000,1,1000,221,221.0,AIC_prepeak_clean,Table_1\results_aic\raw_aic_results.csv
300_-6.0_180,300,-6.0,180,4100522360,ricker,WGN,-1,1000,1,1000,221,221.0,AIC_prepeak_clean,Table_1\results_aic\raw_aic_results.csv
300_-6.0_181,300,-6.0,181,1747197101,ricker,WGN,-1,1000,1,1000,221,221.0,AIC_prepeak_clean,Table_1\results_aic\raw_aic_results.csv
300_-6.0_182,300,-6.0,182,2739927562,ricker,WGN,-1,1000,1,1000,221,221.0,AIC_prepeak_clean,Table_1\results_aic\raw_aic_results.csv
300_-6.0_183,300,-6.0,183,2224525998,ricker,WGN,-1,1000,1,1000,221,221.0,AIC_prepeak_clean,Table_1\results_aic\raw_aic_results.csv
300_-6.0_184,300,-6.0,184,3195957313,ricker,WGN,-1,1000,1,1000,221,221.0,AIC_prepeak_clean,Table_1\results_aic\raw_aic_results.csv
300_-6.0_185,300,-6.0,185,2397932702,ricker,WGN,-1,1000,1,1000,221,221.0,AIC_prepeak_clean,Table_1\results_aic\raw_aic_results.csv
300_-6.0_186,300,-6.0,186,892999619,ricker,WGN,-1,1000,1,1000,221,221.0,AIC_prepeak_clean,Table_1\results_aic\raw_aic_results.csv
300_-6.0_187,300,-6.0,187,2984173748,ricker,WGN,-1,1000,1,1000,221,221.0,AIC_prepeak_clean,Table_1\results_aic\raw_aic_results.csv
300_-6.0_188,300,-6.0,188,3878246850,ricker,WGN,-1,1000,1,1000,221,221.0,AIC_prepeak_clean,Table_1\results_aic\raw_aic_results.csv
300_-6.0_189,300,-6.0,189,1182552084,ricker,WGN,-1,1000,1,1000,221,221.0,AIC_prepeak_clean,Table_1\results_aic\raw_aic_results.csv
300_-6.0_190,300,-6.0,190,2008896121,ricker,WGN,-1,1000,1,1000,221,221.0,AIC_prepeak_clean,Table_1\results_aic\raw_aic_results.csv
300_-6.0_191,300,-6.0,191,2713721920,ricker,WGN,-1,1000,1,1000,221,221.0,AIC_prepeak_clean,Table_1\results_aic\raw_aic_results.csv
300_-6.0_192,300,-6.0,192,2702715581,ricker,WGN,-1,1000,1,1000,221,221.0,AIC_prepeak_clean,Table_1\results_aic\raw_aic_results.csv
300_-6.0_193,300,-6.0,193,986966802,ricker,WGN,-1,1000,1,1000,221,221.0,AIC_prepeak_clean,Table_1\results_aic\raw_aic_results.csv
300_-6.0_194,300,-6.0,194,3298850308,ricker,WGN,-1,1000,1,1000,221,221.0,AIC_prepeak_clean,Table_1\results_aic\raw_aic_results.csv
300_-6.0_195,300,-6.0,195,370805001,ricker,WGN,-1,1000,1,1000,221,221.0,AIC_prepeak_clean,Table_1\results_aic\raw_aic_results.csv
300_-6.0_196,300,-6.0,196,3496662937,ricker,WGN,-1,1000,1,1000,221,221.0,AIC_prepeak_clean,Table_1\results_aic\raw_aic_results.csv
300_-6.0_197,300,-6.0,197,3717708011,ricker,WGN,-1,1000,1,1000,221,221.0,AIC_prepeak_clean,Table_1\results_aic\raw_aic_results.csv
300_-6.0_198,300,-6.0,198,1318161724,ricker,WGN,-1,1000,1,1000,221,221.0,AIC_prepeak_clean,Table_1\results_aic\raw_aic_results.csv
300_-6.0_199,300,-6.0,199,2801318607,ricker,WGN,-1,1000,1,1000,221,221.0,AIC_prepeak_clean,Table_1\results_aic\raw_aic_results.csv
300_2.0_0,300,2.0,0,79902612,ricker,WGN,-1,1000,1,1000,221,221.0,AIC_prepeak_clean,Table_1\results_aic\raw_aic_results.csv
300_2.0_1,300,2.0,1,2989412644,ricker,WGN,-1,1000,1,1000,221,221.0,AIC_prepeak_clean,Table_1\results_aic\raw_aic_results.csv
300_2.0_2,300,2.0,2,799962693,ricker,WGN,-1,1000,1,1000,221,221.0,AIC_prepeak_clean,Table_1\results_aic\raw_aic_results.csv
300_2.0_3,300,2.0,3,2690194824,ricker,WGN,-1,1000,1,1000,221,221.0,AIC_prepeak_clean,Table_1\results_aic\raw_aic_results.csv
300_2.0_4,300,2.0,4,4074419686,ricker,WGN,-1,1000,1,1000,221,221.0,AIC_prepeak_clean,Table_1\results_aic\raw_aic_results.csv
300_2.0_5,300,2.0,5,1466459892,ricker,WGN,-1,1000,1,1000,221,221.0,AIC_prepeak_clean,Table_1\results_aic\raw_aic_results.csv
300_2.0_6,300,2.0,6,2515153167,ricker,WGN,-1,1000,1,1000,221,221.0,AIC_prepeak_clean,Table_1\results_aic\raw_aic_results.csv
300_2.0_7,300,2.0,7,1839295568,ricker,WGN,-1,1000,1,1000,221,221.0,AIC_prepeak_clean,Table_1\results_aic\raw_aic_results.csv
300_2.0_8,300,2.0,8,2776427711,ricker,WGN,-1,1000,1,1000,221,221.0,AIC_prepeak_clean,Table_1\results_aic\raw_aic_results.csv
300_2.0_9,300,2.0,9,2282210781,ricker,WGN,-1,1000,1,1000,221,221.0,AIC_prepeak_clean,Table_1\results_aic\raw_aic_results.csv
300_2.0_10,300,2.0,10,1365707826,ricker,WGN,-1,1000,1,1000,221,221.0,AIC_prepeak_clean,Table_1\results_aic\raw_aic_results.csv
300_2.0_11,300,2.0,11,1609374922,ricker,WGN,-1,1000,1,1000,221,221.0,AIC_prepeak_clean,Table_1\results_aic\raw_aic_results.csv
300_2.0_12,300,2.0,12,613470147,ricker,WGN,-1,1000,1,1000,221,221.0,AIC_prepeak_clean,Table_1\results_aic\raw_aic_results.csv
300_2.0_13,300,2.0,13,3304406942,ricker,WGN,-1,1000,1,1000,221,221.0,AIC_prepeak_clean,Table_1\results_aic\raw_aic_results.csv
300_2.0_14,300,2.0,14,2537458537,ricker,WGN,-1,1000,1,1000,221,221.0,AIC_prepeak_clean,Table_1\results_aic\raw_aic_results.csv
300_2.0_15,300,2.0,15,3169597197,ricker,WGN,-1,1000,1,1000,221,221.0,AIC_prepeak_clean,Table_1\results_aic\raw_aic_results.csv
300_2.0_16,300,2.0,16,2797607204,ricker,WGN,-1,1000,1,1000,221,221.0,AIC_prepeak_clean,Table_1\results_aic\raw_aic_results.csv
300_2.0_17,300,2.0,17,1095942314,ricker,WGN,-1,1000,1,1000,221,221.0,AIC_prepeak_clean,Table_1\results_aic\raw_aic_results.csv
300_2.0_18,300,2.0,18,3832584446,ricker,WGN,-1,1000,1,1000,221,221.0,AIC_prepeak_clean,Table_1\results_aic\raw_aic_results.csv
300_2.0_19,300,2.0,19,2967897378,ricker,WGN,-1,1000,1,1000,221,221.0,AIC_prepeak_clean,Table_1\results_aic\raw_aic_results.csv
300_2.0_20,300,2.0,20,293131531,ricker,WGN,-1,1000,1,1000,221,221.0,AIC_prepeak_clean,Table_1\results_aic\raw_aic_results.csv
300_2.0_21,300,2.0,21,2360097358,ricker,WGN,-1,1000,1,1000,221,221.0,AIC_prepeak_clean,Table_1\results_aic\raw_aic_results.csv
300_2.0_22,300,2.0,22,695718769,ricker,WGN,-1,1000,1,1000,221,221.0,AIC_prepeak_clean,Table_1\results_aic\raw_aic_results.csv
300_2.0_23,300,2.0,23,579655176,ricker,WGN,-1,1000,1,1000,221,221.0,AIC_prepeak_clean,Table_1\results_aic\raw_aic_results.csv
300_2.0_24,300,2.0,24,1849649077,ricker,WGN,-1,1000,1,1000,221,221.0,AIC_prepeak_clean,Table_1\results_aic\raw_aic_results.csv
300_2.0_25,300,2.0,25,2051126954,ricker,WGN,-1,1000,1,1000,221,221.0,AIC_prepeak_clean,Table_1\results_aic\raw_aic_results.csv
300_2.0_26,300,2.0,26,3238049488,ricker,WGN,-1,1000,1,1000,221,221.0,AIC_prepeak_clean,Table_1\results_aic\raw_aic_results.csv
300_2.0_27,300,2.0,27,4088399116,ricker,WGN,-1,1000,1,1000,221,221.0,AIC_prepeak_clean,Table_1\results_aic\raw_aic_results.csv
300_2.0_28,300,2.0,28,1549750549,ricker,WGN,-1,1000,1,1000,221,221.0,AIC_prepeak_clean,Table_1\results_aic\raw_aic_results.csv
300_2.0_29,300,2.0,29,72069092,ricker,WGN,-1,1000,1,1000,221,221.0,AIC_prepeak_clean,Table_1\results_aic\raw_aic_results.csv
300_2.0_30,300,2.0,30,392304150,ricker,WGN,-1,1000,1,1000,221,221.0,AIC_prepeak_clean,Table_1\results_aic\raw_aic_results.csv
300_2.0_31,300,2.0,31,3660761886,ricker,WGN,-1,1000,1,1000,221,221.0,AIC_prepeak_clean,Table_1\results_aic\raw_aic_results.csv
300_2.0_32,300,2.0,32,682997001,ricker,WGN,-1,1000,1,1000,221,221.0,AIC_prepeak_clean,Table_1\results_aic\raw_aic_results.csv
300_2.0_33,300,2.0,33,1996111363,ricker,WGN,-1,1000,1,1000,221,221.0,AIC_prepeak_clean,Table_1\results_aic\raw_aic_results.csv
300_2.0_34,300,2.0,34,2961901662,ricker,WGN,-1,1000,1,1000,221,221.0,AIC_prepeak_clean,Table_1\results_aic\raw_aic_results.csv
300_2.0_35,300,2.0,35,4171086962,ricker,WGN,-1,1000,1,1000,221,221.0,AIC_prepeak_clean,Table_1\results_aic\raw_aic_results.csv
300_2.0_36,300,2.0,36,1729714746,ricker,WGN,-1,1000,1,1000,221,221.0,AIC_prepeak_clean,Table_1\results_aic\raw_aic_results.csv
300_2.0_37,300,2.0,37,4045281986,ricker,WGN,-1,1000,1,1000,221,221.0,AIC_prepeak_clean,Table_1\results_aic\raw_aic_results.csv
300_2.0_38,300,2.0,38,1426856647,ricker,WGN,-1,1000,1,1000,221,221.0,AIC_prepeak_clean,Table_1\results_aic\raw_aic_results.csv
300_2.0_39,300,2.0,39,1873239701,ricker,WGN,-1,1000,1,1000,221,221.0,AIC_prepeak_clean,Table_1\results_aic\raw_aic_results.csv
300_2.0_40,300,2.0,40,2988382933,ricker,WGN,-1,1000,1,1000,221,221.0,AIC_prepeak_clean,Table_1\results_aic\raw_aic_results.csv
300_2.0_41,300,2.0,41,674226058,ricker,WGN,-1,1000,1,1000,221,221.0,AIC_prepeak_clean,Table_1\results_aic\raw_aic_results.csv
300_2.0_42,300,2.0,42,1388764725,ricker,WGN,-1,1000,1,1000,221,221.0,AIC_prepeak_clean,Table_1\results_aic\raw_aic_results.csv
300_2.0_43,300,2.0,43,660529064,ricker,WGN,-1,1000,1,1000,221,221.0,AIC_prepeak_clean,Table_1\results_aic\raw_aic_results.csv
300_2.0_44,300,2.0,44,1688084189,ricker,WGN,-1,1000,1,1000,221,221.0,AIC_prepeak_clean,Table_1\results_aic\raw_aic_results.csv
300_2.0_45,300,2.0,45,3521605339,ricker,WGN,-1,1000,1,1000,221,221.0,AIC_prepeak_clean,Table_1\results_aic\raw_aic_results.csv
300_2.0_46,300,2.0,46,2556633616,ricker,WGN,-1,1000,1,1000,221,221.0,AIC_prepeak_clean,Table_1\results_aic\raw_aic_results.csv
300_2.0_47,300,2.0,47,4264664719,ricker,WGN,-1,1000,1,1000,221,221.0,AIC_prepeak_clean,Table_1\results_aic\raw_aic_results.csv
300_2.0_48,300,2.0,48,3212573519,ricker,WGN,-1,1000,1,1000,221,221.0,AIC_prepeak_clean,Table_1\results_aic\raw_aic_results.csv
300_2.0_49,300,2.0,49,4081396463,ricker,WGN,-1,1000,1,1000,221,221.0,AIC_prepeak_clean,Table_1\results_aic\raw_aic_results.csv
300_2.0_50,300,2.0,50,3321775744,ricker,WGN,-1,1000,1,1000,221,221.0,AIC_prepeak_clean,Table_1\results_aic\raw_aic_results.csv
300_2.0_51,300,2.0,51,1800216286,ricker,WGN,-1,1000,1,1000,221,221.0,AIC_prepeak_clean,Table_1\results_aic\raw_aic_results.csv
300_2.0_52,300,2.0,52,87178962,ricker,WGN,-1,1000,1,1000,221,221.0,AIC_prepeak_clean,Table_1\results_aic\raw_aic_results.csv
300_2.0_53,300,2.0,53,1481112847,ricker,WGN,-1,1000,1,1000,221,221.0,AIC_prepeak_clean,Table_1\results_aic\raw_aic_results.csv
300_2.0_54,300,2.0,54,2765563020,ricker,WGN,-1,1000,1,1000,221,221.0,AIC_prepeak_clean,Table_1\results_aic\raw_aic_results.csv
300_2.0_55,300,2.0,55,4209766263,ricker,WGN,-1,1000,1,1000,221,221.0,AIC_prepeak_clean,Table_1\results_aic\raw_aic_results.csv
300_2.0_56,300,2.0,56,407105273,ricker,WGN,-1,1000,1,1000,221,221.0,AIC_prepeak_clean,Table_1\results_aic\raw_aic_results.csv
300_2.0_57,300,2.0,57,1841387273,ricker,WGN,-1,1000,1,1000,221,221.0,AIC_prepeak_clean,Table_1\results_aic\raw_aic_results.csv
300_2.0_58,300,2.0,58,3458892670,ricker,WGN,-1,1000,1,1000,221,221.0,AIC_prepeak_clean,Table_1\results_aic\raw_aic_results.csv
300_2.0_59,300,2.0,59,3985162554,ricker,WGN,-1,1000,1,1000,221,221.0,AIC_prepeak_clean,Table_1\results_aic\raw_aic_results.csv
300_2.0_60,300,2.0,60,1761934703,ricker,WGN,-1,1000,1,1000,221,221.0,AIC_prepeak_clean,Table_1\results_aic\raw_aic_results.csv
300_2.0_61,300,2.0,61,2890486757,ricker,WGN,-1,1000,1,1000,221,221.0,AIC_prepeak_clean,Table_1\results_aic\raw_aic_results.csv
300_2.0_62,300,2.0,62,1478848371,ricker,WGN,-1,1000,1,1000,221,221.0,AIC_prepeak_clean,Table_1\results_aic\raw_aic_results.csv
300_2.0_63,300,2.0,63,415737270,ricker,WGN,-1,1000,1,1000,221,221.0,AIC_prepeak_clean,Table_1\results_aic\raw_aic_results.csv
300_2.0_64,300,2.0,64,1603370946,ricker,WGN,-1,1000,1,1000,221,221.0,AIC_prepeak_clean,Table_1\results_aic\raw_aic_results.csv
300_2.0_65,300,2.0,65,2770897897,ricker,WGN,-1,1000,1,1000,221,221.0,AIC_prepeak_clean,Table_1\results_aic\raw_aic_results.csv
300_2.0_66,300,2.0,66,1633870419,ricker,WGN,-1,1000,1,1000,221,221.0,AIC_prepeak_clean,Table_1\results_aic\raw_aic_results.csv
300_2.0_67,300,2.0,67,3770552718,ricker,WGN,-1,1000,1,1000,221,221.0,AIC_prepeak_clean,Table_1\results_aic\raw_aic_results.csv
300_2.0_68,300,2.0,68,3770293993,ricker,WGN,-1,1000,1,1000,221,221.0,AIC_prepeak_clean,Table_1\results_aic\raw_aic_results.csv
300_2.0_69,300,2.0,69,4008807090,ricker,WGN,-1,1000,1,1000,221,221.0,AIC_prepeak_clean,Table_1\results_aic\raw_aic_results.csv
300_2.0_70,300,2.0,70,1602047565,ricker,WGN,-1,1000,1,1000,221,221.0,AIC_prepeak_clean,Table_1\results_aic\raw_aic_results.csv
300_2.0_71,300,2.0,71,218316485,ricker,WGN,-1,1000,1,1000,221,221.0,AIC_prepeak_clean,Table_1\results_aic\raw_aic_results.csv
300_2.0_72,300,2.0,72,3079522272,ricker,WGN,-1,1000,1,1000,221,221.0,AIC_prepeak_clean,Table_1\results_aic\raw_aic_results.csv
300_2.0_73,300,2.0,73,57190117,ricker,WGN,-1,1000,1,1000,221,221.0,AIC_prepeak_clean,Table_1\results_aic\raw_aic_results.csv
300_2.0_74,300,2.0,74,2602509074,ricker,WGN,-1,1000,1,1000,221,221.0,AIC_prepeak_clean,Table_1\results_aic\raw_aic_results.csv
300_2.0_75,300,2.0,75,3009324845,ricker,WGN,-1,1000,1,1000,221,221.0,AIC_prepeak_clean,Table_1\results_aic\raw_aic_results.csv
300_2.0_76,300,2.0,76,3551731813,ricker,WGN,-1,1000,1,1000,221,221.0,AIC_prepeak_clean,Table_1\results_aic\raw_aic_results.csv
300_2.0_77,300,2.0,77,4083769588,ricker,WGN,-1,1000,1,1000,221,221.0,AIC_prepeak_clean,Table_1\results_aic\raw_aic_results.csv
300_2.0_78,300,2.0,78,606961298,ricker,WGN,-1,1000,1,1000,221,221.0,AIC_prepeak_clean,Table_1\results_aic\raw_aic_results.csv
300_2.0_79,300,2.0,79,491458732,ricker,WGN,-1,1000,1,1000,221,221.0,AIC_prepeak_clean,Table_1\results_aic\raw_aic_results.csv
300_2.0_80,300,2.0,80,2890197636,ricker,WGN,-1,1000,1,1000,221,221.0,AIC_prepeak_clean,Table_1\results_aic\raw_aic_results.csv
300_2.0_81,300,2.0,81,3235133472,ricker,WGN,-1,1000,1,1000,221,221.0,AIC_prepeak_clean,Table_1\results_aic\raw_aic_results.csv
300_2.0_82,300,2.0,82,3546443314,ricker,WGN,-1,1000,1,1000,221,221.0,AIC_prepeak_clean,Table_1\results_aic\raw_aic_results.csv
300_2.0_83,300,2.0,83,2528196581,ricker,WGN,-1,1000,1,1000,221,221.0,AIC_prepeak_clean,Table_1\results_aic\raw_aic_results.csv
300_2.0_84,300,2.0,84,3287938970,ricker,WGN,-1,1000,1,1000,221,221.0,AIC_prepeak_clean,Table_1\results_aic\raw_aic_results.csv
300_2.0_85,300,2.0,85,2640347385,ricker,WGN,-1,1000,1,1000,221,221.0,AIC_prepeak_clean,Table_1\results_aic\raw_aic_results.csv
300_2.0_86,300,2.0,86,4285266539,ricker,WGN,-1,1000,1,1000,221,221.0,AIC_prepeak_clean,Table_1\results_aic\raw_aic_results.csv
300_2.0_87,300,2.0,87,3689999889,ricker,WGN,-1,1000,1,1000,221,221.0,AIC_prepeak_clean,Table_1\results_aic\raw_aic_results.csv
300_2.0_88,300,2.0,88,1805766180,ricker,WGN,-1,1000,1,1000,221,221.0,AIC_prepeak_clean,Table_1\results_aic\raw_aic_results.csv
300_2.0_89,300,2.0,89,3206522987,ricker,WGN,-1,1000,1,1000,221,221.0,AIC_prepeak_clean,Table_1\results_aic\raw_aic_results.csv
300_2.0_90,300,2.0,90,2805932430,ricker,WGN,-1,1000,1,1000,221,221.0,AIC_prepeak_clean,Table_1\results_aic\raw_aic_results.csv
300_2.0_91,300,2.0,91,2795366982,ricker,WGN,-1,1000,1,1000,221,221.0,AIC_prepeak_clean,Table_1\results_aic\raw_aic_results.csv
300_2.0_92,300,2.0,92,327393111,ricker,WGN,-1,1000,1,1000,221,221.0,AIC_prepeak_clean,Table_1\results_aic\raw_aic_results.csv
300_2.0_93,300,2.0,93,1564385690,ricker,WGN,-1,1000,1,1000,221,221.0,AIC_prepeak_clean,Table_1\results_aic\raw_aic_results.csv
300_2.0_94,300,2.0,94,2024156231,ricker,WGN,-1,1000,1,1000,221,221.0,AIC_prepeak_clean,Table_1\results_aic\raw_aic_results.csv
300_2.0_95,300,2.0,95,1324883174,ricker,WGN,-1,1000,1,1000,221,221.0,AIC_prepeak_clean,Table_1\results_aic\raw_aic_results.csv
300_2.0_96,300,2.0,96,2463264994,ricker,WGN,-1,1000,1,1000,221,221.0,AIC_prepeak_clean,Table_1\results_aic\raw_aic_results.csv
300_2.0_97,300,2.0,97,3466923725,ricker,WGN,-1,1000,1,1000,221,221.0,AIC_prepeak_clean,Table_1\results_aic\raw_aic_results.csv
300_2.0_98,300,2.0,98,340250847,ricker,WGN,-1,1000,1,1000,221,221.0,AIC_prepeak_clean,Table_1\results_aic\raw_aic_results.csv
300_2.0_99,300,2.0,99,1880516965,ricker,WGN,-1,1000,1,1000,221,221.0,AIC_prepeak_clean,Table_1\results_aic\raw_aic_results.csv
300_2.0_100,300,2.0,100,548339262,ricker,WGN,-1,1000,1,1000,221,221.0,AIC_prepeak_clean,Table_1\results_aic\raw_aic_results.csv
300_2.0_101,300,2.0,101,3219525076,ricker,WGN,-1,1000,1,1000,221,221.0,AIC_prepeak_clean,Table_1\results_aic\raw_aic_results.csv
300_2.0_102,300,2.0,102,3556771764,ricker,WGN,-1,1000,1,1000,221,221.0,AIC_prepeak_clean,Table_1\results_aic\raw_aic_results.csv
300_2.0_103,300,2.0,103,981591920,ricker,WGN,-1,1000,1,1000,221,221.0,AIC_prepeak_clean,Table_1\results_aic\raw_aic_results.csv
300_2.0_104,300,2.0,104,3432977858,ricker,WGN,-1,1000,1,1000,221,221.0,AIC_prepeak_clean,Table_1\results_aic\raw_aic_results.csv
300_2.0_105,300,2.0,105,366081399,ricker,WGN,-1,1000,1,1000,221,221.0,AIC_prepeak_clean,Table_1\results_aic\raw_aic_results.csv
300_2.0_106,300,2.0,106,767762806,ricker,WGN,-1,1000,1,1000,221,221.0,AIC_prepeak_clean,Table_1\results_aic\raw_aic_results.csv
300_2.0_107,300,2.0,107,3486049403,ricker,WGN,-1,1000,1,1000,221,221.0,AIC_prepeak_clean,Table_1\results_aic\raw_aic_results.csv
300_2.0_108,300,2.0,108,780094932,ricker,WGN,-1,1000,1,1000,221,221.0,AIC_prepeak_clean,Table_1\results_aic\raw_aic_results.csv
300_2.0_109,300,2.0,109,687835193,ricker,WGN,-1,1000,1,1000,221,221.0,AIC_prepeak_clean,Table_1\results_aic\raw_aic_results.csv
300_2.0_110,300,2.0,110,1617268172,ricker,WGN,-1,1000,1,1000,221,221.0,AIC_prepeak_clean,Table_1\results_aic\raw_aic_results.csv
300_2.0_111,300,2.0,111,2619338524,ricker,WGN,-1,1000,1,1000,221,221.0,AIC_prepeak_clean,Table_1\results_aic\raw_aic_results.csv
300_2.0_112,300,2.0,112,1987528777,ricker,WGN,-1,1000,1,1000,221,221.0,AIC_prepeak_clean,Table_1\results_aic\raw_aic_results.csv
300_2.0_113,300,2.0,113,3111383557,ricker,WGN,-1,1000,1,1000,221,221.0,AIC_prepeak_clean,Table_1\results_aic\raw_aic_results.csv
300_2.0_114,300,2.0,114,2108253742,ricker,WGN,-1,1000,1,1000,221,221.0,AIC_prepeak_clean,Table_1\results_aic\raw_aic_results.csv
300_2.0_115,300,2.0,115,2885264339,ricker,WGN,-1,1000,1,1000,221,221.0,AIC_prepeak_clean,Table_1\results_aic\raw_aic_results.csv
300_2.0_116,300,2.0,116,2384437898,ricker,WGN,-1,1000,1,1000,221,221.0,AIC_prepeak_clean,Table_1\results_aic\raw_aic_results.csv
300_2.0_117,300,2.0,117,961018649,ricker,WGN,-1,1000,1,1000,221,221.0,AIC_prepeak_clean,Table_1\results_aic\raw_aic_results.csv
300_2.0_118,300,2.0,118,2203585284,ricker,WGN,-1,1000,1,1000,221,221.0,AIC_prepeak_clean,Table_1\results_aic\raw_aic_results.csv
300_2.0_119,300,2.0,119,986319631,ricker,WGN,-1,1000,1,1000,221,221.0,AIC_prepeak_clean,Table_1\results_aic\raw_aic_results.csv
300_2.0_120,300,2.0,120,700581224,ricker,WGN,-1,1000,1,1000,221,221.0,AIC_prepeak_clean,Table_1\results_aic\raw_aic_results.csv
300_2.0_121,300,2.0,121,2231164784,ricker,WGN,-1,1000,1,1000,221,221.0,AIC_prepeak_clean,Table_1\results_aic\raw_aic_results.csv
300_2.0_122,300,2.0,122,1183274694,ricker,WGN,-1,1000,1,1000,221,221.0,AIC_prepeak_clean,Table_1\results_aic\raw_aic_results.csv
300_2.0_123,300,2.0,123,405625135,ricker,WGN,-1,1000,1,1000,221,221.0,AIC_prepeak_clean,Table_1\results_aic\raw_aic_results.csv
300_2.0_124,300,2.0,124,1666024117,ricker,WGN,-1,1000,1,1000,221,221.0,AIC_prepeak_clean,Table_1\results_aic\raw_aic_results.csv
300_2.0_125,300,2.0,125,2705730070,ricker,WGN,-1,1000,1,1000,221,221.0,AIC_prepeak_clean,Table_1\results_aic\raw_aic_results.csv
300_2.0_126,300,2.0,126,3204680093,ricker,WGN,-1,1000,1,1000,221,221.0,AIC_prepeak_clean,Table_1\results_aic\raw_aic_results.csv
300_2.0_127,300,2.0,127,54209426,ricker,WGN,-1,1000,1,1000,221,221.0,AIC_prepeak_clean,Table_1\results_aic\raw_aic_results.csv
300_2.0_128,300,2.0,128,1213660457,ricker,WGN,-1,1000,1,1000,221,221.0,AIC_prepeak_clean,Table_1\results_aic\raw_aic_results.csv
300_2.0_129,300,2.0,129,4011336484,ricker,WGN,-1,1000,1,1000,221,221.0,AIC_prepeak_clean,Table_1\results_aic\raw_aic_results.csv
300_2.0_130,300,2.0,130,1106940990,ricker,WGN,-1,1000,1,1000,221,221.0,AIC_prepeak_clean,Table_1\results_aic\raw_aic_results.csv
300_2.0_131,300,2.0,131,3434215215,ricker,WGN,-1,1000,1,1000,221,221.0,AIC_prepeak_clean,Table_1\results_aic\raw_aic_results.csv
300_2.0_132,300,2.0,132,783459131,ricker,WGN,-1,1000,1,1000,221,221.0,AIC_prepeak_clean,Table_1\results_aic\raw_aic_results.csv
300_2.0_133,300,2.0,133,4265701777,ricker,WGN,-1,1000,1,1000,221,221.0,AIC_prepeak_clean,Table_1\results_aic\raw_aic_results.csv
300_2.0_134,300,2.0,134,2260677610,ricker,WGN,-1,1000,1,1000,221,221.0,AIC_prepeak_clean,Table_1\results_aic\raw_aic_results.csv
300_2.0_135,300,2.0,135,702641876,ricker,WGN,-1,1000,1,1000,221,221.0,AIC_prepeak_clean,Table_1\results_aic\raw_aic_results.csv
300_2.0_136,300,2.0,136,843523648,ricker,WGN,-1,1000,1,1000,221,221.0,AIC_prepeak_clean,Table_1\results_aic\raw_aic_results.csv
300_2.0_137,300,2.0,137,4139857907,ricker,WGN,-1,1000,1,1000,221,221.0,AIC_prepeak_clean,Table_1\results_aic\raw_aic_results.csv
300_2.0_138,300,2.0,138,1524894269,ricker,WGN,-1,1000,1,1000,221,221.0,AIC_prepeak_clean,Table_1\results_aic\raw_aic_results.csv
300_2.0_139,300,2.0,139,2538649661,ricker,WGN,-1,1000,1,1000,221,221.0,AIC_prepeak_clean,Table_1\results_aic\raw_aic_results.csv
300_2.0_140,300,2.0,140,3472462349,ricker,WGN,-1,1000,1,1000,221,221.0,AIC_prepeak_clean,Table_1\results_aic\raw_aic_results.csv
300_2.0_141,300,2.0,141,779985621,ricker,WGN,-1,1000,1,1000,221,221.0,AIC_prepeak_clean,Table_1\results_aic\raw_aic_results.csv
300_2.0_142,300,2.0,142,3871915772,ricker,WGN,-1,1000,1,1000,221,221.0,AIC_prepeak_clean,Table_1\results_aic\raw_aic_results.csv
300_2.0_143,300,2.0,143,1165251445,ricker,WGN,-1,1000,1,1000,221,221.0,AIC_prepeak_clean,Table_1\results_aic\raw_aic_results.csv
300_2.0_144,300,2.0,144,2730196047,ricker,WGN,-1,1000,1,1000,221,221.0,AIC_prepeak_clean,Table_1\results_aic\raw_aic_results.csv
300_2.0_145,300,2.0,145,433052478,ricker,WGN,-1,1000,1,1000,221,221.0,AIC_prepeak_clean,Table_1\results_aic\raw_aic_results.csv
300_2.0_146,300,2.0,146,504485272,ricker,WGN,-1,1000,1,1000,221,221.0,AIC_prepeak_clean,Table_1\results_aic\raw_aic_results.csv
300_2.0_147,300,2.0,147,2246485235,ricker,WGN,-1,1000,1,1000,221,221.0,AIC_prepeak_clean,Table_1\results_aic\raw_aic_results.csv
300_2.0_148,300,2.0,148,965215139,ricker,WGN,-1,1000,1,1000,221,221.0,AIC_prepeak_clean,Table_1\results_aic\raw_aic_results.csv
300_2.0_149,300,2.0,149,3064713838,ricker,WGN,-1,1000,1,1000,221,221.0,AIC_prepeak_clean,Table_1\results_aic\raw_aic_results.csv
300_2.0_150,300,2.0,150,779998871,ricker,WGN,-1,1000,1,1000,221,221.0,AIC_prepeak_clean,Table_1\results_aic\raw_aic_results.csv
300_2.0_151,300,2.0,151,510910892,ricker,WGN,-1,1000,1,1000,221,221.0,AIC_prepeak_clean,Table_1\results_aic\raw_aic_results.csv
300_2.0_152,300,2.0,152,439933614,ricker,WGN,-1,1000,1,1000,221,221.0,AIC_prepeak_clean,Table_1\results_aic\raw_aic_results.csv
300_2.0_153,300,2.0,153,406434412,ricker,WGN,-1,1000,1,1000,221,221.0,AIC_prepeak_clean,Table_1\results_aic\raw_aic_results.csv
300_2.0_154,300,2.0,154,3470082943,ricker,WGN,-1,1000,1,1000,221,221.0,AIC_prepeak_clean,Table_1\results_aic\raw_aic_results.csv
300_2.0_155,300,2.0,155,3967558613,ricker,WGN,-1,1000,1,1000,221,221.0,AIC_prepeak_clean,Table_1\results_aic\raw_aic_results.csv
300_2.0_156,300,2.0,156,390979109,ricker,WGN,-1,1000,1,1000,221,221.0,AIC_prepeak_clean,Table_1\results_aic\raw_aic_results.csv
300_2.0_157,300,2.0,157,3605766423,ricker,WGN,-1,1000,1,1000,221,221.0,AIC_prepeak_clean,Table_1\results_aic\raw_aic_results.csv
300_2.0_158,300,2.0,158,3507723048,ricker,WGN,-1,1000,1,1000,221,221.0,AIC_prepeak_clean,Table_1\results_aic\raw_aic_results.csv
300_2.0_159,300,2.0,159,451191478,ricker,WGN,-1,1000,1,1000,221,221.0,AIC_prepeak_clean,Table_1\results_aic\raw_aic_results.csv
300_2.0_160,300,2.0,160,2291153541,ricker,WGN,-1,1000,1,1000,221,221.0,AIC_prepeak_clean,Table_1\results_aic\raw_aic_results.csv
300_2.0_161,300,2.0,161,4282282309,ricker,WGN,-1,1000,1,1000,221,221.0,AIC_prepeak_clean,Table_1\results_aic\raw_aic_results.csv
300_2.0_162,300,2.0,162,3968359607,ricker,WGN,-1,1000,1,1000,221,221.0,AIC_prepeak_clean,Table_1\results_aic\raw_aic_results.csv
300_2.0_163,300,2.0,163,3561503586,ricker,WGN,-1,1000,1,1000,221,221.0,AIC_prepeak_clean,Table_1\results_aic\raw_aic_results.csv
300_2.0_164,300,2.0,164,2763349928,ricker,WGN,-1,1000,1,1000,221,221.0,AIC_prepeak_clean,Table_1\results_aic\raw_aic_results.csv
300_2.0_165,300,2.0,165,1663178339,ricker,WGN,-1,1000,1,1000,221,221.0,AIC_prepeak_clean,Table_1\results_aic\raw_aic_results.csv
300_2.0_166,300,2.0,166,3448271467,ricker,WGN,-1,1000,1,1000,221,221.0,AIC_prepeak_clean,Table_1\results_aic\raw_aic_results.csv
300_2.0_167,300,2.0,167,2604015034,ricker,WGN,-1,1000,1,1000,221,221.0,AIC_prepeak_clean,Table_1\results_aic\raw_aic_results.csv
300_2.0_168,300,2.0,168,251976725,ricker,WGN,-1,1000,1,1000,221,221.0,AIC_prepeak_clean,Table_1\results_aic\raw_aic_results.csv
300_2.0_169,300,2.0,169,2752240687,ricker,WGN,-1,1000,1,1000,221,221.0,AIC_prepeak_clean,Table_1\results_aic\raw_aic_results.csv
300_2.0_170,300,2.0,170,824534178,ricker,WGN,-1,1000,1,1000,221,221.0,AIC_prepeak_clean,Table_1\results_aic\raw_aic_results.csv
300_2.0_171,300,2.0,171,2689093039,ricker,WGN,-1,1000,1,1000,221,221.0,AIC_prepeak_clean,Table_1\results_aic\raw_aic_results.csv
300_2.0_172,300,2.0,172,1085772938,ricker,WGN,-1,1000,1,1000,221,221.0,AIC_prepeak_clean,Table_1\results_aic\raw_aic_results.csv
300_2.0_173,300,2.0,173,1404079270,ricker,WGN,-1,1000,1,1000,221,221.0,AIC_prepeak_clean,Table_1\results_aic\raw_aic_results.csv
300_2.0_174,300,2.0,174,3409310561,ricker,WGN,-1,1000,1,1000,221,221.0,AIC_prepeak_clean,Table_1\results_aic\raw_aic_results.csv
300_2.0_175,300,2.0,175,3293605048,ricker,WGN,-1,1000,1,1000,221,221.0,AIC_prepeak_clean,Table_1\results_aic\raw_aic_results.csv
300_2.0_176,300,2.0,176,1265508107,ricker,WGN,-1,1000,1,1000,221,221.0,AIC_prepeak_clean,Table_1\results_aic\raw_aic_results.csv
300_2.0_177,300,2.0,177,773796693,ricker,WGN,-1,1000,1,1000,221,221.0,AIC_prepeak_clean,Table_1\results_aic\raw_aic_results.csv
300_2.0_178,300,2.0,178,2203543904,ricker,WGN,-1,1000,1,1000,221,221.0,AIC_prepeak_clean,Table_1\results_aic\raw_aic_results.csv
300_2.0_179,300,2.0,179,839855111,ricker,WGN,-1,1000,1,1000,221,221.0,AIC_prepeak_clean,Table_1\results_aic\raw_aic_results.csv
300_2.0_180,300,2.0,180,788910139,ricker,WGN,-1,1000,1,1000,221,221.0,AIC_prepeak_clean,Table_1\results_aic\raw_aic_results.csv
300_2.0_181,300,2.0,181,3787152356,ricker,WGN,-1,1000,1,1000,221,221.0,AIC_prepeak_clean,Table_1\results_aic\raw_aic_results.csv
300_2.0_182,300,2.0,182,4156910553,ricker,WGN,-1,1000,1,1000,221,221.0,AIC_prepeak_clean,Table_1\results_aic\raw_aic_results.csv
300_2.0_183,300,2.0,183,2940360816,ricker,WGN,-1,1000,1,1000,221,221.0,AIC_prepeak_clean,Table_1\results_aic\raw_aic_results.csv
300_2.0_184,300,2.0,184,2880385140,ricker,WGN,-1,1000,1,1000,221,221.0,AIC_prepeak_clean,Table_1\results_aic\raw_aic_results.csv
300_2.0_185,300,2.0,185,951271567,ricker,WGN,-1,1000,1,1000,221,221.0,AIC_prepeak_clean,Table_1\results_aic\raw_aic_results.csv
300_2.0_186,300,2.0,186,176743655,ricker,WGN,-1,1000,1,1000,221,221.0,AIC_prepeak_clean,Table_1\results_aic\raw_aic_results.csv
300_2.0_187,300,2.0,187,359028336,ricker,WGN,-1,1000,1,1000,221,221.0,AIC_prepeak_clean,Table_1\results_aic\raw_aic_results.csv
300_2.0_188,300,2.0,188,4114443627,ricker,WGN,-1,1000,1,1000,221,221.0,AIC_prepeak_clean,Table_1\results_aic\raw_aic_results.csv
300_2.0_189,300,2.0,189,2242877321,ricker,WGN,-1,1000,1,1000,221,221.0,AIC_prepeak_clean,Table_1\results_aic\raw_aic_results.csv
300_2.0_190,300,2.0,190,3197587719,ricker,WGN,-1,1000,1,1000,221,221.0,AIC_prepeak_clean,Table_1\results_aic\raw_aic_results.csv
300_2.0_191,300,2.0,191,104248930,ricker,WGN,-1,1000,1,1000,221,221.0,AIC_prepeak_clean,Table_1\results_aic\raw_aic_results.csv
300_2.0_192,300,2.0,192,107797195,ricker,WGN,-1,1000,1,1000,221,221.0,AIC_prepeak_clean,Table_1\results_aic\raw_aic_results.csv
300_2.0_193,300,2.0,193,1717141107,ricker,WGN,-1,1000,1,1000,221,221.0,AIC_prepeak_clean,Table_1\results_aic\raw_aic_results.csv
300_2.0_194,300,2.0,194,391727505,ricker,WGN,-1,1000,1,1000,221,221.0,AIC_prepeak_clean,Table_1\results_aic\raw_aic_results.csv
300_2.0_195,300,2.0,195,39555204,ricker,WGN,-1,1000,1,1000,221,221.0,AIC_prepeak_clean,Table_1\results_aic\raw_aic_results.csv
300_2.0_196,300,2.0,196,4292321726,ricker,WGN,-1,1000,1,1000,221,221.0,AIC_prepeak_clean,Table_1\results_aic\raw_aic_results.csv
300_2.0_197,300,2.0,197,882289076,ricker,WGN,-1,1000,1,1000,221,221.0,AIC_prepeak_clean,Table_1\results_aic\raw_aic_results.csv
300_2.0_198,300,2.0,198,3569713251,ricker,WGN,-1,1000,1,1000,221,221.0,AIC_prepeak_clean,Table_1\results_aic\raw_aic_results.csv
300_2.0_199,300,2.0,199,1233802218,ricker,WGN,-1,1000,1,1000,221,221.0,AIC_prepeak_clean,Table_1\results_aic\raw_aic_results.csv
