window_size,frequency_hz,snr_db,feature,n_records,pearson_mean,pearson_std,spearman_mean,spearman_std,mi_mean,mi_std,mean_retained_scale_count,pearson_rank,spearman_rank,mi_rank,pearson_top3,spearman_top3,mi_top3
7,100,-10,K,200,0.033077500476538894,0.024408313440124552,0.02662069139796096,0.02054360876876502,0.001850421275839409,0.00298524984680491,37.805,5.0,5.0,6.0,False,False,False
7,100,-10,M,200,0.6145381970989116,0.05016969705430684,0.21860443977571842,0.028087348823952307,0.06523814975878946,0.009674849158302468,37.805,2.0,2.0,2.0,True,True,True
7,100,-10,P,200,0.7016369502737847,0.03493306868867216,0.22263282981007582,0.025854308407500484,0.0696989308786411,0.008715873625716271,37.805,1.0,1.0,1.0,True,True,True
7,100,-10,S,200,0.032353942101823636,0.025320580129250175,0.027532726325674363,0.01981880745277545,0.0018972066682955745,0.003012475357817167,37.805,6.0,4.0,5.0,False,False,False
7,100,-10,SLTA,200,0.10318821133456627,0.008563169829617991,0.025244547370042496,0.01651174067996351,0.02175127950790101,0.008506001996624714,37.805,4.0,6.0,4.0,False,False,False
7,100,-10,Std,200,0.5876005973563175,0.05250835889990859,0.2081794697458012,0.027380276845064215,0.0618580294681472,0.011013591204484807,37.805,3.0,3.0,3.0,True,True,True
7,100,-8,K,200,0.03417842387783683,0.022983663159941697,0.025740909845901903,0.01819721740814928,0.0019580710206590014,0.0029023948834396344,42.155,5.0,5.0,5.0,False,False,False
7,100,-8,M,200,0.658714634613475,0.035284500824508284,0.2178203998229701,0.026252392173879004,0.06679254335272088,0.007493170961951524,42.155,2.0,2.0,2.0,True,True,True
7,100,-8,P,200,0.70223941108029,0.023043194729045608,0.2218396231084573,0.024043301001848615,0.07000227652536023,0.007001683683772124,42.155,1.0,1.0,1.0,True,True,True
7,100,-8,S,200,0.030556208205375916,0.023620368925467032,0.026289556741243083,0.019163339005609355,0.00185565537407258,0.003140770206490081,42.155,6.0,4.0,6.0,False,False,False
7,100,-8,SLTA,200,0.1060718902606554,0.007844048795126011,0.01649414997015073,0.011140205869866422,0.02657017132817704,0.007759278986710105,42.155,4.0,6.0,4.0,False,False,False
7,100,-8,Std,200,0.6344209390964578,0.037237486380346733,0.21056033471778712,0.024647116870127373,0.06578373206299416,0.00871551296087897,42.155,3.0,3.0,3.0,True,True,True
7,100,-6,K,200,0.03647936374999654,0.025451717925491547,0.02567085777737546,0.017170526991866202,0.001892564341319787,0.003043860818522575,46.125,5.0,5.0,5.0,False,False,False
7,100,-6,M,200,0.6924431588064133,0.027004258089109907,0.2182335825405631,0.025853172903411326,0.06823352337521199,0.007427230326120761,46.125,2.0,2.0,3.0,True,True,True
7,100,-6,P,200,0.6987429923241336,0.017266017579300512,0.22235861953214436,0.02308833687403459,0.07038254271453548,0.006474099314858895,46.125,1.0,1.0,1.0,True,True,True
7,100,-6,S,200,0.030599006292436934,0.022739670716809553,0.02587942960660685,0.01861667236846048,0.0018372021290994278,0.0029014052178567905,46.125,6.0,4.0,6.0,False,False,False
7,100,-6,SLTA,200,0.10866512738900769,0.007537086647851319,0.010955396597257177,0.007802465406392177,0.030336119995726017,0.006656875177262247,46.125,4.0,6.0,4.0,False,False,False
7,100,-6,Std,200,0.6715611445403254,0.02751862991481873,0.2143061399135168,0.023426556033284314,0.06946216793489486,0.0068772744087332045,46.125,3.0,3.0,2.0,True,True,True
7,100,-4,K,200,0.03951303689330168,0.027575416975517582,0.023957581096564796,0.01654252632053739,0.0018207527024543058,0.003349346959938345,49.99,5.0,5.0,6.0,False,False,False
7,100,-4,M,200,0.716472596514469,0.020430898028735506,0.21969879115318316,0.023693103587982507,0.06907915914798157,0.006659341525242567,49.99,1.0,2.0,3.0,True,True,True
7,100,-4,P,200,0.6941408314544084,0.013523249368945235,0.22352166494126588,0.021322329005186408,0.07131381404512553,0.006002405806764401,49.99,3.0,1.0,2.0,True,True,True
7,100,-4,S,200,0.03164375005803168,0.02307977967843173,0.02623840401915269,0.01842081891792736,0.0019958599880305714,0.0030709079469638666,49.99,6.0,4.0,5.0,False,False,False
7,100,-4,SLTA,200,0.1108647629949009,0.007281499452616809,0.007875142637398224,0.005690808767604043,0.0329510659401706,0.006055867438956081,49.99,4.0,6.0,4.0,False,False,False
7,100,-4,Std,200,0.6988127116028536,0.02047848390712904,0.2181499501033401,0.021830386142100876,0.07177406836037141,0.005583919253242438,49.99,2.0,3.0,1.0,True,True,True
7,100,-2,K,200,0.04400734080905762,0.02886568404504191,0.023795295690640858,0.01641939310110444,0.0020378997071550608,0.0031605015412402375,53.315,5.0,5.0,6.0,False,False,False
7,100,-2,M,200,0.7331356009888816,0.016300788011141,0.2223012424744014,0.02268454607814518,0.0708967617767607,0.006725966543500365,53.315,1.0,2.0,3.0,True,True,True
7,100,-2,P,200,0.6901572229100564,0.01107908670793258,0.225787096779331,0.020303936975199433,0.07309324189207934,0.005833998791974993,53.315,3.0,1.0,2.0,True,True,True
7,100,-2,S,200,0.03466721049395569,0.023868848480976125,0.027691050790728467,0.01889370580404401,0.0020836683157737035,0.0029654885067998365,53.315,6.0,4.0,5.0,False,False,False
7,100,-2,SLTA,200,0.11284889439548461,0.007196012376659816,0.006709267984798219,0.005081133102438458,0.03447894205444723,0.005230054647614196,53.315,4.0,6.0,4.0,False,False,False
7,100,-2,Std,200,0.7181150965777112,0.01570757898876424,0.22208305121734323,0.020700370810059435,0.0736199347883951,0.005269318735629675,53.315,2.0,3.0,1.0,True,True,True
7,100,0,K,200,0.04936863748931474,0.029292345636846018,0.02399255054595845,0.01589878322497726,0.0022844934381884485,0.003197226420580813,56.74,5.0,5.0,6.0,False,False,False
7,100,0,M,200,0.7441330485374117,0.013255408503791003,0.22556720797618582,0.02128892864167203,0.07302663607929662,0.006564032575411497,56.74,1.0,3.0,3.0,True,True,True
7,100,0,P,200,0.686479292972547,0.009310880494040847,0.2287891504494456,0.018988193727650177,0.07489785135453211,0.005427113429500863,56.74,3.0,1.0,1.0,True,True,True
7,100,0,S,200,0.03935800208882169,0.024104183760890387,0.02963111962877175,0.01916907372995855,0.0023103316415900056,0.0031612261156879827,56.74,6.0,4.0,5.0,False,False,False
7,100,0,SLTA,200,0.1144145643296084,0.007113307340540318,0.007132862318391873,0.005320904913135604,0.03545140276139899,0.0045028046106736245,56.74,4.0,6.0,4.0,False,False,False
7,100,0,Std,200,0.7312013915334644,0.012337202937293002,0.22589211829725112,0.019292119755849605,0.07488188639145554,0.005325491567266295,56.74,2.0,2.0,2.0,True,True,True
7,100,2,K,200,0.05605937483726394,0.028685104254231184,0.02427400368719473,0.01594630204509594,0.0033822402200218028,0.004073556036587974,59.98,5.0,5.0,5.0,False,False,False
7,100,2,M,200,0.7514335070944965,0.010567180495945622,0.22909821700703156,0.01974700934858436,0.07495776325468607,0.006076423571449771,59.98,1.0,3.0,3.0,True,True,True
7,100,2,P,200,0.6834932149982968,0.007465702576009271,0.23235060214011946,0.017439611131213142,0.07608659880046656,0.005179662319992077,59.98,3.0,1.0,2.0,True,True,True
7,100,2,S,200,0.045658351044958384,0.0239075203398632,0.032935110162906595,0.019130786915560773,0.003027047669402354,0.0034012873499335732,59.98,6.0,4.0,6.0,False,False,False
7,100,2,SLTA,200,0.11567738240612148,0.0069966151673779816,0.008064701950454427,0.005304909723969607,0.03627278859948274,0.004215126764888355,59.98,4.0,6.0,4.0,False,False,False
7,100,2,Std,200,0.7403801950761753,0.00944208515825375,0.22950947583905915,0.017912153073931764,0.07620536385519922,0.005195737517886617,59.98,2.0,2.0,1.0,True,True,True
7,100,4,K,200,0.061519507476495594,0.02780961328495798,0.024447606067032474,0.015638356521979428,0.004037886785549527,0.004172901042402317,63.245,5.0,5.0,5.0,False,False,False
7,100,4,M,200,0.7562811916581563,0.008457067031532964,0.23349214529880477,0.01789903263229941,0.07672976971286408,0.005558422761354284,63.245,1.0,2.0,3.0,True,True,True
7,100,4,P,200,0.6809779281875905,0.006000141426901925,0.23660736870805738,0.015742197203965365,0.07746236001290117,0.004961320173112868,63.245,3.0,1.0,1.0,True,True,True
7,100,4,S,200,0.05218234075735109,0.02319989490296682,0.036541377070279116,0.01852705933931761,0.003281625758353465,0.0036909143269379797,63.245,6.0,4.0,6.0,False,False,False
7,100,4,SLTA,200,0.11681610582152369,0.006975754716973511,0.009493017228115528,0.0051532743261517916,0.03645216683017967,0.003661191759205661,63.245,4.0,6.0,4.0,False,False,False
7,100,4,Std,200,0.7467248951887417,0.007250713935088189,0.2334850156052391,0.016584018479408925,0.07734204552972695,0.005196160494565524,63.245,2.0,3.0,2.0,True,True,True
7,100,6,K,200,0.06836763135440696,0.0278246457780599,0.025346060626049306,0.01562618788015772,0.005241792486398949,0.0044529921952327104,66.695,5.0,5.0,5.0,False,False,False
7,100,6,M,200,0.7594488723819288,0.006884501330701325,0.2377039834803049,0.015989683462426327,0.07830539251657996,0.005576746868217212,66.695,1.0,2.0,3.0,True,True,True
7,100,6,P,200,0.6789426716403762,0.004839376160000376,0.24044031460292337,0.01417673443589175,0.07988963567343689,0.005017225148702442,66.695,3.0,1.0,1.0,True,True,True
7,100,6,S,200,0.05949285137893075,0.021949183690459697,0.04064513815090242,0.017080260988032624,0.004131058851267547,0.003904854045210555,66.695,6.0,4.0,6.0,False,False,False
7,100,6,SLTA,200,0.11764002463510588,0.006905911882543755,0.010956980973605108,0.0046095492460538345,0.03701426538652571,0.0035414501101729617,66.695,4.0,6.0,4.0,False,False,False
7,100,6,Std,200,0.7513643221508449,0.005559864351774866,0.23737533855784806,0.01517838418867698,0.07906873744980376,0.0054800121867557994,66.695,2.0,3.0,2.0,True,True,True
7,150,-10,K,200,0.0473119431587898,0.03313113677846395,0.037102112484649855,0.02432262205889495,0.0023308653976110176,0.0029232957878184028,36.68,5.0,5.0,6.0,False,False,False
7,150,-10,M,200,0.6369346987823493,0.047758319743199704,0.19939333062572687,0.013191801641904642,0.055106146882158195,0.006711599637891611,36.68,3.0,3.0,3.0,True,True,True
7,150,-10,P,200,0.7698398615115832,0.028316806548820163,0.20271704514362224,0.011466478613181202,0.05882518797055705,0.0049352235716130155,36.68,1.0,1.0,1.0,True,True,True
7,150,-10,S,200,0.03288313534155257,0.023446846982326644,0.022728890021765178,0.020089263285989024,0.003920984578126661,0.003787017205995786,36.68,6.0,6.0,5.0,False,False,False
7,150,-10,SLTA,200,0.2088048758515377,0.016646163572589814,0.08584716462424966,0.015095043430118237,0.021997928448177793,0.004365550216962897,36.68,4.0,4.0,4.0,False,False,False
7,150,-10,Std,200,0.6470649203272925,0.04693283903442247,0.19960991456453314,0.013211866219397865,0.058156234511564806,0.006878925859508032,36.68,2.0,2.0,2.0,True,True,True
7,150,-8,K,200,0.05931860012371038,0.03314468539231562,0.04378833061336893,0.0215494408515115,0.002333817832237768,0.0026589478760450256,41.46,5.0,5.0,6.0,False,False,False
7,150,-8,M,200,0.695122636281829,0.03393117526084533,0.2010786545956988,0.01185321297206106,0.057902925675739764,0.005112370987810401,41.46,3.0,3.0,3.0,True,True,True
7,150,-8,P,200,0.7797179628017861,0.018910960182745955,0.2044359127064112,0.009936392588137331,0.06051764045667052,0.0032712319087653836,41.46,1.0,1.0,1.0,True,True,True
7,150,-8,S,200,0.030402802841376732,0.02150094733065573,0.02053337214623042,0.018302453694746746,0.0056948391353235225,0.004326098404688302,41.46,6.0,6.0,5.0,False,False,False
7,150,-8,SLTA,200,0.22054448742101995,0.01412835995902988,0.07764237421330752,0.01262614337325916,0.024266512745800117,0.0036584172180834486,41.46,4.0,4.0,4.0,False,False,False
7,150,-8,Std,200,0.705569110747718,0.03430417258624848,0.20132257035087453,0.011326777116340326,0.060493678789552675,0.0057005564219310126,41.46,2.0,2.0,2.0,True,True,True
7,150,-6,K,200,0.06901576271941857,0.03342820828921385,0.05045895028123071,0.0203936201999946,0.002780933218321109,0.0030257413772383063,45.985,5.0,5.0,6.0,False,False,False
7,150,-6,M,200,0.7367479767022265,0.02432626296438412,0.20254449579785558,0.010899983758807179,0.059808414716089164,0.003849497705531427,45.985,3.0,3.0,3.0,True,True,True
7,150,-6,P,200,0.7794201278246716,0.014038142710786915,0.2057405237998836,0.008921643216112076,0.061618357507971185,0.002238780825674189,45.985,1.0,1.0,2.0,True,True,True
7,150,-6,S,200,0.026365354292442154,0.01910254841759356,0.01896413937609027,0.017145857587218982,0.007429985084841919,0.004813346447130668,45.985,6.0,6.0,5.0,False,False,False
7,150,-6,SLTA,200,0.23022704781503073,0.012935111864218809,0.07060926287985918,0.010414155776983,0.025800079418268593,0.0027869001812182914,45.985,4.0,4.0,4.0,False,False,False
7,150,-6,Std,200,0.7483963926602293,0.024647639568939395,0.20336210361783624,0.009729895321895108,0.062478535061927076,0.004058656290303482,45.985,2.0,2.0,1.0,True,True,True
7,150,-4,K,200,0.07772384892790406,0.03151644867677049,0.05625702241741973,0.01850354492320482,0.0030242693867365083,0.0029638723747416767,49.855,5.0,5.0,6.0,False,False,False
7,150,-4,M,200,0.7664458845786101,0.017927834233142138,0.20434176978336094,0.009838339367546956,0.0612418880946718,0.002908238334041577,49.855,3.0,3.0,3.0,True,True,True
7,150,-4,P,200,0.7770196177897141,0.010580987576014549,0.20698260301045024,0.008018928989993276,0.0624304428784558,0.0016512216368782552,49.855,2.0,1.0,2.0,True,True,True
7,150,-4,S,200,0.02237257801511654,0.016412606809743813,0.017802675219865848,0.014018811364138182,0.009089581945083825,0.0045385536075662515,49.855,6.0,6.0,5.0,False,False,False
7,150,-4,SLTA,200,0.23772096124412684,0.012388915395867998,0.06546204687590194,0.00852159123275334,0.026807806820040806,0.002347971979906579,49.855,4.0,4.0,4.0,False,False,False
7,150,-4,Std,200,0.7792847921689277,0.01764035554081975,0.20545353972800456,0.008425204117817461,0.06403757035904585,0.002982915698826275,49.855,1.0,2.0,1.0,True,True,True
7,150,-2,K,200,0.08474042159810612,0.028829138492853644,0.06070976181453539,0.016479432739815326,0.003315356921125161,0.0030325093705747402,53.385,5.0,5.0,6.0,False,False,False
7,150,-2,M,200,0.7871440314169235,0.013240311590789278,0.20642506156440907,0.008384403951156026,0.06228603464471604,0.002216234496573055,53.385,2.0,3.0,3.0,True,True,True
7,150,-2,P,200,0.7743363124851973,0.008409629583806437,0.20810790082380198,0.00733699904017171,0.06332491744240203,0.0010209664402478526,53.385,3.0,1.0,2.0,True,True,True
7,150,-2,S,200,0.020031188389161028,0.014338441175235979,0.016454029533353773,0.011385396411218475,0.010867216238833298,0.004519788547285844,53.385,6.0,6.0,5.0,False,False,False
7,150,-2,SLTA,200,0.24352508836202072,0.012261919402491345,0.06160950312310096,0.0073048801511391695,0.02746183116785104,0.0020960899891109028,53.385,4.0,4.0,4.0,False,False,False
7,150,-2,Std,200,0.8008231016490697,0.013033853408632494,0.20723452505526954,0.007550156669126894,0.06468425646417116,0.0024938560169197755,53.385,1.0,2.0,1.0,True,True,True
7,150,0,K,200,0.09138858601812362,0.02569697755225709,0.06407405993855507,0.014766101761859328,0.003715553558628434,0.0029714808400707424,56.72,5.0,4.0,6.0,False,False,False
7,150,0,M,200,0.8008658855412432,0.010013148528757117,0.20828155448538152,0.00744255442564692,0.06324132279428396,0.0017794788811836288,56.72,2.0,3.0,3.0,True,True,True
7,150,0,P,200,0.7719754305037588,0.0068520237496562135,0.2092053146628778,0.0070189400177698095,0.06353233847714962,0.0005826241817247167,56.72,3.0,1.0,2.0,True,True,True
7,150,0,S,200,0.01959966403622616,0.013274550691031634,0.015087852833311806,0.009776536116481147,0.01240966710012503,0.004142727503460984,56.72,6.0,6.0,5.0,False,False,False
7,150,0,SLTA,200,0.247790989819907,0.01222169365905362,0.05879335976071275,0.006335113262083185,0.02797260901370754,0.0020296177073519973,56.72,4.0,5.0,4.0,False,False,False
7,150,0,Std,200,0.8155220888430766,0.009940287052682451,0.20869249800725936,0.007231110708724418,0.06495720340386364,0.0020842726297574223,56.72,1.0,2.0,1.0,True,True,True
7,150,2,K,200,0.09689216235159946,0.023017359191219132,0.06644530206781857,0.013473249556261524,0.00409896967542953,0.002898064670331339,59.99,5.0,4.0,6.0,False,False,False
7,150,2,M,200,0.8098885565519269,0.008009708095707693,0.20986735199271528,0.0066186226442964385,0.06371056549530206,0.0013214070269951595,59.99,2.0,3.0,2.0,True,True,True
7,150,2,P,200,0.7699481186291134,0.005811097554241973,0.21067860999677174,0.006416130915200767,0.06369081303515617,0.00046949195923151046,59.99,3.0,1.0,3.0,True,True,True
7,150,2,S,200,0.020655998675833686,0.013195636900505856,0.013810297477255588,0.00880785803344123,0.013362034222616384,0.0034848356458085364,59.99,6.0,6.0,5.0,False,False,False
7,150,2,SLTA,200,0.25089402968993424,0.012057533779246964,0.05655063238417624,0.005522870345681119,0.028509732402896434,0.0019421812626196733,59.99,4.0,5.0,4.0,False,False,False
7,150,2,Std,200,0.8254377399924528,0.007827910675957735,0.21007123629967314,0.0068046308958244865,0.06500528137481279,0.0018661544189155271,59.99,1.0,2.0,1.0,True,True,True
7,150,4,K,200,0.1017147014529581,0.02073120874891983,0.06858091081050315,0.01233226230973192,0.003924995430918662,0.0026988588520615924,63.345,5.0,4.0,6.0,False,False,False
7,150,4,M,200,0.8156812382676861,0.006214834379980654,0.21139558703830125,0.0058162142752996955,0.06384080119639374,0.0010937628540320155,63.345,2.0,3.0,2.0,True,True,True
7,150,4,P,200,0.7681818535236487,0.004688698394533391,0.21252267936484898,0.005428981683111193,0.06371171395162309,0.00045235286622049637,63.345,3.0,1.0,3.0,True,True,True
7,150,4,S,200,0.022832673164518043,0.013379717536105895,0.012610182267579437,0.008359820138303583,0.014491725654371157,0.003263492379661289,63.345,6.0,6.0,5.0,False,False,False
7,150,4,SLTA,200,0.2534158732866657,0.012008405519780848,0.05472381795067565,0.004640334685298656,0.02884949170655812,0.0017439971998824259,63.345,4.0,5.0,4.0,False,False,False
7,150,4,Std,200,0.832139133013358,0.006007850156577503,0.2115058805801153,0.006305319141941992,0.06478438098343998,0.001651042251304494,63.345,1.0,2.0,1.0,True,True,True
7,150,6,K,200,0.10303213966275089,0.018646358556394866,0.06956264756817704,0.01163387696722279,0.0035641677442424134,0.002261921117109444,67.18,5.0,4.0,6.0,False,False,False
7,150,6,M,200,0.8193871378976663,0.004912104288585351,0.21314647975966455,0.004630192838366503,0.06382834988844993,0.0008799339101560678,67.18,2.0,3.0,2.0,True,True,True
7,150,6,P,200,0.7666090775446139,0.003753309346225967,0.21451113802546376,0.004067314462754109,0.06378504728495643,0.000460572799004222,67.18,3.0,1.0,3.0,True,True,True
7,150,6,S,200,0.0254088750686074,0.01273122473125668,0.010877648796605736,0.007711043486908819,0.01498721522301358,0.0033205558205979067,67.18,6.0,6.0,5.0,False,False,False
7,150,6,SLTA,200,0.25605528144532047,0.01189258540726566,0.05302303355932301,0.003857333864527809,0.029286290001357212,0.0016533352532731272,67.18,4.0,5.0,4.0,False,False,False
7,150,6,Std,200,0.8366840372084949,0.004649507433247494,0.21319313710275986,0.005460046397216743,0.06466176620895361,0.0016089769299326504,67.18,1.0,2.0,1.0,True,True,True
7,200,-10,K,200,0.10134813050849756,0.05287491332531115,0.09867827180524673,0.03735968005966924,0.008912175191125497,0.005522268564990716,36.64,5.0,5.0,5.0,False,False,False
7,200,-10,M,200,0.6223015400038517,0.059347404023137824,0.18484733798697606,0.005004493900947823,0.05041255616127846,0.006286875106875498,36.64,3.0,3.0,3.0,True,True,True
7,200,-10,P,200,0.8210141990417179,0.029865283157434995,0.18684750013947174,0.0032445976821880375,0.05352794768366964,0.005820498626476967,36.64,1.0,1.0,2.0,True,True,True
7,200,-10,S,200,0.030443056782305987,0.025458082906722745,0.024435415041460115,0.022232697711517455,0.005913762610881857,0.005174602183822784,36.64,6.0,6.0,6.0,False,False,False
7,200,-10,SLTA,200,0.2867184005965174,0.023593900564086823,0.122812246789527,0.011640131650449899,0.028764329237667266,0.005342701314332874,36.64,4.0,4.0,4.0,False,False,False
7,200,-10,Std,200,0.6691580896270828,0.05060574245777931,0.18637998967612,0.0040001018909775875,0.05422453181017474,0.006384423829946247,36.64,2.0,2.0,1.0,True,True,True
7,200,-8,K,200,0.11757727898999251,0.048007903978557434,0.11107310518543313,0.032213557601161145,0.010133877786790126,0.005807733863250565,41.61,5.0,5.0,5.0,False,False,False
7,200,-8,M,200,0.6983776952017619,0.042397905260972875,0.18654319679942685,0.003252873435251233,0.053713590016963374,0.004925320424130601,41.61,3.0,3.0,3.0,True,True,True
7,200,-8,P,200,0.8447424341091947,0.015405833538626302,0.18788575832058668,0.0020027319049990126,0.055980058157677946,0.004438951497581396,41.61,1.0,1.0,2.0,True,True,True
7,200,-8,S,200,0.027458173737348858,0.022777313002267166,0.023964882223973062,0.019605157040924713,0.008456634579717848,0.0055995046975030405,41.61,6.0,6.0,6.0,False,False,False
7,200,-8,SLTA,200,0.3072958207270411,0.01877311616627165,0.11796964010840517,0.009921149474820522,0.030995350467551114,0.004134379587086424,41.61,4.0,4.0,4.0,False,False,False
7,200,-8,Std,200,0.7441765538706814,0.03465332244836299,0.1876943955824403,0.002244098118464302,0.05691260949257541,0.004798432109581974,41.61,2.0,2.0,1.0,True,True,True
7,200,-6,K,200,0.1303944358644207,0.041570546784460025,0.12066621628218493,0.02612202558598682,0.01090090097206783,0.005467785319176422,46.35,5.0,4.0,6.0,False,False,False
7,200,-6,M,200,0.757529121022678,0.029004866370533452,0.18747265023167056,0.00196041511566167,0.05609678530884971,0.003473254621342357,46.35,3.0,3.0,3.0,True,True,True
7,200,-6,P,200,0.8514553977769853,0.010213721669597234,0.18842023778872613,0.0007414603381203594,0.05748015018133315,0.0035389806333125484,46.35,1.0,1.0,2.0,True,True,True
7,200,-6,S,200,0.023663663422477527,0.020611100141031867,0.026449893608280962,0.015726452973266372,0.010995748288908772,0.005024868077243844,46.35,6.0,6.0,5.0,False,False,False
7,200,-6,SLTA,200,0.3230163953693608,0.016721460739122656,0.11290449272016215,0.008398125935256504,0.03257787380420763,0.0032509040882757615,46.35,4.0,5.0,4.0,False,False,False
7,200,-6,Std,200,0.7988249134430861,0.02311345936610262,0.18836806241207443,0.0008668817551026225,0.05880713134383434,0.003277949169094252,46.35,2.0,2.0,1.0,True,True,True
7,200,-4,K,200,0.1396315856678872,0.035354640279028765,0.12732573501244038,0.020459202913972484,0.011189958910830014,0.005019681388316627,50.7,5.0,4.0,6.0,False,False,False
7,200,-4,M,200,0.8015215206377353,0.01965863362597647,0.1881289782928442,0.000898660308141569,0.05788150424904269,0.002280462953474992,50.7,3.0,3.0,3.0,True,True,True
7,200,-4,P,200,0.8521117467794522,0.007644156492278678,0.18856865128672592,0.000180629760760878,0.05846534383645967,0.002778438206567779,50.7,1.0,1.0,2.0,True,True,True
7,200,-4,S,200,0.02152382508032228,0.018267340597269047,0.028912953157290276,0.01214289601509759,0.012500434448367325,0.00474544030001515,50.7,6.0,6.0,5.0,False,False,False
7,200,-4,SLTA,200,0.3346832436353187,0.01553641761074304,0.10852653321952702,0.007188343284880166,0.03347756248823801,0.002388974947166787,50.7,4.0,5.0,4.0,False,False,False
7,200,-4,Std,200,0.8368627345604913,0.015397516675768396,0.18855640279608546,0.0002239771355376597,0.060073280436546875,0.002335098306499478,50.7,2.0,2.0,1.0,True,True,True
7,200,-2,K,200,0.1451702729587293,0.030092776811097916,0.1310620010087676,0.016478763545438962,0.011547584035476142,0.004499728630083618,53.995,5.0,4.0,6.0,False,False,False
7,200,-2,M,200,0.8324127616757145,0.013635986957885456,0.18844441662180864,0.00031944617251910456,0.05887183813826403,0.0012531691997719316,53.995,3.0,3.0,3.0,True,True,True
7,200,-2,P,200,0.8509254298270941,0.00629246549188019,0.1885906031191956,1.340974833663772e-05,0.058964520420803475,0.0018872111392215071,53.995,2.0,1.0,2.0,True,True,True
7,200,-2,S,200,0.020469499042942204,0.01618295517183165,0.030638081083472535,0.009535537370161362,0.013628002890452167,0.004410231156002537,53.995,6.0,6.0,5.0,False,False,False
7,200,-2,SLTA,200,0.34325026535046954,0.015488271954692382,0.10490225339747662,0.006496011168977854,0.03376410189219412,0.0018443880307562922,53.995,4.0,5.0,4.0,False,False,False
7,200,-2,Std,200,0.8625732573341226,0.011009783946638999,0.18858885333522252,2.352175563862101e-05,0.0607408339536925,0.0019224690696011439,53.995,1.0,2.0,1.0,True,True,True
7,200,0,K,200,0.14958003543257145,0.02605329638295,0.1336990845274628,0.013652674956764359,0.011848918367667681,0.003947547448565993,56.855,5.0,4.0,6.0,False,False,False
7,200,0,M,200,0.8529983797052475,0.00947850206175024,0.18856594707230226,6.676385966527039e-05,0.05925909830969336,0.0006906432001587938,56.855,2.0,3.0,3.0,True,True,True
7,200,0,P,200,0.8493307756557893,0.005124386553112966,0.18859219383189837,8.89467766708064e-06,0.05927953231703551,0.0007535430754829784,56.855,3.0,1.0,2.0,True,True,True
7,200,0,S,200,0.019751635868118633,0.013764795632515436,0.031679043476182236,0.007600507172840645,0.013746565388560108,0.00353472282371105,56.855,6.0,6.0,5.0,False,False,False
7,200,0,SLTA,200,0.34938661887591993,0.015432413428281748,0.10206155865282353,0.005586890706898744,0.03391124392913043,0.0013864577815761456,56.855,4.0,5.0,4.0,False,False,False
7,200,0,Std,200,0.8795048477519616,0.007841758466443374,0.18859155754681725,9.77724215710747e-06,0.06105656102654983,0.0019486846800052544,56.855,1.0,2.0,1.0,True,True,True
7,200,2,K,200,0.153384008369297,0.022555697202528587,0.13567331806290292,0.011383913163136396,0.012380962345940643,0.0035997636117197037,59.255,5.0,4.0,6.0,False,False,False
7,200,2,M,200,0.8666854937740885,0.006656977709697554,0.18858567190981693,1.4472327366907436e-05,0.059355851386428765,0.0003518647126587782,59.255,2.0,3.0,3.0,True,True,True
7,200,2,P,200,0.8481150451915122,0.004139847529639061,0.18859314825952006,7.271222821271401e-06,0.05935758857453458,0.0002273805639992608,59.255,3.0,1.5,2.0,True,True,True
7,200,2,S,200,0.018809573990572936,0.011880147143642883,0.032366231363790104,0.006262304109663859,0.01369023682600787,0.003092545601472344,59.255,6.0,6.0,5.0,False,False,False
7,200,2,SLTA,200,0.35313939215862455,0.015502911039284572,0.1002005838618225,0.004823589284232833,0.03384976458736325,0.001230512570758687,59.255,4.0,5.0,4.0,False,False,False
7,200,2,Std,200,0.8909014619454665,0.0056498787796057945,0.18859314825952006,7.271222821274632e-06,0.06141275786726279,0.0020364274847722904,59.255,1.0,1.5,1.0,True,True,True
7,200,4,K,200,0.15667632985024113,0.01979482636271554,0.1371361374643941,0.009625674659860372,0.01320463007726161,0.0034132369072204095,61.735,5.0,4.0,6.0,False,False,False
7,200,4,M,200,0.8752470814007985,0.004861536880378736,0.18858758076506027,1.3422069555503558e-05,0.05928797368152797,0.00019878269580095363,61.735,2.0,3.0,3.0,True,True,True
7,200,4,P,200,0.8470069670359741,0.0033730196335953404,0.18859442082968228,3.876804931665505e-06,0.05934674221950072,0.00016921007397484826,61.735,3.0,1.0,2.0,True,True,True
7,200,4,S,200,0.01827990969482444,0.010490479082423633,0.033013651433828076,0.005418049179366579,0.013507271058890156,0.002710875670023562,61.735,6.0,6.0,5.0,False,False,False
7,200,4,SLTA,200,0.3552001298996535,0.015488890228010432,0.09876385214865716,0.004187636572374727,0.03383666535075377,0.001139280170775382,61.735,4.0,5.0,4.0,False,False,False
7,200,4,Std,200,0.8983336249855439,0.004181667100867765,0.18859410268714175,4.979463080038717e-06,0.061865898998221425,0.0020823286532471947,61.735,1.0,2.0,1.0,True,True,True
7,200,6,K,200,0.15894466582639122,0.017711899007557094,0.13809549629545037,0.008414907602598151,0.013757664176652428,0.0032726206611952734,64.335,5.0,4.0,5.0,False,False,False
7,200,6,M,200,0.8807676500633238,0.003693596595413915,0.18858789890760083,1.3212008555142978e-05,0.05922697613702095,9.087490981596765e-05,64.335,2.0,3.0,3.0,True,True,True
7,200,6,P,200,0.8461263986298853,0.0027554991578400746,0.18859489804349314,0.0,0.05932174221950071,0.0001608794229272223,64.335,3.0,1.0,2.0,True,True,True
7,200,6,S,200,0.01790581629851875,0.009490847607817578,0.03343248608847426,0.0047893609890364815,0.01310321784865325,0.0024106229191751256,64.335,6.0,6.0,6.0,False,False,False
7,200,6,SLTA,200,0.3565121333186256,0.015365841721826255,0.09769314342840518,0.0036321353389638213,0.03367838514616768,0.0010383347777762702,64.335,4.0,5.0,4.0,False,False,False
7,200,6,Std,200,0.9033734453311397,0.0031382912549043004,0.18859473897222287,2.2496074781344566e-06,0.06255307768573685,0.0021036178952183646,64.335,1.0,2.0,1.0,True,True,True
7,250,-10,K,200,0.15769572284497774,0.049085242883958075,0.12648739432931924,0.022903061545657192,0.0137046702455906,0.006473420892345066,36.075,5.0,5.0,5.0,False,False,False
7,250,-10,M,200,0.5799169176393104,0.055256751804152175,0.1621608101715578,0.0022499604880863795,0.03951002169062174,0.002017742979281503,36.075,3.0,3.0,2.0,True,True,True
7,250,-10,P,200,0.8540308556151257,0.02919657640769604,0.16328286023645325,0.0005516154045622858,0.03907491974671474,0.001200995418337419,36.075,1.0,1.0,3.0,True,True,True
7,250,-10,S,200,0.08259738226094335,0.03686377097563946,0.07753351276311697,0.02007414324921154,0.009319092982325014,0.006048056949455665,36.075,6.0,6.0,6.0,False,False,False
7,250,-10,SLTA,200,0.349585297828107,0.02766340140291619,0.13254294337193417,0.0072868634265631635,0.03402844994499783,0.0037383199143459335,36.075,4.0,4.0,4.0,False,False,False
7,250,-10,Std,200,0.6635629297508493,0.046926217848337545,0.16306864734403778,0.0009432260943386579,0.04005874926082562,0.0019149904264947595,36.075,2.0,2.0,1.0,True,True,True
7,250,-8,K,200,0.1857494252961963,0.04112543971989165,0.13904379113268678,0.015539552174711525,0.017583251975103308,0.006391675830130137,40.45,5.0,4.0,5.0,False,False,False
7,250,-8,M,200,0.6609878524773155,0.043890390445200454,0.1629839158746063,0.0011264866283802917,0.039698767934441985,0.0016685909591847017,40.45,3.0,3.0,1.0,True,True,True
7,250,-8,P,200,0.8898877114935655,0.011892159433618729,0.1634846018303377,0.0001119581759655692,0.038915352379224236,0.0006188410586807453,40.45,1.0,1.0,3.0,True,True,True
7,250,-8,S,200,0.09283008067693793,0.028881911683545657,0.082485902090082,0.011590074517834803,0.012259260090505646,0.005402458075209122,40.45,6.0,6.0,6.0,False,False,False
7,250,-8,SLTA,200,0.37718750241597065,0.022476175519391434,0.1293908226682143,0.0067244808634104695,0.03633960890702911,0.0024271039630122814,40.45,4.0,5.0,4.0,False,False,False
7,250,-8,Std,200,0.7447606575828601,0.0315572670484754,0.16338373103339546,0.0004979628405072673,0.039680240091304136,0.0015294493418579367,40.45,2.0,2.0,2.0,True,True,True
7,250,-6,K,200,0.20561353405686084,0.03337810864049867,0.1467759962219304,0.009251217033303944,0.02043480369228111,0.005596160651718899,43.61,5.0,4.0,5.0,False,False,False
7,250,-6,M,200,0.7337639228300055,0.03228890132750891,0.1634205947246416,0.0002310728057103685,0.0397828112104171,0.0013672654205679614,43.61,3.0,3.0,1.0,True,True,True
7,250,-6,P,200,0.9049579844741484,0.005616926308147781,0.1635216489230328,3.388995208966503e-05,0.03886817004478441,0.00018300183216322257,43.61,1.0,1.0,3.0,True,True,True
7,250,-6,S,200,0.09827708575949112,0.02229156670938503,0.08451982415933512,0.006403893270025554,0.014403693445279841,0.005262935844310439,43.61,6.0,6.0,6.0,False,False,False
7,250,-6,SLTA,200,0.39531042857619936,0.01966056008431789,0.1270950033298094,0.0054971993422698534,0.03714606145335023,0.0016043527710656795,43.61,4.0,5.0,4.0,False,False,False
7,250,-6,Std,200,0.8054644895576877,0.020751494134274566,0.1634646110723982,0.00043982403864336163,0.03942344440804304,0.0012741901049879254,43.61,2.0,2.0,2.0,True,True,True
7,250,-4,K,200,0.22225642120667619,0.02918071683479977,0.15151765728401068,0.0058751634948792245,0.023065285019260227,0.004813217445592602,46.435,5.0,4.0,5.0,False,False,False
7,250,-4,M,200,0.7921013113063057,0.023542602618605572,0.16351046143464468,0.00013774467405404758,0.03972737272707604,0.001327388394391517,46.435,3.0,2.0,1.0,True,True,True
7,250,-4,P,200,0.9108083732593082,0.0037348220836634157,0.16352641736070647,2.5634696620602954e-05,0.038834836711451076,0.00013497730230844875,46.435,1.0,1.0,3.0,True,True,True
7,250,-4,S,200,0.10160003977224612,0.018643731358624478,0.08561399720398473,0.004047686601148869,0.016490711560115806,0.0052592345320188775,46.435,6.0,6.0,6.0,False,False,False
7,250,-4,SLTA,200,0.4078294787233487,0.018283131125236576,0.12504824315912721,0.0049768759061358655,0.03750578434987513,0.0011166088156649183,46.435,4.0,5.0,4.0,False,False,False
7,250,-4,Std,200,0.8486322421445323,0.013579985544286683,0.16350495939117513,6.158789943112293e-05,0.039195132967259544,0.0009324967104142678,46.435,2.0,3.0,2.0,True,True,True
7,250,-2,K,200,0.2339325081952389,0.025754780602742285,0.1540304405365659,0.004187961776162852,0.02487743490696936,0.004238543885970503,48.845,5.0,4.0,5.0,False,False,False
7,250,-2,M,200,0.8371178470860664,0.01538409692608092,0.1635335700172169,3.654178600563781e-05,0.03955166549771024,0.0012458557614382774,48.845,3.0,1.0,1.0,True,True,True
7,250,-2,P,200,0.913004096246621,0.0028930617043421464,0.16353320321431894,2.09440970006199e-05,0.038823586711451086,0.00011829372139978485,48.845,1.0,2.0,3.0,True,True,True
7,250,-2,S,200,0.10370871801675863,0.015927057698764884,0.08630707127970227,0.002871151385962028,0.017957981964066477,0.00471248601759597,48.845,6.0,6.0,6.0,False,False,False
7,250,-2,SLTA,200,0.4166848804777005,0.017713432243130732,0.12348841383550253,0.004412292913871041,0.037797610520974835,0.0008550868523606541,48.845,4.0,5.0,4.0,False,False,False
7,250,-2,Std,200,0.8786940156955606,0.008462259986851574,0.16350862742015482,2.3288823464461805e-05,0.03899836743031961,0.000676916733342511,48.845,2.0,3.0,2.0,True,True,True
7,250,0,K,200,0.242112709846048,0.022511282775467864,0.15540943603149052,0.003170500853332361,0.025768532063951254,0.003722711756173848,51.11,5.0,4.0,5.0,False,False,False
7,250,0,M,200,0.869149151620783,0.010005330084694473,0.16354218988531927,2.0066209145877927e-05,0.03933375870511522,0.0010751335460188693,51.11,3.0,1.0,1.0,True,True,True
7,250,0,P,200,0.9136691392253513,0.002270619761777095,0.16353650444040072,1.4481952435232782e-05,0.038802336711451085,0.00010852482753246907,51.11,1.0,2.0,3.0,True,True,True
7,250,0,S,200,0.10500522329184711,0.013342815786131454,0.08680152158616813,0.0021370519957586735,0.018682772547994095,0.00412013918983734,51.11,6.0,6.0,6.0,False,False,False
7,250,0,SLTA,200,0.422686103914888,0.01720605267386491,0.12227558005335908,0.0036947575137076805,0.03786992004478436,0.0007691618733642417,51.11,4.0,5.0,4.0,False,False,False
7,250,0,Std,200,0.8988904654236103,0.005298585065086399,0.16350716020856296,1.657204788555912e-05,0.038847227812289095,0.0004515149684689608,51.11,2.0,3.0,2.0,True,True,True
7,250,2,K,200,0.24754112746220852,0.01988505374119955,0.15614560944771974,0.0025709506277414263,0.02600061378982968,0.003569184953583519,53.325,5.0,4.0,5.0,False,False,False
7,250,2,M,200,0.8907558910207471,0.0063077809342719305,0.16354567451285,1.7153417706832e-05,0.03913995707259029,0.0008565807025219939,53.325,3.0,1.0,1.0,True,True,True
7,250,2,P,200,0.913697358582447,0.001757729895904264,0.16353852185633955,9.35890262491547e-06,0.03878483671145108,9.628788492805117e-05,53.325,1.0,2.0,2.0,True,True,True
7,250,2,S,200,0.10574758900897491,0.011605303033843892,0.08708249260601447,0.0017667723953212506,0.01926385766133377,0.003717133864369922,53.325,6.0,6.0,6.0,False,False,False
7,250,2,SLTA,200,0.4267446320018779,0.017113272038629838,0.12121258525503707,0.003027970228612595,0.037777753378117694,0.0007948903992309256,53.325,4.0,5.0,4.0,False,False,False
7,250,2,Std,200,0.9120743234321315,0.003343291731253811,0.1635055095955221,1.1498339570660904e-05,0.038768216037578546,0.00018178107392634508,53.325,2.0,3.0,3.0,True,True,True
7,250,4,K,200,0.2512534454181167,0.017963338507155265,0.15656376475140749,0.0021907789238656875,0.02619085093981279,0.003376228001209288,55.755,5.0,4.0,5.0,False,False,False
7,250,4,M,200,0.9051647982198415,0.004028068983778199,0.16354402389980913,1.4559941249209351e-05,0.03898205920847798,0.0006165422526605872,55.755,3.0,1.0,1.0,True,True,True
7,250,4,P,200,0.9135192546759022,0.0013587669931252073,0.16353870525778852,6.358531278705617e-06,0.03876733671145109,7.841873173825134e-05,55.755,2.0,2.0,2.0,True,True,True
7,250,4,S,200,0.106221053248172,0.010328808825903974,0.08728900263757254,0.0015520123085676577,0.019784912072803897,0.003417989466044192,55.755,6.0,6.0,6.0,False,False,False
7,250,4,SLTA,200,0.4297858920543219,0.016933067476779206,0.12036857178680417,0.002509440868633111,0.03788967004478436,0.0006553562970224021,55.755,4.0,5.0,4.0,False,False,False
7,250,4,Std,200,0.9206865431757811,0.0021316883018390846,0.16350330877813424,5.7410790926977094e-06,0.03874287692931025,2.577063242392297e-05,55.755,1.0,3.0,3.0,True,True,True
7,250,6,K,200,0.25363113771312085,0.016706745094813874,0.1567853137017824,0.001980721782101495,0.026029895765026668,0.003009189331608588,58.255,5.0,4.0,5.0,False,False,False
7,250,6,M,200,0.9146431298158114,0.0027850661479448986,0.16354237328676824,1.114753830984358e-05,0.03885766795635405,0.0004598460574334291,58.255,2.0,1.0,1.0,True,True,True
7,250,6,P,200,0.9133104303633539,0.0011104175549696632,0.1635388886592375,2.5936881651473816e-06,0.03875358671145109,5.713808980471747e-05,58.255,3.0,2.0,2.0,True,True,True
7,250,6,S,200,0.10656249654414353,0.009499088717674232,0.08742526991416902,0.0014517699560692144,0.020544070437837503,0.003043571778371535,58.255,6.0,6.0,6.0,False,False,False
7,250,6,SLTA,200,0.43206801149814617,0.016860600463233892,0.11973510318200703,0.0021650400614310135,0.03780208671145103,0.0006787215736921829,58.255,4.0,5.0,4.0,False,False,False
7,250,6,Std,200,0.9262911285912041,0.0014414047367191348,0.1635023917708893,0.0,0.03873983671145109,0.0,58.255,1.0,3.0,3.0,True,True,True
7,300,-10,K,200,0.1503427789718102,0.04820503804105655,0.11933673812370207,0.01947550511048873,0.013509326491007506,0.006095163120860658,32.245,5.0,5.0,6.0,False,False,False
7,300,-10,M,200,0.5798523164964141,0.06245144781338443,0.15269775915552677,0.0031706327962899173,0.03996855853679524,0.00171495305980175,32.245,3.0,3.0,3.0,True,True,True
7,300,-10,P,200,0.8669240540800451,0.03517137833908394,0.1537461178430787,0.0014620255867029792,0.04034145293194842,0.0004991907954951671,32.245,1.0,1.0,2.0,True,True,True
7,300,-10,S,200,0.13706515230536442,0.031411934875802426,0.11361781704884068,0.01152161123968144,0.01648626808599676,0.006024574487135779,32.245,6.0,6.0,5.0,False,False,False
7,300,-10,SLTA,200,0.37410482423413166,0.03004094217542481,0.13382185878047262,0.006612025714718792,0.03757441566796093,0.0024315010891321986,32.245,4.0,4.0,4.0,False,False,False
7,300,-10,Std,200,0.6509298158281794,0.05033700994688367,0.15344669789151527,0.002429026760329298,0.04036931025026814,0.0006429759855839768,32.245,2.0,2.0,1.0,True,True,True
7,300,-8,K,200,0.17772961480893337,0.04663852777803433,0.1305712080206097,0.015561441582161382,0.017301265515675,0.00648132528312098,35.52,5.0,5.0,6.0,False,False,False
7,300,-8,M,200,0.6582491190000659,0.04936986417531258,0.1535979632956168,0.0015177044666287419,0.04038493102572076,0.0010543983476160024,35.52,3.0,3.0,3.0,True,True,True
7,300,-8,P,200,0.9107677836135849,0.015510464113804984,0.15414702949250972,0.000543035912323599,0.040442452931948446,0.00039475001631016765,35.52,1.0,1.0,1.0,True,True,True
7,300,-8,S,200,0.14722042308620015,0.025644830308953818,0.11417232724485295,0.006885275356108519,0.01920901507002829,0.0052383015918877965,35.52,6.0,6.0,5.0,False,False,False
7,300,-8,SLTA,200,0.39956779900022765,0.025250941051849014,0.1331504970319346,0.0062885104110429095,0.03896391585934646,0.0016935823952870452,35.52,4.0,4.0,4.0,False,False,False
7,300,-8,Std,200,0.7334919206286956,0.0347841975498859,0.15399129223198874,0.0016356730002772364,0.04042007603475645,0.0004927056450692252,35.52,2.0,2.0,2.0,True,True,True
7,300,-6,K,200,0.20377261176128933,0.04411093043187899,0.13923261061947165,0.01091924943349779,0.020996609013291347,0.0060808505201177645,38.39,5.0,4.0,6.0,False,False,False
7,300,-6,M,200,0.7276929376127148,0.03776924505164098,0.15404884307982172,0.0006259987859871003,0.040437966528114544,0.0006527394323543429,38.39,3.0,3.0,2.0,True,True,True
7,300,-6,P,200,0.9315560702943728,0.007680272726155359,0.15425085433285704,0.0001102226195787775,0.040450369598615143,0.00027442137491566184,38.39,1.0,1.0,1.0,True,True,True
7,300,-6,S,200,0.15408184254631654,0.023226515139019317,0.11367886761039322,0.004575452776298205,0.02147890902041618,0.005012294448152007,38.39,6.0,6.0,5.0,False,False,False
7,300,-6,SLTA,200,0.41921338760866156,0.02297059620229615,0.13216688304819477,0.005535534149487769,0.039678555050821254,0.0009396469104147716,38.39,4.0,5.0,4.0,False,False,False
7,300,-6,Std,200,0.7994409110537191,0.023417311573491372,0.1541946644848039,0.0006245861290182822,0.04042525431547921,0.00030038364404082695,38.39,2.0,2.0,3.0,True,True,True
7,300,-4,K,200,0.22660535254338537,0.04035250025611323,0.1449052577018187,0.0072733013579235365,0.024972505497499808,0.0061378105062896175,40.98,5.0,4.0,5.0,False,False,False
7,300,-4,M,200,0.7865981678649225,0.026908208204469652,0.1542176070525211,0.0001858305182848343,0.040427241916422815,0.000469323336110439,40.98,3.0,3.0,1.0,True,True,True
7,300,-4,P,200,0.9409247873124449,0.004615521942282529,0.1542660197589752,3.652330533251069e-05,0.04040203626528182,0.00020356948694094236,40.98,1.0,1.0,2.0,True,True,True
7,300,-4,S,200,0.15929705905549185,0.020769459249173203,0.1135931246242637,0.0026268786887262553,0.024039853041137788,0.005120062599165266,40.98,6.0,6.0,6.0,False,False,False
7,300,-4,SLTA,200,0.43373072651961486,0.021206313522299746,0.13115604906885825,0.004737024636176195,0.03997466517803564,0.0006456389470760823,40.98,4.0,5.0,4.0,False,False,False
7,300,-4,Std,200,0.8487423538011378,0.015068183792840664,0.1542518264755569,0.00011217436987467103,0.0403564961537869,0.0002511118386569374,40.98,2.0,2.0,3.0,True,True,True
7,300,-2,K,200,0.2474038974728044,0.034776167703413075,0.14848410383716149,0.004113163566600242,0.02856878412159136,0.005297299743610489,43.825,5.0,4.0,5.0,False,False,False
7,300,-2,M,200,0.8328168302890423,0.018568180035624125,0.15425629833197638,5.079471610245415e-05,0.04040497294404475,0.00025562860494180497,43.825,3.0,3.0,1.0,True,True,True
7,300,-2,P,200,0.9448424420881437,0.0033085067879477545,0.15426971390123473,2.9750149561494406e-05,0.04034203626528183,0.00019413511328727324,43.825,1.0,1.0,2.0,True,True,True
7,300,-2,S,200,0.16453677548194762,0.01847746388706309,0.11387990672072867,0.0017081904025571268,0.02606005040699236,0.004776131961696398,43.825,6.0,6.0,6.0,False,False,False
7,300,-2,SLTA,200,0.4448873389964806,0.01999384865959514,0.1300184476814572,0.004028833543348599,0.0400922029319484,0.00043188131292448744,43.825,4.0,5.0,4.0,False,False,False
7,300,-2,Std,200,0.8832465265207066,0.009994991529592297,0.15425746490321623,3.4028972162398556e-05,0.04028870293194847,0.00022163798129278103,43.825,2.0,2.0,3.0,True,True,True
7,300,0,K,200,0.26156870103134383,0.028915597491119938,0.15019643598873234,0.0025002301766577583,0.030667116600732243,0.004651605439535718,46.065,5.0,4.0,5.0,False,False,False
7,300,0,M,200,0.8690608302039755,0.011677678250186415,0.1542642699021154,2.6022622480747404e-05,0.04035592905926769,0.00017453359145724474,46.065,3.0,2.0,1.0,True,True,True
7,300,0,P,200,0.9465175112139014,0.002507696434227886,0.1542739913291142,2.709548873255662e-05,0.040310369598615156,0.00017266428020058336,46.065,1.0,1.0,2.0,True,True,True
7,300,0,S,200,0.1680867150364545,0.015955909306438327,0.11417524367295259,0.0012978533629542546,0.02795364452464852,0.004285756849088987,46.065,6.0,6.0,6.0,False,False,False
7,300,0,SLTA,200,0.4527804363340312,0.01946657755283143,0.12914235268032426,0.0033565085252237445,0.04006978626528174,0.0003855727229446573,46.065,4.0,5.0,4.0,False,False,False
7,300,0,Std,200,0.9074144725171379,0.006224327232896935,0.15425474290365657,2.8630166702194646e-05,0.040228702931948475,0.000168383121151027,46.065,2.0,3.0,3.0,True,True,True
7,300,2,K,200,0.2723485423118521,0.025395451648163665,0.1511477748348361,0.0018219941457941484,0.032595263814010435,0.0037987519811429906,48.43,5.0,4.0,5.0,False,False,False
7,300,2,M,200,0.89478471580855,0.007917000509404073,0.15426388104503544,2.3964419655747886e-05,0.04031036959861517,0.00016607096220930465,48.43,3.0,2.0,1.0,True,True,True
7,300,2,P,200,0.9471613922534833,0.0019953077810356545,0.15427593561451397,2.445715945747163e-05,0.040290369598615164,0.00017038564331646277,48.43,1.0,1.0,2.0,True,True,True
7,300,2,S,200,0.17081001273376525,0.0137599620351457,0.11448166305195516,0.0010481517974380299,0.029292461628797527,0.00426770437582764,48.43,6.0,6.0,6.0,False,False,False
7,300,2,SLTA,200,0.4586511580701703,0.019069307992238885,0.1283936083728757,0.002835306740419158,0.04011145293194839,0.000409595875720264,48.43,4.0,5.0,4.0,False,False,False
7,300,2,Std,200,0.9235341099068559,0.0040831516841883094,0.15425299304679677,2.499494633332269e-05,0.0401670362652818,0.00011051627487771907,48.43,2.0,3.0,3.0,True,True,True
7,300,4,K,200,0.27998941419127016,0.022264942932031816,0.1516416233263758,0.0014185682649450419,0.03387944459233536,0.003592986762312833,50.915,5.0,4.0,5.0,False,False,False
7,300,4,M,200,0.9124535180626758,0.005394910832612362,0.1542625200452556,2.2710065860034214e-05,0.04026370293194849,0.00016465282494944198,50.915,3.0,2.0,2.0,True,True,True
7,300,4,P,200,0.9473823054240856,0.0015723456421809071,0.15427768547137377,2.3673322039997413e-05,0.04026870293194849,0.00016543936730602725,50.915,1.0,1.0,1.0,True,True,True
7,300,4,S,200,0.1726501354906287,0.01225035227309216,0.11466345373683297,0.0009083249233382593,0.03005060646999935,0.003822780962812177,50.915,6.0,6.0,6.0,False,False,False
7,300,4,SLTA,200,0.4632209613807845,0.01888881758361578,0.12777221475911163,0.00233389610241232,0.040138488646234115,0.00046289687969816346,50.915,4.0,5.0,3.0,False,False,True
7,300,4,Std,200,0.9341353362370722,0.0027513485444093555,0.15425318747533676,1.9792418622376557e-05,0.04013370293194846,5.217224404391133e-05,50.915,2.0,3.0,4.0,True,True,False
7,300,6,K,200,0.2854097941125177,0.02004995295980651,0.15190896256884312,0.001199081528486549,0.034398209538559925,0.0033531767147922066,53.59,5.0,4.0,5.0,False,False,False
7,300,6,M,200,0.9244965004115684,0.0037057398058718324,0.15426232561671563,1.890187055982714e-05,0.04022036959861515,0.0001508490765172498,53.59,3.0,2.0,2.0,True,True,True
7,300,6,P,200,0.9474476880443952,0.0012598014639208961,0.1542806018994734,2.164889105502033e-05,0.04025703626528182,0.00016335914061324923,53.59,1.0,1.0,1.0,True,True,True
7,300,6,S,200,0.17397107159098266,0.011289540234969786,0.11479935928627634,0.0008146335582697396,0.030912529779039945,0.0036378412691792073,53.59,6.0,6.0,6.0,False,False,False
7,300,6,SLTA,200,0.46668399542353867,0.018737461826536968,0.12728828212311075,0.00195750419320599,0.04013861959861506,0.00043035082847222856,53.59,4.0,5.0,3.0,False,False,True
7,300,6,Std,200,0.941073196674305,0.0019352212159084979,0.15425377076095667,1.7324552291554855e-05,0.04013036959861513,4.061916109309637e-05,53.59,2.0,3.0,4.0,True,True,False
9,100,-10,K,200,0.04518888272023926,0.03410803888309947,0.027413784929840288,0.020415752944476753,0.00603036740303385,0.005025560362268127,37.805,5.0,6.0,5.0,False,False,False
9,100,-10,M,200,0.649096415676702,0.047685365948941266,0.23236972782603377,0.021522400645200244,0.0718038562822295,0.009688903006042375,37.805,3.0,2.0,3.0,True,True,True
9,100,-10,P,200,0.7419985819566173,0.030071888561858363,0.2365546316096191,0.018978732487542227,0.0769218808400518,0.007924222089209813,37.805,1.0,1.0,1.0,True,True,True
9,100,-10,S,200,0.04128821775250378,0.032928004051217916,0.03026532284690128,0.02579711184709314,0.00590995557549525,0.005464666370697428,37.805,6.0,5.0,6.0,False,False,False
9,100,-10,SLTA,200,0.18935120846744902,0.015486235940776766,0.06829714538162827,0.01917865913160696,0.028700768712035248,0.006613075218173956,37.805,4.0,4.0,4.0,False,False,False
9,100,-10,Std,200,0.6494481902127608,0.04814338102179135,0.22886961413397272,0.021356126937638616,0.07255555648642462,0.010721346132973326,37.805,2.0,3.0,2.0,True,True,True
9,100,-8,K,200,0.05387578131749175,0.03611439608473594,0.023236689858255534,0.017877515933682305,0.007789862320316231,0.005298256218034849,42.155,5.0,6.0,5.0,False,False,False
9,100,-8,M,200,0.6953689261800714,0.03298307459524472,0.23324147432661405,0.019674376508814064,0.07479400429212599,0.0074708750032791305,42.155,3.0,2.0,3.0,True,True,True
9,100,-8,P,200,0.7451044689973654,0.01944239789332969,0.23738359994880515,0.017142236598426452,0.07821129173969851,0.005862400378864809,42.155,1.0,1.0,1.0,True,True,True
9,100,-8,S,200,0.037492713727378335,0.027735456710496365,0.025219876366910407,0.020530747123398422,0.0067808782247423816,0.005780085843133414,42.155,6.0,5.0,6.0,False,False,False
9,100,-8,SLTA,200,0.19787825280183516,0.013813365395011424,0.05869752225924472,0.014441342288408017,0.032574522081294535,0.0054278607515250606,42.155,4.0,4.0,4.0,False,False,False
9,100,-8,Std,200,0.696781720318215,0.033226993439268694,0.2313449758381389,0.018400816088046335,0.07614418228358168,0.007927327219657703,42.155,2.0,3.0,2.0,True,True,True
9,100,-6,K,200,0.0632253379597174,0.03805976453288259,0.021638619971887384,0.016404247854630384,0.009745357031165131,0.006055588516964495,46.125,5.0,5.0,5.0,False,False,False
9,100,-6,M,200,0.7294180187135315,0.024778021803635426,0.2349772717855132,0.0187767716427234,0.07672841014139711,0.006640735250828869,46.125,3.0,2.0,3.0,True,True,True
9,100,-6,P,200,0.7431892752140468,0.014449921840057186,0.2392300774125813,0.015722492567531124,0.07890323927997317,0.005373803872898165,46.125,1.0,1.0,2.0,True,True,True
9,100,-6,S,200,0.03441373824039585,0.024718579173675148,0.021098347637242422,0.0167818602194535,0.008504378884701508,0.006471188589739939,46.125,6.0,6.0,6.0,False,False,False
9,100,-6,SLTA,200,0.20468379896541097,0.012812081261073395,0.05146382570328086,0.011795641842399198,0.03438272553540074,0.0046663505300894356,46.125,4.0,4.0,4.0,False,False,False
9,100,-6,Std,200,0.7318220138862932,0.024317259657383836,0.23474312359523658,0.01676058866052264,0.07927993338261576,0.005947631008480826,46.125,2.0,3.0,1.0,True,True,True
9,100,-4,K,200,0.07336026687920455,0.03862451968815187,0.021577734652231128,0.015246286820224204,0.011183314721419995,0.005942208871069623,49.99,5.0,5.0,5.0,False,False,False
9,100,-4,M,200,0.7528170032367606,0.018452538969213585,0.23742196449037295,0.01670507961370923,0.07822519202872935,0.006088561651346023,49.99,2.0,3.0,3.0,True,True,True
9,100,-4,P,200,0.7397106675996915,0.011208463442690872,0.24145884225516567,0.014045129269871223,0.08006602030887608,0.004888531906208606,49.99,3.0,1.0,2.0,True,True,True
9,100,-4,S,200,0.033782265325485554,0.023279056138350494,0.01850393136750304,0.013844844565309353,0.009740384572502463,0.006581546458238397,49.99,6.0,6.0,6.0,False,False,False
9,100,-4,SLTA,200,0.2100078897931592,0.012374076636847428,0.045941142433344906,0.010017728870204428,0.03560207498941899,0.003742708659516719,49.99,4.0,4.0,4.0,False,False,False
9,100,-4,Std,200,0.7561165977327197,0.017993238462119126,0.23850194331096716,0.014897723647802582,0.08159918640921235,0.004811957234952092,49.99,1.0,2.0,1.0,True,True,True
9,100,-2,K,200,0.08423241395682558,0.037484650079372635,0.023022572711806376,0.015018663204691435,0.011475133791200355,0.005323638884474182,53.315,5.0,5.0,5.0,False,False,False
9,100,-2,M,200,0.7686125988536701,0.014484328770728135,0.24049723898170983,0.01522212362948713,0.07987284014207521,0.005939079727042298,53.315,2.0,3.0,3.0,True,True,True
9,100,-2,P,200,0.7365553008099284,0.009125285584047717,0.24422538969813398,0.012699323922069683,0.0818835116816371,0.004710252988631542,53.315,3.0,1.0,2.0,True,True,True
9,100,-2,S,200,0.03465258412208412,0.023290892850318573,0.016983835431400994,0.01212107724841352,0.011192322315539625,0.0064647772075984,53.315,6.0,6.0,6.0,False,False,False
9,100,-2,SLTA,200,0.21443292048922935,0.012147148293657463,0.04187982000489836,0.008689305297924494,0.03674343748745166,0.00344709630361729,53.315,4.0,4.0,4.0,False,False,False
9,100,-2,Std,200,0.7728312215020245,0.013846396032107078,0.2422408451526095,0.013426933143307467,0.08326456128277854,0.00488827460286233,53.315,1.0,2.0,1.0,True,True,True
9,100,0,K,200,0.0955479219802318,0.03624271861554888,0.02494476073106585,0.015258415171562664,0.01239837029256598,0.005555562940601495,56.74,5.0,5.0,6.0,False,False,False
9,100,0,M,200,0.7787897297911609,0.011638223925049176,0.24387478984628438,0.013627415571400467,0.08196313578986279,0.005604664072974743,56.74,2.0,3.0,3.0,True,True,True
9,100,0,P,200,0.7335799908087275,0.007626244047085573,0.24726150745972914,0.011276632505489466,0.08427746360648879,0.00416535375800182,56.74,3.0,1.0,2.0,True,True,True
9,100,0,S,200,0.03823017160526915,0.023562402128954735,0.01677141583103891,0.011717998398295966,0.012765091071807606,0.0060311495833133884,56.74,6.0,6.0,5.0,False,False,False
9,100,0,SLTA,200,0.21790336534104532,0.011972036922628831,0.038491970694062225,0.007833466688998484,0.03737293730282843,0.003110849751618309,56.74,4.0,4.0,4.0,False,False,False
9,100,0,Std,200,0.7838952970127768,0.010836902643682424,0.2457803419138906,0.011847949156574798,0.08483815438218338,0.004797207263261515,56.74,1.0,2.0,1.0,True,True,True
9,100,2,K,200,0.10752872311840238,0.03441910769785387,0.027490853522193288,0.015351579848449488,0.014101543934635497,0.005583267473621965,59.98,5.0,5.0,6.0,False,False,False
9,100,2,M,200,0.7854042016851065,0.009147981252874674,0.24722189805103081,0.011948201622841256,0.08411551914823644,0.005218720393494752,59.98,2.0,3.0,3.0,True,True,True
9,100,2,P,200,0.7311461810758649,0.006087874707600143,0.25057975738099536,0.009742815147608,0.08591108854699055,0.0036715769896608587,59.98,3.0,1.0,2.0,True,True,True
9,100,2,S,200,0.044583698051155786,0.02327346737996051,0.01789734156572319,0.012052603882090285,0.014906972392285977,0.00573912655331401,59.98,6.0,6.0,5.0,False,False,False
9,100,2,SLTA,200,0.22057125723782023,0.011774639060068155,0.03593795602119512,0.0066480406269749034,0.03864338338128316,0.003146391708225601,59.98,4.0,4.0,4.0,False,False,False
9,100,2,Std,200,0.791571798513751,0.00828494003831978,0.24900601898854188,0.01038742928086688,0.08641109858135812,0.004310794622493918,59.98,1.0,2.0,1.0,True,True,True
9,100,4,K,200,0.11772282931346138,0.031993129055851104,0.029416097124409492,0.014662523935244821,0.015424118829007662,0.005603018570825012,63.245,5.0,5.0,6.0,False,False,False
9,100,4,M,200,0.7897408135220152,0.0072593188430896275,0.25073955305265827,0.010225710880072994,0.08649097493186765,0.004574045192712885,63.245,2.0,3.0,3.0,True,True,True
9,100,4,P,200,0.7290953004609065,0.004879073257566656,0.2539801685328758,0.008059192414968575,0.08755829815893902,0.0035199773524184604,63.245,3.0,1.0,2.0,True,True,True
9,100,4,S,200,0.05223329464520801,0.021943644264391327,0.020007504521690932,0.012309054247868986,0.01716865774928227,0.005689360427124963,63.245,6.0,6.0,5.0,False,False,False
9,100,4,SLTA,200,0.22307788268146134,0.011705664739690457,0.033731146108003505,0.005718869975276034,0.03935791470426942,0.0027855107057624504,63.245,4.0,4.0,4.0,False,False,False
9,100,4,Std,200,0.79687637212156,0.006368094073981444,0.252290544327545,0.00904210551916182,0.08778939193663278,0.0038977142238556233,63.245,1.0,2.0,1.0,True,True,True
9,100,6,K,200,0.12881002644627426,0.03044795832411122,0.03214812779694071,0.01374597583741049,0.01710551717871686,0.005112236965883501,66.695,5.0,4.0,6.0,False,False,False
9,100,6,M,200,0.7925459525613627,0.005867727599884434,0.2539550448507871,0.00847783339415643,0.08815267439524854,0.004129639787697717,66.695,2.0,3.0,3.0,True,True,True
9,100,6,P,200,0.7274372083801481,0.003931557632225555,0.2567478476732355,0.006669107410801437,0.08996317567805796,0.0035951119888786654,66.695,3.0,1.0,1.0,True,True,True
9,100,6,S,200,0.060890634725962636,0.020232397463043287,0.023404520581397234,0.011443634483204491,0.01991865143734189,0.005490610376237708,66.695,6.0,6.0,5.0,False,False,False
9,100,6,SLTA,200,0.2250385662035349,0.01154512687439992,0.03195766312597141,0.0049365875530984465,0.04050305097650514,0.002797348155186423,66.695,4.0,5.0,4.0,False,False,False
9,100,6,Std,200,0.8007778892292656,0.004877297702577883,0.25535031456461993,0.007615124571917848,0.0894481038341247,0.0038148944656506405,66.695,1.0,2.0,2.0,True,True,True
9,150,-10,K,200,0.10046299997171318,0.04774184463093059,0.09356219097216777,0.032295960301620866,0.007224862085001275,0.004691319251477216,36.68,5.0,5.0,5.0,False,False,False
9,150,-10,M,200,0.6812751174788442,0.0470287457438601,0.21114035204604323,0.006549126366936573,0.06432990202104037,0.006334923792407407,36.68,3.0,3.0,3.0,True,True,True
9,150,-10,P,200,0.8267463754519717,0.023840845311481496,0.21357205546606337,0.004965751542827615,0.06991967559150118,0.005341820284016697,36.68,1.0,1.0,1.0,True,True,True
9,150,-10,S,200,0.03395670653552621,0.028391096926785018,0.03371255313640994,0.026547995362748055,0.006164508807453519,0.005328481599089116,36.68,6.0,6.0,6.0,False,False,False
9,150,-10,SLTA,200,0.31424524492737965,0.026682703542316225,0.13560735907486376,0.013176204407452135,0.034146987279774055,0.004754452566888136,36.68,4.0,4.0,4.0,False,False,False
9,150,-10,Std,200,0.711271497690602,0.044290973132034284,0.21288517103043553,0.006390878115654841,0.06963376634683073,0.006495375898376479,36.68,2.0,2.0,2.0,True,True,True
9,150,-8,K,200,0.12021613393900862,0.04401378312919841,0.10594585045862476,0.025221797858916307,0.00870930256390742,0.004716837794987286,41.46,5.0,5.0,6.0,False,False,False
9,150,-8,M,200,0.7436716103041726,0.03177575921892041,0.21300388498032297,0.004961411293803757,0.06792675447412155,0.005031267861077497,41.46,3.0,3.0,3.0,True,True,True
9,150,-8,P,200,0.8408491714148992,0.014169144843420634,0.21501567231248545,0.003523851892720945,0.072177063038002,0.003708477833633946,41.46,1.0,1.0,1.0,True,True,True
9,150,-8,S,200,0.0342677068035768,0.027314349291671265,0.040804607326372165,0.023997227893516684,0.009644524729140883,0.006076448838879154,41.46,6.0,6.0,5.0,False,False,False
9,150,-8,SLTA,200,0.33489326521878654,0.022349759045836724,0.12900368855315947,0.011959793642859986,0.03637029393824296,0.0036574688970298446,41.46,4.0,4.0,4.0,False,False,False
9,150,-8,Std,200,0.773055269180241,0.029653445286197358,0.2145263223678912,0.004280706986981999,0.07204307412685673,0.005000982543852488,41.46,2.0,2.0,2.0,True,True,True
9,150,-6,K,200,0.13442273504536442,0.039579468457176886,0.11486444300313435,0.02061611670887094,0.010609385415785662,0.004235557006874472,45.985,5.0,5.0,6.0,False,False,False
9,150,-6,M,200,0.7877700582659399,0.02162183368920798,0.21425673127006545,0.003951870090358404,0.07068236173247935,0.003832100309852755,45.985,3.0,3.0,3.0,True,True,True
9,150,-6,P,200,0.8434225627314378,0.010369568723519558,0.21611405242789755,0.002346946039087044,0.07375527943074334,0.002852096419471168,45.985,1.0,1.0,2.0,True,True,True
9,150,-6,S,200,0.03262290013415416,0.027253338778451132,0.04876203099522324,0.019063602538629834,0.013192838125077579,0.005860769350910419,45.985,6.0,6.0,5.0,False,False,False
9,150,-6,SLTA,200,0.3513686000632179,0.019987668655526567,0.12275464144687474,0.010354735837909593,0.037784854555803264,0.002570544155435472,45.985,4.0,4.0,4.0,False,False,False
9,150,-6,Std,200,0.8160130626793403,0.02020366496700171,0.21583617896147494,0.0026585951156660793,0.07403181196044907,0.003468501369416916,45.985,2.0,2.0,1.0,True,True,True
9,150,-4,K,200,0.14492607937278063,0.03644108427668839,0.12080538599761814,0.01748570875918788,0.01151264513931845,0.0037095017909802666,49.855,5.0,4.0,6.0,False,False,False
9,150,-4,M,200,0.8183688339906371,0.015119945319332619,0.21535690589867354,0.0031162221555393133,0.07282582102948539,0.002768094799888073,49.855,3.0,3.0,3.0,True,True,True
9,150,-4,P,200,0.8427056717251372,0.007881429432769154,0.21685836128579655,0.0011627004308670693,0.07510909268526852,0.0019385609052444811,49.855,2.0,1.0,2.0,True,True,True
9,150,-4,S,200,0.032366742040909405,0.02433871486582467,0.054104434819111716,0.013912024432953808,0.01611076304133972,0.005759378066381752,49.855,6.0,6.0,5.0,False,False,False
9,150,-4,SLTA,200,0.3634231025711843,0.01892132126036407,0.11786707769842714,0.008703682070673527,0.03847653752038667,0.0021525718964525305,49.855,4.0,5.0,4.0,False,False,False
9,150,-4,Std,200,0.8453234345386264,0.01403049986719307,0.21666331150534193,0.0014700304583184158,0.07531030162672511,0.0019791771765155777,49.855,1.0,2.0,1.0,True,True,True
9,150,-2,K,200,0.1531835192680872,0.0323383837430552,0.1248547740440697,0.014342567236218132,0.012149405996072647,0.004132053659059991,53.385,5.0,4.0,6.0,False,False,False
9,150,-2,M,200,0.83912082207154,0.010543213476915832,0.2162867398131408,0.0020692977852407157,0.07430133859407477,0.0019444560593827674,53.385,3.0,3.0,3.0,True,True,True
9,150,-2,P,200,0.8410952247069993,0.006268543545948425,0.21722720276730734,0.0003087214872486642,0.0757952937977994,0.0013698075750202636,53.385,2.0,1.0,2.0,True,True,True
9,150,-2,S,200,0.03143082656938511,0.021390106839610564,0.05714723900209899,0.010759074442603997,0.018604469267109947,0.005816679188047012,53.385,6.0,6.0,5.0,False,False,False
9,150,-2,SLTA,200,0.37249926653468424,0.01842370777788471,0.11399230958989143,0.007512530797801144,0.03880452281787986,0.0018865159753834787,53.385,4.0,5.0,4.0,False,False,False
9,150,-2,Std,200,0.8649678597898296,0.010074795995723751,0.2171283665020522,0.0005349301293186095,0.07602310665882436,0.0009201353688510795,53.385,1.0,2.0,1.0,True,True,True
9,150,0,K,200,0.16060590465018287,0.02863249759945333,0.12829554603813315,0.012207705267193896,0.01206855626702544,0.003660066675070905,56.72,5.0,4.0,6.0,False,False,False
9,150,0,M,200,0.8526198119428062,0.00763277962562534,0.21689300919442647,0.0010945533557064626,0.07529862766594564,0.0012642296919861517,56.72,2.0,3.0,3.0,True,True,True
9,150,0,P,200,0.8394732136677894,0.005113262856889963,0.21730560919002367,5.4168127573891406e-05,0.07613131896444206,0.0006997089892113883,56.72,3.0,1.0,2.0,True,True,True
9,150,0,S,200,0.02978733637836481,0.01846856799456681,0.05913210863632182,0.00803709963282274,0.020658760435832545,0.005201197992776264,56.72,6.0,6.0,5.0,False,False,False
9,150,0,SLTA,200,0.37916637340671017,0.018386198224839178,0.11103688439560039,0.006557779945370162,0.039123192551687086,0.0016415966638515032,56.72,4.0,5.0,4.0,False,False,False
9,150,0,Std,200,0.8779391181956625,0.007552477015344746,0.21728904445283007,0.0001115647663441447,0.07624525884328245,0.0005275585187442871,56.72,1.0,2.0,1.0,True,True,True
9,150,2,K,200,0.1656434124435507,0.025952433611588287,0.13011725301099905,0.011007757836768352,0.012314096750128513,0.0032885452004891287,59.99,5.0,4.0,6.0,False,False,False
9,150,2,M,200,0.8613414079774079,0.005888570478513492,0.21721892039871052,0.00033581892414395563,0.07592935254749363,0.0007907479628186928,59.99,2.0,3.0,3.0,True,True,True
9,150,2,P,200,0.8380218349753463,0.004326563644467919,0.2173159621507697,1.3832358717927286e-05,0.07622794845614861,0.00042467935911060005,59.99,3.0,1.0,2.0,True,True,True
9,150,2,S,200,0.02819125492991158,0.015453067216724117,0.06046501782249998,0.00636212932568124,0.02195442870292511,0.0050350257511112256,59.99,6.0,6.0,5.0,False,False,False
9,150,2,SLTA,200,0.38408179654419433,0.01807709146967295,0.10869890978020068,0.00575588576672712,0.03921300997774014,0.0014567717306413132,59.99,4.0,5.0,4.0,False,False,False
9,150,2,Std,200,0.8864917466481863,0.005865505373836015,0.21731444371652692,1.9143323776227125e-05,0.07627410346153585,0.00030424584948869057,59.99,1.0,2.0,1.0,True,True,True
9,150,4,K,200,0.16921354658148974,0.022883565414974282,0.13122294921867173,0.009783137365779586,0.012737192178388668,0.0029275043706079424,63.345,5.0,4.0,6.0,False,False,False
9,150,4,M,200,0.8668555386553517,0.00441993783309643,0.21730105388729545,7.781360341312878e-05,0.07618171909487448,0.0003775062125685634,63.345,2.0,3.0,3.0,True,True,True
9,150,4,P,200,0.8367297012966738,0.003483891581360562,0.21731679038762933,1.3782427249060291e-05,0.07624447201798118,8.784281174722344e-05,63.345,3.0,1.0,2.0,True,True,True
9,150,4,S,200,0.026728224825721604,0.01322454438289686,0.06151356568685471,0.005298521135453101,0.023034502358814705,0.0044579512274944754,63.345,6.0,6.0,5.0,False,False,False
9,150,4,SLTA,200,0.38796026107438225,0.017928529579622515,0.10668505185588906,0.0048420106611366375,0.039730399247398476,0.0013530301180468577,63.345,4.0,5.0,4.0,False,False,False
9,150,4,Std,200,0.8921426502285221,0.004433079863198294,0.2173159621507697,1.3832358717920206e-05,0.07626162409589651,0.0001054148849521157,63.345,1.0,2.0,1.0,True,True,True
9,150,6,K,200,0.1682817278701774,0.02011487022732846,0.13067148150960153,0.008922387425377064,0.012317926984851573,0.002856594268129384,67.18,5.0,4.0,6.0,False,False,False
9,150,6,M,200,0.8703569957861679,0.003413573751433785,0.21731540999286325,1.5655962886370797e-05,0.07623808856447861,0.00018353881753109438,67.18,2.0,3.0,3.0,True,True,True
9,150,6,P,200,0.8355674262485513,0.0027936701528228653,0.2173172045060592,1.3738588351912364e-05,0.07623947201798117,5.259858203353526e-05,67.18,3.0,1.0,2.0,True,True,True
9,150,6,S,200,0.025626175874115885,0.011808171508335106,0.062105064844142764,0.004755681148910523,0.023723162716749492,0.0038716009962017164,67.18,6.0,6.0,5.0,False,False,False
9,150,6,SLTA,200,0.3919260267070254,0.017709983016952455,0.10486155036982718,0.004028847534453743,0.039721860250472404,0.001322861801628257,67.18,4.0,5.0,4.0,False,False,False
9,150,6,Std,200,0.8958751508776289,0.003403549260031147,0.21731623822972293,1.3821278424789783e-05,0.07624191314565577,5.12643252839298e-05,67.18,1.0,2.0,1.0,True,True,True
9,200,-10,K,200,0.15627374089350232,0.06483617919498283,0.13439724833271996,0.030494159777882883,0.014790805022441273,0.007593548046564181,36.64,5.0,5.0,5.0,False,False,False
9,200,-10,M,200,0.6549068496308563,0.05977479514133479,0.1877756810015532,0.0012649886956439154,0.05269909166158273,0.0043375244323634495,36.64,3.0,3.0,2.0,True,True,True
9,200,-10,P,200,0.8721673221778861,0.02840804034391375,0.1884673228847289,0.0003348725966884532,0.04943612071293997,0.003720938141023654,36.64,1.0,1.0,3.0,True,True,True
9,200,-10,S,200,0.05707164510362531,0.041578815842406414,0.06523751401071794,0.026525896647760814,0.00655791879793751,0.006067005386284897,36.64,6.0,6.0,6.0,False,False,False
9,200,-10,SLTA,200,0.39359902075671754,0.034125903517435975,0.16062269237863638,0.007212340351604011,0.04003628718954169,0.0039648667563927835,36.64,4.0,4.0,4.0,False,False,False
9,200,-10,Std,200,0.7158526297907559,0.04938286429437887,0.18833593001547794,0.0010129024451984083,0.05276337648892576,0.00383199555655336,36.64,2.0,2.0,1.0,True,True,True
9,200,-8,K,200,0.17968285544258766,0.05532813039639213,0.14829291914799436,0.021028997020091016,0.018193980605511084,0.0070731067702915415,41.61,5.0,5.0,5.0,False,False,False
9,200,-8,M,200,0.7350831235988984,0.04158263495548637,0.18842246478651006,0.0002894177277671401,0.053167683610957715,0.00383258204813801,41.61,3.0,3.0,1.0,True,True,True
9,200,-8,P,200,0.9016027960416796,0.011050557397272951,0.1885670605711942,4.8677684275752206e-05,0.048421255557127695,0.002952452597706885,41.61,1.0,1.0,3.0,True,True,True
9,200,-8,S,200,0.06901372043349902,0.038599508786055337,0.07614741708284427,0.01847996372254327,0.009573918997251485,0.006496155628810206,41.61,6.0,6.0,6.0,False,False,False
9,200,-8,SLTA,200,0.4256406030584101,0.026798548784419167,0.15865195841114244,0.006685684866530193,0.04226946624903218,0.00258797726046034,41.61,4.0,4.0,4.0,False,False,False
9,200,-8,Std,200,0.7932033961532771,0.030399637866360355,0.1885468585198687,0.0002210605528591281,0.052387262998153314,0.0034924983124543013,41.61,2.0,2.0,2.0,True,True,True
9,200,-6,K,200,0.19705745053971316,0.04597375223053427,0.156976778863828,0.014728263143244377,0.020774425878604553,0.006188272439455307,46.35,5.0,4.0,5.0,False,False,False
9,200,-6,M,200,0.797058509576717,0.02747946863877361,0.18856451543086972,4.985052263333465e-05,0.0530667039269027,0.0033591804576151357,46.35,3.0,3.0,1.0,True,True,True
9,200,-6,P,200,0.9121624675140741,0.00593861815677681,0.18857644577614072,2.4779059586494235e-05,0.047569405845875254,0.0018863019166847452,46.35,1.0,2.0,3.0,True,True,True
9,200,-6,S,200,0.08254609483058319,0.03252336853512251,0.08358845296398337,0.012916806785809025,0.012849633459436387,0.005824415498505423,46.35,6.0,6.0,6.0,False,False,False
9,200,-6,SLTA,200,0.4495999940098228,0.023865292169758984,0.156051143142071,0.006085359213167461,0.04362593496391368,0.0017470106980950904,46.35,4.0,5.0,4.0,False,False,False
9,200,-6,Std,200,0.8472384535182027,0.018378644329923286,0.18857755927503267,3.402331022542254e-05,0.05150900911190599,0.003114760427925395,46.35,2.0,1.0,2.0,True,True,True
9,200,-4,K,200,0.20841010095379253,0.03876334314789443,0.16193916621147036,0.010911003061205739,0.022803033595348028,0.005629732160546484,50.7,5.0,4.0,5.0,False,False,False
9,200,-4,M,200,0.8428768444769347,0.017560653644567964,0.1885804225578977,1.986607521312332e-05,0.052783894849960086,0.0029770717511365887,50.7,3.0,3.0,1.0,True,True,True
9,200,-4,P,200,0.9155417370921154,0.004126103425020704,0.1885826495556816,2.0590222258028694e-05,0.04702693852646303,0.000857947173309843,50.7,1.0,2.0,3.0,True,True,True
9,200,-4,S,200,0.09298978012181008,0.0269414813999579,0.08787621905436999,0.00956251483107243,0.015545289246109808,0.004876633817141828,50.7,6.0,6.0,6.0,False,False,False
9,200,-4,SLTA,200,0.4671277128572232,0.022085845573435132,0.15359190130354838,0.005391742435953539,0.044142662448577855,0.001213726574700078,50.7,4.0,5.0,4.0,False,False,False
9,200,-4,Std,200,0.8833166639031191,0.010948614765744097,0.1885858309810872,1.6380494955689494e-05,0.05086526911965596,0.0027748899974318697,50.7,2.0,1.0,2.0,True,True,True
9,200,-2,K,200,0.21461193641149823,0.033959366603767104,0.16464130987970993,0.00871312506756988,0.024368377987609026,0.00557961683146824,53.995,5.0,4.0,5.0,False,False,False
9,200,-2,M,200,0.8746303674718547,0.01121789277031163,0.18858535376727636,1.5947044598953896e-05,0.052462351643041846,0.002559266546823615,53.995,3.0,3.0,1.0,True,True,True
9,200,-2,P,200,0.9162355559737786,0.0033364069321936973,0.1885882170501414,1.5158922056997074e-05,0.04686026163166297,0.0001500062429346758,53.995,1.0,2.0,3.0,True,True,True
9,200,-2,S,200,0.10043811603094158,0.022886394922693717,0.0904857832433068,0.0076573220742874515,0.01771021554705946,0.0047252545510079276,53.995,6.0,6.0,6.0,False,False,False
9,200,-2,SLTA,200,0.4798443239042496,0.02139155636571933,0.15139512706098712,0.004945679296490719,0.04442712740775272,0.0008842338410581857,53.995,4.0,5.0,4.0,False,False,False
9,200,-2,Std,200,0.9067497047576829,0.006850379666334281,0.18858837612141166,1.326483566932167e-05,0.05057870734797689,0.00240494463377096,53.995,2.0,1.0,2.0,True,True,True
9,200,0,K,200,0.21826797394590136,0.030409523966129948,0.16606945174428017,0.007354338453728558,0.025801456550143542,0.005319298186986379,56.855,5.0,4.0,5.0,False,False,False
9,200,0,M,200,0.8956727754194708,0.007194964292865265,0.18858678540870888,1.426257881063759e-05,0.05225773933201891,0.002093374234908299,56.855,3.0,3.0,1.0,True,True,True
9,200,0,P,200,0.9160204825494472,0.0027186280050546406,0.18859076219046586,1.1190235616894696e-05,0.046836724405814205,0.00010257366515789463,56.855,2.0,1.0,3.0,True,True,True
9,200,0,S,200,0.10543238866606504,0.019296073397032945,0.09197294054915078,0.006274896863170675,0.01903570379631242,0.004119131286144626,56.855,6.0,6.0,6.0,False,False,False
9,200,0,SLTA,200,0.4889335425136545,0.02099782205406627,0.1496135288338556,0.004315351782680088,0.04452324406670888,0.0007116152166964023,56.855,4.0,5.0,4.0,False,False,False
9,200,0,Std,200,0.9216963806011342,0.004402520120278192,0.18859028497665503,1.1229935528380552e-05,0.05055191325442568,0.0021436092830771697,56.855,1.0,2.0,2.0,True,True,True
9,200,2,K,200,0.22077216923174833,0.02737867309691311,0.16722144588364504,0.00634741957992452,0.02666150299291118,0.004755877076077919,59.255,5.0,4.0,5.0,False,False,False
9,200,2,M,200,0.9094311041591193,0.004631227131486043,0.18858837612141166,1.287569555699964e-05,0.05221989664810672,0.0014993554477925935,59.255,3.0,3.0,1.0,True,True,True
9,200,2,P,200,0.9156961613117338,0.002177838463411225,0.1885918756893578,9.351823394000025e-06,0.0468247244058142,7.920088742885238e-05,59.255,2.0,1.0,3.0,True,True,True
9,200,2,S,200,0.10859685974845601,0.016463225305816443,0.09303410499318598,0.005153695587191993,0.019907971514828968,0.00367306801178985,59.255,6.0,6.0,6.0,False,False,False
9,200,2,SLTA,200,0.49437129611256153,0.02095438678042438,0.14841969895040721,0.003700126331724421,0.044632246231211044,0.0007069784076502586,59.255,4.0,5.0,4.0,False,False,False
9,200,2,Std,200,0.9313042998601998,0.0028779558760258827,0.18859123940427672,1.0174914300358732e-05,0.05086287829413735,0.0017089589709219952,59.255,1.0,2.0,2.0,True,True,True
9,200,4,K,200,0.22268167532517424,0.024990128103657295,0.1680568881951535,0.00567358343592411,0.027467733408000513,0.004490875933816565,61.735,5.0,4.0,5.0,False,False,False
9,200,4,M,200,0.9180618412722498,0.003050139251120775,0.18858996683411447,1.1542620259366769e-05,0.0522784479541108,0.0007422560491054908,61.735,2.0,3.0,1.0,True,True,True
9,200,4,P,200,0.9153004975780802,0.0017165068678995465,0.18859346640206062,6.611776235225299e-06,0.04682055773914753,6.367140659566487e-05,61.735,3.0,1.0,3.0,True,True,True
9,200,4,S,200,0.11100755261805677,0.014653065836993433,0.09390629276812903,0.004376050120916153,0.02047678347322381,0.003674595479515944,61.735,6.0,6.0,6.0,False,False,False
9,200,4,SLTA,200,0.4975618899549097,0.020709988516879163,0.14745874940664813,0.00311297092612957,0.044560510120099935,0.0007479850301345875,61.735,4.0,5.0,4.0,False,False,False
9,200,4,Std,200,0.9373861012062299,0.0019240164935709352,0.18859235290316867,8.652649498057563e-06,0.051260050346915956,0.0012923321306481266,61.735,1.0,2.0,2.0,True,True,True
9,200,6,K,200,0.2237792321982422,0.023343735093758543,0.16861506928256462,0.0052144021645699045,0.028109551930174857,0.004042459509218983,64.335,5.0,4.0,5.0,False,False,False
9,200,6,M,200,0.9236136021355063,0.0020774418391713567,0.1885904440479253,1.1066835331837483e-05,0.05230596688010203,0.00033700513710949095,64.335,2.0,3.0,1.0,True,True,True
9,200,6,P,200,0.9149619628208387,0.0013648369206439893,0.18859442082968228,3.876804931666326e-06,0.04681122440581419,4.7616558920390845e-05,64.335,3.0,1.0,3.0,True,True,True
9,200,6,S,200,0.11258033573430301,0.013239256087209987,0.09447274556159468,0.0037610812959714556,0.02090891334373171,0.0032326538923200207,64.335,6.0,6.0,6.0,False,False,False
9,200,6,SLTA,200,0.499597498375182,0.020569427797973227,0.14675151853898505,0.0026805406952318095,0.04445972440581422,0.0007183918505392957,64.335,4.0,5.0,4.0,False,False,False
9,200,6,Std,200,0.9413315168771069,0.001355157800075695,0.18859410268714175,4.97946308004242e-06,0.05157774036364735,0.000787392629916679,64.335,1.0,2.0,2.0,True,True,True
9,250,-10,K,200,0.22813986534025613,0.06346006145402351,0.14764972072489901,0.01580100043043349,0.022131419780113543,0.008531664823830408,36.075,5.0,5.0,5.0,False,False,False
9,250,-10,M,200,0.6108185035539883,0.056426504244578284,0.16356548186934045,4.1791237940362556e-05,0.05065157809052961,0.002142316653763128,36.075,3.0,3.0,3.0,True,True,True
9,250,-10,P,200,0.9117531843395729,0.031991533060082886,0.16357575235048366,0.0,0.05177630352960756,0.00040117371257314123,36.075,1.0,1.5,1.0,True,True,True
9,250,-10,S,200,0.17341656671142391,0.04804218126133864,0.1440002152915295,0.019663006545779488,0.022055584485979773,0.009219500745544687,36.075,6.0,6.0,6.0,False,False,False
9,250,-10,SLTA,200,0.46250750632473514,0.03829808436856645,0.16347451475064345,0.0002754549873490489,0.048612263564485426,0.0036975006313962468,36.075,4.0,4.0,4.0,False,False,False
9,250,-10,Std,200,0.713683938214046,0.049089015784956586,0.16357575235048366,0.0,0.05175956958299862,0.0004340179812406604,36.075,2.0,1.5,2.0,True,True,True
9,250,-8,K,200,0.26146766043526104,0.05340042100651333,0.15434185619694385,0.008215088988309622,0.026978745610478073,0.00764107569070939,40.45,5.0,5.0,5.0,False,False,False
9,250,-8,M,200,0.6964881211531284,0.0437503454623768,0.1635753855475857,5.187376330293875e-06,0.05145631042045496,0.000949856894745268,40.45,3.0,3.0,3.0,True,True,True
9,250,-8,P,200,0.9547180021473584,0.01251361268714587,0.16357575235048366,0.0,0.05184840291633195,0.00017136591208161882,40.45,1.0,1.5,1.0,True,True,True
9,250,-8,S,200,0.196498966449336,0.038843564738719964,0.15283154526454534,0.010557801123327628,0.026661522638872295,0.008299626419556323,40.45,6.0,6.0,6.0,False,False,False
9,250,-8,SLTA,200,0.5035695417898141,0.03031104469883632,0.16355961302297292,8.722410463020438e-05,0.050804056434717214,0.001966875403557431,40.45,4.0,4.0,4.0,False,False,False
9,250,-8,Std,200,0.7978187127058871,0.03135318798921919,0.16357575235048366,0.0,0.051835486249665295,0.0002108975362550294,40.45,2.0,1.5,2.0,True,True,True
9,250,-6,K,200,0.28323381761108607,0.04497756905043092,0.15738723725735398,0.004278730109748435,0.030221029356870738,0.006578807896602944,43.61,5.0,5.0,5.0,False,False,False
9,250,-6,M,200,0.7717088027503621,0.03144923398764357,0.16357575235048366,0.0,0.051702188630617665,0.0004897946410869291,43.61,3.0,2.0,3.0,True,True,True
9,250,-6,P,200,0.9738301397031651,0.005203944978067738,0.16357575235048366,0.0,0.05186340291633195,0.0,43.61,1.0,2.0,1.5,True,True,True
9,250,-6,S,200,0.2107634455028654,0.03118925713397412,0.15696743134062535,0.005363058846310709,0.030085637925308793,0.007258201389640695,43.61,6.0,6.0,6.0,False,False,False
9,250,-6,SLTA,200,0.5306956139000131,0.026085745545166444,0.16357318473019786,2.6899158460516086e-05,0.051425467718971586,0.0011646321293319246,43.61,4.0,4.0,4.0,False,False,False
9,250,-6,Std,200,0.8573526888326015,0.01915059473512857,0.16357575235048366,0.0,0.05186340291633195,0.0,43.61,2.0,2.0,1.5,True,True,True
9,250,-4,K,200,0.30015942257113937,0.04045469232599161,0.15887187198689445,0.002719657297770153,0.03239435892988219,0.005518684763209986,46.435,5.0,6.0,6.0,False,False,False
9,250,-4,M,200,0.8313855797272426,0.022249371888486094,0.16357575235048366,0.0,0.05178715291633195,0.000303269166460306,46.435,3.0,2.0,3.0,True,True,True
9,250,-4,P,200,0.9823992272089588,0.0029492650103603467,0.16357575235048366,0.0,0.05186340291633195,0.0,46.435,1.0,2.0,1.5,True,True,True
9,250,-4,S,200,0.22167234991155474,0.027654250051312945,0.1589465163766317,0.003330766440337833,0.03276827181247977,0.0065460100722956474,46.435,6.0,5.0,5.0,False,False,False
9,250,-4,SLTA,200,0.5492347208949586,0.024071807041451926,0.16357501874468772,1.0374752660587455e-05,0.051705744186173214,0.0006514518686202859,46.435,4.0,4.0,4.0,False,False,False
9,250,-4,Std,200,0.8978791604560635,0.011708759040699028,0.16357575235048366,0.0,0.05186340291633195,0.0,46.435,2.0,2.0,1.5,True,True,True
9,250,-2,K,200,0.3121662355742289,0.03615354727551763,0.159643258481329,0.001992926908132843,0.0337179624030511,0.0047796605832266265,48.845,5.0,6.0,6.0,False,False,False
9,250,-2,M,200,0.8768852544134702,0.01379519598021178,0.16357575235048366,0.0,0.05183548624966528,0.00020002747926801663,48.845,3.0,2.5,3.0,True,True,True
9,250,-2,P,200,0.9863847518703968,0.0022294117836284327,0.16357575235048366,0.0,0.05186340291633195,0.0,48.845,1.0,2.5,1.5,True,True,True
9,250,-2,S,200,0.22962926902571262,0.024713659139570753,0.16013862579503976,0.0024038219592320232,0.034978527720911756,0.005710499591572032,48.845,6.0,5.0,5.0,False,False,False
9,250,-2,SLTA,200,0.562395981153678,0.023214455187492135,0.16357575235048366,0.0,0.051823807678236716,0.0002955269671471284,48.845,4.0,2.5,4.0,False,True,False
9,250,-2,Std,200,0.9247045543384735,0.007209305170008758,0.16357575235048366,0.0,0.05186340291633195,0.0,48.845,2.0,2.5,1.5,True,True,True
9,250,0,K,200,0.3206380639866728,0.03183642099244784,0.16009772727191593,0.001563251466031293,0.03463247290064248,0.0041687746356741705,51.11,5.0,6.0,6.0,False,False,False
9,250,0,M,200,0.9089320084882315,0.008501857215669144,0.16357575235048366,0.0,0.05185256958299862,0.00013164498475084718,51.11,3.0,2.5,3.0,True,True,True
9,250,0,P,200,0.9883415925439523,0.0017223523760139222,0.16357575235048366,0.0,0.05186340291633195,0.0,51.11,1.0,2.5,1.5,True,True,True
9,250,0,S,200,0.23540102766577398,0.02130723587922275,0.16091551433294385,0.0017675981713774801,0.03657394971231385,0.004977660215550549,51.11,6.0,5.0,5.0,False,False,False
9,250,0,SLTA,200,0.5714063543892308,0.022382288130204174,0.16357575235048366,0.0,0.05184622434490339,0.00020116555468225537,51.11,4.0,2.5,4.0,False,True,False
9,250,0,Std,200,0.9419523223567225,0.004760206038612174,0.16357575235048366,0.0,0.05186340291633195,0.0,51.11,2.0,2.5,1.5,True,True,True
9,250,2,K,200,0.3261559433730675,0.02867193093203279,0.16034641963674073,0.0013393353004081537,0.03509803847285123,0.0038649739745006545,53.325,5.0,6.0,6.0,False,False,False
9,250,2,M,200,0.9303270359009462,0.0052969270771658136,0.16357575235048366,0.0,0.05186006958299862,4.7140452079113076e-05,53.325,3.0,2.5,3.0,True,True,True
9,250,2,P,200,0.9894085987917367,0.0013377907891550381,0.16357575235048366,0.0,0.05186340291633195,0.0,53.325,1.0,2.5,1.5,True,True,True
9,250,2,S,200,0.23944435141755535,0.018809393289473123,0.16135971264238758,0.001451139423791234,0.03759143787051047,0.004771955853477874,53.325,6.0,5.0,5.0,False,False,False
9,250,2,SLTA,200,0.5775627134785676,0.022194535403828302,0.16357575235048366,0.0,0.05185590291633195,8.56829560408131e-05,53.325,4.0,2.5,4.0,False,True,False
9,250,2,Std,200,0.952871967047265,0.0034562528568476427,0.16357575235048366,0.0,0.05186340291633195,0.0,53.325,2.0,2.5,1.5,True,True,True
9,250,4,K,200,0.32960944479355175,0.026308398294744552,0.1604416049887644,0.0011762934989084253,0.03566131320984269,0.003830970669982289,55.755,5.0,6.0,6.0,False,False,False
9,250,4,M,200,0.9444109681132227,0.003449245648697971,0.16357575235048366,0.0,0.05186340291633195,0.0,55.755,3.0,2.5,2.0,True,True,True
9,250,4,P,200,0.9900592311607425,0.0010297336140763526,0.16357575235048366,0.0,0.05186340291633195,0.0,55.755,1.0,2.5,2.0,True,True,True
9,250,4,S,200,0.2423495442323226,0.016864266021080387,0.16159226567970164,0.0013341515158774213,0.0388863476541675,0.004335678940838918,55.755,6.0,5.0,5.0,False,False,False
9,250,4,SLTA,200,0.5821010089824422,0.021807425202364332,0.16357575235048366,0.0,0.051861736249665294,2.3570226039557063e-05,55.755,4.0,2.5,4.0,False,True,False
9,250,4,Std,200,0.9597996839080722,0.002595027044178462,0.16357575235048366,0.0,0.05186340291633195,0.0,55.755,2.0,2.5,2.0,True,True,True
9,250,6,K,200,0.3316739933482345,0.02464183638068158,0.1604933241973784,0.0010494323268595903,0.03607953647438026,0.0037199703636462043,58.255,5.0,6.0,6.0,False,False,False
9,250,6,M,200,0.9535049795699547,0.0024300808526528397,0.16357575235048366,0.0,0.05186340291633195,0.0,58.255,3.0,2.5,2.5,True,True,True
9,250,6,P,200,0.9904691281790632,0.0008180497794267474,0.16357575235048366,0.0,0.05186340291633195,0.0,58.255,1.0,2.5,2.5,True,True,True
9,250,6,S,200,0.24438246456614313,0.01568680962617762,0.1617329345910738,0.0012323519663164962,0.03935128527288139,0.004268782883658471,58.255,6.0,5.0,5.0,False,False,False
9,250,6,SLTA,200,0.585276784376802,0.021725383836936646,0.16357575235048366,0.0,0.05186340291633195,0.0,58.255,4.0,2.5,2.5,False,True,True
9,250,6,Std,200,0.9640810356228532,0.002004195107780627,0.16357575235048366,0.0,0.05186340291633195,0.0,58.255,2.0,2.5,2.5,True,True,True
9,300,-10,K,200,0.22775531242634497,0.05964389369271069,0.142209311566508,0.009972572666962783,0.020537982043416593,0.00755969101990404,32.245,5.0,6.0,6.0,False,False,False
9,300,-10,M,200,0.5808152929289951,0.06290090090360645,0.15424657690497756,6.641790264642916e-05,0.04404451465332121,0.001965469780973061,32.245,3.0,3.0,3.0,True,True,True
9,300,-10,P,200,0.8644153224347052,0.03461794776444437,0.15425338190387675,4.295951300539856e-05,0.04489439286425695,0.0003696709783385198,32.245,1.0,2.0,2.0,True,True,True
9,300,-10,S,200,0.1954045365660985,0.04039328756959102,0.146114214363391,0.0076180675985337174,0.02464064377120515,0.007619887531299889,32.245,6.0,5.0,5.0,False,False,False
9,300,-10,SLTA,200,0.44847167096361806,0.035968924061070454,0.1542232454801804,0.00010796875470241492,0.043434449684256776,0.002144400938385916,32.245,4.0,4.0,4.0,False,False,False
9,300,-10,Std,200,0.6639797121082323,0.04794289645789423,0.15425668718905633,4.068807772522555e-05,0.0449265238166379,0.0003412454608415347,32.245,2.0,1.0,1.0,True,True,True
9,300,-8,K,200,0.2593507185415702,0.054732960100419274,0.1471153269157287,0.005842813303081975,0.024379760694285504,0.007534652853472607,35.52,5.0,6.0,6.0,False,False,False
9,300,-8,M,200,0.6582196345365979,0.04909098739811212,0.15425513176073652,4.0918992032108285e-05,0.04454039493478081,0.0011230418919863326,35.52,3.0,4.0,3.0,True,False,True
9,300,-8,P,200,0.9083049811744524,0.014709332301319973,0.15426077018839582,3.6550860874024784e-05,0.044897107149971235,0.0002632047981578451,35.52,1.0,1.0,2.0,True,True,True
9,300,-8,S,200,0.21564504753142405,0.03450881272946551,0.14991801431948634,0.003888968917989384,0.0291359423002496,0.007036999099101748,35.52,6.0,5.0,5.0,False,False,False
9,300,-8,SLTA,200,0.4805664430139449,0.03003802892560056,0.1542561039034364,4.599202033354527e-05,0.044349366632304904,0.0011996590649127282,35.52,4.0,3.0,4.0,False,True,False
9,300,-8,Std,200,0.7413577978902174,0.031725461097091,0.15426038133131587,3.464033154726915e-05,0.04491585714997123,0.00026766980500506115,35.52,2.0,2.0,1.0,True,True,True
9,300,-6,K,200,0.28483718685389503,0.04993990878595786,0.14965553579051838,0.0037454298685661433,0.02812789304873266,0.0066476946457512615,38.39,5.0,6.0,6.0,False,False,False
9,300,-6,M,200,0.7264083902290556,0.03730050000233145,0.15426077018839582,3.4629362126950215e-05,0.04471671130920598,0.0005705633840094586,38.39,3.0,4.0,3.0,True,False,True
9,300,-6,P,200,0.929371520429536,0.006827881188404476,0.15426640861605512,3.271752454677943e-05,0.0448825238166379,0.00023286624701866215,38.39,1.0,2.0,2.0,True,True,True
9,300,-6,S,200,0.23054535146499544,0.03135717940799484,0.15146002707003797,0.0024324181779979983,0.03246095512251381,0.006248805124851208,38.39,6.0,5.0,5.0,False,False,False
9,300,-6,SLTA,200,0.5053284165535722,0.027068237516693,0.15426271447379558,3.428756948782037e-05,0.04466470786476367,0.0007454150515124033,38.39,4.0,3.0,4.0,False,True,False
9,300,-6,Std,200,0.8012574514135195,0.020409596735534663,0.1542667974731351,3.1448062986287506e-05,0.04489419048330456,0.00023054689428276328,38.39,2.0,1.0,1.0,True,True,True
9,300,-4,K,200,0.30533403027959144,0.047102748910458334,0.1509455691532608,0.0026368252362625466,0.03111998318282667,0.005839808151220499,40.98,5.0,6.0,6.0,False,False,False
9,300,-4,M,200,0.7839529388801373,0.02633485937855412,0.15426154790255572,3.2087295956060684e-05,0.044770517864256947,0.00030372891177186083,40.98,3.0,4.0,3.0,True,False,True
9,300,-4,P,200,0.9391254058960047,0.003826896687856677,0.1542691306156148,3.0321255803765008e-05,0.04486085714997123,0.00020787806201123796,40.98,1.0,2.0,2.0,True,True,True
9,300,-4,S,200,0.24158729968966605,0.028772712886275413,0.15236489749508741,0.0016679515389801892,0.03532352790212418,0.005452640943993675,40.98,6.0,5.0,5.0,False,False,False
9,300,-4,SLTA,200,0.5235157605169573,0.02487789701210982,0.1542660197589752,3.161674466134488e-05,0.04476139613723526,0.0004177905371138074,40.98,4.0,3.0,4.0,False,True,False
9,300,-4,Std,200,0.8447243871498091,0.012543310891194414,0.15426951947269477,2.7838954009692625e-05,0.044887523816637895,0.0001953607666491046,40.98,2.0,1.0,1.0,True,True,True
9,300,-2,K,200,0.3245619742921669,0.042838115362702406,0.15181544244111456,0.001671712302494929,0.03347562966183979,0.004759388256845974,43.825,5.0,6.0,6.0,False,False,False
9,300,-2,M,200,0.8288697042574584,0.017924220554132123,0.15426232561671563,2.9819030504205814e-05,0.04478710714997123,0.00020789778592230544,43.825,3.0,4.0,4.0,True,False,False
9,300,-2,P,200,0.9434868299204444,0.002608495943679983,0.1542708804724746,2.9583667283237134e-05,0.044839190483304564,0.0001830018321632144,43.825,1.0,2.0,2.0,True,True,True
9,300,-2,S,200,0.25158058478193396,0.02607386781845347,0.15291668569154002,0.001196602037103302,0.03758509785498293,0.004491384146840963,43.825,6.0,5.0,5.0,False,False,False
9,300,-2,SLTA,200,0.5372301736743011,0.02362118509747176,0.15426971390123473,2.949363374068611e-05,0.04479985696959605,0.00026887133823719374,43.825,4.0,3.0,3.0,False,True,True
9,300,-2,Std,200,0.8743314810159762,0.007853271583373275,0.15427107490101455,2.5799015347554084e-05,0.04486252381663789,0.00017568562349440817,43.825,2.0,1.0,1.0,True,True,True
9,300,0,K,200,0.3374366831574496,0.037772460989141686,0.15220741037770666,0.001233403382295051,0.035257799199855264,0.003968351325630741,46.065,5.0,6.0,6.0,False,False,False
9,300,0,M,200,0.8638499250396636,0.01123616855199604,0.15426310333087553,2.620593387818138e-05,0.0447700238166379,0.00016441315704290835,46.065,3.0,4.0,4.0,True,False,False
9,300,0,P,200,0.9454536128503551,0.001965153528395708,0.1542732136149543,2.7771318133048753e-05,0.04482752381663789,0.00016972898553735874,46.065,1.0,1.0,2.0,True,True,True
9,300,0,S,200,0.2582794639692654,0.023201386286398597,0.15324021478206049,0.0009057461265705269,0.038902574030828564,0.003969793648406329,46.065,6.0,5.0,5.0,False,False,False
9,300,0,SLTA,200,0.5465783232071542,0.023232465430827434,0.15427263032933436,2.764173553900831e-05,0.04482100199124107,0.0002021689547159651,46.065,4.0,2.0,3.0,False,True,True
9,300,0,Std,200,0.894145871802445,0.004892389165998592,0.1542724359007944,2.3747830877789234e-05,0.04486085714997122,0.00016939970210463152,46.065,2.0,3.0,1.0,True,True,True
9,300,2,K,200,0.3476489191438039,0.033943012240789,0.15243275305553913,0.0009258260967291785,0.03683304806608124,0.003345915886387142,48.43,5.0,6.0,6.0,False,False,False
9,300,2,M,200,0.8885697972130093,0.007516017126734469,0.15426329775941552,2.4530836279208786e-05,0.044765023816637904,0.00015279592298721054,48.43,3.0,4.0,4.0,True,False,False
9,300,2,P,200,0.946352432831389,0.00155029394168077,0.15427554675743402,2.5321138744603836e-05,0.044819190483304565,0.00016878056416137492,48.43,1.0,2.0,2.0,True,True,True
9,300,2,S,200,0.26342026882448283,0.020747562877876064,0.1534218110383983,0.0007397976192264891,0.04004644001155407,0.0033482250803560454,48.43,6.0,5.0,5.0,False,False,False
9,300,2,SLTA,200,0.5534332192030711,0.022915298369203356,0.15427593561451397,2.5669836764849736e-05,0.04481235714997123,0.00018564019941925058,48.43,4.0,1.0,3.0,False,True,True
9,300,2,Std,200,0.9069122575049168,0.0032143519892684496,0.1542747690432741,2.1277163058680378e-05,0.04484919048330456,0.00017026271289230098,48.43,2.0,3.0,1.0,True,True,True
9,300,4,K,200,0.3557470353198968,0.030177953644257613,0.15254902132244494,0.0007318689579663584,0.03785209073378935,0.0029923267617215812,50.915,5.0,6.0,6.0,False,False,False
9,300,4,M,200,0.9054722294836977,0.005129264702203848,0.15426290890233557,2.298940069328714e-05,0.0447475238166379,0.00013728442315857838,50.915,3.0,4.0,4.0,True,False,False
9,300,4,P,200,0.9467841737339765,0.0012329060248302969,0.15427787989991373,2.431694909446493e-05,0.04480919048330456,0.0001637091018139934,50.915,1.0,2.0,2.0,True,True,True
9,300,4,S,200,0.2673232735701365,0.018648483769234322,0.15356393830112094,0.00059521736925271,0.04080204744578651,0.0030244620792013953,50.915,6.0,5.0,5.0,False,False,False
9,300,4,SLTA,200,0.5588509439171748,0.022654305178970335,0.1542782687569937,2.4642865688653834e-05,0.044802107149971224,0.00017858896579752166,50.915,4.0,1.0,3.0,False,True,True
9,300,4,Std,200,0.9150454198376333,0.0022318293361343784,0.15427496347181407,2.095601045409726e-05,0.04484752381663789,0.0001670096972413134,50.915,2.0,3.0,1.0,True,True,True
9,300,6,K,200,0.36151979261741396,0.026895743423622057,0.15262912588091515,0.0006005262642119445,0.038745831134320195,0.0030500350995916717,53.59,5.0,6.0,6.0,False,False,False
9,300,6,M,200,0.916874232179359,0.0035567495132836505,0.15426290890233557,2.0912454136904886e-05,0.04473085714997124,0.00012403733160418779,53.59,3.0,4.0,4.0,True,False,False
9,300,6,P,200,0.947015269017569,0.0009858785921679333,0.1542798241853135,2.3376974965622333e-05,0.044799190483304566,0.00016133862139538376,53.59,1.0,2.0,2.0,True,True,True
9,300,6,S,200,0.270335916518434,0.017107137592746405,0.1536504590014104,0.000521666864759457,0.041580416313030374,0.002647209423984539,53.59,6.0,5.0,5.0,False,False,False
9,300,6,SLTA,200,0.5629385645153911,0.022459121002747686,0.15428040747093344,2.2689981782832118e-05,0.044798357149971234,0.00017562006285394303,53.59,4.0,1.0,3.0,False,True,True
9,300,6,Std,200,0.9202123932545082,0.0016285405365866362,0.15427535232889406,2.0663900889985236e-05,0.04483252381663789,0.00016678387838221196,53.59,2.0,3.0,1.0,True,True,True
11,100,-10,K,200,0.07963492169454796,0.05076675778840818,0.05098466502777043,0.03225998991849802,0.005705284318331525,0.005322035055020432,37.805,5.0,5.0,6.0,False,False,False
11,100,-10,M,200,0.6832856406345289,0.04519917947871953,0.24535742659873172,0.01515230854491432,0.07963637586511665,0.009562027475142378,37.805,3.0,3.0,3.0,True,True,True
11,100,-10,P,200,0.783172835107505,0.025553160214336113,0.2495600980313617,0.012374809102140361,0.08521053745212001,0.006786985442311263,37.805,1.0,1.0,1.0,True,True,True
11,100,-10,S,200,0.04606939929813637,0.037413411533442555,0.03635385481252739,0.031879719038402886,0.01134724096287131,0.007334140104712741,37.805,6.0,6.0,5.0,False,False,False
11,100,-10,SLTA,200,0.2743482567867295,0.022124811903844938,0.11177118750176408,0.018691320905905938,0.03555560796446744,0.0051832401772016375,37.805,4.0,4.0,4.0,False,False,False
11,100,-10,Std,200,0.702583976330928,0.043760106935601804,0.246580112460379,0.01432791151125896,0.08381529376597463,0.009383254206846107,37.805,2.0,2.0,2.0,True,True,True
11,100,-8,K,200,0.10040808537478092,0.05031960483021983,0.05742266514785479,0.0289521657782857,0.006156245565051007,0.004893344490782975,42.155,5.0,5.0,6.0,False,False,False
11,100,-8,M,200,0.7319631079483557,0.030562938586675692,0.24748343331817882,0.013058887342928122,0.08320463832752868,0.00723101335770187,42.155,3.0,3.0,3.0,True,True,True
11,100,-8,P,200,0.7888241500284543,0.01626552920854666,0.2515450952558428,0.010397149687252437,0.0874300658194847,0.004656666263885119,42.155,1.0,1.0,1.0,True,True,True
11,100,-8,S,200,0.03978822823399706,0.03244667799719435,0.03103419805460507,0.026714891572493054,0.015343259879602505,0.007570635715358833,42.155,6.0,6.0,5.0,False,False,False
11,100,-8,SLTA,200,0.2887851207041933,0.019844734307477963,0.10273265994602689,0.014692190071035319,0.03827938970950185,0.004082261045566543,42.155,4.0,4.0,4.0,False,False,False
11,100,-8,Std,200,0.7508864197161035,0.02957743592313201,0.24942701041813536,0.011529190669882937,0.08728334022500862,0.0069640185298609075,42.155,2.0,2.0,2.0,True,True,True
11,100,-6,K,200,0.11958094670442515,0.049787901117313564,0.063153807077283,0.026594224063449204,0.007620132145813074,0.005309786629368882,46.125,5.0,5.0,6.0,False,False,False
11,100,-6,M,200,0.7668017181654793,0.022293259319470394,0.2500341660686109,0.011379185644949536,0.0861872118385572,0.006112852467727569,46.125,3.0,3.0,3.0,True,True,True
11,100,-6,P,200,0.7883849062201884,0.01211824448018705,0.25392607339756784,0.008802751069538966,0.0887482787516251,0.003932006254187149,46.125,1.0,1.0,2.0,True,True,True
11,100,-6,S,200,0.035900274090990274,0.02744977660102107,0.027260553103047393,0.02231142231760253,0.019509230069298892,0.00765838925235787,46.125,6.0,6.0,5.0,False,False,False
11,100,-6,SLTA,200,0.29975233430040515,0.018448942274843026,0.09543015618866711,0.012197680541161006,0.039493850649439166,0.003285757279448608,46.125,4.0,4.0,4.0,False,False,False
11,100,-6,Std,200,0.7847941696835871,0.02139638538119316,0.25218518330040746,0.009833141434005826,0.09040480400409008,0.005329267353657905,46.125,2.0,2.0,1.0,True,True,True
11,100,-4,K,200,0.13709534181096386,0.04743947964067724,0.06806016794787323,0.02392347778323012,0.009131069486186659,0.005396178944674468,49.99,5.0,5.0,6.0,False,False,False
11,100,-4,M,200,0.7901641843065147,0.016237633403708644,0.25276382017662025,0.009564604731722099,0.08818897186341484,0.005149431770355921,49.99,2.0,3.0,3.0,True,True,True
11,100,-4,P,200,0.7858804961139799,0.009422339334279719,0.25640516970312555,0.007297487280005776,0.09006154011934353,0.0035410993823685993,49.99,3.0,1.0,2.0,True,True,True
11,100,-4,S,200,0.0328628847330501,0.022922410796151697,0.023476836044706437,0.018199720612274515,0.023419165958889918,0.007786553717680827,49.99,6.0,6.0,5.0,False,False,False
11,100,-4,SLTA,200,0.30797571712072574,0.01784744400217224,0.08958075188183966,0.010430714871811006,0.040470362222694296,0.0031525969633770887,49.99,4.0,4.0,4.0,False,False,False
11,100,-4,Std,200,0.8074533321262922,0.01577045808829776,0.25508832661851544,0.008073632572003577,0.09232786482321513,0.004034896617987913,49.99,1.0,2.0,1.0,True,True,True
11,100,-2,K,200,0.15330002613268642,0.04431746813189458,0.07252844875826014,0.019823006569555886,0.011346790925562828,0.005641707283968236,53.315,5.0,5.0,6.0,False,False,False
11,100,-2,M,200,0.8056315760920607,0.01245176102807082,0.255506941483587,0.008031177652076926,0.09007036207059965,0.004685982036137889,53.315,2.0,3.0,3.0,True,True,True
11,100,-2,P,200,0.7833884127182794,0.007667366303290956,0.2587572895613704,0.005997307256482618,0.09204774952326623,0.0032544870772571624,53.315,3.0,1.0,2.0,True,True,True
11,100,-2,S,200,0.0295331385010417,0.020510935316517837,0.020233957169706135,0.014358894578644015,0.02769369477631886,0.007930879666935753,53.315,6.0,6.0,5.0,False,False,False
11,100,-2,SLTA,200,0.3146648364769316,0.01743213781718016,0.08527475647737667,0.009146343428558305,0.041485723868439975,0.003008661232326272,53.315,4.0,4.0,4.0,False,False,False
11,100,-2,Std,200,0.8227171725757947,0.0121786939062128,0.2577240498430402,0.006678688157780935,0.09397212032863501,0.003448835669981853,53.315,1.0,2.0,1.0,True,True,True
11,100,0,K,200,0.16758165055068466,0.04103131819348882,0.07557644934246475,0.01710751663703553,0.013663230417711478,0.0060187841022866775,56.74,5.0,5.0,6.0,False,False,False
11,100,0,M,200,0.8154035233527945,0.009845452765531693,0.2580167067884511,0.006469986267318359,0.0920762117640707,0.004187080414949287,56.74,2.0,3.0,3.0,True,True,True
11,100,0,P,200,0.7809540424217515,0.006387193374567483,0.26063205945993106,0.004858499650648169,0.09412805736944976,0.0022852982062274894,56.74,3.0,1.0,2.0,True,True,True
11,100,0,S,200,0.02822771696752283,0.020070451630767514,0.017455866413345726,0.011323952898849706,0.03180175688594414,0.007252917582214606,56.74,6.0,6.0,5.0,False,False,False
11,100,0,SLTA,200,0.3197844631146788,0.017167011241772476,0.0816992717390497,0.008180895688832839,0.04250070594566585,0.0030843548029426057,56.74,4.0,4.0,4.0,False,False,False
11,100,0,Std,200,0.8326406542311581,0.009571675208772754,0.2599511171395375,0.0053062215561803395,0.09542176101465405,0.0030114238851382345,56.74,1.0,2.0,1.0,True,True,True
11,100,2,K,200,0.18165296366483324,0.03774577761918567,0.07816724418055172,0.015244761777323554,0.01558055632099594,0.005976102748535779,59.98,5.0,5.0,6.0,False,False,False
11,100,2,M,200,0.8216378116913216,0.007583657327365657,0.26014757980668113,0.005068661813970682,0.0939867154350188,0.0036497029610600648,59.98,2.0,3.0,3.0,True,True,True
11,100,2,P,200,0.7789414051626753,0.005080228317959595,0.262221754785603,0.0038186402362163103,0.09512414809299913,0.0014968953304638573,59.98,3.0,1.0,2.0,True,True,True
11,100,2,S,200,0.02964334197791671,0.02028477630117799,0.014837910837865636,0.009184745445320877,0.035689345053375475,0.00620045037848553,59.98,6.0,6.0,5.0,False,False,False
11,100,2,SLTA,200,0.32375112533163825,0.01672095156666197,0.07892616045121137,0.006936020048514801,0.04328352350343194,0.002997283076208502,59.98,4.0,4.0,4.0,False,False,False
11,100,2,Std,200,0.839448062182393,0.007301650620386395,0.26169585500782855,0.004165499720434091,0.09657448530864154,0.0021944656994221986,59.98,1.0,2.0,1.0,True,True,True
11,100,4,K,200,0.19273222623943476,0.03429001340281774,0.07918237674061987,0.013752079451230659,0.017662607861267377,0.0059041671518231574,63.245,5.0,4.0,6.0,False,False,False
11,100,4,M,200,0.8256638335952988,0.005937197324160862,0.26183312990140295,0.003929579554214362,0.09587689101716142,0.0029166266857548473,63.245,2.0,3.0,2.0,True,True,True
11,100,4,P,200,0.777242089056462,0.004062412022833281,0.263588505725173,0.0026230152506371692,0.0953090409695916,0.0012667259970465838,63.245,3.0,1.0,3.0,True,True,True
11,100,4,S,200,0.03379269827726494,0.019662304796507334,0.013031721801222647,0.007691845958530151,0.03842401139281118,0.005651850840351601,63.245,6.0,6.0,5.0,False,False,False
11,100,4,SLTA,200,0.3274867885703487,0.016388040721396078,0.07658909216827187,0.0060012750555943776,0.04416500893976684,0.0026263482675275072,63.245,4.0,5.0,4.0,False,False,False
11,100,4,Std,200,0.8441176095193899,0.005593102678930398,0.26307516778844287,0.0031546831956418184,0.0972438958279234,0.002030589111776528,63.245,1.0,2.0,1.0,True,True,True
11,100,6,K,200,0.20214485160768575,0.03167934110949303,0.07981193999944475,0.012360758572314034,0.019638191438727307,0.005651412323799164,66.695,5.0,4.0,6.0,False,False,False
11,100,6,M,200,0.8282384060344492,0.004732324342700316,0.2631207751933155,0.002794386070992828,0.09680067503989816,0.002351351176161468,66.695,2.0,3.0,2.0,True,True,True
11,100,6,P,200,0.7758695503884584,0.0032664560525261076,0.2645186478111485,0.0014244609545826016,0.09538465632564223,0.0009582154080962716,66.695,3.0,1.0,3.0,True,True,True
11,100,6,S,200,0.03905451330263705,0.01905038754481135,0.011545010938166322,0.00634472689199827,0.04104438673956004,0.006021043345886144,66.695,6.0,6.0,5.0,False,False,False
11,100,6,SLTA,200,0.3303200660885354,0.015980701542900332,0.07463736684709738,0.005163822648061688,0.044874836753638514,0.002600771110492591,66.695,4.0,5.0,4.0,False,False,False
11,100,6,Std,200,0.8475272281147005,0.00425733619562228,0.2642030174086925,0.0018919111638281002,0.09768532813619907,0.00229704566148903,66.695,1.0,2.0,1.0,True,True,True
11,150,-10,K,200,0.1359854901785558,0.04937126050156885,0.1301125596687942,0.03103220817762893,0.012059556407716505,0.0067018579321411215,36.68,5.0,5.0,5.0,False,False,False
11,150,-10,M,200,0.7134912914731152,0.046768484046131216,0.21616899213958965,0.0017644387028915166,0.07008325659535748,0.0058680971579014845,36.68,3.0,3.0,3.0,True,True,True
11,150,-10,P,200,0.8706045948754276,0.021049049380505447,0.2171243633572304,0.0008882063738944392,0.07465032808380215,0.005333602660797048,36.68,1.0,1.0,1.0,True,True,True
11,150,-10,S,200,0.05818981517714996,0.04397596407251439,0.06941922455197581,0.031171252632680307,0.00901120479912781,0.006989515494528659,36.68,6.0,6.0,6.0,False,False,False
11,150,-10,SLTA,200,0.4079641322508452,0.035660511720987755,0.17282114549609381,0.009898057063732419,0.04637701888648875,0.004436718891038867,36.68,4.0,4.0,4.0,False,False,False
11,150,-10,Std,200,0.751662329057666,0.04305446812433625,0.2168209525876343,0.002058823317717567,0.07420027914062581,0.005454284201864124,36.68,2.0,2.0,2.0,True,True,True
11,150,-8,K,200,0.15970901543337632,0.04375735255143384,0.14562474585321536,0.023438292490145604,0.015539930408285439,0.00714909929218722,41.46,5.0,5.0,5.0,False,False,False
11,150,-8,M,200,0.779614669671258,0.030362779014158126,0.21700730588106232,0.0006395959647270593,0.07352192632829885,0.004776244717401927,41.46,3.0,3.0,3.0,True,True,True
11,150,-8,P,200,0.889199373057001,0.009926649579718312,0.217282280518476,0.00018925597803547747,0.07641542749778257,0.004362088667075294,41.46,1.0,1.0,1.0,True,True,True
11,150,-8,S,200,0.07467574388731718,0.04144649410470692,0.08430029424932087,0.02581194942278368,0.012704773965595016,0.007216280647205156,41.46,6.0,6.0,6.0,False,False,False
11,150,-8,SLTA,200,0.43732082402273215,0.029666292513652902,0.16934972873822218,0.00952143510077392,0.04834282097900866,0.002635004972229754,41.46,4.0,4.0,4.0,False,False,False
11,150,-8,Std,200,0.8157271961556961,0.02625544335423566,0.21716549912126115,0.0011428464151812367,0.07628563938162845,0.0047432325524667945,41.46,2.0,2.0,2.0,True,True,True
11,150,-6,K,200,0.17677173036158123,0.03695945296196278,0.15556759131419573,0.017231579838414595,0.01868753716980724,0.006191035703283901,45.985,5.0,5.0,5.0,False,False,False
11,150,-6,M,200,0.8262969866218256,0.019688854586675398,0.21724017847810895,0.0002422932360885027,0.0756325203535622,0.0037928958416808124,45.985,3.0,3.0,3.0,True,True,True
11,150,-6,P,200,0.8950971505173807,0.006586495269527985,0.2173098884137987,3.921939680693266e-05,0.07758238920549838,0.003960414173695436,45.985,1.0,1.0,1.0,True,True,True
11,150,-6,S,200,0.08945291171319696,0.03405741234824284,0.09640511399301896,0.01920098695202229,0.015686261899486163,0.006644134988164692,45.985,6.0,6.0,6.0,False,False,False
11,150,-6,SLTA,200,0.46005089687469736,0.026145371673425462,0.16564820017283619,0.008361401861839392,0.04934396286946291,0.001860891505545049,45.985,4.0,4.0,4.0,False,False,False
11,150,-6,Std,200,0.8590887028912235,0.016263544987679346,0.21729180524236236,0.00014532599087018652,0.07755389762617208,0.004009528932363992,45.985,2.0,2.0,2.0,True,True,True
11,150,-4,K,200,0.18797188362840012,0.03327050655506677,0.16171780215522533,0.013975428360341435,0.02086987166708266,0.005421485395258668,49.855,5.0,5.0,5.0,False,False,False
11,150,-4,M,200,0.8582950242979388,0.012928417795699526,0.21730215820310836,7.516162251445503e-05,0.07680091591208665,0.0031630961719300607,49.855,3.0,3.0,3.0,True,True,True
11,150,-4,P,200,0.896453177162859,0.004992390288694579,0.21731568607181648,1.95702288300041e-05,0.07808392734599492,0.003717921546476735,49.855,1.0,1.0,2.0,True,True,True
11,150,-4,S,200,0.09947984029841256,0.027829308132341395,0.10462370835162244,0.014482563152132536,0.017915579867658828,0.005887657320466601,49.855,6.0,6.0,6.0,False,False,False
11,150,-4,SLTA,200,0.47621986937329164,0.024211906587682852,0.16233677116835937,0.007222489544155381,0.049858634660567225,0.0015108789424507765,49.855,4.0,4.0,4.0,False,False,False
11,150,-4,Std,200,0.8875207943149437,0.010308795196793808,0.21730850801903256,3.245406937349203e-05,0.07833781970104815,0.0034105565264483787,49.855,2.0,2.0,1.0,True,True,True
11,150,-2,K,200,0.19490748351108014,0.029359963576637296,0.16533719723202636,0.01173195193108263,0.021673048632525,0.005360639316432823,53.385,5.0,4.0,5.0,False,False,False
11,150,-2,M,200,0.8797350914739457,0.008393095317201735,0.21731430567705032,2.7649137627406114e-05,0.07747287947734775,0.0027026966440138822,53.385,3.0,3.0,3.0,True,True,True
11,150,-2,P,200,0.8962301135927266,0.0039847159831951405,0.2173180327429189,1.8398556891316934e-05,0.07859204324464898,0.003393528277513274,53.385,2.0,1.0,2.0,True,True,True
11,150,-2,S,200,0.10557635770673719,0.023615494877040174,0.11001345971598928,0.011229794829750324,0.019988274017338773,0.0056453944285048425,53.385,6.0,6.0,6.0,False,False,False
11,150,-2,SLTA,200,0.4881673846540843,0.02306282716864571,0.15955762238570353,0.006270945106194092,0.04982817980413625,0.001251913425279153,53.385,4.0,5.0,4.0,False,False,False
11,150,-2,Std,200,0.9059821634081443,0.0067724606797002,0.21731540999286325,2.1616121715580537e-05,0.0792288216988777,0.002655447351390192,53.385,1.0,2.0,1.0,True,True,True
11,150,0,K,200,0.19972702491935423,0.026140794342568684,0.16796201787982856,0.010080303146629185,0.022347396490598095,0.004559397262285958,56.72,5.0,4.0,5.0,False,False,False
11,150,0,M,200,0.89355879905841,0.005686790426319216,0.21731761862448903,1.47593579736101e-05,0.07771900482525117,0.0024848463462638524,56.72,3.0,3.0,3.0,True,True,True
11,150,0,P,200,0.895557178476967,0.003282344207122323,0.2173214837298342,1.4743779440312026e-05,0.07894004386745411,0.003035021618338943,56.72,2.0,1.0,2.0,True,True,True
11,150,0,S,200,0.1092965756586169,0.020173536487116565,0.1137264455579342,0.008899013449226532,0.021188184319900428,0.00519703766422834,56.72,6.0,6.0,6.0,False,False,False
11,150,0,SLTA,200,0.4967976836236964,0.022706456957629927,0.15726948002136126,0.00558244765970696,0.050040346569302126,0.0011566938440976714,56.72,4.0,5.0,4.0,False,False,False
11,150,0,Std,200,0.9177794078935791,0.004736427219800196,0.2173181707823955,1.9976996840294723e-05,0.07980478261977439,0.0019007039562930121,56.72,1.0,2.0,1.0,True,True,True
11,150,2,K,200,0.20121701005441806,0.02429814740942217,0.16942951555570468,0.009355384419489993,0.02276272374493259,0.0043931196532545035,59.99,5.0,4.0,5.0,False,False,False
11,150,2,M,200,0.9023806526010776,0.004103034785986025,0.21731872294030194,1.3467583655453417e-05,0.07778651484106218,0.0023415547830475656,59.99,2.0,3.0,3.0,True,True,True
11,150,2,P,200,0.8947870053674015,0.002789981841380207,0.21732396844041324,1.196777815672019e-05,0.07915060305148708,0.0026304757134561372,59.99,3.0,1.0,2.0,True,True,True
11,150,2,S,200,0.11165727956586491,0.017440445087561242,0.11620011297884478,0.007307750793814578,0.022140919438023276,0.005302096116312481,59.99,6.0,6.0,6.0,False,False,False
11,150,2,SLTA,200,0.5030457143349376,0.022070741484490314,0.15542554869276062,0.0049759894925324785,0.050001913120401226,0.0010421749437236698,59.99,4.0,5.0,4.0,False,False,False
11,150,2,Std,200,0.9252810602603355,0.00348795220788252,0.2173214837298342,1.6227772275881573e-05,0.08018497235914995,0.00101808018076838,59.99,1.0,2.0,1.0,True,True,True
11,150,4,K,200,0.20107383746296062,0.02192738158228981,0.17030827486382502,0.008512617838761411,0.022917912783101055,0.003775946060178491,63.345,5.0,4.0,6.0,False,False,False
11,150,4,M,200,0.907899892224131,0.0029209540527719157,0.21732079353245115,1.2800506413465901e-05,0.07777312456925427,0.0022560777546271255,63.345,2.0,3.0,3.0,True,True,True
11,150,4,P,200,0.8940080046592347,0.0022331896337757415,0.2173253488351794,9.745156495031004e-06,0.0791904756364321,0.002545014693968271,63.345,3.0,1.0,2.0,True,True,True
11,150,4,S,200,0.11340430923432891,0.01516706542659921,0.11811803346691015,0.005948568156692082,0.023200472694398958,0.004930321208026807,63.345,6.0,6.0,5.0,False,False,False
11,150,4,SLTA,200,0.507903711732397,0.021692979440942756,0.153841131580193,0.004208762024908707,0.04982659572972414,0.001095667829878257,63.345,4.0,5.0,4.0,False,False,False
11,150,4,Std,200,0.9300409465693109,0.0025323336419193153,0.21732369236146,1.3920683566073352e-05,0.08032723210096276,0.0005133918051945144,63.345,1.0,2.0,1.0,True,True,True
11,150,6,K,200,0.19748434117389346,0.02020666999036462,0.16979725272140256,0.007951791850024086,0.022881073553536843,0.003444083955150433,67.18,5.0,4.0,6.0,False,False,False
11,150,6,M,200,0.9113952876461879,0.0021752053276129224,0.2173225880456471,1.1903598698715962e-05,0.07775762630041362,0.002200309708366041,67.18,2.0,3.0,3.0,True,True,True
11,150,6,P,200,0.8932917514628143,0.0017858927232104053,0.21732631511151568,8.659904548660903e-06,0.07916255002600776,0.002458271085784425,67.18,3.0,1.5,2.0,True,True,True
11,150,6,S,200,0.11439897841206177,0.013729672962407083,0.11920937356901501,0.00508029922746583,0.023819013236516265,0.004245322503208599,67.18,6.0,6.0,5.0,False,False,False
11,150,6,SLTA,200,0.5127676162282295,0.02117185487893812,0.1523138628109433,0.0035017400214374184,0.04992113021311431,0.001119413539709299,67.18,4.0,5.0,4.0,False,False,False
11,150,6,Std,200,0.9330901785695161,0.0018975377717069311,0.21732631511151568,9.503392398312735e-06,0.08038152962258882,0.0002975777312791013,67.18,1.0,1.5,1.0,True,True,True
11,200,-10,K,200,0.21334538765439232,0.0708715572189296,0.15598306063839132,0.024173456731976378,0.022462623018374428,0.010078758073467042,36.64,5.0,5.0,5.0,False,False,False
11,200,-10,M,200,0.676110159061116,0.060770199435640423,0.18843423606051077,0.0004971770890519814,0.06007087913300103,0.002283043883816562,36.64,3.0,3.0,2.0,True,True,True
11,200,-10,P,200,0.9085748393155545,0.029991567108099953,0.18856976478278895,7.770581010477354e-05,0.05913808900407633,0.0009001802108320949,36.64,1.0,2.0,3.0,True,True,True
11,200,-10,S,200,0.12697356228225226,0.05059914018274609,0.12370320497436305,0.026299547976244845,0.016500000112460677,0.008421013752986432,36.64,6.0,6.0,6.0,False,False,False
11,200,-10,SLTA,200,0.48379831431627385,0.043226216765577516,0.18247463091948554,0.00403264711498705,0.054342417629133354,0.0038233664084316,36.64,4.0,4.0,4.0,False,False,False
11,200,-10,Std,200,0.7464538243239912,0.04989108783016117,0.18857071921041066,8.164139282724243e-05,0.06107192207520185,0.001762010795632308,36.64,2.0,1.0,1.0,True,True,True
11,200,-8,K,200,0.24501346193031434,0.060517088924101535,0.16752765807893324,0.013546434854680281,0.026965944422157034,0.008837577838691742,41.61,5.0,5.0,5.0,False,False,False
11,200,-8,M,200,0.7591724131703809,0.04139450872518822,0.1885694466402484,8.896107105043508e-05,0.0610160981914544,0.0016706548642291049,41.61,3.0,3.0,2.0,True,True,True
11,200,-8,P,200,0.9430068467988805,0.010217180286884599,0.18858567190981693,2.1769906295462486e-05,0.05894779203532237,0.0003926536427572998,41.61,1.0,2.0,3.0,True,True,True
11,200,-8,S,200,0.1515158191665044,0.04354075237862804,0.13762448626415247,0.016702531321443944,0.021255160502010772,0.008036338271778406,41.61,6.0,6.0,6.0,False,False,False
11,200,-8,SLTA,200,0.52623196834969,0.033454318838026395,0.1826574038090368,0.003569984931671425,0.0568543752394245,0.002276940081128028,41.61,4.0,4.0,4.0,False,False,False
11,200,-8,Std,200,0.8239612971891845,0.029209430997601885,0.18858805797887113,1.9368274889585478e-05,0.06120458646492757,0.0018141772070719572,41.61,2.0,1.0,1.0,True,True,True
11,200,-6,K,200,0.2695671840825412,0.050539600827076814,0.17381797239086974,0.00806574207851566,0.03109909276414247,0.007294819089001369,46.35,5.0,5.0,5.0,False,False,False
11,200,-6,M,200,0.8230742371796063,0.026881930559516067,0.18858885333522252,1.6993893833503813e-05,0.06100937542844564,0.0016347016453491553,46.35,3.0,2.0,1.0,True,True,True
11,200,-6,P,200,0.9572320390794887,0.0042798658416895695,0.18858805797887113,1.9368274889583896e-05,0.05886674221950073,0.00032052441674676593,46.35,1.0,3.0,3.0,True,True,True
11,200,-6,S,200,0.17211111802830037,0.03742239371138182,0.14578166100409035,0.011198369415413925,0.02592989465000346,0.007832068255265215,46.35,6.0,6.0,6.0,False,False,False
11,200,-6,SLTA,200,0.5574247757693266,0.02928785682597817,0.18222759323674131,0.0032761844399746996,0.0578420855318369,0.001317157022872831,46.35,4.0,4.0,4.0,False,False,False
11,200,-6,Std,200,0.8766713809450423,0.017017907247004704,0.18858980776284417,1.6399889803656893e-05,0.06096231191628119,0.0018306198735344261,46.35,2.0,1.0,2.0,True,True,True
11,200,-4,K,200,0.2857872616928649,0.04389196836983281,0.1770285078389229,0.005664004697847441,0.034031952695226186,0.006525360364592286,50.7,5.0,5.0,5.0,False,False,False
11,200,-4,M,200,0.8701772122605201,0.016828510461973475,0.18859092126173616,1.4241166194318901e-05,0.060841974173019626,0.001670276103406105,50.7,3.0,2.0,1.0,True,True,True
11,200,-4,P,200,0.9632912047874091,0.0025175194190717996,0.1885906031191956,1.5519514360881278e-05,0.058840075552834055,0.0003176547223213334,50.7,1.0,3.0,3.0,True,True,True
11,200,-4,S,200,0.18780193169782602,0.032103568244479096,0.15019811575213315,0.008098467969741615,0.02982803739664624,0.006693334503457323,50.7,6.0,6.0,6.0,False,False,False
11,200,-4,SLTA,200,0.5799291059573289,0.026803032018918798,0.18181321257766295,0.0028399994569925477,0.05830242988595621,0.0007593878016731626,50.7,4.0,4.0,4.0,False,False,False
11,200,-4,Std,200,0.9108471485392191,0.009971969209691326,0.1885920347606281,1.2014381056285652e-05,0.060828975242460614,0.0018836424688895832,50.7,2.0,1.0,2.0,True,True,True
11,200,-2,K,200,0.2951181798031401,0.04006946767140909,0.17851041579284765,0.0046986834638050815,0.03579148659545619,0.005666583671833829,53.995,5.0,5.0,5.0,False,False,False
11,200,-2,M,200,0.9027315404200241,0.010339600827138857,0.18859251197443894,1.005422906034237e-05,0.0607147074476164,0.001724237900269426,53.995,3.0,3.0,2.0,True,True,True
11,200,-2,P,200,0.9659469128513141,0.0018073147761616508,0.1885929891882498,1.0403537057225736e-05,0.058841742219500726,0.00031691121651227514,53.995,1.0,2.0,3.0,True,True,True
11,200,-2,S,200,0.19906696214106126,0.028690955558638803,0.15281563350458394,0.006341591118351773,0.032818227575982156,0.006450398867608736,53.995,6.0,6.0,6.0,False,False,False
11,200,-2,SLTA,200,0.5959639099125653,0.025280174370003954,0.1814535524355608,0.0024942093569410976,0.058455182945441414,0.0005017751827289886,53.995,4.0,4.0,4.0,False,False,False
11,200,-2,Std,200,0.9324413639109456,0.006049375554790786,0.18859394361587145,6.306647873262297e-06,0.06080541243724454,0.0018828661283082416,53.995,2.0,1.0,1.0,True,True,True
11,200,0,K,200,0.3000394605097755,0.036681078477850806,0.1791533818673178,0.004085083431676618,0.03663805455206006,0.00533596569575275,56.855,5.0,5.0,5.0,False,False,False
11,200,0,M,200,0.9243024436256949,0.006397835438164879,0.188594261758412,4.465172487713745e-06,0.06065931590559352,0.0017591407246722824,56.855,3.0,3.0,2.0,True,True,True
11,200,0,P,200,0.9671554686935011,0.0013723134609395626,0.18859442082968228,5.020153955388702e-06,0.05883174221950073,0.0003088088822229528,56.855,1.0,2.0,3.0,True,True,True
11,200,0,S,200,0.2070455849769251,0.025336659679422217,0.15422898174101818,0.005068361453553256,0.0348609054595199,0.005719602517709881,56.855,6.0,6.0,6.0,False,False,False
11,200,0,SLTA,200,0.6073450232062568,0.024311594903386382,0.18116992836065227,0.0021307296849667682,0.05850210531473877,0.0004005404234352298,56.855,4.0,4.0,4.0,False,False,False
11,200,0,Std,200,0.9458393788456547,0.0038944081191687836,0.18859457990095257,3.173421806988092e-06,0.06079905370103672,0.001897305799086238,56.855,2.0,1.0,1.0,True,True,True
11,200,2,K,200,0.3028553704274219,0.03388237795763202,0.17959241857328948,0.0037236699630398343,0.03759407991870109,0.00477044480122703,59.255,5.0,5.0,5.0,False,False,False
11,200,2,M,200,0.938253614245083,0.0040077723083637535,0.18859489804349314,0.0,0.06073234802423324,0.0018042596642680077,59.255,3.0,2.0,2.0,True,True,True
11,200,2,P,200,0.9677470114650442,0.001061686700576656,0.18859489804349314,0.0,0.0588184088861674,0.0002958818406924828,59.255,1.0,2.0,3.0,True,True,True
11,200,2,S,200,0.2124647806923991,0.022302541986614587,0.15526453571053836,0.00404760948151041,0.036377044936531315,0.005125278212242162,59.255,6.0,6.0,6.0,False,False,False
11,200,2,SLTA,200,0.6141023313168408,0.024009185512630326,0.18102676421740063,0.0017614322603497936,0.058527825552834006,0.00040420485840724597,59.255,4.0,4.0,4.0,False,False,False
11,200,2,Std,200,0.9540385977525762,0.0026921644115244113,0.18859489804349314,0.0,0.06108725753708726,0.0019369090543632137,59.255,2.0,2.0,1.0,True,True,True
11,200,4,K,200,0.3047432727061181,0.03139595543537659,0.17994317072425597,0.0034110981096110793,0.03854923072151662,0.0044219061816753984,61.735,5.0,5.0,5.0,False,False,False
11,200,4,M,200,0.9470695907854172,0.002584172116233866,0.18859489804349314,0.0,0.0607944204361535,0.0018581509596558286,61.735,3.0,2.0,2.0,True,True,True
11,200,4,P,200,0.9680756919075462,0.0008579990337620944,0.18859489804349314,0.0,0.0588184088861674,0.000290165435397601,61.735,1.0,2.0,3.0,True,True,True
11,200,4,S,200,0.21654335494076676,0.020200604950913775,0.15606005113320665,0.00338689961836038,0.037254398996490516,0.004866468289243266,61.735,6.0,6.0,6.0,False,False,False
11,200,4,SLTA,200,0.6181174885891797,0.02356425095542543,0.1809255948895028,0.0014675200620356298,0.058532825552834004,0.00041665620589884225,61.735,4.0,4.0,4.0,False,False,False
11,200,4,Std,200,0.9590936410148565,0.0019946101035469422,0.18859489804349314,0.0,0.0614869924267404,0.0018882080572562227,61.735,2.0,2.0,1.0,True,True,True
11,200,6,K,200,0.3055294560660556,0.029840194608651276,0.18018511812635127,0.0032362057700824395,0.03965361427334084,0.004204469532178124,64.335,5.0,5.0,5.0,False,False,False
11,200,6,M,200,0.9526879284380647,0.0017230394956979647,0.18859489804349314,0.0,0.06081146783846309,0.0018979321514018708,64.335,3.0,2.0,2.0,True,True,True
11,200,6,P,200,0.9682633106200325,0.0006880739335761234,0.18859489804349314,0.0,0.05882007555283406,0.000277662734412636,64.335,1.0,2.0,3.0,True,True,True
11,200,6,S,200,0.21914434898197543,0.018579900763233147,0.15656351170364158,0.0029780275335144183,0.03783537516272524,0.004523442190300882,64.335,6.0,6.0,6.0,False,False,False
11,200,6,SLTA,200,0.6206414206875059,0.02317992658761445,0.1808180627107938,0.0012385657870687386,0.05845174221950068,0.00041937644813277053,64.335,4.0,4.0,4.0,False,False,False
11,200,6,Std,200,0.9622014957034388,0.001505694302326534,0.18859489804349314,0.0,0.06213833239040149,0.0017976856617120671,64.335,2.0,2.0,1.0,True,True,True
11,250,-10,K,200,0.2698997606321037,0.07552277376120001,0.15310132879600355,0.012709905941312312,0.027840681334814113,0.00879036007007975,36.075,5.0,5.0,5.0,False,False,False
11,250,-10,M,200,0.5854090105073052,0.05687994500023133,0.16349945734770555,7.485315841406977e-05,0.04758296235507834,0.0013912235681484248,36.075,3.0,3.0,3.0,True,True,True
11,250,-10,P,200,0.8529814018438348,0.029302076765846174,0.1635152298723183,3.8872724798684385e-05,0.047788703593952854,0.00030301410844588963,36.075,1.0,2.0,1.0,True,True,True
11,250,-10,S,200,0.1871613042178761,0.05604268076562654,0.14663936214243595,0.019950971262673246,0.02449842383107021,0.010004619032998513,36.075,6.0,6.0,6.0,False,False,False
11,250,-10,SLTA,200,0.48483044164617484,0.038927253447094044,0.16346571148109215,0.0002374023824401451,0.0470290035115538,0.0017738748969261346,36.075,4.0,4.0,4.0,False,False,False
11,250,-10,Std,200,0.6817374513118379,0.04491293121299558,0.1635183476969511,3.760454563460058e-05,0.04778420504475897,0.00026874369647971954,36.075,2.0,1.0,2.0,True,True,True
11,250,-8,K,200,0.3092335139754539,0.06318917134097002,0.15786591503920705,0.005746158763299318,0.032503444288899105,0.007392618700412655,40.45,5.0,5.0,5.0,False,False,False
11,250,-8,M,200,0.6649588352778961,0.04478760923985708,0.16351633028101226,4.136846923479206e-05,0.0478153385788614,0.0007706689412955491,40.45,3.0,3.0,1.0,True,True,True
11,250,-8,P,200,0.8898885548449743,0.011208361866564948,0.16351798089405312,2.9972837474641427e-05,0.04773842329872722,0.0001760581703707686,40.45,1.0,2.0,3.0,True,True,True
11,250,-8,S,200,0.2140862581947333,0.04574055191281801,0.1550712437595606,0.010015194196468354,0.029487115510311437,0.008298504255535416,40.45,6.0,6.0,6.0,False,False,False
11,250,-8,SLTA,200,0.5261917733389638,0.029498720521302285,0.16351137844188962,6.191499391297063e-05,0.047649795371644904,0.000824769850211857,40.45,4.0,4.0,4.0,False,False,False
11,250,-8,Std,200,0.7547956865455953,0.028188173332324616,0.16351816429550212,2.7397241093661608e-05,0.04775946821214713,0.00016964016057022466,40.45,2.0,1.0,2.0,True,True,True
11,250,-6,K,200,0.33276062767122466,0.052523598181034976,0.15964619290451273,0.002681949696108137,0.03574542309520964,0.005940742617224744,43.61,5.0,5.0,5.0,False,False,False
11,250,-6,M,200,0.7350038626868438,0.03229305955617435,0.16352531695201253,3.172613056965273e-05,0.047832108951825436,0.0004354091741758809,43.61,3.0,1.0,1.0,True,True,True
11,250,-6,P,200,0.9058374591038674,0.004549190336625042,0.1635245833462166,2.5182338875074405e-05,0.04773698155991049,0.00012499022854045054,43.61,1.0,2.0,4.0,True,True,False
11,250,-6,S,200,0.23022489305760085,0.03659047280390947,0.15875651247548236,0.0045473489995285984,0.03337949686104176,0.006350109951795319,43.61,6.0,6.0,6.0,False,False,False
11,250,-6,SLTA,200,0.5533982272244181,0.025215176119006824,0.16352256593027775,2.6707451587391834e-05,0.04777388538580138,0.00037460484814918994,43.61,4.0,3.0,2.0,False,True,True
11,250,-6,Std,200,0.8050400521574949,0.01693019099520337,0.163519448105645,2.463403451775726e-05,0.047739898226577156,0.00012545214151284307,43.61,2.0,4.0,3.0,True,False,True
11,250,-4,K,200,0.34973929940225545,0.047147972489707445,0.16036072494976164,0.001733532897591194,0.03849887573351685,0.0046794308667773305,46.435,5.0,5.0,5.0,False,False,False
11,250,-4,M,200,0.7903956550284277,0.02316666398871315,0.1635337534186659,2.8813536233113784e-05,0.047837921494975434,0.00031437062334780194,46.435,3.0,1.0,1.0,True,True,True
11,250,-4,P,200,0.9125267986972166,0.0022537449957546188,0.16352880157954328,2.330333454037755e-05,0.047730314893243815,0.00012122582532549777,46.435,1.0,2.0,4.0,True,True,False
11,250,-4,S,200,0.24214774963243524,0.03232959297064184,0.16033761636718943,0.0026010629404571595,0.03630687234748246,0.005324284126098946,46.435,6.0,6.0,6.0,False,False,False
11,250,-4,SLTA,200,0.5716844131361728,0.023261918852320013,0.16352733436795142,2.347676785247298e-05,0.047807374501707,0.0002574545224786246,46.435,4.0,3.0,2.0,False,True,True
11,250,-4,Std,200,0.8381620082903878,0.010136337086910153,0.1635209153172369,2.2667244526634318e-05,0.04773698155991049,0.00011691168337056674,46.435,2.0,4.0,3.0,True,False,True
11,250,-2,K,200,0.36141921445312425,0.04194039074458826,0.16067122360289468,0.0012559735304226748,0.03965832945594877,0.004076253382650215,48.845,5.0,6.0,5.0,False,False,False
11,250,-2,M,200,0.8326943885044998,0.014673837704451612,0.16354127287807432,2.4012081893066777e-05,0.0478012508600548,0.00027718209717256123,48.845,3.0,1.0,1.0,True,True,True
11,250,-2,P,200,0.9153501597199124,0.001355246638903146,0.16353540403170677,1.801469189091794e-05,0.04772073155991048,0.00010923874319614253,48.845,1.0,2.0,3.0,True,True,True
11,250,-2,S,200,0.25058209853347035,0.028759741425047062,0.1611522856035846,0.001818623483444287,0.038816374609915015,0.004668224280166721,48.845,6.0,5.0,6.0,False,False,False
11,250,-2,SLTA,200,0.5843435468403976,0.02227179819385413,0.16353301981286997,1.972639608889384e-05,0.04775119725189824,0.00019336232354164612,48.845,4.0,3.0,2.0,False,True,True
11,250,-2,Std,200,0.85942010911923,0.005911526857043336,0.1635232995360737,2.3113979974486834e-05,0.04771948155991049,0.0001085248275324702,48.845,2.0,4.0,4.0,True,False,False
11,250,0,K,200,0.3692527355660175,0.03680492252483402,0.1608395861330637,0.0010051306011015586,0.04082723931303572,0.003615397881012549,51.11,5.0,6.0,5.0,False,False,False
11,250,0,M,200,0.862564588080533,0.009320734386165933,0.16354475750560507,1.8785409688136877e-05,0.04777901889757283,0.0002665830440671467,51.11,3.0,1.0,1.0,True,True,True
11,250,0,P,200,0.9165208156334207,0.000957724679183966,0.16353742144764563,1.2359827024037123e-05,0.047704481559910486,9.832133759837473e-05,51.11,1.0,2.0,3.0,True,True,True
11,250,0,S,200,0.2566579105956864,0.02478811021122242,0.16166324204045918,0.0013697734093269895,0.040083141264914274,0.004116738628800576,51.11,6.0,5.0,6.0,False,False,False
11,250,0,SLTA,200,0.5929876926880921,0.021262125948861618,0.16353595423605374,1.5504457021256474e-05,0.04771084225477119,0.00012760459777137888,51.11,4.0,3.0,2.0,False,True,True
11,250,0,Std,200,0.8726315153972312,0.0035481091640689895,0.16352495014911458,2.0696488553943703e-05,0.04770323155991049,9.73179914367543e-05,51.11,2.0,4.0,4.0,True,False,False
11,250,2,K,200,0.374210405880068,0.0328142942060623,0.16090010861122903,0.0008205357422602118,0.042069141343668195,0.003120213824581918,53.325,5.0,6.0,5.0,False,False,False
11,250,2,M,200,0.8825306992517287,0.005996177151650676,0.1635467749215439,1.668589057358501e-05,0.04778422867390761,0.00027657175037450014,53.325,2.0,1.0,1.0,True,True,True
11,250,2,P,200,0.9169731044250379,0.0007201017099660249,0.1635392554621355,7.798423277735697e-06,0.04769073155991049,8.564527462344335e-05,53.325,1.0,2.0,3.0,True,True,True
11,250,2,S,200,0.26089683118592977,0.021764464712568713,0.16192220488642722,0.0011460018081454997,0.04095277734036046,0.0037851814403024567,53.325,6.0,5.0,6.0,False,False,False
11,250,2,SLTA,200,0.598669381556002,0.020825975138316417,0.16353852185633955,1.0055401790715046e-05,0.047697478313157245,0.00011361373470800034,53.325,4.0,3.0,2.0,False,True,True
11,250,2,Std,200,0.8806763437486811,0.0022953351469693992,0.1635286181780943,1.924057787836937e-05,0.04768448155991049,7.841873173825142e-05,53.325,3.0,4.0,4.0,True,False,False
11,250,4,K,200,0.37731183597586077,0.029817167796337495,0.16091679814308674,0.0007013978703672372,0.042667436763203934,0.0030825743989516628,55.755,5.0,6.0,5.0,False,False,False
11,250,4,M,200,0.8956945730051561,0.0040238950788008395,0.1635464081186459,1.470893433540066e-05,0.04774404252672146,0.00023300332282987114,55.755,2.0,1.0,1.0,True,True,True
11,250,4,P,200,0.9171369639726789,0.0005536046428121799,0.16353943886358446,3.6588012192322707e-06,0.047676981559910486,6.799349658524891e-05,55.755,1.0,2.5,3.0,True,True,True
11,250,4,S,200,0.2640670192646193,0.01951622286110884,0.16209295163543302,0.0009697962874109555,0.04165738990955767,0.003430284380648292,55.755,6.0,5.0,6.0,False,False,False
11,250,4,SLTA,200,0.6027431315685261,0.02042696466667983,0.16353943886358446,3.6588012192322707e-06,0.04768978982109376,0.0001237572890458716,55.755,4.0,2.5,2.0,False,True,True
11,250,4,Std,200,0.8855904890727926,0.0015669161546438934,0.16353136919982908,1.6275653516942116e-05,0.04767448155991049,6.394682149957472e-05,55.755,3.0,4.0,4.0,True,False,False
11,250,6,K,200,0.37915656651021656,0.02766620671942456,0.160926151616985,0.0006289034628121807,0.04283294398922955,0.003011553985106023,58.255,5.0,6.0,5.0,False,False,False
11,250,6,M,200,0.9042164374760528,0.0029117286397579672,0.16354365709691113,1.2161306969451366e-05,0.04770828621359015,0.00017722397669419352,58.255,2.0,1.0,1.0,True,True,True
11,250,6,P,200,0.917182115285773,0.000441250501098006,0.1635390720606865,0.0,0.04766698155991049,4.9112730544197415e-05,58.255,1.0,2.5,3.0,True,True,True
11,250,6,S,200,0.2663171462599513,0.018070157858758706,0.1621879535860077,0.0008960368541160967,0.04211656037387688,0.003370114903112458,58.255,6.0,5.0,6.0,False,False,False
11,250,6,SLTA,200,0.605530993290805,0.0203958840178789,0.1635390720606865,0.0,0.047674857101036035,9.312977305859484e-05,58.255,4.0,2.5,2.0,False,True,True
11,250,6,Std,200,0.8885268324756194,0.0011265615122238368,0.16353393682011488,1.275952365237603e-05,0.047665731559910496,4.6060234759824525e-05,58.255,3.0,4.0,4.0,True,False,False
11,300,-10,K,200,0.2656266153313384,0.06989538681456549,0.14678577054046896,0.006954623010963196,0.027783666302577396,0.0068771253203575205,32.245,5.0,6.0,6.0,False,False,False
11,300,-10,M,200,0.5556361771053737,0.0628619764762519,0.1542364666208988,0.00010233373075693107,0.043177305497695134,0.0015972050001622938,32.245,3.0,4.0,2.0,True,False,True
11,300,-10,P,200,0.8072773844000882,0.03366391379729432,0.1542609646169358,7.400435951901995e-05,0.04232046429282836,0.000557219809489705,32.245,1.0,2.0,4.0,True,True,False
11,300,-10,S,200,0.20861693356090347,0.0479973999962054,0.14777307866646835,0.006852915479058178,0.02821864439269672,0.0075395438792963615,32.245,6.0,5.0,5.0,False,False,False
11,300,-10,SLTA,200,0.46705036950794243,0.036851277574414885,0.15425240976117685,8.603546382503994e-05,0.04361801438132584,0.0016061266476010848,32.245,4.0,3.0,1.0,False,True,True
11,300,-10,Std,200,0.6341073326936109,0.04503311957762994,0.15426310333087556,7.357314676953276e-05,0.04233327381663789,0.0005267542952577861,32.245,2.0,1.0,3.0,True,True,True
11,300,-8,K,200,0.30291027801931386,0.06371217752799235,0.14990790403540757,0.0037621260448545044,0.031542465662745586,0.006063288694871297,35.52,5.0,6.0,6.0,False,False,False
11,300,-8,M,200,0.6289426172153283,0.049076725780541605,0.15425979804569595,7.193420264321982e-05,0.042910977848251805,0.0010819287364979345,35.52,3.0,4.0,2.0,True,False,True
11,300,-8,P,200,0.8465541719342522,0.014875056436910419,0.15427768547137377,4.160039289981297e-05,0.04236353373727281,0.0004998330284919143,35.52,1.0,2.0,4.0,True,True,False
11,300,-8,S,200,0.23305588397092322,0.04081256202481663,0.15089268459038727,0.003052566417950124,0.03246060876416154,0.0060988966314303,35.52,6.0,5.0,5.0,False,False,False
11,300,-8,SLTA,200,0.5001382655595649,0.02996446951827487,0.15427301918641434,5.6168073693128546e-05,0.043255578549558645,0.0011387089052168164,35.52,4.0,3.0,1.0,False,True,True
11,300,-8,Std,200,0.7023785873239428,0.028959018463544935,0.1542798241853135,3.818770771633945e-05,0.04240410516584423,0.00044099001057443645,35.52,2.0,1.0,3.0,True,True,True
11,300,-6,K,200,0.3321327098021435,0.056595308645574556,0.15128834666923893,0.0023272049845018314,0.03476563231092018,0.005429384662330689,38.39,5.0,6.0,6.0,False,False,False
11,300,-6,M,200,0.6931148319512255,0.03765141651828304,0.15427379690057422,4.2198846937253644e-05,0.04269278968965376,0.0007342065120903214,38.39,3.0,4.0,2.0,True,False,True
11,300,-6,P,200,0.8648138008634666,0.007614013954318762,0.15428487932735288,2.988012470621036e-05,0.04238989286425692,0.00035077984141941766,38.39,1.0,2.0,4.0,True,True,False
11,300,-6,S,200,0.25100654438832587,0.036859432870100836,0.1520090932669309,0.0018904360261040685,0.035247933664071675,0.00516273802031594,38.39,6.0,5.0,5.0,False,False,False
11,300,-6,SLTA,200,0.5253178029130449,0.02574181569471916,0.15428254618487316,3.098864935831965e-05,0.042806884927749,0.0008065388415518394,38.39,4.0,3.0,1.0,False,True,True
11,300,-6,Std,200,0.7533330157545002,0.01836299288690017,0.1542872124698326,2.8000206494176948e-05,0.04243708730870137,0.0003453356340830067,38.39,2.0,1.0,3.0,True,True,True
11,300,-4,K,200,0.3538626112888995,0.0515932974328512,0.15181116501323508,0.0015812487583562373,0.037320323577198916,0.004871430523212117,40.98,5.0,6.0,6.0,False,False,False
11,300,-4,M,200,0.7468946222702624,0.026899386994256938,0.15428293504195312,3.019632530765286e-05,0.042523492070606135,0.0005501808574067894,40.98,3.0,4.0,2.0,True,False,True
11,300,-4,P,200,0.872644667321878,0.0047782174335613235,0.1542905177550122,2.215454951780138e-05,0.04237300397536803,0.0003137203030273235,40.98,1.0,2.0,4.0,True,True,False
11,300,-4,S,200,0.2641135309915192,0.03330931739820215,0.15253988318106607,0.0012936605118133398,0.03768830987554828,0.004312465396046824,40.98,6.0,5.0,5.0,False,False,False
11,300,-4,SLTA,200,0.5432761577749414,0.02302447605424395,0.1542895456123123,2.296707967758334e-05,0.0425357202452093,0.0005358110267445301,40.98,4.0,3.0,1.0,False,True,True
11,300,-4,Std,200,0.7891599434532847,0.011164612517203399,0.15429187875479203,2.0297531731363566e-05,0.04242325397536804,0.00031433177818723,40.98,2.0,1.0,3.0,True,True,True
11,300,-2,K,200,0.37300456847462676,0.04593637076938249,0.15211933424909743,0.0009728798028869519,0.039298640237798416,0.004091328539219805,43.825,5.0,6.0,6.0,False,False,False
11,300,-2,M,200,0.7886175861112815,0.018623500738351503,0.1542862403271327,2.6318050752513145e-05,0.042395966276955334,0.00043382993320070394,43.825,3.0,4.0,3.0,True,False,True
11,300,-2,P,200,0.8754344835415451,0.003614605378770086,0.1542936286116518,1.7837783249288638e-05,0.042343753975368034,0.00032006572991881335,43.825,1.0,2.0,4.0,True,True,False
11,300,-2,S,200,0.2755347125971614,0.029815985675147365,0.15288985455302329,0.0008930699343162227,0.03944615039942042,0.0031049659516173534,43.825,6.0,5.0,5.0,False,False,False
11,300,-2,SLTA,200,0.5563121396662024,0.021556084746322094,0.15429304532603189,1.911374122306312e-05,0.04240090873727279,0.0003929119410839128,43.825,4.0,3.0,1.0,False,True,True
11,300,-2,Std,200,0.8128299076995841,0.006883558516193329,0.15429479518289166,1.5881803154059748e-05,0.04239608730870136,0.00030992961323361696,43.825,2.0,1.0,2.0,True,True,True
11,300,0,K,200,0.384980480145781,0.04034801234688335,0.15217727395401034,0.0007636521716937457,0.04119267612266519,0.0034731511122684466,46.065,5.0,6.0,5.0,False,False,False
11,300,0,M,200,0.8211737097710671,0.011843327013199298,0.15429168432625207,2.004419700577966e-05,0.04229625397536803,0.0003442156100713717,46.065,3.0,4.0,4.0,True,False,False
11,300,0,P,200,0.8764216392762724,0.002812537753128654,0.1542969338968314,1.0915320736430456e-05,0.042304003975368036,0.00030838268652959424,46.065,1.0,2.0,3.0,True,True,True
11,300,0,S,200,0.2827442682398119,0.026181054635627327,0.1530453973850043,0.0006885649185243505,0.0404651486362627,0.0024116452505174293,46.065,6.0,5.0,6.0,False,False,False
11,300,0,SLTA,200,0.5651073579330734,0.02129651152439712,0.1542961561826715,1.330010165542443e-05,0.04230756548330454,0.00031229887130749883,46.065,4.0,3.0,2.0,False,True,True
11,300,0,Std,200,0.8283286602360106,0.004140593592830796,0.15429732275391136,9.477029023665755e-06,0.0423839206420347,0.00031066039777718243,46.065,2.0,1.0,1.0,True,True,True
11,300,2,K,200,0.39400082069889764,0.036131421144360736,0.15221265994828603,0.0006192215273659136,0.042551144792883855,0.003030035473522128,48.43,5.0,6.0,1.0,False,False,True
11,300,2,M,200,0.844120900061486,0.007966064141353792,0.15429401746873178,1.6620555959194355e-05,0.042206414689653735,0.0002857521945858661,48.43,2.0,4.0,5.0,True,False,False
11,300,2,P,200,0.8765179250927336,0.0022738470775155403,0.15429751718245133,8.211975656019156e-06,0.042269170642034705,0.0002886361463125066,48.43,1.0,2.0,3.0,True,True,True
11,300,2,S,200,0.28777771777440997,0.02324958036862066,0.15312277994391485,0.0005897306706585198,0.04104304167378074,0.0018838834517069757,48.43,6.0,5.0,6.0,False,False,False
11,300,2,SLTA,200,0.5713181740360629,0.02119468804419058,0.15429732275391136,9.477029023665755e-06,0.0422636706420347,0.0002892017040547146,48.43,4.0,3.0,4.0,False,True,False
11,300,2,Std,200,0.8379758314077783,0.0025698288822993774,0.15429829489661123,2.7496347814626665e-06,0.042359003975368036,0.00030566436187709153,48.43,3.0,1.0,2.0,True,True,True
11,300,4,K,200,0.401712859525133,0.03221195841817613,0.1522365746587031,0.00046124722169962786,0.04352003373727281,0.0025085464675988697,50.915,5.0,6.0,1.0,False,False,True
11,300,4,M,200,0.8598025553794169,0.005504011917563773,0.15429654503975146,1.1531412202652814e-05,0.04214347222933628,0.00022065308478819254,50.915,2.0,4.0,5.0,True,False,False
11,300,4,P,200,0.8762939232028336,0.0018448096052992617,0.15429848932515122,0.0,0.042218420642034696,0.00024953843488683785,50.915,1.0,2.0,4.0,True,True,False
11,300,4,S,200,0.29161144311779663,0.0208330243199732,0.15318383050546738,0.00044685252129485236,0.041468529769018846,0.0017260391816838752,50.915,6.0,5.0,6.0,False,False,False
11,300,4,SLTA,200,0.5760572655501491,0.020774150133928592,0.15429848932515122,0.0,0.042219670642034704,0.0002604134790424879,50.915,4.0,2.0,3.0,False,True,True
11,300,4,Std,200,0.8438461384485586,0.0016164599677408516,0.15429848932515122,0.0,0.0423244206420347,0.0002893116939935479,50.915,3.0,2.0,2.0,True,True,True
11,300,6,K,200,0.4073477735745998,0.028525316596644007,0.1522651556540796,0.0004028614951747885,0.04392756548330456,0.002361373861294962,53.59,5.0,6.0,1.0,False,False,True
11,300,6,M,200,0.8703661434858175,0.0038162133725591313,0.15429751718245133,7.227695101049425e-06,0.04208750397536802,0.00014047496105902611,53.59,2.0,4.0,5.0,True,False,False
11,300,6,P,200,0.8760008749641002,0.001482313700110202,0.15429848932515122,0.0,0.042170003975368034,0.00021789010018027322,53.59,1.0,2.0,3.0,True,True,True
11,300,6,S,200,0.2946979499560915,0.019051946549268936,0.15322349392762255,0.0003711179874229157,0.041632998022987096,0.001657945622863939,53.59,6.0,5.0,6.0,False,False,False
11,300,6,SLTA,200,0.5796638387183517,0.02045094685038514,0.15429848932515122,0.0,0.04216758730870136,0.00021558459341504968,53.59,4.0,2.0,4.0,False,True,False
11,300,6,Std,200,0.8473862010281786,0.0010374782616295558,0.15429848932515122,0.0,0.04229625397536803,0.0002847364018476365,53.59,3.0,2.0,2.0,True,True,True
13,100,-10,K,200,0.12512988806252145,0.06088916682729651,0.10225791289034283,0.041476406760311384,0.012502954304815508,0.006208932754775828,37.805,5.0,5.0,6.0,False,False,False
13,100,-10,M,200,0.7152482356486118,0.04317761576248802,0.2557144947851661,0.00949310518841462,0.0886103327289978,0.009414498454782743,37.805,3.0,3.0,3.0,True,True,True
13,100,-10,P,200,0.8233879296964336,0.02177876877416205,0.25949176116837624,0.006489853730795532,0.09569545552569475,0.006846415264895389,37.805,1.0,1.0,1.0,True,True,True
13,100,-10,S,200,0.053183279769457,0.043172246258514804,0.049236418897566116,0.036557335250768874,0.014992084272157596,0.00975204772936333,37.805,6.0,6.0,5.0,False,False,False
13,100,-10,SLTA,200,0.35605801920564917,0.028195165485284456,0.15313212425271455,0.01759085868750167,0.04561435194824471,0.004659788172410251,37.805,4.0,4.0,4.0,False,False,False
13,100,-10,Std,200,0.746917669170462,0.040295021164383486,0.25825832418151085,0.008142557653851154,0.09512553446234039,0.008899241706997123,37.805,2.0,2.0,2.0,True,True,True
13,100,-8,K,200,0.15338220022224205,0.060411204519722345,0.11578090452916369,0.037082224240013964,0.015071797662875766,0.007112448525219495,42.155,5.0,5.0,6.0,False,False,False
13,100,-8,M,200,0.7663602851265159,0.02837528726231873,0.25818634822741904,0.007123541937816085,0.09323365988642397,0.00707855426613204,42.155,3.0,3.0,3.0,True,True,True
13,100,-8,P,200,0.8315292405286263,0.013411321534278736,0.2614095355678093,0.004661227472130077,0.09847717432012183,0.004227847554779178,42.155,1.0,1.0,2.0,True,True,True
13,100,-8,S,200,0.04783137328519172,0.039074489022508825,0.05150535899754452,0.028750319118942876,0.022034485195944663,0.009246221607391593,42.155,6.0,6.0,5.0,False,False,False
13,100,-8,SLTA,200,0.3763093600012786,0.02531716650029651,0.14519666214435575,0.01444375897936604,0.04746000229661115,0.003197870456696535,42.155,4.0,4.0,4.0,False,False,False
13,100,-8,Std,200,0.7966504570604036,0.026336834581264974,0.26073029079350285,0.005456437262146115,0.09920700382812203,0.006380383537843325,42.155,2.0,2.0,1.0,True,True,True
13,100,-6,K,200,0.17758831721470777,0.05649344758393049,0.1263162150547405,0.030245982627476558,0.018285578853102856,0.006987587984275131,46.125,5.0,5.0,6.0,False,False,False
13,100,-6,M,200,0.8022475054367891,0.019808864573121577,0.2603439293040856,0.005157836201721363,0.09677570279913034,0.00511586214156712,46.125,3.0,3.0,3.0,True,True,True
13,100,-6,P,200,0.8325067292601074,0.009995464194908906,0.2628782524423427,0.0032220637510216015,0.09943089571934781,0.0032402975006157763,46.125,1.0,1.0,2.0,True,True,True
13,100,-6,S,200,0.04392121167269311,0.03497111333873817,0.05382805472361349,0.021666068110159874,0.028168306521214995,0.008734789961269971,46.125,6.0,6.0,5.0,False,False,False
13,100,-6,SLTA,200,0.39116944704835244,0.023421882967581683,0.13828979979502254,0.012300650448590222,0.04812513836402238,0.0028460139330752083,46.125,4.0,4.0,4.0,False,False,False
13,100,-6,Std,200,0.8301780389237529,0.018499040921743024,0.2623895855087447,0.003852385473464154,0.10185884911252932,0.004197963296603275,46.125,2.0,2.0,1.0,True,True,True
13,100,-4,K,200,0.1966921747696154,0.051995096391378,0.13263346306316456,0.02535233249220753,0.020827502690662757,0.006843859694764186,49.99,5.0,4.0,6.0,False,False,False
13,100,-4,M,200,0.8259490289642265,0.013964202713564926,0.26207191805098423,0.003664501764813212,0.09882066565778941,0.003913790108170284,49.99,3.0,3.0,3.0,True,True,True
13,100,-4,P,200,0.83091710456929,0.007863644981952285,0.2639800730225906,0.002146226086027621,0.09971752477131923,0.003012559176034166,49.99,2.0,1.0,2.0,True,True,True
13,100,-4,S,200,0.038993526908891664,0.03162005180874916,0.055316349963017736,0.015044477858556546,0.03420574963359704,0.008033044841942422,49.99,6.0,6.0,5.0,False,False,False
13,100,-4,SLTA,200,0.40208113433866166,0.022478503687738422,0.13242036444436767,0.010629211924584877,0.04864018103154484,0.002527166015290969,49.99,4.0,5.0,4.0,False,False,False
13,100,-4,Std,200,0.8518947409644759,0.013496331756267995,0.2636659138267434,0.0026130417699047376,0.10360356991354087,0.00311294156436884,49.99,1.0,2.0,1.0,True,True,True
13,100,-2,K,200,0.21226133280427706,0.04755466268920767,0.13707809139807162,0.02127974350079531,0.0235529479756823,0.006718166160380717,53.315,5.0,4.0,6.0,False,False,False
13,100,-2,M,200,0.841403768396442,0.010326108020089758,0.2633871767592464,0.0024376639359039373,0.10052672123163026,0.0033524282849884185,53.315,2.0,3.0,2.0,True,True,True
13,100,-2,P,200,0.8290129739349996,0.006430045668152823,0.2647156763269878,0.001137168582119961,0.09985173991412516,0.0029037727030424717,53.315,3.0,1.0,3.0,True,True,True
13,100,-2,S,200,0.034498823656131807,0.026990018648987008,0.05576088069835193,0.010691658640263767,0.038551603937303794,0.0075867480839235885,53.315,6.0,6.0,5.0,False,False,False
13,100,-2,SLTA,200,0.4105599384264639,0.021703514312267212,0.12795197046424162,0.009282865908534148,0.049168876181043306,0.002562428838317934,53.315,4.0,5.0,4.0,False,False,False
13,100,-2,Std,200,0.8661590814807593,0.01029179729187021,0.2644621761113186,0.0016478537281079846,0.1049255811542112,0.002490685056082249,53.315,1.0,2.0,1.0,True,True,True
13,100,0,K,200,0.22377695849281093,0.043570542063676505,0.13921054879264955,0.01879111955190514,0.026116285100302155,0.006801277991920014,56.74,5.0,4.0,6.0,False,False,False
13,100,0,M,200,0.8510247754380873,0.007975807207355171,0.2642859708274807,0.001419263813518244,0.10179537613775949,0.002874838199514143,56.74,2.0,3.0,2.0,True,True,True
13,100,0,P,200,0.8270336720456933,0.0053605522749836185,0.2650170473423124,0.0003874946297958392,0.09978428752729132,0.002811529782297881,56.74,3.0,1.0,3.0,True,True,True
13,100,0,S,200,0.030181429030942404,0.02345895026916538,0.05584870041592304,0.008230718885714321,0.042268125858823995,0.007681273866052687,56.74,6.0,6.0,5.0,False,False,False
13,100,0,SLTA,200,0.4170358286249375,0.021226500861899575,0.12419926191442446,0.008297915141438196,0.04969228735453932,0.0025756912131849647,56.74,4.0,5.0,4.0,False,False,False
13,100,0,Std,200,0.8752315452386965,0.008072273259430468,0.26492051355482765,0.0005907032541056722,0.10605579990314819,0.001909358578589993,56.74,1.0,2.0,1.0,True,True,True
13,100,2,K,200,0.23258700874687055,0.03963187855630471,0.14029935485289657,0.016908045025543703,0.027442593041009357,0.00586763190642892,59.98,5.0,4.0,6.0,False,False,False
13,100,2,M,200,0.8570613179227305,0.0059886496227791585,0.2648007799708196,0.0007036909801405054,0.10284442022991938,0.002433815870333942,59.98,2.0,3.0,2.0,True,True,True
13,100,2,P,200,0.8253652512696683,0.004262517034000839,0.2650777063224904,3.478351450564416e-05,0.09955718725092497,0.002766787113631981,59.98,3.0,1.0,3.0,True,True,True
13,100,2,S,200,0.02594544374071509,0.01967705993747951,0.05599367085175886,0.006628569839865386,0.0451227336641857,0.007131816444487914,59.98,6.0,6.0,5.0,False,False,False
13,100,2,SLTA,200,0.42200193499533817,0.020535170503110746,0.12120218771283196,0.007121712487944617,0.05060547120655833,0.0024414298828575754,59.98,4.0,5.0,4.0,False,False,False
13,100,2,Std,200,0.881323671904634,0.006115243046870436,0.265070010780229,6.0081649979492744e-05,0.1069135694256938,0.001082773171705432,59.98,1.0,2.0,1.0,True,True,True
13,100,4,K,200,0.23700393855891264,0.0355775282482396,0.1401108140674926,0.01550538899743169,0.029130477358623223,0.005755402240720543,63.245,5.0,4.0,6.0,False,False,False
13,100,4,M,200,0.8609052927733108,0.0046071084544103144,0.2650273457885739,0.00017445889493762184,0.10409749872302256,0.0018844795973699644,63.245,2.0,3.0,2.0,True,True,True
13,100,4,P,200,0.8239494444121341,0.0034127477952273187,0.2650820067725776,1.0398206010470548e-05,0.09910142791853066,0.00279858990066255,63.245,3.0,2.0,3.0,True,True,True
13,100,4,S,200,0.022700759681029012,0.017034585662275063,0.05617972190290178,0.005854633669609841,0.04776644205461863,0.006855586139419547,63.245,6.0,6.0,5.0,False,False,False
13,100,4,SLTA,200,0.4265909975432377,0.0199956926092651,0.11861773038013673,0.006165212589397943,0.051071974632060896,0.00247701139307001,63.245,4.0,5.0,4.0,False,False,False
13,100,4,Std,200,0.8854109442646023,0.0046546847950217135,0.2650821199423168,1.034795035741968e-05,0.10728651568699049,0.0003376965956913818,63.245,1.0,1.0,1.0,True,True,True
13,100,6,K,200,0.2382145995578242,0.031910027468268806,0.13925253476586977,0.014137343728021251,0.029655250594735234,0.005834945535927612,66.695,5.0,4.0,6.0,False,False,False
13,100,6,M,200,0.8633272488542876,0.0036107435703478354,0.26507499024875103,2.823060726040675e-05,0.10522878150958352,0.0014702233793013773,66.695,2.0,3.0,2.0,True,True,True
13,100,6,P,200,0.8228007298741222,0.0027430477811931234,0.2650829121304907,9.952938120079038e-06,0.09864237719252586,0.0028415277168634917,66.695,3.0,1.5,3.0,True,True,True
13,100,6,S,200,0.02015163010394855,0.014863110092710201,0.05644035181213667,0.005418233513250191,0.049514926855510594,0.006251234257609771,66.695,6.0,6.0,5.0,False,False,False
13,100,6,SLTA,200,0.4300215529528221,0.019265981921576057,0.11658893646660923,0.0053696771719795875,0.051702205759612034,0.0023430449823491446,66.695,4.0,5.0,4.0,False,False,False
13,100,6,Std,200,0.888300701943663,0.0035287134939772052,0.2650829121304907,9.95293812007708e-06,0.10730687228276112,0.00024309144239153694,66.695,1.0,1.5,1.0,True,True,True
13,150,-10,K,200,0.17068619108702976,0.05570258377417385,0.1536742418529675,0.030258830678695364,0.018546947315042864,0.008902014293699639,36.68,5.0,5.0,5.0,False,False,False
13,150,-10,M,200,0.7348540887224858,0.04729901920010925,0.21694146105071777,0.0007004007027697035,0.07157414229716355,0.0034452549149150873,36.68,3.0,3.0,1.0,True,True,True
13,150,-10,P,200,0.9022899678664273,0.020701658669408,0.21725053143885498,0.0001874175490857521,0.06728302921918916,0.003261219972084839,36.68,1.0,1.0,3.0,True,True,True
13,150,-10,S,200,0.11905714894038416,0.0520564116396812,0.12043281745023882,0.03175288710359854,0.016077199706227372,0.009286716133538072,36.68,6.0,6.0,6.0,False,False,False
13,150,-10,SLTA,200,0.4874680423447477,0.043001878176986384,0.1966410995410106,0.005909775575556228,0.057355108307032464,0.004005287834414705,36.68,4.0,4.0,4.0,False,False,False
13,150,-10,Std,200,0.7777267443799428,0.04306857485980796,0.21720249370099354,0.00033061306514437633,0.07144433356509579,0.002912977469536446,36.68,2.0,2.0,2.0,True,True,True
13,150,-8,K,200,0.19988995679700505,0.04917562668393445,0.17030275328476052,0.02142619762204566,0.023803169354358146,0.008928202921129842,41.46,5.0,5.0,5.0,False,False,False
13,150,-8,M,200,0.8037228254176833,0.02998848311128527,0.217242663188688,0.00017119714283361434,0.07265881135200669,0.0029534935558751347,41.46,3.0,3.0,1.0,True,True,True
13,150,-8,P,200,0.9249515646930387,0.007670889085407234,0.2172984311372398,4.363524104368145e-05,0.06608112635135208,0.002861871859630896,41.46,1.0,1.0,3.0,True,True,True
13,150,-8,S,200,0.14563207897996594,0.04801581072517893,0.13683549629829242,0.025431148655404783,0.021866749960816664,0.009351093292985646,41.46,6.0,6.0,6.0,False,False,False
13,150,-8,SLTA,200,0.5245291578443213,0.03536179183068336,0.19602337288316604,0.005583685688331674,0.05949895544964752,0.0023737755129738503,41.46,4.0,4.0,4.0,False,False,False
13,150,-8,Std,200,0.8425175532266742,0.025075783566099172,0.21729083896602608,6.107177345204449e-05,0.07164774383892478,0.0026194259118943615,41.46,2.0,2.0,2.0,True,True,True
13,150,-6,K,200,0.22029110048633274,0.040714818020253805,0.1809011482201775,0.014422519835628471,0.028572165571654942,0.007769162683270533,45.985,5.0,5.0,5.0,False,False,False
13,150,-6,M,200,0.85229504649915,0.018906632006866094,0.21729925937409944,5.4319937446271996e-05,0.07328595956704753,0.002441718086898508,45.985,3.0,3.0,1.0,True,True,True
13,150,-6,P,200,0.9338640005596401,0.003736799038786081,0.21730740370321963,2.771831419134602e-05,0.06490978776793226,0.0024416132762816976,45.985,1.0,1.0,3.0,True,True,True
13,150,-6,S,200,0.16773460535872814,0.039501390799629714,0.1491234944274564,0.01875463640782466,0.027166993034072603,0.008962102557900543,45.985,6.0,6.0,6.0,False,False,False
13,150,-6,SLTA,200,0.5522589564504765,0.030398333429243078,0.19502617570411146,0.004869564666990636,0.060632808914607636,0.0015212636456042414,45.985,4.0,4.0,4.0,False,False,False
13,150,-6,Std,200,0.8854352842624412,0.014493746897242532,0.21730381467682772,3.691947371034868e-05,0.07164198092744296,0.0022276026948442116,45.985,2.0,2.0,2.0,True,True,True
13,150,-4,K,200,0.23334789905984857,0.037124708836288725,0.1865807824854323,0.01128275856534949,0.031467745558461366,0.007051923968001529,49.855,5.0,5.0,5.0,False,False,False
13,150,-4,M,200,0.8854996195422373,0.011857331351395555,0.21730933625589224,3.0310929560190275e-05,0.07367202302491846,0.0018917709667439367,49.855,3.0,3.0,1.0,True,True,True
13,150,-4,P,200,0.9372944962641111,0.002468898764674576,0.21731361547966724,2.0246000103928184e-05,0.06442769763817094,0.0021893246481936067,49.855,1.0,1.0,3.0,True,True,True
13,150,-4,S,200,0.18350520081040955,0.033276069077294156,0.15757592765944284,0.014591875982175406,0.03094998268464095,0.007964865605617212,49.855,6.0,6.0,6.0,False,False,False
13,150,-4,SLTA,200,0.571675617729173,0.027660427862566752,0.19402138635384314,0.0042270818905252765,0.06102467473902465,0.0010755550993982591,49.855,4.0,4.0,4.0,False,False,False
13,150,-4,Std,200,0.9129199829818954,0.008442602734705712,0.21731030253222855,2.3055269490202088e-05,0.07179018818161464,0.0018739975675136566,49.855,2.0,2.0,2.0,True,True,True
13,150,-2,K,200,0.24043922996904896,0.033567627669499625,0.18971772959146985,0.009087369418777762,0.034144960966257576,0.006903200519258028,53.385,5.0,5.0,6.0,False,False,False
13,150,-2,M,200,0.9077016248044895,0.007290575075521627,0.21731430567705032,1.7015836233460738e-05,0.07386468514230693,0.0013188177226443466,53.385,3.0,2.0,1.0,True,True,True
13,150,-2,P,200,0.9385242023366344,0.0018703882398673516,0.21731568607181648,1.8358439356488653e-05,0.06399540818189568,0.0017969271864448583,53.385,1.0,1.0,3.0,True,True,True
13,150,-2,S,200,0.1942435491232809,0.029014828489629142,0.16355372719418237,0.011801718043509424,0.03459038800938004,0.00734885560236621,53.385,6.0,6.0,5.0,False,False,False
13,150,-2,SLTA,200,0.5858319211039461,0.025917738297700426,0.19309776421582345,0.0036092211968237133,0.061250551200044766,0.000990957884958502,53.385,4.0,4.0,4.0,False,False,False
13,150,-2,Std,200,0.9303362746665005,0.005008858805031088,0.21731375351914387,2.1001395866385436e-05,0.07202073953259791,0.001596238644121434,53.385,2.0,3.0,2.0,True,True,True
13,150,0,K,200,0.24468798571168202,0.03053654142292309,0.1915884405785335,0.007734518857107616,0.03627925421115842,0.006280344554743356,56.72,5.0,5.0,6.0,False,False,False
13,150,0,M,200,0.9219837638829874,0.0045940465257979105,0.21731554803233982,1.5409998845154893e-05,0.07396664153895398,0.0010822441249651584,56.72,3.0,3.0,1.0,True,True,True
13,150,0,P,200,0.9388801937169329,0.0015181470482548843,0.21731886097977857,1.5792975344419308e-05,0.06369253340906822,0.0014146192851894205,56.72,2.0,1.0,3.0,True,True,True
13,150,0,S,200,0.20142661040594945,0.025239129606911923,0.16771920644046573,0.00965204138791394,0.037619943044993255,0.007335412972575726,56.72,6.0,6.0,5.0,False,False,False
13,150,0,SLTA,200,0.5958742179889495,0.02506675234186416,0.19232336275202278,0.0031444992069911515,0.06132270014367825,0.0009328225550096191,56.72,4.0,4.0,4.0,False,False,False
13,150,0,Std,200,0.9411866944650693,0.0030790989393431286,0.21731623822972293,1.916282131018277e-05,0.07236919781330771,0.001320101501194882,56.72,1.0,2.0,2.0,True,True,True
13,150,2,K,200,0.2453955685434498,0.0281784703745879,0.19239403896404877,0.007169228038742077,0.03679904473843347,0.005821363462462351,59.99,5.0,4.0,6.0,False,False,False
13,150,2,M,200,0.9310427684170461,0.0030047686879477453,0.21731775666396566,1.4210012573816245e-05,0.07402300670796107,0.0008910222889283153,59.99,3.0,3.0,1.0,True,True,True
13,150,2,P,200,0.9388703581506574,0.0012699037494171414,0.21732051745349792,1.3772002073793888e-05,0.0635401883681435,0.0011257931811613508,59.99,2.0,1.0,3.0,True,True,True
13,150,2,S,200,0.20620165587831757,0.022275579148670486,0.17077484829477804,0.008078187907624452,0.039748302004294384,0.006409209022709678,59.99,6.0,6.0,5.0,False,False,False
13,150,2,SLTA,200,0.6030770879192934,0.02402567791036584,0.1916850682121628,0.0027567354612094337,0.061434841647770105,0.0009050924022055849,59.99,4.0,5.0,4.0,False,False,False
13,150,2,Std,200,0.9479026310454328,0.0019782521028056687,0.21731872294030194,1.6761837350509278e-05,0.07280462821842482,0.0009179474918128547,59.99,1.0,2.0,2.0,True,True,True
13,150,4,K,200,0.24450466223746564,0.025304387338984848,0.19290188619850915,0.006623796784535073,0.037700269516068446,0.005592323760942631,63.345,5.0,4.0,6.0,False,False,False
13,150,4,M,200,0.9367483090518814,0.002005195913222097,0.2173181707823955,1.3586505024334176e-05,0.07391650475932798,0.0005817830291365235,63.345,3.0,3.0,1.0,True,True,True
13,150,4,P,200,0.9387120483882654,0.0010142131253490095,0.21732175980878743,1.2358253783794155e-05,0.0632790241688876,0.00014377957782478714,63.345,2.0,1.0,3.0,True,True,True
13,150,4,S,200,0.20965763686550626,0.01960446177397743,0.1731179303708124,0.006539736998699135,0.0411150247964955,0.0060557385824741745,63.345,6.0,6.0,5.0,False,False,False
13,150,4,SLTA,200,0.6086627104488833,0.023332331069931548,0.1910205461717463,0.00229335616612477,0.06150079712060797,0.000743269908655636,63.345,4.0,5.0,4.0,False,False,False
13,150,4,Std,200,0.9520930175691074,0.0013384922408973313,0.21731982725611484,1.5309631272517003e-05,0.07306794219685173,0.0005577970306876754,63.345,1.0,2.0,2.0,True,True,True
13,150,6,K,200,0.24059818584154208,0.023530536351491167,0.19255292240163072,0.0063434808869402,0.038074631597067796,0.005636809416001823,67.18,5.0,4.0,6.0,False,False,False
13,150,6,M,200,0.9403658843956325,0.001395745303442162,0.21731941313768502,1.328504398471566e-05,0.07381866361575244,0.0003759244589503581,67.18,2.0,3.0,1.0,True,True,True
13,150,6,P,200,0.9385201347047469,0.0008059089980922897,0.2173227260851237,1.1820454517206143e-05,0.06328463061828979,0.0001308653232557236,67.18,3.0,1.0,3.0,True,True,True
13,150,6,S,200,0.21176618162595276,0.017958192926231527,0.17465776073243394,0.005464067606148184,0.04261423889908499,0.00575345129537613,67.18,6.0,6.0,5.0,False,False,False
13,150,6,SLTA,200,0.6141016791680554,0.022570850442710302,0.19046576551523742,0.0019151741946616889,0.06167804494007907,0.000764304800275907,67.18,4.0,5.0,4.0,False,False,False
13,150,6,Std,200,0.954712629134945,0.0009487406461809949,0.2173213456903576,1.3442675952127368e-05,0.07319417791384758,0.00022680596006719874,67.18,1.0,2.0,2.0,True,True,True
13,200,-10,K,200,0.24760501470045423,0.07717983900443819,0.16730320851656874,0.019820635748419406,0.029957390738708976,0.010754307503233319,36.64,5.0,5.0,5.0,False,False,False
13,200,-10,M,200,0.6755000024291427,0.06097365134008567,0.18856785592754557,6.853519559111941e-05,0.06300953154025801,0.0017624149478451612,36.64,3.0,3.0,2.0,True,True,True
13,200,-10,P,200,0.9048698425942887,0.029932611115413,0.18857899091646516,2.85269406107741e-05,0.0630509143797572,0.0004748973411086934,36.64,1.0,1.0,1.0,True,True,True
13,200,-10,S,200,0.16377043221232007,0.0551233864614758,0.15273768858214695,0.026835450753596838,0.023738693771219923,0.01065616756207359,36.64,6.0,6.0,6.0,False,False,False
13,200,-10,SLTA,200,0.5372060948536468,0.04659862691410382,0.18850534091832571,0.0004006242620991273,0.06136114062679579,0.003069563943776916,36.64,4.0,4.0,4.0,False,False,False
13,200,-10,Std,200,0.7453735776681784,0.04798457756120935,0.1885778774175732,2.8859745126939665e-05,0.06295946223468005,0.0004139940598486503,36.64,2.0,2.0,3.0,True,True,True
13,200,-8,K,200,0.2854870718643504,0.06694533117813452,0.17636088571755942,0.009281315750707567,0.035398818089053735,0.008981047567977166,41.61,5.0,5.0,5.0,False,False,False
13,200,-8,M,200,0.7575716219613565,0.04119764268481598,0.1885848765534655,2.0316685026152837e-05,0.06351624822545655,0.0007509333362787379,41.61,3.0,2.0,1.0,True,True,True
13,200,-8,P,200,0.9393524223885775,0.01015280933475208,0.18858614912362776,2.089914800894583e-05,0.06307666089712873,0.0003364252184871462,41.61,1.0,1.0,3.0,True,True,True
13,200,-8,S,200,0.19326758069333294,0.047609017478722135,0.16833224056400747,0.014941518091318478,0.03034103956459032,0.009583527825885379,41.61,6.0,6.0,6.0,False,False,False
13,200,-8,SLTA,200,0.5838120337324255,0.035778783635848015,0.18858137698551936,3.7254357773131135e-05,0.06309513409774543,0.001473630869767969,41.61,4.0,4.0,2.0,False,False,True
13,200,-8,Std,200,0.8177956343111855,0.027301692389515558,0.18858312676949243,2.497329587350197e-05,0.06302352213311495,0.0003257831585388253,41.61,2.0,3.0,4.0,True,True,False
13,200,-6,K,200,0.3158721536351354,0.05673397941581133,0.1806244729748635,0.005238946537419497,0.0406437342564384,0.006980300128699159,46.35,5.0,5.0,5.0,False,False,False
13,200,-6,M,200,0.8205224350195292,0.02666870937145821,0.18858805797887113,1.7722756463168e-05,0.06346139376148657,0.0005874124671021855,46.35,3.0,2.0,2.0,True,True,True
13,200,-6,P,200,0.9538075646578347,0.004225935034851479,0.18858773983633056,1.9252382899919997e-05,0.06306727213311496,0.00031966970670481936,46.35,1.0,3.0,3.0,True,True,True
13,200,-6,S,200,0.21770660678649134,0.041081454117569915,0.17684637123445274,0.008670363054007566,0.0364556602532627,0.00867308408540936,46.35,6.0,6.0,6.0,False,False,False
13,200,-6,SLTA,200,0.6170592966871877,0.030760728869528266,0.18858853519268196,1.8321759345161846e-05,0.06357418864430336,0.0008125480459815069,46.35,4.0,1.0,1.0,False,True,True
13,200,-6,Std,200,0.8657793576680938,0.015669705791107734,0.18858630819489805,2.1086311006227097e-05,0.06303393879978161,0.0003136749269531089,46.35,2.0,4.0,4.0,True,False,False
13,200,-4,K,200,0.33568859938968304,0.049694155633031874,0.1824719267078908,0.0037249740745437508,0.04432223962085832,0.006003411803759829,50.7,5.0,5.0,5.0,False,False,False
13,200,-4,M,200,0.8668128471170417,0.01663317021062236,0.1885904440479253,1.462962089667748e-05,0.06343355221414503,0.0005537191178296176,50.7,3.0,2.5,2.0,True,True,True
13,200,-4,P,200,0.960116452933052,0.002513086130449235,0.1885906031191956,1.5519514360881278e-05,0.06306727213311496,0.0003143861282446337,50.7,1.0,1.0,3.0,True,True,True
13,200,-4,S,200,0.23582464479452095,0.03549393698752858,0.18100465331083174,0.005595792599866202,0.04072845719423265,0.007459726657219132,50.7,6.0,6.0,6.0,False,False,False
13,200,-4,SLTA,200,0.640582678186903,0.027993302865395493,0.1885904440479253,1.5959797135650905e-05,0.06354789268464803,0.0006791755084097755,50.7,4.0,2.5,1.0,False,True,True
13,200,-4,Std,200,0.895992968408588,0.009069452348730241,0.18858933054903335,1.759603000052955e-05,0.06301560546644827,0.0003142573424365913,50.7,2.0,4.0,4.0,True,False,False
13,200,-2,K,200,0.34684125728086007,0.045783733012614486,0.18326473791896433,0.0031353622881077244,0.046712151306254446,0.005603595767128212,53.995,5.0,5.0,5.0,False,False,False
13,200,-2,M,200,0.8987609926028834,0.010183207720645848,0.18859219383189837,1.0470543375307263e-05,0.06341888274472555,0.0005503364021391952,53.995,3.0,2.5,2.0,True,True,True
13,200,-2,P,200,0.9629642642095964,0.001809169777778182,0.1885929891882498,1.0403537057225736e-05,0.06306560546644828,0.00031691121651238025,53.995,1.0,1.0,3.0,True,True,True
13,200,-2,S,200,0.2482568663283721,0.03226817515348988,0.18316340951979623,0.004106998952645552,0.04443368328538599,0.007092903501477765,53.995,6.0,6.0,6.0,False,False,False
13,200,-2,SLTA,200,0.656996828972727,0.02598104611832008,0.18859219383189837,1.2668619690486906e-05,0.06342086290345571,0.0006092677262560212,53.995,4.0,2.5,1.0,False,True,True
13,200,-2,Std,200,0.9144864144103341,0.005478724027635505,0.18859171661808755,1.3531516050959731e-05,0.06300560546644828,0.00030808480635409247,53.995,2.0,4.0,4.0,True,False,False
13,200,0,K,200,0.352345695774357,0.041633504433946034,0.18360276436830847,0.0026876155215245284,0.04828876607103877,0.004975814466552307,56.855,5.0,6.0,5.0,False,False,False
13,200,0,M,200,0.9199294267307014,0.006363961850360001,0.18859394361587145,5.440724045536865e-06,0.063366278196496,0.0005325827411762495,56.855,3.0,3.0,1.0,True,True,True
13,200,0,P,200,0.9643230927051901,0.0013843109600125201,0.18859442082968228,5.020153955388702e-06,0.06305227213311496,0.0003084108508651492,56.855,1.0,1.5,3.0,True,True,True
13,200,0,S,200,0.25689763341921507,0.028872952680251467,0.18429122482607854,0.0030229269858171545,0.046577141908742764,0.006457617947522377,56.855,6.0,5.0,6.0,False,False,False
13,200,0,SLTA,200,0.6684129108529123,0.024823351980846276,0.18859442082968228,5.020153955388702e-06,0.0632864716835645,0.0005411389487980895,56.855,4.0,1.5,2.0,False,True,True
13,200,0,Std,200,0.9255623221554151,0.003570465365688249,0.18859378454460118,7.396059801198899e-06,0.06299227213311494,0.0003095312642908081,56.855,2.0,4.0,4.0,True,False,False
13,200,2,K,200,0.354582992572366,0.038123964453905985,0.1837834693313461,0.0023747756643972885,0.04952804444889292,0.004947903464337519,59.255,5.0,6.0,5.0,False,False,False
13,200,2,M,200,0.9335692588933783,0.00409760432859859,0.18859457990095257,3.173421806991007e-06,0.06334344122790903,0.0005037147196666707,59.255,2.0,4.0,1.0,True,False,True
13,200,2,P,200,0.9650110280304159,0.0010763053568859304,0.18859489804349314,0.0,0.06304727213311495,0.0002975988028530327,59.255,1.0,1.5,3.0,True,True,True
13,200,2,S,200,0.2624939222556901,0.0257373457547889,0.1850021143329581,0.0023669529754890197,0.04827405811156605,0.005721001249303247,59.255,6.0,5.0,6.0,False,False,False
13,200,2,SLTA,200,0.6750831802216805,0.024258870791065916,0.18859473897222287,2.2496074781322988e-06,0.06320697287681569,0.0004963281111740223,59.255,4.0,3.0,2.0,False,True,True
13,200,2,Std,200,0.9320166810780921,0.0025400309629130644,0.18859489804349314,0.0,0.06296560546644826,0.000305244499303674,59.255,3.0,1.5,4.0,True,True,False
13,200,4,K,200,0.3554935919668503,0.03503652300726846,0.18394190431654459,0.0022228258148657555,0.05044562986267175,0.004565280269419446,61.735,5.0,6.0,5.0,False,False,False
13,200,4,M,200,0.9422419784003908,0.002765006311821857,0.18859489804349314,0.0,0.06329470506129785,0.00046277320857644955,61.735,2.0,2.5,1.0,True,True,True
13,200,4,P,200,0.9654201243200601,0.0008808524648195707,0.18859489804349314,0.0,0.06304393879978161,0.0002894767030103512,61.735,1.0,2.5,3.0,True,True,True
13,200,4,S,200,0.266436433377326,0.023524269354758213,0.18542285784284765,0.0020921058968802666,0.049814696066039825,0.005331972447872561,61.735,6.0,5.0,6.0,False,False,False
13,200,4,SLTA,200,0.6790416465179742,0.023721547955152838,0.18859489804349314,0.0,0.0631440937836866,0.000425629170472823,61.735,4.0,2.5,2.0,False,True,True
13,200,4,Std,200,0.9358191142122196,0.0019352665229897651,0.18859489804349314,0.0,0.06294393879978159,0.0002906316884583708,61.735,3.0,2.5,4.0,True,True,False
13,200,6,K,200,0.3553703828555802,0.03301184731738416,0.18400616910973752,0.002093637380783206,0.05077559627029131,0.004150043791880885,64.335,5.0,6.0,5.0,False,False,False
13,200,6,M,200,0.9477485201414807,0.0019399801113782044,0.18859489804349314,0.0,0.06327228593875373,0.0004490317087816614,64.335,2.0,2.5,1.0,True,True,True
13,200,6,P,200,0.9656651441533636,0.0007140262273110931,0.18859489804349314,0.0,0.06304393879978161,0.00027766273441272635,64.335,1.0,2.5,3.0,True,True,True
13,200,6,S,200,0.2688945511149652,0.021855829739931866,0.185666555028916,0.0019613212971525593,0.050421526271977414,0.005002779160542315,64.335,6.0,5.0,6.0,False,False,False
13,200,6,SLTA,200,0.681552135111354,0.023081473640742534,0.18859489804349314,0.0,0.06311709081443363,0.00037739852900977813,64.335,4.0,2.5,2.0,False,True,True
13,200,6,Std,200,0.9380359884028343,0.001487538023634016,0.18859489804349314,0.0,0.06292560546644825,0.00027555841481925357,64.335,3.0,2.5,4.0,True,True,False
13,250,-10,K,200,0.29394065538906344,0.08176928219542748,0.1558374950134235,0.010024619892779155,0.03555199803854574,0.008053799887125615,36.075,5.0,5.0,5.0,False,False,False
13,250,-10,M,200,0.5664598361551474,0.056856407169637656,0.16353063559403314,9.572892121659314e-05,0.04936452304620202,0.0019596661385652536,36.075,3.0,4.0,4.0,True,False,False
13,250,-10,P,200,0.8112139157907915,0.02868066864804072,0.1635597964244219,7.285911980995018e-05,0.05006418285861183,0.001819923693120696,36.075,1.0,2.0,3.0,True,True,True
13,250,-10,S,200,0.19040306546263014,0.0635372927128808,0.14729502232256036,0.02115983808258254,0.028151375583206635,0.010186324779693346,36.075,6.0,6.0,6.0,False,False,False
13,250,-10,SLTA,200,0.5020168974633245,0.03969464405122021,0.16354860893603376,0.00017307391201484642,0.05007551768840623,0.002020189499080783,36.075,4.0,3.0,2.0,False,True,True
13,250,-10,Std,200,0.6572892636731238,0.042033644559210985,0.16356383125629959,5.9172333071242165e-05,0.050076253024557,0.0017587729081822638,36.075,2.0,1.0,1.0,True,True,True
13,250,-8,K,200,0.3366239741529926,0.06814724974064233,0.15923959189211112,0.003915842650360456,0.04072006284167567,0.006283498083263798,40.45,5.0,5.0,5.0,False,False,False
13,250,-8,M,200,0.6421448569302717,0.04511315512113059,0.16354970934472768,6.885270073278934e-05,0.0499635086161876,0.0019431235251013445,40.45,3.0,4.0,4.0,True,False,False
13,250,-8,P,200,0.8440424752337233,0.012069919326130446,0.1635700669055651,3.9450649995135654e-05,0.05057748083840983,0.0015644332443258736,40.45,1.0,2.0,2.0,True,True,True
13,250,-8,S,200,0.22082700677137443,0.052049033831349,0.15585638536266905,0.009964213860609568,0.033788846989793904,0.008714459099440982,40.45,6.0,6.0,6.0,False,False,False
13,250,-8,SLTA,200,0.5430600914842622,0.029649011399299846,0.16356878309542222,4.00109375574596e-05,0.05053038608594008,0.0016039723899279657,40.45,4.0,3.0,3.0,False,True,True
13,250,-8,Std,200,0.7220555838108941,0.025973570964256034,0.16357208432150394,3.141829751282401e-05,0.05060093538386438,0.0014871991183772948,40.45,2.0,1.0,1.0,True,True,True
13,250,-6,K,200,0.36154429887776923,0.056016881233952355,0.1602693910281667,0.0017231048869918496,0.04349117628234063,0.0051267430735768465,43.61,5.0,5.0,5.0,False,False,False
13,250,-6,M,200,0.7086097369857802,0.032418613323613905,0.16356438146064656,3.915692646360669e-05,0.050558697108251095,0.0016653817617990534,43.61,3.0,4.0,4.0,True,False,False
13,250,-6,P,200,0.8577661559997831,0.006179751908018346,0.16357501874468772,1.0374752660585783e-05,0.050867847000025994,0.0013641120859245303,43.61,1.0,2.0,1.0,True,True,True
13,250,-6,S,200,0.2393287406205301,0.04159885267056681,0.15928177422537787,0.004063136909456899,0.038184117179599485,0.00658099584580268,43.61,6.0,6.0,6.0,False,False,False
13,250,-6,SLTA,200,0.5697387583418422,0.024839408651423995,0.16357483534323872,1.0681398322772869e-05,0.05078950446755846,0.001401182464597583,43.61,4.0,3.0,3.0,False,True,True
13,250,-6,Std,200,0.7652297800936418,0.015443825141061261,0.1635753855475857,5.187376330293875e-06,0.05086079216597116,0.001346009145817962,43.61,2.0,1.0,2.0,True,True,True
13,250,-4,K,200,0.3782217971550599,0.04974082908696446,0.16054687742048226,0.0011133424372936668,0.045270842324146264,0.0042709996735227854,46.435,5.0,6.0,5.0,False,False,False
13,250,-4,M,200,0.7608348128575859,0.023382267238228716,0.16357098391281003,2.502410815007122e-05,0.050944749597428604,0.0013843656194461118,46.435,3.0,4.0,4.0,True,False,False
13,250,-4,P,200,0.863063842935638,0.004195828450672224,0.16357575235048366,0.0,0.05100776763494664,0.0012662694608945176,46.435,1.0,2.0,2.0,True,True,True
13,250,-4,S,200,0.25289477551942224,0.03667784907472732,0.16057585484942205,0.0021189861183807386,0.04124798617416337,0.005046834028718805,46.435,6.0,5.0,6.0,False,False,False
13,250,-4,SLTA,200,0.587270755183621,0.02261346912702617,0.16357575235048366,0.0,0.05095833022513422,0.0013064567459169472,46.435,4.0,2.0,3.0,False,True,True
13,250,-4,Std,200,0.7929113738660358,0.009202565735692227,0.16357575235048366,0.0,0.05105886684129584,0.0012082295169409583,46.435,2.0,2.0,1.0,True,True,True
13,250,-2,K,200,0.3886443922075273,0.0435779860350018,0.16060923391313747,0.0007884467095477252,0.046967006271310216,0.003411747882326171,48.845,5.0,6.0,5.0,False,False,False
13,250,-2,M,200,0.8005132503317798,0.01506014189167411,0.1635739183359938,1.4122683553254706e-05,0.0512066411919452,0.0011062798436129399,48.845,3.0,4.0,2.0,True,False,True
13,250,-2,P,200,0.8649380562407342,0.0031969315564017386,0.16357575235048366,0.0,0.0511728185007475,0.0011607238117762105,48.845,1.0,2.0,3.0,True,True,True
13,250,-2,S,200,0.26223614874234685,0.03246776888414989,0.16118107963107536,0.0014090302013687588,0.04316151629419333,0.004229643266705669,48.845,6.0,5.0,6.0,False,False,False
13,250,-2,SLTA,200,0.5989055759345646,0.02119864799689631,0.16357575235048366,0.0,0.051148655441584444,0.0011779631317790757,48.845,4.0,2.0,4.0,False,True,False
13,250,-2,Std,200,0.8102432157701052,0.0053190826255796,0.16357575235048366,0.0,0.05121092347910249,0.0011083008283428305,48.845,2.0,2.0,1.0,True,True,True
13,250,0,K,200,0.3951133700709908,0.03762725286722585,0.16062262221891344,0.0006124552586509055,0.04794822091777487,0.003007782212843199,51.11,5.0,6.0,5.0,False,False,False
13,250,0,M,200,0.8284219919939537,0.009844308782598536,0.16357520214613672,5.787993695730712e-06,0.05135162459742861,0.0009313483338806915,51.11,2.0,4.0,2.0,True,False,True
13,250,0,P,200,0.8654212717509923,0.0025034007474926045,0.16357575235048366,0.0,0.05133362910680812,0.0010421904674619107,51.11,1.0,2.0,3.0,True,True,True
13,250,0,S,200,0.26884590171180117,0.02783780071299674,0.16152880877835255,0.001051751145743038,0.0448803352116767,0.0036924163578246163,51.11,6.0,5.0,6.0,False,False,False
13,250,0,SLTA,200,0.6068284773825683,0.0199513374405034,0.16357575235048366,0.0,0.05131537730305632,0.0010530253160776202,51.11,4.0,2.0,4.0,False,True,False
13,250,0,Std,200,0.8206931332132876,0.0031245083329411614,0.16357575235048366,0.0,0.05138481254836656,0.0009697270933257085,51.11,3.0,2.0,1.0,True,True,True
13,250,2,K,200,0.3989322662311888,0.03292232906046832,0.1605921775783818,0.0005047120643374967,0.04840555010247906,0.0027081937090026546,53.325,5.0,6.0,5.0,False,False,False
13,250,2,M,200,0.8469945608049986,0.006548303858626868,0.16357575235048366,0.0,0.051464572829751844,0.0007948383444334715,53.325,2.0,2.5,4.0,True,True,False
13,250,2,P,200,0.8653128753294038,0.001960049915693927,0.16357575235048366,0.0,0.05148828946034348,0.0008723367183561718,53.325,1.0,2.5,2.0,True,True,True
13,250,2,S,200,0.2734009632632087,0.024233853133900543,0.1616927696737459,0.0008531124655692237,0.04575621815664709,0.003381020682175486,53.325,6.0,5.0,6.0,False,False,False
13,250,2,SLTA,200,0.6118545598413292,0.01937515390102265,0.16357575235048366,0.0,0.051478462440141454,0.0008699037479204964,53.325,4.0,2.5,3.0,False,True,True
13,250,2,Std,200,0.8267931645802193,0.0019077108157584618,0.16357575235048366,0.0,0.05155594566524969,0.0007362029132049987,53.325,3.0,2.5,1.0,True,True,True
13,250,4,K,200,0.4011314700425516,0.02951044408208421,0.16053495632629822,0.0004778140210176114,0.04889827575182971,0.0024369890586917724,55.755,5.0,6.0,5.0,False,False,False
13,250,4,M,200,0.8592037151061467,0.00451838121896567,0.16357575235048366,0.0,0.05157478044158446,0.000614839972429628,55.755,2.0,2.5,4.0,True,True,False
13,250,4,P,200,0.8650180589863177,0.001520809455011541,0.16357575235048366,0.0,0.05163188992931895,0.000631637069659677,55.755,1.0,2.5,3.0,True,True,True
13,250,4,S,200,0.2767724423783033,0.02166745371656095,0.16176447964029936,0.0007576311360029932,0.046220072774251705,0.002952814932196594,55.755,6.0,5.0,6.0,False,False,False
13,250,4,SLTA,200,0.6152988812982578,0.018959704150214144,0.16357575235048366,0.0,0.051633675282854306,0.0006510799350044815,55.755,4.0,2.5,2.0,False,True,True
13,250,4,Std,200,0.8303147555583388,0.0011812646649700955,0.16357575235048366,0.0,0.05167985060752964,0.0005669331238294092,55.755,3.0,2.5,1.0,True,True,True
13,250,6,K,200,0.40218071057530513,0.026988116945174254,0.16051734978719556,0.0004074693403525774,0.04890877737520634,0.0022729234808194485,58.255,5.0,6.0,5.0,False,False,False
13,250,6,M,200,0.8670838040292785,0.0033449009136561213,0.16357575235048366,0.0,0.051649422216476226,0.0004890352710362897,58.255,1.0,2.5,4.0,True,True,False
13,250,6,P,200,0.8647123909810653,0.001232839639210446,0.16357575235048366,0.0,0.05172564299569702,0.0005120978420313613,58.255,2.0,2.5,3.0,True,True,True
13,250,6,S,200,0.2791495427097935,0.019966216428189538,0.16184352566481228,0.0006568103043643615,0.0464735439697229,0.0026561575399338356,58.255,6.0,5.0,6.0,False,False,False
13,250,6,SLTA,200,0.617651145104939,0.01882242209739923,0.16357575235048366,0.0,0.051728909049088084,0.0004921227012893761,58.255,4.0,2.5,2.0,False,True,True
13,250,6,Std,200,0.8322793190647402,0.0007548940247098253,0.16357575235048366,0.0,0.051763514748943786,0.0004183626514743087,58.255,3.0,2.5,1.0,True,True,True
13,300,-10,K,200,0.30414624589954653,0.07433991563950137,0.14927115056698534,0.004743936852177248,0.03300166575704244,0.006097173245823874,32.245,5.0,5.0,5.0,False,False,False
13,300,-10,M,200,0.5199930859085934,0.062413497171712067,0.15410503292787486,0.0002050030838007324,0.042139056219651465,0.002149044164249874,32.245,3.0,4.0,4.0,True,False,False
13,300,-10,P,200,0.7461666623242124,0.03248929468381469,0.15414858492082953,0.00015927893736567114,0.04248815873727281,0.0018529632543669318,32.245,1.0,2.0,1.0,True,True,True
13,300,-10,S,200,0.22268637051373846,0.052103566435269574,0.1488696556319344,0.005796062251612677,0.031166926418240547,0.0068518406127200775,32.245,6.0,6.0,6.0,False,False,False
13,300,-10,SLTA,200,0.4649974118817578,0.036624018827861045,0.15412622563873227,0.00017172614184885306,0.042335298743100325,0.00183541775025194,32.245,4.0,3.0,3.0,False,True,True
13,300,-10,Std,200,0.5994044158234317,0.04230803384018227,0.15415325120578896,0.00015345148914749525,0.04243181945155853,0.0018476636943213374,32.245,2.0,1.0,2.0,True,True,True
13,300,-8,K,200,0.34430810905978404,0.06672388889404775,0.15114271969279672,0.002336390781979969,0.035934288577964726,0.004642635047863838,35.52,5.0,6.0,5.0,False,False,False
13,300,-8,M,200,0.5879148077726641,0.04889524062150598,0.1541439186358701,0.00015590574084345954,0.04256331746743155,0.00188951582502609,35.52,3.0,4.0,4.0,True,False,False
13,300,-8,P,200,0.7819812747821594,0.01464510410380306,0.15417872134452584,0.0001153378413493122,0.04309690278489186,0.0015476989543479534,35.52,1.0,2.0,1.0,True,True,True
13,300,-8,S,200,0.2505113269770326,0.04443464990991396,0.15135853537217037,0.0023181945875459633,0.03485064473242969,0.004940601859100721,35.52,6.0,5.0,6.0,False,False,False
13,300,-8,SLTA,200,0.4976803687145635,0.02899623360890216,0.1541668612035873,0.0001270207804921274,0.042908468261082335,0.0015655500902673003,35.52,4.0,3.0,3.0,False,True,True
13,300,-8,Std,200,0.6604495651017848,0.02666306227443005,0.15418299877240535,0.00011291097455252597,0.0429947103245744,0.0015327939383022765,35.52,2.0,1.0,2.0,True,True,True
13,300,-6,K,200,0.37448723553593455,0.058550621344974046,0.15178219516077862,0.0014438169619972177,0.03820482443678749,0.0037706956038598242,38.39,5.0,6.0,5.0,False,False,False
13,300,-6,M,200,0.6470971124840078,0.03771564481347531,0.1541791102016058,0.00012324577553510664,0.043117295642034724,0.001656136766135783,38.39,3.0,4.0,4.0,True,False,False
13,300,-6,P,200,0.7985011985005406,0.00760787980302042,0.15420030291246323,0.00010202437485715612,0.04358760516584424,0.0012372169068246587,38.39,1.0,2.0,1.0,True,True,True
13,300,-6,S,200,0.27063620575373964,0.04020292594007097,0.15210669639399899,0.0014211971294380067,0.0368172585757878,0.004099353799132532,38.39,6.0,5.0,6.0,False,False,False
13,300,-6,SLTA,200,0.5221022975447718,0.0239593985852766,0.1541824154867854,0.00011468493193880992,0.04344162699124107,0.0012488357229086177,38.39,4.0,3.0,3.0,False,True,True
13,300,-6,Std,200,0.7047727665574777,0.01670922774458572,0.1542004973410032,0.00010112839059507836,0.043464041673780755,0.0012398374730579836,38.39,2.0,1.0,2.0,True,True,True
13,300,-4,K,200,0.3961838724411964,0.052722497018015985,0.15192082270978166,0.0009744449582788744,0.03924222839416404,0.003040840755970706,40.98,5.0,6.0,5.0,False,False,False
13,300,-4,M,200,0.6965003970587931,0.027080319229601427,0.15419816419852347,0.0001023532200502409,0.043583892864256936,0.0013407635368393271,40.98,3.0,3.0,4.0,True,True,False
13,300,-4,P,200,0.8054501569869652,0.004677589220193408,0.1542069134828224,0.00010194688920504055,0.0439196607213998,0.0011041600066136583,40.98,1.0,2.0,1.0,True,True,True
13,300,-4,S,200,0.28534696744690174,0.03627832336013081,0.1524461686247975,0.0009277136246151581,0.03866646957608774,0.0036489403440145827,40.98,6.0,5.0,6.0,False,False,False
13,300,-4,SLTA,200,0.5393039228509137,0.020729532106140338,0.15419233134232418,0.00011086000067570875,0.04381817857854266,0.001081768926866274,40.98,4.0,4.0,3.0,False,False,True
13,300,-4,Std,200,0.7351534523505898,0.010097762734553503,0.15420808005406225,9.900047654904012e-05,0.04382213889600298,0.0010822925224258334,40.98,2.0,1.0,2.0,True,True,True
13,300,-2,K,200,0.4146831915908422,0.04582462388384661,0.15198634512775366,0.0006575573689999412,0.04054214486225893,0.0028531202504051135,43.825,5.0,6.0,5.0,False,False,False
13,300,-2,M,200,0.7348357524485316,0.018889725478173282,0.15421332962464163,9.472136908451224e-05,0.044017773816637906,0.0010560541348287522,43.825,3.0,3.0,4.0,True,True,False
13,300,-2,P,200,0.8077946975342907,0.0034448191507901117,0.15421974576646083,9.448422468384075e-05,0.04415842659441568,0.0009203874662431185,43.825,1.0,2.0,1.0,True,True,True
13,300,-2,S,200,0.2981610006751268,0.032490697403251084,0.15266237316125109,0.0006162065280223333,0.03996009600139756,0.0027800644527852174,43.825,6.0,5.0,6.0,False,False,False
13,300,-2,SLTA,200,0.5516052732159633,0.019013811732516595,0.15420185834078304,0.00010831305153917332,0.04406882143568552,0.0009576982685076676,43.825,4.0,4.0,2.0,False,False,True
13,300,-2,Std,200,0.7547681022921546,0.006156653416613252,0.15422052348062074,9.229226622111278e-05,0.044034575403939485,0.00098640408148502,43.825,2.0,1.0,3.0,True,True,True
13,300,0,K,200,0.4251745583769032,0.03983313060138931,0.1519319051365603,0.0005498584184120233,0.0414537893289034,0.002554377242833917,46.065,5.0,6.0,5.0,False,False,False
13,300,0,M,200,0.7648617589523958,0.012153661867557742,0.15423277247863926,8.858646708915828e-05,0.04435431151505061,0.0009323769438744539,46.065,3.0,3.0,2.0,True,True,True
13,300,0,P,200,0.8085761100605091,0.002613074836642373,0.15423666104943876,8.882631176010331e-05,0.04447057540393949,0.0007913130895919764,46.065,1.0,1.0,1.0,True,True,True
13,300,0,S,200,0.3060719304189442,0.02832058189927514,0.15274519971928097,0.0005019951392455495,0.04088490700289608,0.002480167832691922,46.065,6.0,5.0,6.0,False,False,False
13,300,0,SLTA,200,0.559939431982674,0.018572407634190664,0.15421935690938088,9.979855058937313e-05,0.04431060714997124,0.0008127380293377586,46.065,4.0,4.0,3.0,False,False,True
13,300,0,Std,200,0.7674405107864204,0.0036555070671506294,0.15423432790695904,9.006320841850939e-05,0.044260452388066474,0.0007871985656868409,46.065,2.0,2.0,4.0,True,True,False
13,300,2,K,200,0.43257986865118814,0.035153867354694786,0.15191518428212236,0.0004168221454933005,0.042049172626161695,0.0020863947137914848,48.43,5.0,6.0,5.0,False,False,False
13,300,2,M,200,0.7861516378957946,0.00831296111881142,0.1542448270481178,8.163811704796394e-05,0.0446280615150506,0.0008495246357562974,48.43,2.0,3.0,2.0,True,True,True
13,300,2,P,200,0.8085554568200227,0.0020889986610194257,0.15424949333307722,8.179433391669026e-05,0.04464485119759029,0.0007876021679350638,48.43,1.0,1.0,1.0,True,True,True
13,300,2,S,200,0.3113761841248725,0.025068772355017706,0.15280411156689377,0.000439518380624,0.0413797976261617,0.0021210077790496224,48.43,6.0,5.0,6.0,False,False,False
13,300,2,SLTA,200,0.5657716012202222,0.018451722056495118,0.1542364666208988,9.068098604901386e-05,0.04454705953092363,0.0007970914020793451,48.43,4.0,4.0,3.0,False,False,True
13,300,2,Std,200,0.7752356633820747,0.0022423832164399997,0.15424579919081766,8.378210661512812e-05,0.044453107149971235,0.0008136874412618347,48.43,3.0,2.0,4.0,True,True,False
13,300,4,K,200,0.438880351044083,0.03092150220108538,0.15193754356421962,0.0003014186619544781,0.04247745834044741,0.0017942743186887646,50.915,5.0,6.0,5.0,False,False,False
13,300,4,M,200,0.8007963858395467,0.0057737126401468135,0.15425804818883615,6.960891596571568e-05,0.04488338889600299,0.0006982628655256622,50.915,2.0,3.0,1.0,True,True,True
13,300,4,P,200,0.8082527533326745,0.0017274900399014284,0.15426329775941552,6.611058855062686e-05,0.04478753175314585,0.000708759893560902,50.915,1.0,1.0,2.0,True,True,True
13,300,4,S,200,0.31525587212014683,0.022300015661266208,0.15286107912910682,0.0003444979791460832,0.04170560714997122,0.0018863741870997648,50.915,6.0,5.0,6.0,False,False,False
13,300,4,SLTA,200,0.5700318148421747,0.017948097336085825,0.15425474290365657,7.697965700802089e-05,0.04472427381663792,0.0007518114925032992,50.915,4.0,4.0,3.0,False,False,True
13,300,4,Std,200,0.7798933658665698,0.0013885897848321311,0.15425979804569595,7.043984640880549e-05,0.044572692467431556,0.0008146894329729778,50.915,3.0,2.0,4.0,True,True,False
13,300,6,K,200,0.4431964456658908,0.02736950044329621,0.15195037584785806,0.00027625037696711385,0.042733210324574396,0.0014596339550776254,53.59,5.0,6.0,5.0,False,False,False
13,300,6,M,200,0.8107482024054188,0.004063879962401159,0.15427515790035407,4.710368652672848e-05,0.04507976389600299,0.0005085701066049213,53.59,1.0,3.0,1.0,True,True,True
13,300,6,P,200,0.8079014312071487,0.0013751238195094727,0.1542788520426136,4.162230562502767e-05,0.04496152976901886,0.0006822392861076339,53.59,2.0,1.0,2.0,True,True,True
13,300,6,S,200,0.3182353837694178,0.02038643782156356,0.15289043783864323,0.00029254587903040403,0.041954059530923606,0.0017371563863008395,53.59,6.0,5.0,6.0,False,False,False
13,300,6,SLTA,200,0.5733408350683111,0.01749028653283787,0.1542739913291142,5.377857308685648e-05,0.04490607341981251,0.0006786622628412564,53.59,4.0,4.0,3.0,False,False,True
13,300,6,Std,200,0.7826266097603558,0.0008648655588593756,0.15427690775721387,4.5243712899838826e-05,0.04475423611822522,0.0007414183321919256,53.59,3.0,2.0,4.0,True,True,False
15,100,-10,K,200,0.1558094241887539,0.06652742466839048,0.13990824023443552,0.0448792103181982,0.016775813888575537,0.008776423833078776,37.805,5.0,5.0,6.0,False,False,False
15,100,-10,M,200,0.7419036064962096,0.0415687313633156,0.26170060813687235,0.0047495022191602196,0.09669517638409315,0.008794763774944911,37.805,3.0,3.0,3.0,True,True,True
15,100,-10,P,200,0.858760330000702,0.01846465654009111,0.263960720997198,0.0023808198806341764,0.10425331107378595,0.006715213148053313,37.805,1.0,1.0,1.0,True,True,True
15,100,-10,S,200,0.0706167965456102,0.05521044900772276,0.07521328764957082,0.039730345035084096,0.020714731812757875,0.012011037453834228,37.805,6.0,6.0,5.0,False,False,False
15,100,-10,SLTA,200,0.43077149010826493,0.03417439816358738,0.1897268042701277,0.015084795335449467,0.05744172137634436,0.0047009437587661185,37.805,4.0,4.0,4.0,False,False,False
15,100,-10,Std,200,0.7804015197621519,0.037369937199933964,0.2633114662037631,0.003838207852526818,0.10320880690720566,0.008150041808524716,37.805,2.0,2.0,2.0,True,True,True
15,100,-8,K,200,0.18672373502501707,0.06189100045629416,0.15896579796580182,0.03548335891484457,0.02179809349220815,0.009368715145312371,42.155,5.0,5.0,6.0,False,False,False
15,100,-8,M,200,0.7954066877428005,0.02655089653902801,0.26349593287855805,0.0025603250955593027,0.10190875344747946,0.006691201153991904,42.155,3.0,3.0,3.0,True,True,True
15,100,-8,P,200,0.8694965393473031,0.010516513681757536,0.26477226119655684,0.0010532795808820218,0.10748148213665047,0.004028358769866548,42.155,1.0,1.0,1.0,True,True,True
15,100,-8,S,200,0.07465059882437589,0.051183942413895685,0.08564187911114045,0.028463586716720484,0.02869063172987361,0.011794392623542663,42.155,6.0,6.0,5.0,False,False,False
15,100,-8,SLTA,200,0.4562882155216634,0.03038430297909093,0.18389731783738852,0.012927754277409683,0.05932444517073757,0.003648239491784336,42.155,4.0,4.0,4.0,False,False,False
15,100,-8,Std,200,0.8312249078434545,0.023342687086438486,0.26454807194332436,0.0015732441512953997,0.10719652893313938,0.005736603544992027,42.155,2.0,2.0,2.0,True,True,True
15,100,-6,K,200,0.21008487104525625,0.05512875600483608,0.1709944963690441,0.027588476061423606,0.02568273425747215,0.008840316944840318,46.125,5.0,5.0,6.0,False,False,False
15,100,-6,M,200,0.8325190817284738,0.017652090992112988,0.26444395578331736,0.001241760241612108,0.10540435622405571,0.00468225220424922,46.125,3.0,3.0,3.0,True,True,True
15,100,-6,P,200,0.8720312487690749,0.007747780315420201,0.26503175940840035,0.0002842504782075613,0.1085477534447414,0.0027640383796318072,46.125,1.0,1.0,2.0,True,True,True
15,100,-6,S,200,0.0798290164929589,0.04649731464608621,0.09289345648588812,0.018864303389410624,0.03670199455518417,0.010664263860342957,46.125,6.0,6.0,5.0,False,False,False
15,100,-6,SLTA,200,0.4746987408208982,0.02783010712320332,0.17820714335352827,0.01136938236130982,0.0598396108088949,0.002924838686869698,46.125,4.0,4.0,4.0,False,False,False
15,100,-6,Std,200,0.8644948789581463,0.015551682620440776,0.2649528801002211,0.0005476490231410464,0.10936986760594286,0.003761861715327017,46.125,2.0,2.0,1.0,True,True,True
15,100,-4,K,200,0.2271132656573441,0.049163437794990085,0.1783057141963175,0.022509388734136812,0.028053292892736503,0.007790649313310014,49.99,5.0,4.0,6.0,False,False,False
15,100,-4,M,200,0.8568480825551775,0.011950038407486747,0.26487705637499864,0.0005796848194476676,0.10756553804733084,0.0031075252992444824,49.99,3.0,3.0,3.0,True,True,True
15,100,-4,P,200,0.8714957653053523,0.006182056807868483,0.2650762351158816,3.363266857062032e-05,0.1086655818415444,0.0024378678097532105,49.99,2.0,1.0,2.0,True,True,True
15,100,-4,S,200,0.0846033878363575,0.04023208522631076,0.09736694310427538,0.012411405355159718,0.04270689890559332,0.010236508541770896,49.99,6.0,6.0,5.0,False,False,False
15,100,-4,SLTA,200,0.48801248860747115,0.026292795195025424,0.1729319623030872,0.010037853157595969,0.059886867342660945,0.0026710502403013434,49.99,4.0,5.0,4.0,False,False,False
15,100,-4,Std,200,0.8855466041772034,0.010966546675020105,0.26506729470648965,7.334237342601772e-05,0.11046661224319047,0.0026566730319578184,49.99,1.0,2.0,1.0,True,True,True
15,100,-2,K,200,0.23859594078886778,0.04420722604925283,0.183068802177159,0.019163567008102456,0.030775824918871156,0.007227714041060372,53.315,5.0,4.0,6.0,False,False,False
15,100,-2,M,200,0.8725612887700605,0.008385586970837834,0.26504556611657515,0.00010450535758882331,0.10841279706213253,0.0025020948618342943,53.315,2.0,3.0,3.0,True,True,True
15,100,-2,P,200,0.8702844891564933,0.00506895379946626,0.2650800828870123,1.127195770157284e-05,0.10846175202011304,0.0022317986426814806,53.315,3.0,1.0,2.0,True,True,True
15,100,-2,S,200,0.08725872635683002,0.034234824070286364,0.09979511302722098,0.00872879846646469,0.04772172275793347,0.00942376995937965,53.315,6.0,6.0,5.0,False,False,False
15,100,-2,SLTA,200,0.497937223449148,0.02510556118742973,0.16873743909167518,0.008932155410611852,0.06041366302142008,0.002586537006089912,53.315,4.0,5.0,4.0,False,False,False
15,100,-2,Std,200,0.8990506612010397,0.008020475113609113,0.2650787248501426,1.3557127212406674e-05,0.1110407116402372,0.002358003894271474,53.315,1.0,2.0,1.0,True,True,True
15,100,0,K,200,0.24487621874657856,0.040379052043558114,0.18528342080235113,0.017312713352363857,0.032193356762532786,0.006763096869710337,56.74,5.0,4.0,6.0,False,False,False
15,100,0,M,200,0.8822767354009138,0.0062498231708627274,0.26507747998301207,1.8152596622763114e-05,0.10882167490039224,0.0022114941671769078,56.74,2.0,3.0,2.0,True,True,True
15,100,0,P,200,0.8688367413154688,0.004232789835215102,0.26508042239622964,1.0955189817713477e-05,0.1082029326588235,0.001972277737883403,56.74,3.0,1.0,3.0,True,True,True
15,100,0,S,200,0.08900348286008976,0.02972616963605071,0.10131192704088804,0.006878459739846099,0.051432509156828496,0.008940624536971854,56.74,6.0,6.0,5.0,False,False,False
15,100,0,SLTA,200,0.5055057121802504,0.024297786070067565,0.16507413463577708,0.008075819588159035,0.06098926247420573,0.0025044268417394972,56.74,4.0,5.0,4.0,False,False,False
15,100,0,Std,200,0.9074823243820161,0.006141245824577584,0.26507985654753397,1.1768056049436493e-05,0.11141737935759323,0.0020698301170685735,56.74,1.0,2.0,1.0,True,True,True
15,100,2,K,200,0.24706069132075342,0.03647547575536624,0.1866276509638327,0.015668783925847744,0.03348749015070035,0.0062518624644243535,59.98,5.0,4.0,6.0,False,False,False
15,100,2,M,200,0.8882939674756265,0.004527213564197685,0.2650801960567514,1.1245090406123582e-05,0.10876376639649817,0.002088228181215521,59.98,2.0,3.0,2.0,True,True,True
15,100,2,P,200,0.8675542972165609,0.0033748920034893048,0.2650813277541428,1.0669477241842603e-05,0.10791804436830069,0.0015445964293650002,59.98,3.0,1.0,3.0,True,True,True
15,100,2,S,200,0.08948643831963345,0.02586639827830642,0.10222679121207989,0.005646196654850769,0.054276739367496746,0.008288130295967895,59.98,6.0,6.0,5.0,False,False,False
15,100,2,SLTA,200,0.5110764639813109,0.023319220296188332,0.16212413904566603,0.007019185145107507,0.06151223104342427,0.0021563255051966885,59.98,4.0,5.0,4.0,False,False,False
15,100,2,Std,200,0.9129725891785211,0.004564123671001767,0.26508087507518624,1.082279595371739e-05,0.11178766292126156,0.0015412604666320015,59.98,1.0,2.0,1.0,True,True,True
15,100,4,K,200,0.24579291416829943,0.03275911746874967,0.18657366899826383,0.014497163326304054,0.033990785006909684,0.005914120248100638,63.245,5.0,4.0,6.0,False,False,False
15,100,4,M,200,0.8920785690015478,0.0034045508529885454,0.26508042239622964,1.0955189817708522e-05,0.10862330688087289,0.0020204922906039927,63.245,2.0,3.0,2.0,True,True,True
15,100,4,P,200,0.8664474450587589,0.0027203152620565714,0.2650820067725776,1.0398206010472622e-05,0.1076315586207358,0.0010281893124338196,63.245,3.0,1.0,3.0,True,True,True
15,100,4,S,200,0.08985918052156874,0.02333764596366705,0.10277272203368176,0.004967656682316253,0.05589700067847613,0.0080454705419734,63.245,6.0,6.0,5.0,False,False,False
15,100,4,SLTA,200,0.5161107234085925,0.022557979715063303,0.1595299491154049,0.006153844979530676,0.06212262216765042,0.0022521893292544626,63.245,4.0,5.0,4.0,False,False,False
15,100,4,Std,200,0.9165464610424822,0.0034449569737750167,0.26508189360283846,1.0446987909232067e-05,0.11201684539908456,0.0009524200721881474,63.245,1.0,2.0,1.0,True,True,True
15,100,6,K,200,0.24215413566722277,0.029253847203697246,0.1860240035752704,0.013511798922876444,0.03457396509531483,0.00542909581656774,66.695,5.0,4.0,6.0,False,False,False
15,100,6,M,200,0.8944325973225941,0.002606737999263948,0.26508053556596883,1.0924009395197684e-05,0.10843764401451018,0.0019447768101578135,66.695,2.0,3.0,2.0,True,True,True
15,100,6,P,200,0.8655364755644797,0.0022000880148845903,0.2650825726212733,1.0131741956909055e-05,0.10748943991324918,0.0005912856138017022,66.695,3.0,2.0,3.0,True,True,True
15,100,6,S,200,0.08978411101430456,0.021325641550389268,0.10321102843336336,0.004584925011763338,0.05697145369338594,0.0073841006184348435,66.695,6.0,6.0,5.0,False,False,False
15,100,6,SLTA,200,0.5199701139556884,0.021612778799064727,0.15746516722483153,0.005427005194308125,0.06245767601679767,0.002200596053547179,66.695,4.0,5.0,4.0,False,False,False
15,100,6,Std,200,0.9189719966197767,0.002608192720807527,0.2650827989607516,1.0014179613882653e-05,0.1120668958381448,0.00043663964399983735,66.695,1.0,1.0,1.0,True,True,True
15,150,-10,K,200,0.2129369974819431,0.06596330450310744,0.17235691873624323,0.027106010057430317,0.02549353425326525,0.010873753257307061,36.68,5.0,5.0,6.0,False,False,False
15,150,-10,M,200,0.7495654956549187,0.048293671308847874,0.21726074636012435,0.00014746967887603748,0.07754186446455001,0.0025877036979178097,36.68,3.0,3.0,2.0,True,True,True
15,150,-10,P,200,0.9275441933943455,0.022013127587615942,0.2173017440846785,6.3052954044929e-05,0.07671623820594121,0.0018153113174625725,36.68,1.0,2.0,3.0,True,True,True
15,150,-10,S,200,0.17743096528858934,0.05662763383671971,0.16566849197589836,0.03049862255567615,0.02732823976208794,0.0118621326417739,36.68,6.0,6.0,5.0,False,False,False
15,150,-10,SLTA,200,0.5564244957382739,0.04815191915617973,0.21259791087960322,0.003029154660745638,0.07145239968088336,0.004157741670958547,36.68,4.0,4.0,4.0,False,False,False
15,150,-10,Std,200,0.7969108949690373,0.04343045790943691,0.2173027103610148,6.469461945041517e-05,0.07862652302253005,0.002156395853886968,36.68,2.0,1.0,1.0,True,True,True
15,150,-8,K,200,0.24734605511882252,0.05857907131380361,0.18689785916321308,0.017883916439896924,0.03153225563291495,0.010363915835845273,41.46,5.0,5.0,6.0,False,False,False
15,150,-8,M,200,0.8200259644714544,0.030475950346244403,0.21730906017693902,3.8398277585287446e-05,0.07824968502253996,0.002230903130986167,41.46,3.0,3.0,2.0,True,True,True
15,150,-8,P,200,0.9533456165375312,0.008334357388216798,0.21731540999286325,2.0895350618113735e-05,0.07653399043048392,0.0013577514123430587,41.46,1.0,2.0,3.0,True,True,True
15,150,-8,S,200,0.20985814627260369,0.05181875470242048,0.18187846771459978,0.022193921882405952,0.03502534854116868,0.011769748986835813,41.46,6.0,6.0,5.0,False,False,False
15,150,-8,SLTA,200,0.5994529189771455,0.03877832980125559,0.21320224770821633,0.002520962214611136,0.07383044183311156,0.00215923087010545,41.46,4.0,4.0,4.0,False,False,False
15,150,-8,Std,200,0.86098056109094,0.025183573431944866,0.21731582411129305,1.995637554246776e-05,0.07922426515175668,0.0019926072702257072,41.46,2.0,1.0,1.0,True,True,True
15,150,-6,K,200,0.2710891564463427,0.04982523702703874,0.19527713147259448,0.011181251207069138,0.03697915264531728,0.008594321460225185,45.985,5.0,5.0,6.0,False,False,False
15,150,-6,M,200,0.869724649070985,0.019053474433837207,0.21731637626919953,1.8340175103937464e-05,0.07853479366335511,0.002107027485073147,45.985,3.0,3.0,2.0,True,True,True
15,150,-6,P,200,0.9647935065171458,0.0038948232097624656,0.21732051745349792,1.5597751828891244e-05,0.07633557065582819,0.0008392223811763595,45.985,1.0,2.0,3.0,True,True,True
15,150,-6,S,200,0.23641459721863395,0.04295110892680192,0.19285950807918886,0.01506343826242011,0.042208549962279046,0.010903825952968956,45.985,6.0,6.0,5.0,False,False,False
15,150,-6,SLTA,200,0.6311233087587615,0.03239061031147623,0.21368400548159677,0.00211047459013155,0.07479120266709453,0.0011525621221394344,45.985,4.0,4.0,4.0,False,False,False
15,150,-6,Std,200,0.9027612680388856,0.014425988188847768,0.21732079353245115,1.448497584721194e-05,0.07981901087516485,0.001775358581521637,45.985,2.0,1.0,1.0,True,True,True
15,150,-4,K,200,0.28524788661826983,0.045252040874934334,0.1992902151366967,0.008305607599161526,0.040530928844432615,0.007944439868908677,49.855,5.0,6.0,6.0,False,False,False
15,150,-4,M,200,0.9036684752684525,0.011744021720086633,0.21731941313768502,1.4655841647163433e-05,0.07870299621147742,0.0020041982330890307,49.855,3.0,3.0,2.0,True,True,True
15,150,-4,P,200,0.969984804038446,0.00243377508901114,0.21732410647988984,1.1541747002623044e-05,0.07629880990106358,0.00042827183454415674,49.855,1.0,2.0,3.0,True,True,True
15,150,-4,S,200,0.2553114161505944,0.03719649945269533,0.1995284712733313,0.01114905573060699,0.04718835074017882,0.010075532848279825,49.855,6.0,5.0,5.0,False,False,False
15,150,-4,SLTA,200,0.6529889617120598,0.028929149958792266,0.21402523906778492,0.0017848618515022116,0.07510136329538815,0.0008689859805059756,49.855,4.0,4.0,4.0,False,False,False
15,150,-4,Std,200,0.9289280602092168,0.008462977175878232,0.21732493471674952,1.014661994512824e-05,0.0803158667678513,0.001444388553429659,49.855,2.0,1.0,1.0,True,True,True
15,150,-2,K,200,0.29202029009623853,0.04092659321821292,0.20126473181017357,0.006615885337982298,0.0434083937792891,0.007348967571892215,53.385,5.0,6.0,6.0,False,False,False
15,150,-2,M,200,0.926356710109721,0.00713645856842571,0.21732079353245115,1.3096305760917808e-05,0.07886924452092638,0.0019036577136122663,53.385,3.0,3.0,2.0,True,True,True
15,150,-2,P,200,0.9724459440442846,0.0018123322782615772,0.21732617707203908,8.82962613008198e-06,0.07629447201798119,0.00018832477263716952,53.385,1.0,2.0,3.0,True,True,True
15,150,-2,S,200,0.2682899561331554,0.03302740168323866,0.20375634436304388,0.00831070224102042,0.05142213488832495,0.008828295707831401,53.385,6.0,5.0,5.0,False,False,False
15,150,-2,SLTA,200,0.6686257027080558,0.026804284081632004,0.2142741242441187,0.0014607316479375715,0.0753047417765164,0.0007052231351695324,53.385,4.0,4.0,4.0,False,False,False
15,150,-2,Std,200,0.9450982879350667,0.005307966369971236,0.21732631511151568,8.659904548663148e-06,0.08073399524955839,0.0009436243294178336,53.385,2.0,1.0,1.0,True,True,True
15,150,0,K,200,0.2950740691310707,0.037235917364730975,0.20234323424095335,0.005649829226013358,0.04542634061314075,0.006480279725122561,56.72,5.0,6.0,6.0,False,False,False
15,150,0,M,200,0.9409375110708423,0.004401676218493314,0.21732369236146,1.1173320440547579e-05,0.07914137385315237,0.001794518789191134,56.72,3.0,3.0,2.0,True,True,True
15,150,0,P,200,0.9736763037661731,0.0014100465743833578,0.21732741942732858,7.061748616710302e-06,0.07629613868464785,0.00016734368357082264,56.72,1.0,2.0,3.0,True,True,True
15,150,0,S,200,0.2770251866006296,0.029236342780692107,0.20656392927788209,0.00657024284401639,0.05453297623155803,0.008390025255749082,56.72,6.0,5.0,5.0,False,False,False
15,150,0,SLTA,200,0.6795894275985492,0.02563461773308498,0.2144338359185603,0.0012429287724563872,0.07543812852813767,0.0005900655407319592,56.72,4.0,4.0,4.0,False,False,False
15,150,0,Std,200,0.9548984527540584,0.003559037671189975,0.2173276955062818,6.572964871496624e-06,0.08098053736685404,0.0005760073163250088,56.72,2.0,1.0,1.0,True,True,True
15,150,2,K,200,0.29423488135953174,0.033464059280024154,0.20276577307886673,0.005238512782996232,0.04726388913725032,0.006497446957681979,59.99,5.0,6.0,6.0,False,False,False
15,150,2,M,200,0.9501152568153118,0.0028069651241478845,0.21732493471674952,1.0146619945134905e-05,0.07936736304052242,0.0017115195055176055,59.99,3.0,3.0,2.0,True,True,True
15,150,2,P,200,0.9742669758158194,0.001105741672904327,0.21732810962471166,5.737592523093563e-06,0.07628780535131452,0.00013130789914338507,59.99,1.0,1.5,3.0,True,True,True
15,150,2,S,200,0.2825821344304896,0.026188903501126085,0.208367415039835,0.00524990025197372,0.05647517304042816,0.0076949294874259595,59.99,6.0,5.0,5.0,False,False,False
15,150,2,SLTA,200,0.687386095355912,0.024291789127199266,0.21447994110374913,0.0010590763855134284,0.07547210044510959,0.0005293860410839296,59.99,4.0,4.0,4.0,False,False,False
15,150,2,Std,200,0.9607279584605035,0.0025721109941999215,0.21732810962471166,5.737592523093563e-06,0.08104547794381495,0.00028691981067743816,59.99,2.0,1.5,1.0,True,True,True
15,150,4,K,200,0.2919595333532131,0.029447232657564333,0.2029996119522497,0.004900243083619502,0.04929783063150318,0.0062014627550309375,63.345,5.0,6.0,6.0,False,False,False
15,150,4,M,200,0.9559256074275473,0.0018608692223714505,0.2173264531509923,8.484532673415205e-06,0.07954189286565083,0.0016045888265078681,63.345,3.0,3.0,2.0,True,True,True
15,150,4,P,200,0.974572216972833,0.0008909657715830819,0.21732893786157131,3.3642286426604712e-06,0.07626780535131451,0.00010025094142343996,63.345,1.0,1.5,3.0,True,True,True
15,150,4,S,200,0.2864857876650205,0.02350498757702435,0.20969783951543414,0.0042286108161541,0.05781155685648856,0.007030298398557612,63.345,6.0,5.0,5.0,False,False,False
15,150,4,SLTA,200,0.6933854690569629,0.023413972456147698,0.2144512288926136,0.000920201554721519,0.0755181720540562,0.0005009189138133005,63.345,4.0,4.0,4.0,False,False,False
15,150,4,Std,200,0.9642489631889893,0.001933378863809575,0.21732893786157131,3.3642286426604712e-06,0.08106931335274763,8.50761991814574e-05,63.345,2.0,1.5,1.0,True,True,True
15,150,6,K,200,0.28729464227658885,0.026797215138585854,0.20284210890943388,0.004629278485308582,0.04956784016254578,0.005642840490222952,67.18,6.0,6.0,6.0,False,False,False
15,150,6,M,200,0.9596153890746015,0.0012941544769168771,0.2173276955062818,6.572964871494495e-06,0.079738441825685,0.0014891103237844223,67.18,3.0,3.0,2.0,True,True,True
15,150,6,P,200,0.9747821377978899,0.000705684399054281,0.21732921394052454,1.952172999698379e-06,0.07625613868464784,8.238149873881215e-05,67.18,1.0,1.5,3.0,True,True,True
15,150,6,S,200,0.2889756858224527,0.021852271155390634,0.21065403896993457,0.0035352936400381437,0.059459050033662766,0.006721717469984912,67.18,5.0,5.0,5.0,False,False,False
15,150,6,SLTA,200,0.6990856696784579,0.022459448911173935,0.21444377476087645,0.0008197255961610895,0.075535096837606,0.0004731066979958785,67.18,4.0,4.0,4.0,False,False,False
15,150,6,Std,200,0.9663956250644533,0.001471218103203865,0.21732921394052454,1.952172999698379e-06,0.08107750779719206,7.6196047386076e-05,67.18,2.0,1.5,1.0,True,True,True
15,200,-10,K,200,0.26860578801884333,0.08015712063398345,0.1731080373116119,0.01561556025726153,0.038150624802730244,0.011421061907065077,36.64,5.0,5.0,5.0,False,False,False
15,200,-10,M,200,0.6571895664187969,0.06032799022893858,0.18854638130605786,6.854910901280746e-05,0.06154941886585056,0.0016260247989797005,36.64,3.0,3.0,2.0,True,True,True
15,200,-10,P,200,0.86913092070222,0.02791379310019622,0.18856340193197776,3.996190648800501e-05,0.06019468223741556,0.0011702239541305434,36.64,1.0,1.0,3.0,True,True,True
15,200,-10,S,200,0.16648372848059204,0.06090469295852922,0.1544658388624645,0.028069882309191593,0.0271541405527705,0.012370384129738347,36.64,6.0,6.0,6.0,False,False,False
15,200,-10,SLTA,200,0.5551229813477804,0.045059685455065966,0.1885360416734897,0.0002017096278024984,0.061797945716242225,0.0018440746542365252,36.64,4.0,4.0,1.0,False,False,True
15,200,-10,Std,200,0.7228237102905437,0.04464101098119298,0.1885592660789505,4.116191396365653e-05,0.060004915600758435,0.0010629233956583508,36.64,2.0,2.0,4.0,True,True,False
15,200,-8,K,200,0.31029298624377466,0.06834609381354684,0.18005595225488424,0.006283053812494212,0.043830765174392106,0.008959056845357354,41.61,5.0,5.0,5.0,False,False,False
15,200,-8,M,200,0.7352430370545501,0.040741925177982335,0.1885654698584914,2.9566612007091745e-05,0.06149651518275411,0.0010838583649571956,41.61,3.0,4.0,2.0,True,False,True
15,200,-8,P,200,0.8998393298253642,0.009614884988780818,0.18857199178057285,2.633146335091458e-05,0.05989510836632621,0.0008630044015714341,41.61,1.0,1.0,3.0,True,True,True
15,200,-8,S,200,0.19913359893085605,0.052627864930054995,0.17050276804697262,0.014827363375308248,0.034379997292931536,0.010645095386460926,41.61,6.0,6.0,6.0,False,False,False
15,200,-8,SLTA,200,0.6003399882677541,0.034216760495410795,0.1885718327093026,2.5898609237281445e-05,0.06179047900235573,0.001290860020062475,41.61,4.0,2.0,1.0,False,True,True
15,200,-8,Std,200,0.7876999222926651,0.024821483739726702,0.18856769685627534,2.87750268592087e-05,0.05973262748609533,0.0006802432689489865,41.61,2.0,3.0,4.0,True,True,False
15,200,-6,K,200,0.34322406603316047,0.05754399262461334,0.18283699527318248,0.0035783582969817446,0.049207802227621195,0.0069611128324235,46.35,5.0,5.0,5.0,False,False,False
15,200,-6,M,200,0.7948701112792835,0.02647019640726786,0.18857374156454593,2.216065490312743e-05,0.06131227381199163,0.0009639805023584428,46.35,3.0,3.0,1.0,True,True,True
15,200,-6,P,200,0.9118635055693954,0.004125468588155913,0.18857708206122184,2.4003348290445567e-05,0.05965421262318047,0.0005202566607397122,46.35,1.0,1.0,3.0,True,True,True
15,200,-6,S,200,0.2262783170317143,0.04523564413215226,0.1787361379253744,0.0077744707454004535,0.04169172724215419,0.008875024789009346,46.35,6.0,6.0,6.0,False,False,False
15,200,-6,SLTA,200,0.6312829554268184,0.029016980204824516,0.18857692298995155,2.3990101262271303e-05,0.061167492132214306,0.0012247826834961614,46.35,4.0,2.0,2.0,False,True,True
15,200,-6,Std,200,0.8292470876305349,0.014008690736171015,0.18856928756897812,2.681712601476413e-05,0.05956302861274646,0.000340754264429364,46.35,2.0,4.0,4.0,True,False,False
15,200,-4,K,200,0.3640729480288954,0.0503142508114475,0.1838224417925646,0.0026183473651813106,0.05213254413525171,0.005727454789052501,50.7,5.0,5.0,5.0,False,False,False
15,200,-4,M,200,0.8386359881172794,0.01658472671808485,0.18857899091646516,2.0422181557393728e-05,0.06112928076337358,0.000888542870737804,50.7,3.0,3.0,1.0,True,True,True
15,200,-4,P,200,0.9165355530012664,0.002451382776188331,0.18858344491203302,1.9928063985704247e-05,0.0595270272529951,0.0002459129934727278,50.7,1.0,1.0,3.0,True,True,True
15,200,-4,S,200,0.24629940674766249,0.03915320007471641,0.1823519869701,0.00482664192183372,0.04690831590410444,0.007030487134490032,50.7,6.0,6.0,6.0,False,False,False
15,200,-4,SLTA,200,0.6525006451158951,0.02625721154354873,0.1885828086269519,2.1527919569203257e-05,0.06056400545534829,0.0010409019814453528,50.7,4.0,2.0,2.0,False,True,True
15,200,-4,Std,200,0.8546820040885372,0.007900394478352982,0.1885735824932757,2.4521141539881027e-05,0.05949627433924218,0.00013309550612087274,50.7,2.0,4.0,4.0,True,False,False
15,200,-2,K,200,0.3753061927842169,0.046199023439502405,0.18418814664293737,0.0021436315539296864,0.05397170667483654,0.005146157479069013,53.995,5.0,5.0,5.0,False,False,False
15,200,-2,M,200,0.8688305577409479,0.010270201791005828,0.18858312676949243,1.7559137216818842e-05,0.06097244176903458,0.0007492107158602669,53.995,3.0,3.0,1.0,True,True,True
15,200,-2,P,200,0.9182162605376883,0.0018429911635348194,0.18858694447997915,1.64957511996776e-05,0.05949748862495647,0.00013570002076783533,53.995,1.0,1.0,3.0,True,True,True
15,200,-2,S,200,0.25987876428724455,0.03553134752145907,0.18406454826593013,0.003501568663772941,0.050290480867710624,0.005739747880353424,53.995,6.0,6.0,6.0,False,False,False
15,200,-2,SLTA,200,0.6669874761873121,0.024198761650113188,0.18858646726616832,1.7316317036020607e-05,0.06013638059409843,0.0008215068956972576,53.995,4.0,2.0,2.0,False,True,True
15,200,-2,Std,200,0.8698004943372895,0.00459995939574044,0.18857883184519492,2.1631035921288703e-05,0.05949506414665699,0.00011535875510145164,53.995,2.0,4.0,4.0,True,False,False
15,200,0,K,200,0.3803541177132002,0.04172358777156532,0.18431492644535022,0.0018416535023067138,0.055220817488642514,0.0042666978491114225,56.855,5.0,6.0,5.0,False,False,False
15,200,0,M,200,0.8888022034469059,0.0065052744736201805,0.18858710355124944,1.3717239534368124e-05,0.06086183441805223,0.0006220474987355605,56.855,2.0,3.0,1.0,True,True,True
15,200,0,P,200,0.9187463352437577,0.001439712672181891,0.18859092126173616,1.1019627058715532e-05,0.059486564146657,9.902085545855604e-05,56.855,1.0,1.0,4.0,True,True,False
15,200,0,S,200,0.26936426560317545,0.03179777027578008,0.18496998193636163,0.002523089851748965,0.052179417676195945,0.0049291605897893625,56.855,6.0,5.0,6.0,False,False,False
15,200,0,SLTA,200,0.676829300740094,0.022950993646794798,0.18859076219046586,1.1190235616895624e-05,0.05991431588103373,0.000662099331714406,56.855,4.0,2.0,2.0,False,True,True
15,200,0,Std,200,0.8785365889240275,0.002816657197076427,0.18858455841092497,1.802439362824168e-05,0.05948839747999033,9.283664050476039e-05,56.855,3.0,4.0,3.0,True,False,True
15,200,2,K,200,0.38139271637295574,0.03782901606547294,0.18433751456572992,0.0016253277924385167,0.05570666681798355,0.004308885957290574,59.255,5.0,6.0,5.0,False,False,False
15,200,2,M,200,0.9016815224579058,0.0042498877228569635,0.18858773983633054,1.3318407991585612e-05,0.06079068952128233,0.0004403409546557945,59.255,2.0,4.0,1.0,True,False,True
15,200,2,P,200,0.9188947073909165,0.00114088798629596,0.18859235290316867,8.652649498060672e-06,0.059485730813323666,7.613642102413432e-05,59.255,1.0,1.0,3.0,True,True,True
15,200,2,S,200,0.27531463819388385,0.02831122248434518,0.1854753513620399,0.001977454614979497,0.053827032709986004,0.004053970197135938,59.255,6.0,5.0,6.0,False,False,False
15,200,2,SLTA,200,0.6824102373368153,0.02212655899614986,0.18859219383189837,8.894677667085846e-06,0.059756395079612924,0.0005043419668716535,59.255,4.0,2.0,2.0,False,True,True
15,200,2,Std,200,0.8834276937034332,0.0018429972859208218,0.18858996683411447,1.1542620259368868e-05,0.059479064146657,5.315289567143005e-05,59.255,3.0,3.0,4.0,True,True,False
15,200,4,K,200,0.38108958642389135,0.0345139507496562,0.18438698573078688,0.001515554892219929,0.056918675274722885,0.004018628185207244,61.735,5.0,6.0,5.0,False,False,False
15,200,4,M,200,0.9098749961571613,0.0028972344995295356,0.18858805797887113,1.3102804548867945e-05,0.060749735683453494,0.0002967796634847658,61.735,2.0,4.0,1.0,True,False,True
15,200,4,P,200,0.9188796777838784,0.0008952836253572733,0.18859346640206062,6.611776235225299e-06,0.05948648081332367,5.7871225379870876e-05,61.735,1.0,1.5,3.0,True,True,True
15,200,4,S,200,0.2794333549316765,0.02581987618293399,0.1857887217644907,0.0017793509058250255,0.05466865017012444,0.0036903469118158357,61.735,6.0,5.0,6.0,False,False,False
15,200,4,SLTA,200,0.6855768058355123,0.021501853378911213,0.18859346640206062,6.611776235225299e-06,0.059673396522614365,0.00043124440440446603,61.735,4.0,1.5,2.0,False,True,True
15,200,4,Std,200,0.8861340436429573,0.0012972127871074435,0.1885926710457092,8.137681701020784e-06,0.05947614747999033,3.5591829625982515e-05,61.735,3.0,3.0,4.0,True,True,False
15,200,6,K,200,0.3800227226064618,0.03237805640653931,0.18438714480205717,0.00147326956009644,0.05749884709662814,0.0038436497538785024,64.335,5.0,6.0,5.0,False,False,False
15,200,6,M,200,0.9150773692476969,0.002037484135404286,0.1885896486915739,1.1838465540228718e-05,0.060736931779024596,0.00022635328277493646,64.335,2.0,4.0,1.0,True,False,True
15,200,6,P,200,0.9188154494144708,0.0007068234601271924,0.18859442082968228,3.876804931666326e-06,0.05948281414665701,4.761655892036481e-05,64.335,1.0,2.5,3.0,True,True,True
15,200,6,S,200,0.28198170405329936,0.023863395923408623,0.18599042413520525,0.001658326036974705,0.05571891573903602,0.0035018670672496205,64.335,6.0,5.0,6.0,False,False,False
15,200,6,SLTA,200,0.6875919406958007,0.020847122887317878,0.18859442082968228,3.876804931666326e-06,0.059590878804221654,0.0003291183488594241,64.335,4.0,2.5,2.0,False,True,True
15,200,6,Std,200,0.8876058194242685,0.0009468475057267778,0.18859457990095257,3.1734218069889737e-06,0.059472814146657005,1.994968545488059e-05,64.335,3.0,1.0,4.0,True,True,False
15,250,-10,K,200,0.33018148030376887,0.08490366013411688,0.15781474603494,0.0072988627880680446,0.03850819135458796,0.00640924111217545,36.075,5.0,5.0,5.0,False,False,False
15,250,-10,M,200,0.5298675773581553,0.05631196596104399,0.16331899032190347,0.00019754651895678826,0.04575698376392654,0.002053267567394923,36.075,3.0,4.0,4.0,True,False,False
15,250,-10,P,200,0.7525806335210397,0.0271402008647854,0.16336080585227222,0.00015505721571717034,0.046371764027442974,0.00161321905352597,36.075,1.0,2.0,1.0,True,True,True
15,250,-10,S,200,0.2025271689981177,0.06943518637161415,0.14895865686631107,0.021019211590777867,0.03013330801388003,0.009700426357005843,36.075,6.0,6.0,6.0,False,False,False
15,250,-10,SLTA,200,0.4929556651923454,0.03861938629909421,0.16332816039435274,0.00021626229323194038,0.04637007979793727,0.0017235928943593476,36.075,4.0,3.0,2.0,False,True,True
15,250,-10,Std,200,0.6220395946792244,0.03913159797973013,0.1633624564653131,0.00015356919492688143,0.04634712026842422,0.0015401490562471445,36.075,2.0,1.0,3.0,True,True,True
15,250,-8,K,200,0.37506067416271094,0.06987236109510295,0.15998511878223862,0.0024621922150674983,0.04178290469162864,0.00380445542738115,40.45,5.0,5.0,5.0,False,False,False
15,250,-8,M,200,0.5996047022702391,0.044944630204477434,0.16334870135663915,0.00017986108421804694,0.04617947867390763,0.0018697299340038052,40.45,3.0,4.0,4.0,True,False,False
15,250,-8,P,200,0.7823286690747544,0.01155078417224946,0.1633802464058647,0.00015479843154327558,0.04671397777203172,0.0013082598463135513,40.45,1.0,2.0,1.0,True,True,True
15,250,-8,S,200,0.23678303225495953,0.05714344345195013,0.15700631244781035,0.009173560652815129,0.03552992462211678,0.007310162665850505,40.45,6.0,6.0,6.0,False,False,False
15,250,-8,SLTA,200,0.5322874402351233,0.02837736708961135,0.16335512040735367,0.000155163462629287,0.04663743244236139,0.0013395770401777743,40.45,4.0,3.0,3.0,False,True,True
15,250,-8,Std,200,0.6799437319089671,0.02385765195162852,0.16338079661021168,0.00014465965376827682,0.04667501222369117,0.001328090815723312,40.45,2.0,1.0,2.0,True,True,True
15,250,-6,K,200,0.40032790632716325,0.056384526302322574,0.16052358543646109,0.001080265773548492,0.04294711013966409,0.003050312018535579,43.61,5.0,5.0,5.0,False,False,False
15,250,-6,M,200,0.6610670262266833,0.03238419652907045,0.16339400151453864,0.00015432545893956276,0.04673154541272437,0.0016180247523722511,43.61,3.0,3.0,4.0,True,True,False
15,250,-6,P,200,0.7947936355508282,0.005950722954176028,0.16341124125074333,0.0001400720732500263,0.04702768808949204,0.001219981027047419,43.61,1.0,1.0,1.0,True,True,True
15,250,-6,S,200,0.25760707799477467,0.04545444976505603,0.15999850708801458,0.003338577640040843,0.03889151579623071,0.0053823841901834545,43.61,6.0,6.0,6.0,False,False,False
15,250,-6,SLTA,200,0.5576645660895896,0.023241887670246913,0.1633844646391914,0.0001427921222238864,0.04687985511690907,0.0012278943014861472,43.61,4.0,4.0,3.0,False,False,True
15,250,-6,Std,200,0.7177068154899777,0.014024277329301152,0.16341087444784538,0.00013699842041131315,0.04698266464071858,0.00120009335987458,43.61,2.0,2.0,2.0,True,True,True
15,250,-4,K,200,0.4161734852752314,0.049277724576846156,0.1606037318696679,0.0007760220818238593,0.04369564083119478,0.0024162891561943594,46.435,5.0,6.0,5.0,False,False,False
15,250,-4,M,200,0.7093426628732645,0.023781368845386546,0.16342316234492743,0.0001320449471381965,0.04722947290190185,0.0012746922570596624,46.435,3.0,3.0,3.0,True,True,True
15,250,-4,P,200,0.7996463530561883,0.00401799883022626,0.16343911827098923,0.0001295898801418385,0.04733002990045885,0.0011797564356168053,46.435,1.0,1.0,1.0,True,True,True
15,250,-4,S,200,0.27269108667997466,0.03992325547236817,0.16103197425304988,0.0014864747720418508,0.04103897581923479,0.003989042616631537,46.435,6.0,5.0,6.0,False,False,False
15,250,-4,SLTA,200,0.5741030517288711,0.020691813907761966,0.1634167432942129,0.00013602173514443584,0.04722053891921787,0.0011432068567563398,46.435,4.0,4.0,4.0,False,False,False
15,250,-4,Std,200,0.7414595276730815,0.008335755947895799,0.1634354502420095,0.00013148038539827184,0.047297940073619024,0.001157284965231911,46.435,2.0,2.0,2.0,True,True,True
15,250,-2,K,200,0.42505021980398927,0.042730512469691735,0.16058502492187135,0.0005781551186244857,0.044637851689780635,0.0019402828917534274,48.845,5.0,6.0,5.0,False,False,False
15,250,-2,M,200,0.7460655074377219,0.015698163343549613,0.163454523992704,0.00012130398820938684,0.04754390760608656,0.001057067718105336,48.845,3.0,3.5,4.0,True,False,False
15,250,-2,P,200,0.8014076649199776,0.0029895278728528283,0.1634728641376026,0.00012071733953242121,0.04775146244014139,0.0010468574344542115,48.845,1.0,2.0,1.0,True,True,True
15,250,-2,S,200,0.2828715202691788,0.03534676038040072,0.16147929038712636,0.0009924791281156272,0.042498663605468175,0.0032137982598248217,48.845,6.0,5.0,6.0,False,False,False
15,250,-2,SLTA,200,0.5847985756777782,0.019031871611073302,0.163454523992704,0.00012290971041207095,0.047579853313157255,0.0010613249351289808,48.845,4.0,3.5,3.0,False,False,True
15,250,-2,Std,200,0.756150516095527,0.004807093294563342,0.16347396454629648,0.0001170630143746408,0.047699809301613244,0.0010390983938088605,48.845,2.0,1.0,2.0,True,True,True
15,250,0,K,200,0.42980458212236955,0.03659344411388017,0.16054522680744138,0.00046336878608303626,0.045335934121238076,0.0018877770559586012,51.11,5.0,6.0,5.0,False,False,False
15,250,0,M,200,0.7718820601524002,0.010605086179342879,0.16349322169844002,0.00010041945241644539,0.047870735888914835,0.0008777859034624307,51.11,2.0,3.0,4.0,True,True,False
15,250,0,P,200,0.8018835202210168,0.0022971460442639934,0.16350330877813424,0.0001024647463068194,0.04807595720926115,0.0008581854433046288,51.11,1.0,1.0,1.0,True,True,True
15,250,0,S,200,0.2899594544699472,0.030306780542049955,0.16176869787362605,0.0007014025695372995,0.04373351631039823,0.0024228046170191616,51.11,6.0,5.0,6.0,False,False,False
15,250,0,SLTA,200,0.5920776430831683,0.017807273231758243,0.16348735285207247,0.00010989884898516404,0.04799647019627415,0.0008646055345142474,51.11,4.0,4.0,3.0,False,False,True
15,250,0,Std,200,0.7649214879927638,0.0028279985333581757,0.16350147476364438,0.00010390625229496754,0.04805077863783258,0.0008166095655281372,51.11,3.0,2.0,2.0,True,True,True
15,250,2,K,200,0.43195503664412116,0.03151164249748668,0.16052963768427764,0.0003578138652948224,0.04562079324822219,0.0016810391379241936,53.325,5.0,6.0,5.0,False,False,False
15,250,2,M,200,0.789134825575626,0.0071825516890362635,0.1635220157259308,8.708738037743009e-05,0.04814007264937659,0.0007738861161498718,53.325,2.0,3.0,4.0,True,True,False
15,250,2,P,200,0.8018162297604914,0.001775000877161909,0.1635286181780943,8.618995464934875e-05,0.048288056415610354,0.0006707262927143207,53.325,1.0,1.0,1.0,True,True,True
15,250,2,S,200,0.29465763607431555,0.02622538065218106,0.16189414446473235,0.0005562245498667226,0.044384535492089434,0.002122123535874871,53.325,6.0,5.0,6.0,False,False,False
15,250,2,SLTA,200,0.5966876249499332,0.0172293953365818,0.16351247885058354,9.914475738850586e-05,0.04825252827708222,0.0007029389832684099,53.325,4.0,4.0,2.0,False,False,True
15,250,2,Std,200,0.7699949846679601,0.0017278861935440654,0.1635271509665024,8.520853255330963e-05,0.048231659590213534,0.0007526217869737649,53.325,3.0,2.0,3.0,True,True,True
15,250,4,K,200,0.43272832160097285,0.027787754598738747,0.1604815865046433,0.0003106968076935492,0.0458876177431717,0.0015926979352769697,55.755,5.0,6.0,5.0,False,False,False
15,250,4,M,200,0.8005514726183813,0.004985599386759166,0.16354567451284996,6.657316327969398e-05,0.04838974562917457,0.0005774019485714309,55.755,2.0,3.0,3.0,True,True,True
15,250,4,P,200,0.8015709567751432,0.0013684558207605882,0.16355429438095231,6.0230066565530524e-05,0.04851794187737081,0.00048291820524858195,55.755,1.0,1.0,2.0,True,True,True
15,250,4,S,200,0.2980005276749076,0.02335136914512236,0.16197502450373513,0.0004984657976097347,0.04464274635067529,0.0017405447426378801,55.755,6.0,5.0,6.0,False,False,False
15,250,4,SLTA,200,0.5997181246768154,0.016866375357727312,0.1635337534186659,8.797718909175884e-05,0.04838299472729867,0.0006504556404560713,55.755,4.0,4.0,4.0,False,False,False
15,250,4,Std,200,0.7728816016114284,0.0010684023390031053,0.1635533773737074,5.7767689387964376e-05,0.04852463632181526,0.0004677663738473228,55.755,3.0,2.0,1.0,True,True,True
15,250,6,K,200,0.43252565684885935,0.025029543882562327,0.16043335192356004,0.0002817852842361601,0.04626406326986721,0.0014311254217047288,58.255,5.0,6.0,5.0,False,False,False
15,250,6,M,200,0.8079591219286054,0.0036726224008969523,0.16355832921283,5.225522300950393e-05,0.04853597705053099,0.0004466011513666806,58.255,1.0,3.0,4.0,True,True,False
15,250,6,P,200,0.8013084301515052,0.001106980880177149,0.16356401465774856,4.762833795372003e-05,0.04862744187737081,0.000401796730937276,58.255,2.0,2.0,2.0,True,True,True
15,250,6,S,200,0.3002552331554146,0.021458047119263125,0.1620520531123092,0.00038324184158581567,0.04476348137953532,0.001753552922076932,58.255,6.0,5.0,6.0,False,False,False
15,250,6,SLTA,200,0.6018538364716455,0.016639914202776655,0.1635530105708094,6.604295136915212e-05,0.048561941877370805,0.00046139373500736296,58.255,4.0,4.0,3.0,False,False,True
15,250,6,Std,200,0.7744502966528024,0.0006772290730856602,0.16356456486209553,4.4157053205547394e-05,0.04863914822657715,0.00033501881244208943,58.255,3.0,1.0,1.0,True,True,True
15,300,-10,K,200,0.33559395611659437,0.07526401731925945,0.15036558881851167,0.003197924958111815,0.03558429065635896,0.00534450015507972,32.245,5.0,5.0,5.0,False,False,False
15,300,-10,M,200,0.48630284821034764,0.06178708194718335,0.1539205202434374,0.00031978559563827763,0.04037779347753256,0.0026216540483957416,32.245,3.0,4.0,3.0,True,False,True
15,300,-10,P,200,0.6936703271637816,0.031207937217122873,0.15398254294768982,0.00026269465263245524,0.04081448810235218,0.0023240380062324257,32.245,1.0,2.0,2.0,True,True,True
15,300,-10,S,200,0.2350595573872883,0.05505669667452301,0.14936953140821335,0.004940635443184929,0.03456808259794121,0.005983329771012184,32.245,6.0,6.0,6.0,False,False,False
15,300,-10,SLTA,200,0.45692447692648985,0.0357463315760802,0.15393413024123573,0.0002697268904775947,0.040344029769018845,0.0023513444396381896,32.245,4.0,3.0,4.0,False,True,False
15,300,-10,Std,200,0.5683801805705072,0.039933671953505265,0.1539877925182692,0.0002583798117939668,0.04090066667378075,0.0022946927730357913,32.245,2.0,1.0,1.0,True,True,True
15,300,-8,K,200,0.3765129093659859,0.06611894484154776,0.1514170583627032,0.0015013577313039797,0.03853898899960369,0.0038538463633913914,35.52,5.0,5.0,5.0,False,False,False
15,300,-8,M,200,0.5485348260773758,0.0489029017295864,0.15396601652179184,0.00027440330850526826,0.040428329372193456,0.002421944549700366,35.52,3.0,4.0,4.0,True,False,False
15,300,-8,P,200,0.7259463920502647,0.014261297373466063,0.1540089852291266,0.00023669943564028257,0.04101875992774901,0.0019574669310619152,35.52,1.0,2.0,1.0,True,True,True
15,300,-8,S,200,0.2654849159274484,0.047183099411677996,0.15133345409051344,0.0017600717246153762,0.03783926389471366,0.00426323353179564,35.52,6.0,6.0,6.0,False,False,False
15,300,-8,SLTA,200,0.4882302456560704,0.027554112734115458,0.15396971066405138,0.0002470998560063667,0.04073356548330456,0.0019952341619433917,35.52,4.0,3.0,3.0,False,True,True
15,300,-8,Std,200,0.6231588294891588,0.024703215697957373,0.15401773451342554,0.00023866433847513456,0.04098868849917758,0.0019539124768717642,35.52,2.0,1.0,2.0,True,True,True
15,300,-6,K,200,0.40563556131894685,0.0572423392435473,0.15167545389233164,0.0009724732503641123,0.039798796807535876,0.0029739043207828437,38.39,5.0,6.0,5.0,False,False,False
15,300,-6,M,200,0.6025390352979599,0.0379575087508425,0.1539957640884082,0.00023741038641146922,0.04060968254679663,0.0019982466913135016,38.39,3.0,3.0,4.0,True,True,False
15,300,-6,P,200,0.740621129504179,0.007511569217410252,0.15403134451122386,0.00022554148610989398,0.04106730357854265,0.001560146613660525,38.39,1.0,2.0,1.0,True,True,True
15,300,-6,S,200,0.2872644265977722,0.0426379841067328,0.15184071815131145,0.0011373790923496108,0.039415598490400675,0.0035758846529994567,38.39,6.0,5.0,6.0,False,False,False
15,300,-6,SLTA,200,0.5109663133769012,0.022137259539103667,0.15399556965986824,0.00022548353193129405,0.040768424610288685,0.0015215162533882187,38.39,4.0,4.0,3.0,False,False,True
15,300,-6,Std,200,0.6620471172045309,0.015307512240403782,0.15404048265260273,0.0002285823099438548,0.04105307540393948,0.0016015257814068417,38.39,2.0,1.0,2.0,True,True,True
15,300,-4,K,200,0.4257805600672295,0.050941733324657575,0.15164745618257508,0.0007518161134163624,0.03996665886214793,0.0029426834885886164,40.98,5.0,6.0,6.0,False,False,False
15,300,-4,M,200,0.6473299137206162,0.027591795418924998,0.15400645765810692,0.00021837566869364062,0.040692150800764874,0.0016290893740741772,40.98,3.0,3.0,4.0,True,True,False
15,300,-4,P,200,0.7465972611432931,0.004652849509809392,0.15403717736742314,0.00021565053369095388,0.040915589292828375,0.0012196741271634877,40.98,1.0,2.0,1.0,True,True,True
15,300,-4,S,200,0.3029884937143916,0.038246574847024574,0.15206586640060396,0.0007699596919262337,0.040246200069414186,0.0030549614546673365,40.98,6.0,5.0,5.0,False,False,False
15,300,-4,SLTA,200,0.5268864765240928,0.01880623674966611,0.15400587437248697,0.00021993407735763774,0.04073112699124108,0.0012314253997607902,40.98,4.0,4.0,3.0,False,False,True
15,300,-4,Std,200,0.6881854342966882,0.00919869040061361,0.15404806536566182,0.00021379197351050028,0.04088746826108234,0.0012798285174712382,40.98,2.0,1.0,2.0,True,True,True
15,300,-2,K,200,0.44253011795106056,0.04333489437700941,0.1516077927604199,0.0005291928984020308,0.040000839292828376,0.0024559181339816483,43.825,5.0,6.0,6.0,False,False,False
15,300,-2,M,200,0.6819483296884169,0.019259270933263347,0.15402473394086466,0.00019381556346972863,0.0405693492134633,0.0014503849259600774,43.825,3.0,3.0,4.0,True,True,False
15,300,-2,P,200,0.7484581173850011,0.0032474348264606174,0.15404262136654248,0.00020537053410804823,0.040843996038860124,0.0011613184757259074,43.825,1.0,2.0,1.0,True,True,True
15,300,-2,S,200,0.31662651223265237,0.03416003586934003,0.15224824037110168,0.0004814386789318719,0.04035291912761776,0.002898287297112952,43.825,6.0,5.0,5.0,False,False,False
15,300,-2,SLTA,200,0.5379154677299619,0.017172602925489312,0.15400295794438734,0.0002175393238525833,0.04070322619759028,0.001139515134923744,43.825,4.0,4.0,3.0,False,False,True
15,300,-2,Std,200,0.7047258775388405,0.0055337418779641346,0.15405350936478115,0.00020297531731361512,0.04081590873727281,0.0011905619219549264,43.825,2.0,1.0,2.0,True,True,True
15,300,0,K,200,0.4515550292517283,0.036959012110422775,0.15150902306211197,0.00044501566564487537,0.04017068038229445,0.002577914325892649,46.065,5.0,6.0,6.0,False,False,False
15,300,0,M,200,0.7091759495482619,0.012482403551901333,0.1540531205077012,0.00017466035896609498,0.0407385615150506,0.0011519989792241237,46.065,3.0,3.0,4.0,True,True,False
15,300,0,P,200,0.7490528710609169,0.002363067659198596,0.15406925807651922,0.0001858320516280622,0.040961690483304565,0.0010663024309442706,46.065,1.0,2.0,2.0,True,True,True
15,300,0,S,200,0.32511185194065284,0.029686460821666715,0.15230073607689526,0.00039922080226138763,0.04037523016584424,0.002560120129585532,46.065,6.0,5.0,5.0,False,False,False
15,300,0,SLTA,200,0.5455036056634506,0.016640964162593676,0.1540189010846654,0.00021706341629077207,0.040833841276955364,0.0010964194013276774,46.065,4.0,4.0,3.0,False,False,True
15,300,0,Std,200,0.7153022808724707,0.003250473240993184,0.15407820178935813,0.0001876176813496964,0.040987073419812496,0.0011108765751379052,46.065,2.0,1.0,1.0,True,True,True
15,300,2,K,200,0.4577032969892359,0.03207032172910264,0.15148608049439477,0.00035620013128677896,0.039992464292828364,0.0020927247640034827,48.43,5.0,6.0,5.0,False,False,False
15,300,2,M,200,0.7286306832381539,0.008657095793219261,0.1540824792172376,0.00016820272523750124,0.0408974861182252,0.0009683822317108317,48.43,2.0,3.0,3.0,True,True,True
15,300,2,P,200,0.749003618893132,0.0018310078306653084,0.15409531150087605,0.0001699437768971762,0.04105794445155854,0.0009016105932928086,48.43,1.0,2.0,2.0,True,True,True
15,300,2,S,200,0.3308275309076686,0.026248428398462736,0.15237500777916618,0.00035656131332715196,0.03992093849917758,0.002291311688925179,48.43,6.0,5.0,6.0,False,False,False
15,300,2,SLTA,200,0.5508952104906321,0.016444776046008497,0.154054870364561,0.00019415389888336108,0.040885851197590285,0.0009695141444017858,48.43,4.0,4.0,4.0,False,False,False
15,300,2,Std,200,0.7217558836399023,0.0019914790403115436,0.15410250535685516,0.00017031905303631828,0.04108187699124108,0.0009506416745298312,48.43,3.0,1.0,1.0,True,True,True
15,300,4,K,200,0.4625299347718759,0.028020035692239077,0.15151038406189182,0.0002936453553827988,0.03988922421346329,0.0016724936078342354,50.915,5.0,6.0,5.0,False,False,False
15,300,4,M,200,0.7421166246884942,0.005995349785460855,0.15411494878341364,0.00014711530689109553,0.041052331356320436,0.000901008777134403,50.915,2.0,3.0,4.0,True,True,False
15,300,4,P,200,0.7487367895608081,0.0014576878414438365,0.15413614149427107,0.00014052583291878688,0.04133923611822521,0.0007923388667963762,50.915,1.0,2.0,1.0,True,True,True
15,300,4,S,200,0.33488903774609424,0.023375892719039445,0.1524510293382969,0.0003071029625148126,0.03952075199124107,0.0018765007805474556,50.915,6.0,5.0,6.0,False,False,False
15,300,4,SLTA,200,0.5547146799059852,0.015879828298380375,0.15409783907189575,0.00017189994728724822,0.041147535721399814,0.0009238298494265881,50.915,4.0,4.0,3.0,False,False,True
15,300,4,Std,200,0.7255962407656931,0.0012231813380549786,0.15414022449361056,0.000142782646498575,0.04125587302298711,0.0008685943782092222,50.915,3.0,1.0,2.0,True,True,True
15,300,6,K,200,0.465480371484145,0.024765675405664503,0.15153799291456843,0.00028122031923127314,0.039693152784891855,0.0014881937093672401,53.59,5.0,6.0,5.0,False,False,False
15,300,6,M,200,0.7513990500834576,0.004294462063945133,0.15417288848832655,0.00011289751450258802,0.04131097024520933,0.0008449633107294248,53.59,1.0,3.0,4.0,True,True,False
15,300,6,P,200,0.7484428012002918,0.0011372557781453468,0.154185720771965,0.000102697106019536,0.041581253975368056,0.0006959562550029434,53.59,2.0,2.0,1.0,True,True,True
15,300,6,S,200,0.33790012833919436,0.021420030928724444,0.15250799690050995,0.00028367669110616444,0.03935399207060614,0.0014583469997552685,53.59,6.0,5.0,6.0,False,False,False
15,300,6,SLTA,200,0.5577336722544841,0.015376465322677212,0.15415558434826868,0.00013345372357333359,0.041393442467431554,0.0007939436770914945,53.59,4.0,4.0,3.0,False,False,True
15,300,6,Std,200,0.727842858080107,0.0007589679192523209,0.15418688734320485,0.00010323655078840136,0.041501228181717274,0.0007458166941337062,53.59,3.0,1.0,2.0,True,True,True
17,100,-10,K,200,0.17998989621997366,0.07006344702378882,0.16474843212653784,0.04319400417778752,0.022860122894748792,0.010924632388727209,37.805,5.0,5.0,6.0,False,False,False
17,100,-10,M,200,0.7613348624455537,0.04048791131539798,0.2637825918277947,0.002173176002354421,0.10079407195465145,0.00799111886937111,37.805,3.0,3.0,3.0,True,True,True
17,100,-10,P,200,0.8860315660379033,0.015972016071739013,0.26483224115829995,0.0006489405622600921,0.10576386259974661,0.0067374083681492,37.805,1.0,1.0,1.0,True,True,True
17,100,-10,S,200,0.10717552567240546,0.06758977446610734,0.11224966915883967,0.040630734932420996,0.026128382555437618,0.01376256641382781,37.805,6.0,6.0,5.0,False,False,False
17,100,-10,SLTA,200,0.4956917229062482,0.038359314301021796,0.21686762378916705,0.011417544278911031,0.06805275306765357,0.005081466643394644,37.805,4.0,4.0,4.0,False,False,False
17,100,-10,Std,200,0.8030509427907456,0.03506842433017411,0.2644857154170593,0.0018810407876475091,0.10523051743358172,0.006992742941395688,37.805,2.0,2.0,2.0,True,True,True
17,100,-8,K,200,0.2125057926916682,0.06147319530035631,0.18623212272554526,0.03115691660649527,0.028652621228954653,0.010515288326788332,42.155,5.0,5.0,6.0,False,False,False
17,100,-8,M,200,0.8168019607568152,0.025314712810089124,0.2647710163294263,0.0006814361525386383,0.10568459009711527,0.006237188192207215,42.155,3.0,3.0,3.0,True,True,True
17,100,-8,P,200,0.8993441770055111,0.007796531270044862,0.2650442080797055,8.21552285777595e-05,0.10795636324232284,0.005635654213947796,42.155,1.0,1.0,2.0,True,True,True
17,100,-8,S,200,0.1252553876600318,0.0590284462368854,0.12715084188088346,0.02675978774214212,0.03534301847628157,0.013239216095964864,42.155,6.0,6.0,5.0,False,False,False
17,100,-8,SLTA,200,0.525691475826877,0.03352116967078423,0.2134532927593726,0.009928962730169466,0.06969029383827213,0.00397944116780562,42.155,4.0,4.0,4.0,False,False,False
17,100,-8,Std,200,0.8541681386872112,0.020973179780406772,0.2649836622692667,0.00033974720749373384,0.10804692529972212,0.005220424678472233,42.155,2.0,2.0,1.0,True,True,True
17,100,-6,K,200,0.23512525377912893,0.05315357133685831,0.19945725161095482,0.023182087703482273,0.033215699301505135,0.009133179846229756,46.125,5.0,5.0,6.0,False,False,False
17,100,-6,M,200,0.8550716839138179,0.01614307791332749,0.2650265536004,0.00013756937146743126,0.1086637459185861,0.004643167793886505,46.125,3.0,3.0,3.0,True,True,True
17,100,-6,P,200,0.903602349710566,0.005349983057883703,0.2650641259537938,3.145677264659544e-05,0.10943867666920593,0.004463553675658911,46.125,1.0,1.0,2.0,True,True,True
17,100,-6,S,200,0.1401802533700782,0.05038703734821396,0.136362632307241,0.017502878133242743,0.04454825292930461,0.012500148308994544,46.125,6.0,6.0,5.0,False,False,False
17,100,-6,SLTA,200,0.547048832466714,0.030386490969165986,0.20982484458312903,0.008918059508501715,0.07062821798834377,0.003324581802583193,46.125,4.0,4.0,4.0,False,False,False
17,100,-6,Std,200,0.887010225475326,0.01299065734843029,0.26504488709814034,0.00011646874899365758,0.10958072989451569,0.0038079303026710243,46.125,2.0,2.0,1.0,True,True,True
17,100,-4,K,200,0.25035150173539317,0.046723480604356916,0.20736566615165958,0.01854548892195805,0.037283828948860676,0.008769351356930136,49.99,5.0,4.0,6.0,False,False,False
17,100,-4,M,200,0.880152542965579,0.010488553348789533,0.26506423912353294,4.844235088160515e-05,0.11026871332321188,0.0033250521578466266,49.99,3.0,2.0,3.0,True,True,True
17,100,-4,P,200,0.9043298385692903,0.0042557642188334206,0.2650679737249245,2.7823702984564438e-05,0.11063913456252358,0.002930812761915923,49.99,2.0,1.0,1.0,True,True,True
17,100,-4,S,200,0.1512215719767673,0.04288145219805948,0.14198309423179223,0.011391203548691093,0.05185512423984069,0.011498111520069298,49.99,6.0,6.0,5.0,False,False,False
17,100,-4,SLTA,200,0.5622590428230992,0.028238145982633297,0.2061696883484489,0.008188585051436728,0.07128075295686732,0.002805519326915889,49.99,4.0,5.0,4.0,False,False,False
17,100,-4,Std,200,0.9075007402472179,0.008546787490189682,0.26506254157744585,3.291644437234037e-05,0.11053240508413822,0.002051797473044572,49.99,1.0,3.0,2.0,True,True,True
17,100,-2,K,200,0.2591279092104054,0.041864654565717765,0.21201026541562357,0.015939562160769007,0.03936633325193399,0.007981291860344276,53.315,5.0,4.0,6.0,False,False,False
17,100,-2,M,200,0.896304842385161,0.0069313640254655366,0.26507351904214227,2.2796860523048546e-05,0.11119281528236759,0.0021938439624996212,53.315,3.0,1.0,2.0,True,True,True
17,100,-2,P,200,0.9040009767144597,0.0034584514441970186,0.2650714819868378,2.4118192116398543e-05,0.11132222962561147,0.001960446069935163,53.315,2.0,2.0,1.0,True,True,True
17,100,-2,S,200,0.15852448784737,0.036365738507340324,0.1451485650052221,0.007986700712334215,0.05778776796592511,0.010596879813616247,53.315,6.0,6.0,5.0,False,False,False
17,100,-2,SLTA,200,0.5733644903984983,0.026668150931950164,0.2031137658825046,0.007418033885984007,0.07166985773871225,0.0029570059439716803,53.315,4.0,5.0,4.0,False,False,False
17,100,-2,Std,200,0.9204019674005501,0.005764715954001916,0.2650670683670114,2.749609109936295e-05,0.11090402181757408,0.0012339813367069747,53.315,1.0,3.0,3.0,True,True,True
17,100,0,K,200,0.26260688400602883,0.03865611249208853,0.21445077084013522,0.01449470796009755,0.04103883893666578,0.007054698413779308,56.74,5.0,4.0,6.0,False,False,False
17,100,0,M,200,0.9062958925890182,0.004917997343179936,0.2650772536435338,1.667268073094789e-05,0.11162156958243845,0.0014190637766767797,56.74,2.0,1.0,2.0,True,True,True
17,100,0,P,200,0.9032424515405871,0.0028923366873760035,0.26507532975796844,2.030758364211926e-05,0.11174894085191822,0.0011226861002522222,56.74,3.0,2.0,1.0,True,True,True
17,100,0,S,200,0.16373367991928423,0.03222303060399426,0.14699696635456358,0.00628929387779109,0.06246874908350784,0.01005803752906922,56.74,6.0,6.0,5.0,False,False,False
17,100,0,SLTA,200,0.5817875016563,0.025527631871480598,0.200307609030838,0.0067452034404530264,0.07236078312728667,0.0026755970892319114,56.74,4.0,5.0,4.0,False,False,False
17,100,0,Std,200,0.9283602571729144,0.004141563528575601,0.2650709161381421,2.4605600320443657e-05,0.1110483414630564,0.000993618779301753,56.74,1.0,3.0,3.0,True,True,True
17,100,2,K,200,0.26203615012375686,0.03473240105855523,0.215883726077101,0.013221525432809491,0.04188709504072009,0.00641765288621566,59.98,5.0,4.0,6.0,False,False,False
17,100,2,M,200,0.912461110999226,0.003402024110620548,0.26507883801988175,1.354620419289745e-05,0.11191464179881731,0.0008092158664168234,59.98,2.0,1.0,2.0,True,True,True
17,100,2,P,200,0.9024600340642861,0.002311477765032568,0.2650777063224904,1.6978683153762014e-05,0.11197714305035801,0.0006588661417096584,59.98,3.0,2.0,1.0,True,True,True
17,100,2,S,200,0.16689436940068483,0.028394461307934715,0.14817845843116462,0.00511131876274315,0.06588385567413103,0.009178951825553679,59.98,6.0,6.0,5.0,False,False,False
17,100,2,SLTA,200,0.5878006938295355,0.02435123880484059,0.1979518677409407,0.005881281232949368,0.07287557303154983,0.002698474533456003,59.98,4.0,5.0,4.0,False,False,False
17,100,2,Std,200,0.9334068782482453,0.0029385407763819816,0.26507442440005535,2.1186097928023614e-05,0.11121967876464371,0.0008710052289557395,59.98,1.0,3.0,3.0,True,True,True
17,100,4,K,200,0.25865098799881286,0.03106247796441514,0.21618192833972968,0.012160985212450341,0.042513701947598875,0.0058238148085206385,63.245,5.0,4.0,6.0,False,False,False
17,100,4,M,200,0.9163221967171447,0.0024720134680891255,0.26508053556596883,1.1609482313422049e-05,0.11202931566940563,0.0005305775867841384,63.245,2.0,1.0,2.0,True,True,True
17,100,4,P,200,0.9017491819485425,0.0018782340543172901,0.2650800828870123,1.297099171015961e-05,0.11211844066940563,0.0004503608994459719,63.245,3.0,2.0,1.0,True,True,True
17,100,4,S,200,0.16916535637276642,0.02589217549556751,0.14896589347608705,0.004324594787646157,0.06811668952618496,0.008759880855159451,63.245,6.0,6.0,5.0,False,False,False
17,100,4,SLTA,200,0.5931027043655357,0.023421813045058228,0.19586286752619178,0.00522888580464354,0.07341550582771031,0.002192358308425405,63.245,4.0,5.0,4.0,False,False,False
17,100,4,Std,200,0.9366118624870281,0.0021617919616649926,0.26507680096457725,1.813982858793387e-05,0.11135540297099292,0.0007669004122273417,63.245,1.0,3.0,3.0,True,True,True
17,100,6,K,200,0.25320231791934894,0.02775254727411999,0.21600368600058728,0.01146421670530419,0.04324634254579664,0.006064977668722713,66.695,5.0,4.0,6.0,False,False,False
17,100,6,M,200,0.9187203812338304,0.0018218986528585187,0.26508155409362105,1.0584691767371993e-05,0.11208158352654848,0.00044061504815428947,66.695,2.0,2.0,2.0,True,True,True
17,100,6,P,200,0.9011564173876235,0.0015341648513051067,0.2650816672633602,1.1249095985114054e-05,0.11219016685988184,0.0003231909833495801,66.695,3.0,1.0,1.0,True,True,True
17,100,6,S,200,0.17026798824928727,0.023877734266836342,0.14942660748411798,0.0040278838481310865,0.06994612120605187,0.008555869541749033,66.695,6.0,6.0,5.0,False,False,False
17,100,6,SLTA,200,0.5972304358763553,0.022359211251627313,0.19416724532468663,0.004652311378220609,0.07390442844330507,0.0022468926700889504,66.695,4.0,5.0,4.0,False,False,False
17,100,6,Std,200,0.9387185983217685,0.0016135976722318399,0.26507917752909915,1.4781675563941695e-05,0.11151228590750085,0.0006209373823750888,66.695,1.0,3.0,3.0,True,True,True
17,150,-10,K,200,0.2358681393438728,0.07157532119522293,0.18438084734664592,0.022942285254502332,0.03414900041526359,0.012239825276334559,36.68,5.0,5.0,6.0,False,False,False
17,150,-10,M,200,0.7483583891030301,0.04868335817173738,0.2173016060452019,4.1376913745797666e-05,0.0798181018122634,0.0020059176359401958,36.68,3.0,3.0,3.0,True,True,True
17,150,-10,P,200,0.9245327876000127,0.022056913332389783,0.21730947429536887,2.7837239733542616e-05,0.08000836800765153,0.0008527801090745703,36.68,1.0,1.0,1.0,True,True,True
17,150,-10,S,200,0.20222139483802426,0.060403622976488526,0.1837661575572868,0.029056099721348528,0.03433634024150429,0.014077663934690223,36.68,6.0,6.0,5.0,False,False,False
17,150,-10,SLTA,200,0.5967485632057505,0.04781065181743908,0.21724583809665013,0.00020925916547794037,0.07863462559527039,0.0037645522921871248,36.68,4.0,4.0,4.0,False,False,False
17,150,-10,Std,200,0.7932918930142742,0.04203391631949057,0.21730726566374303,2.9028065998949264e-05,0.07982865101753381,0.0007558807874254854,36.68,2.0,2.0,2.0,True,True,True
17,150,-8,K,200,0.2707704645084774,0.0630539226459073,0.19615713313600433,0.013847784539531236,0.04116178569603198,0.011211773097685705,41.46,5.0,6.0,6.0,False,False,False
17,150,-8,M,200,0.8181760546319048,0.03074856508443108,0.21731347744019064,2.255944443456338e-05,0.08040289047153967,0.001095758283423221,41.46,3.0,2.5,1.0,True,True,True
17,150,-8,P,200,0.950379712273181,0.008409416617614521,0.21731540999286325,2.0895350618113193e-05,0.08013349706446073,0.0004918367965626346,41.46,1.0,1.0,3.0,True,True,True
17,150,-8,S,200,0.2362141707355719,0.05424028285431679,0.1985156756334194,0.01828503322372268,0.044204213901857775,0.013573272748072964,41.46,6.0,5.0,5.0,False,False,False
17,150,-8,SLTA,200,0.641005661963625,0.03753880568024137,0.21730836997955597,5.0524301972221174e-05,0.08036263998320935,0.0019579110708705864,41.46,4.0,4.0,2.0,False,False,True
17,150,-8,Std,200,0.8533705406678014,0.02400688056933747,0.21731347744019064,2.3063159229007928e-05,0.07998144554653422,0.00045257713093656494,41.46,2.0,2.5,4.0,True,True,False
17,150,-6,K,200,0.2939456512493193,0.05393054594201405,0.20231176124028555,0.008221421708491071,0.047295485147819,0.009002145132645013,45.985,5.0,6.0,6.0,False,False,False
17,150,-6,M,200,0.8672347966951497,0.01927342051120827,0.21731692842710598,1.700514099815831e-05,0.08060846092657899,0.0008202085438402586,45.985,3.0,4.0,2.0,True,False,True
17,150,-6,P,200,0.9619268386338389,0.003981969509082412,0.2173203794140213,1.5641277386801938e-05,0.0801992286604791,0.0003482238871075661,45.985,1.0,1.0,3.0,True,True,True
17,150,-6,S,200,0.26323797675125105,0.04505911253839769,0.20686444121846925,0.010498378303470376,0.05246960040237789,0.011764115235742015,45.985,6.0,5.0,5.0,False,False,False
17,150,-6,SLTA,200,0.6730211662897554,0.03081738395428662,0.21731955117716162,1.7038330573686455e-05,0.08096798995164929,0.0011062329998650206,45.985,4.0,2.0,1.0,False,True,True
17,150,-6,Std,200,0.8915808079425415,0.013598521461715765,0.21731899901925517,1.7600050269797034e-05,0.080115742972964,0.00031057573381085225,45.985,2.0,3.0,4.0,True,True,False
17,150,-4,K,200,0.3067390898836855,0.048638059353827,0.20509298061509057,0.005918805224015625,0.051506541837839676,0.008047895127705618,49.855,5.0,6.0,6.0,False,False,False
17,150,-4,M,200,0.9007131057884322,0.011899781422256952,0.21731955117716162,1.4618553530240943e-05,0.08071556832857242,0.0006665749475894712,49.855,3.0,4.0,2.0,True,False,True
17,150,-4,P,200,0.9672350487677012,0.0025140819609060588,0.21732438255884307,1.133075284272713e-05,0.08024554704797396,0.00023850427828859023,49.855,1.0,1.0,3.0,True,True,True
17,150,-4,S,200,0.2818196838254842,0.03918253676558571,0.21073658657694933,0.006436702969713822,0.05783249050112751,0.010017612442715595,49.855,6.0,5.0,5.0,False,False,False
17,150,-4,SLTA,200,0.6947603974002823,0.027209505338909395,0.2173235543219834,1.1933324601432363e-05,0.08109201952454277,0.0007352260049494426,49.855,4.0,2.0,1.0,False,True,True
17,150,-4,Std,200,0.9149191841809003,0.007919923922433325,0.2173227260851237,1.4177631188982025e-05,0.08020240963963066,0.00028244268329471285,49.855,2.0,3.0,4.0,True,True,False
17,150,-2,K,200,0.31177069585229,0.04394842973477691,0.20641981606429777,0.004741271690044658,0.05469612130918328,0.0069358869383298535,53.385,5.0,6.0,6.0,False,False,False
17,150,-2,M,200,0.9230905192286736,0.007327403817919208,0.21732079353245115,1.3096305760916851e-05,0.08078526580593166,0.0005361453202421794,53.385,3.0,4.0,2.0,True,False,True
17,150,-2,P,200,0.9697965273450359,0.0018856111829286854,0.21732617707203908,8.82962613008198e-06,0.08026907630629733,0.000187366181541566,53.385,1.0,2.5,3.0,True,True,True
17,150,-2,S,200,0.2943080539465319,0.03480750351944003,0.2126575439335002,0.004137917379599239,0.06209482186284558,0.008940599870270552,53.385,6.0,5.0,5.0,False,False,False
17,150,-2,SLTA,200,0.709990279340525,0.02504623066734316,0.2173265911904689,8.30315249044873e-06,0.08106672165114855,0.0005562616146335286,53.385,4.0,1.0,1.0,False,True,True
17,150,-2,Std,200,0.9289333566650427,0.004976654068826482,0.21732617707203908,9.253245794812436e-06,0.08026074297296398,0.0002210325497553512,53.385,2.0,2.5,4.0,True,True,False
17,150,0,K,200,0.3127935084251932,0.03966931470270444,0.2072020857782654,0.004028413945665658,0.05686839215709177,0.006642783908150835,56.72,5.0,6.0,6.0,False,False,False
17,150,0,M,200,0.9374649916859826,0.004606809279274261,0.21732369236146,1.1173320440546391e-05,0.08080885380535056,0.00041833679838571263,56.72,2.0,4.0,2.0,True,False,True
17,150,0,P,200,0.971105033840416,0.001473279811039499,0.21732728138785198,7.2899283080408686e-06,0.08027074297296402,0.00016628096072791645,56.72,1.0,2.0,4.0,True,True,False
17,150,0,S,200,0.30244578905036357,0.030923663851329233,0.2136708917313185,0.003275103368218294,0.06483754007706427,0.008168187814699556,56.72,6.0,5.0,5.0,False,False,False
17,150,0,SLTA,200,0.7206258330163695,0.02378730056267897,0.21732741942732858,7.061748616710302e-06,0.0810115302249277,0.000515906182295651,56.72,4.0,1.0,1.0,False,True,True
17,150,0,Std,200,0.9371564586908964,0.00336796874251405,0.21732714334837536,7.508629345391538e-06,0.080285742972964,0.00019323424943194466,56.72,3.0,3.0,3.0,True,True,True
17,150,2,K,200,0.31049075684279365,0.035096960008094195,0.20751157028483244,0.0037017843116679723,0.0585560112311697,0.005802814731868341,59.99,5.0,6.0,6.0,False,False,False
17,150,2,M,200,0.9465080560091979,0.0030250057394812613,0.21732507275622617,1.0016499249354843e-05,0.08081787042272012,0.00034096710341551906,59.99,2.0,4.0,2.0,True,False,True
17,150,2,P,200,0.9717646497638733,0.0011646568382786017,0.21732810962471166,5.737592523093563e-06,0.08026574297296402,0.000132735258313452,59.99,1.0,2.0,4.0,True,True,False
17,150,2,S,200,0.30759420021880735,0.02784082021545041,0.21421366295336206,0.0027711368335408527,0.06695574566880683,0.007387909706391456,59.99,6.0,5.0,5.0,False,False,False
17,150,2,SLTA,200,0.7281101178446253,0.022399068990652814,0.21732810962471166,5.737592523093563e-06,0.0809278382951255,0.0004823402676342112,59.99,4.0,2.0,1.0,False,True,True
17,150,2,Std,200,0.9418882910970676,0.0024726939886849184,0.21732810962471166,5.737592523093563e-06,0.08027740963963068,0.00016708490237231198,59.99,3.0,2.0,3.0,True,True,True
17,150,4,K,200,0.30701932461316206,0.03027124991518263,0.20762821364257072,0.003484516527211507,0.059988661265176935,0.005220886302426854,63.345,6.0,6.0,6.0,False,False,False
17,150,4,M,200,0.9522719500039989,0.0020686025809965127,0.21732576295360923,9.307928996730812e-06,0.08082605589615191,0.00028370774682826694,63.345,2.0,4.0,1.0,True,False,True
17,150,4,P,200,0.97213349421168,0.0009349591731666928,0.21732893786157131,3.3642286426604712e-06,0.08024407630629737,0.00010025094142337208,63.345,1.0,1.0,4.0,True,True,False
17,150,4,S,200,0.31119138372395155,0.0252403579830808,0.21460886997490597,0.0024264973123668226,0.06795704496365715,0.006862518186585452,63.345,5.0,5.0,5.0,False,False,False
17,150,4,SLTA,200,0.7338507532004729,0.02150082250862508,0.21732879982209471,3.874804495544229e-06,0.08081011643446984,0.00046901120644095637,63.345,4.0,2.0,2.0,False,True,True
17,150,4,Std,200,0.944642466645331,0.0018678620247983319,0.21732838570366486,5.086504559149813e-06,0.08026740963963068,0.00014608228332286784,63.345,3.0,3.0,3.0,True,True,True
17,150,6,K,200,0.30168606176708795,0.02703290123499653,0.20747747453410897,0.00338871010554125,0.06117501690571306,0.00514675058025593,67.18,6.0,6.0,6.0,False,False,False
17,150,6,M,200,0.9559408729620338,0.0015068972840712892,0.21732728138785198,7.28992830804864e-06,0.08083200910593234,0.00023236251059770743,67.18,2.0,4.0,1.0,True,False,True
17,150,6,P,200,0.9723950190312755,0.0007397669721598155,0.21732921394052454,1.952172999698379e-06,0.0802324096396307,8.238149873875755e-05,67.18,1.0,2.0,4.0,True,True,False
17,150,6,S,200,0.31348892661461014,0.02359052408813515,0.2148682461514624,0.0021426466887579975,0.06833598577365087,0.006614656995807788,67.18,5.0,5.0,5.0,False,False,False
17,150,6,SLTA,200,0.7391599126849959,0.02052846236241925,0.21732921394052454,1.952172999698379e-06,0.08072337174778398,0.0004602816886172566,67.18,4.0,2.0,2.0,False,True,True
17,150,6,Std,200,0.9462475565678219,0.0014283716753328824,0.21732921394052454,1.952172999698379e-06,0.08024907630629735,0.00010660750034105498,67.18,3.0,2.0,3.0,True,True,True
17,200,-10,K,200,0.292180969492263,0.08393169441024294,0.17682441939915416,0.012295303113670405,0.04486445966779241,0.010823639336594776,36.64,5.0,5.0,5.0,False,False,False
17,200,-10,M,200,0.6342623756456215,0.06005724946542305,0.1885266564685432,0.00010531800601844531,0.06186595772231749,0.0020353941547858394,36.64,3.0,4.0,4.0,True,False,False
17,200,-10,P,200,0.8301897732007113,0.02655789473847569,0.18856037957784244,7.186988186728841e-05,0.062358271578114396,0.0016780992574101721,36.64,1.0,2.0,1.0,True,True,True
17,200,-10,S,200,0.17231387850056287,0.06625169483963804,0.15694496460977206,0.028546042055708418,0.029217034955438117,0.012459512893142864,36.64,6.0,6.0,6.0,False,False,False
17,200,-10,SLTA,200,0.5598297478618635,0.043196799115787526,0.1885500399452743,0.00010147083300774647,0.06215822591335088,0.0018974598208317294,36.64,4.0,3.0,3.0,False,True,True
17,200,-10,Std,200,0.6975381576909938,0.041752816102029765,0.18856053864911274,6.89502704987276e-05,0.06221905883252666,0.0016723613665512007,36.64,2.0,1.0,2.0,True,True,True
17,200,-8,K,200,0.33635927380402786,0.06968710207979328,0.1820235047969726,0.0043765160513323425,0.05088339571722918,0.007498627114295666,41.61,5.0,5.0,5.0,False,False,False
17,200,-8,M,200,0.7081670972064881,0.04056984288771933,0.1885530622994096,6.633491357832956e-05,0.06242715082386865,0.0015238781436020818,41.61,3.0,4.0,4.0,True,False,False
17,200,-8,P,200,0.8577832778874926,0.009777944192680825,0.18857867277392462,3.9834427834449995e-05,0.06281490923212707,0.0013024845319521642,41.61,1.0,2.0,1.0,True,True,True
17,200,-8,S,200,0.20806893598900061,0.057061977678111164,0.1728163006019191,0.014011160448767728,0.037420799853924366,0.01078037953032779,41.61,6.0,6.0,6.0,False,False,False
17,200,-8,SLTA,200,0.6029180061992504,0.03211890023146805,0.18857278713692427,4.743515364120954e-05,0.06269241278413061,0.001327919473974034,41.61,4.0,3.0,2.0,False,True,True
17,200,-8,Std,200,0.7559977673924465,0.022901038084813592,0.18857899091646516,3.91921129553218e-05,0.06268745581054865,0.001386718983393589,41.61,2.0,1.0,3.0,True,True,True
17,200,-6,K,200,0.37050865299708574,0.05758081357052669,0.18378378747388666,0.002281364910183457,0.05493222238785769,0.005469671820374505,46.35,5.0,5.0,5.0,False,False,False
17,200,-6,M,200,0.764264191041807,0.02656590215639803,0.18857024199659977,4.20031350689625e-05,0.06286982410891694,0.0011604480373083312,46.35,3.0,4.0,4.0,True,False,False
17,200,-6,P,200,0.8681210925180202,0.004602656511932737,0.18858567190981693,2.5433411440327143e-05,0.06310136617795901,0.001026638162564358,46.35,1.0,1.0,1.0,True,True,True
17,200,-6,S,200,0.23753721989474488,0.048763465707202296,0.18030792114700714,0.006789357897692192,0.045183860946426346,0.008815972729418933,46.35,6.0,6.0,6.0,False,False,False
17,200,-6,SLTA,200,0.63138173916213,0.026512174653343098,0.1885836039833033,2.7602210610271872e-05,0.06303053484262768,0.0011108820280992418,46.35,4.0,3.0,2.0,False,True,True
17,200,-6,Std,200,0.7924388893089052,0.0127771435641121,0.18858535376727636,2.61064371422353e-05,0.06297648838908122,0.001153938971141804,46.35,2.0,2.0,3.0,True,True,True
17,200,-4,K,200,0.39167367852434914,0.04985981852017665,0.18423030052956146,0.0016623014178361204,0.057009030084013375,0.004107710697399653,50.7,5.0,5.0,5.0,False,False,False
17,200,-4,M,200,0.8052785404053588,0.01686749612019503,0.18857851370265433,2.7982860386848244e-05,0.06318697988369772,0.0008002231941117505,50.7,3.0,4.0,4.0,True,False,False
17,200,-4,P,200,0.8717360300042717,0.0028601398926526712,0.18858869426395222,1.6167975479266603e-05,0.06328395525554809,0.000837321350973474,50.7,1.0,2.0,1.0,True,True,True
17,200,-4,S,200,0.2593509981181547,0.04222949365178677,0.1834269906146495,0.004027831576104309,0.050297543352545784,0.007362580109993927,50.7,6.0,6.0,6.0,False,False,False
17,200,-4,SLTA,200,0.6503553778613232,0.02354351429651754,0.1885882170501414,1.581573825166859e-05,0.06325019311491094,0.0008689758727153553,50.7,4.0,3.0,2.0,False,True,True
17,200,-4,Std,200,0.8141962568796569,0.007112438948508368,0.18858885333522252,1.6070950185083373e-05,0.06323048576670359,0.0008885460131163776,50.7,2.0,1.0,3.0,True,True,True
17,200,-2,K,200,0.40228581801095276,0.045375188128604145,0.18434212763256805,0.0013166347356037779,0.05814431694940977,0.0035398822949585396,53.995,5.0,6.0,5.0,False,False,False
17,200,-2,M,200,0.8335935565057458,0.010665339836623385,0.18858233141314107,2.2302499184515617e-05,0.06336629505463791,0.0005299279995135416,53.995,2.0,4.0,4.0,True,False,False
17,200,-2,P,200,0.872747081700432,0.0022751559115398493,0.18859108033300642,1.0364352220987263e-05,0.06342817201101485,0.0005280951915256823,53.995,1.0,1.0,1.0,True,True,True
17,200,-2,S,200,0.273971573967296,0.03822208611097417,0.18473996487953734,0.002856017492791174,0.05395682140039502,0.005456071237144341,53.995,6.0,5.0,6.0,False,False,False
17,200,-2,SLTA,200,0.6630513786626113,0.02143694630617609,0.1885904440479253,1.1517255468192792e-05,0.06341468007239791,0.0005692127210136481,53.995,4.0,3.0,2.0,False,True,True
17,200,-2,Std,200,0.8268740197199905,0.004064820824589326,0.18859092126173616,1.0547978538827027e-05,0.0634029008654937,0.0006242020000892252,53.995,3.0,2.0,3.0,True,True,True
17,200,0,K,200,0.4065746214035507,0.04039649074395403,0.18434689977067645,0.0011274546433989814,0.05917465075449357,0.0030526728794360468,56.855,5.0,6.0,5.0,False,False,False
17,200,0,M,200,0.8522616323157635,0.006945281840647432,0.18858392212584385,1.6136486549818385e-05,0.06343580911002697,0.00034058658880354556,56.855,2.0,4.0,4.0,True,False,False
17,200,0,P,200,0.8728051419719779,0.0018195208298042828,0.18859219383189837,8.894677667083895e-06,0.06352099869821654,0.00027895544654512103,56.855,1.0,3.0,2.0,True,True,True
17,200,0,S,200,0.28419907505367265,0.034106691178566906,0.18541045028376582,0.001972111366030298,0.05532271014212978,0.004395247573811735,56.855,6.0,5.0,6.0,False,False,False
17,200,0,SLTA,200,0.6714733461174285,0.02010620974674463,0.18859235290316867,8.652649498060364e-06,0.06352624869821653,0.0002766734174800748,56.855,4.0,1.5,1.0,False,True,True
17,200,0,Std,200,0.8340072088485375,0.002406190973742541,0.18859235290316867,8.652649498057778e-06,0.0635049752633181,0.00041143112541343915,56.855,3.0,1.5,3.0,True,True,True
17,200,2,K,200,0.40633138917327827,0.036059239293539894,0.18428549826034848,0.0010257101276205842,0.05937416206262987,0.0027653364993687033,59.255,5.0,6.0,5.0,False,False,False
17,200,2,M,200,0.8643003649112488,0.004646260455090759,0.1885851946960061,1.4684275584408196e-05,0.06345878244225031,0.00019700042055483083,59.255,2.0,4.0,4.0,True,False,False
17,200,2,P,200,0.8726389463625417,0.0014682390672882874,0.18859330733079033,6.951155585495396e-06,0.06355102213311498,0.0001703810350261147,59.255,1.0,2.0,1.0,True,True,True
17,200,2,S,200,0.2904396667083801,0.03025918108771912,0.18570759541664814,0.001656250862433224,0.056460869450421815,0.003593104135294195,59.255,6.0,5.0,6.0,False,False,False
17,200,2,SLTA,200,0.6761152393689333,0.019189926007135295,0.18859314825952006,7.2712228212723326e-06,0.06354512729184514,0.00019902271185384015,59.255,4.0,3.0,3.0,False,True,True
17,200,2,Std,200,0.8378717971136019,0.0014765096318178393,0.18859346640206062,6.611776235227279e-06,0.06354768879978163,0.00016956802524952473,59.255,3.0,1.0,2.0,True,True,True
17,200,4,K,200,0.4046945583385153,0.03265481590906405,0.1842762721266723,0.0009446574675639964,0.0600022030077958,0.002758076858159805,61.735,5.0,6.0,5.0,False,False,False
17,200,4,M,200,0.8719184884673736,0.0032174360132330633,0.18858646726616832,1.4075920684477782e-05,0.0634349063183742,0.0001349109436057738,61.735,2.0,4.0,4.0,True,False,False
17,200,4,P,200,0.8723718899943029,0.0011922611673363043,0.18859442082968228,3.8768049316655715e-06,0.06354393879978164,0.00016384546926933503,61.735,1.0,2.0,2.0,True,True,True
17,200,4,S,200,0.2946185892412957,0.02756026147089867,0.18589911722606478,0.0015252161545918157,0.05722039155535936,0.0034240630141079576,61.735,6.0,5.0,6.0,False,False,False
17,200,4,SLTA,200,0.6785879106782545,0.018559229357747713,0.18859442082968228,3.876804931665505e-06,0.06354727213311498,0.0001647629974775194,61.735,4.0,2.0,1.0,False,True,True
17,200,4,Std,200,0.8398827289502371,0.0009335191880564784,0.18859442082968228,3.8768049316655715e-06,0.06354227213311497,0.00016335914061314165,61.735,3.0,2.0,3.0,True,True,True
17,200,6,K,200,0.40252504987523835,0.03044298649368626,0.18427181813110446,0.0009648432606391916,0.06039169860941642,0.0024375761523508363,64.335,5.0,6.0,5.0,False,False,False
17,200,6,M,200,0.8767463549268467,0.0022778187231350926,0.18858694447997915,1.3810545737982379e-05,0.06343771843681133,8.454250076208792e-05,64.335,1.0,4.0,4.0,True,False,False
17,200,6,P,200,0.8721177905251308,0.0009696657122526177,0.18859489804349314,0.0,0.06352393879978165,0.0001531358425210627,64.335,2.0,2.0,2.0,True,True,True
17,200,6,S,200,0.29715412949567993,0.025484391495695764,0.18599217391917833,0.001470166647316823,0.057727502277970084,0.0031281883120603603,64.335,6.0,5.0,6.0,False,False,False
17,200,6,SLTA,200,0.6801338673002486,0.017996246046264926,0.18859489804349314,0.0,0.06352727213311499,0.00015455127677378713,64.335,4.0,2.0,1.0,False,True,True
17,200,6,Std,200,0.840881165581334,0.0006025354047025229,0.18859489804349314,0.0,0.06351893879978165,0.00015084907651714783,64.335,3.0,2.0,3.0,True,True,True
17,250,-10,K,200,0.3569588156761144,0.08440747998305867,0.15863088248292706,0.005299517985487844,0.04085958094835255,0.005329560451480061,36.075,5.0,5.0,5.0,False,False,False
17,250,-10,M,200,0.4988509946489467,0.05574086414660829,0.16310514423238595,0.00032171296813069664,0.044302244491423455,0.002545346595228595,36.075,3.0,3.0,4.0,True,True,False
17,250,-10,P,200,0.7047186494291018,0.02595521185300886,0.1631719023598168,0.00028698894059223405,0.04484434303177198,0.0023376231587863565,36.075,1.0,1.0,2.0,True,True,True
17,250,-10,S,200,0.2123325368823216,0.0738254224080053,0.149906108751772,0.0213017742846922,0.03292057800176404,0.00885305148417617,36.075,6.0,6.0,6.0,False,False,False
17,250,-10,SLTA,200,0.48177653774668505,0.036496568546437146,0.16309652436428362,0.0003380671350004892,0.04453935150940547,0.0024315962101526603,36.075,4.0,4.0,3.0,False,False,True
17,250,-10,Std,200,0.5919532561622278,0.03667011203243585,0.16317135215546982,0.0002915570309049276,0.044897992021670975,0.0023595514629065457,36.075,2.0,2.0,1.0,True,True,True
17,250,-8,K,200,0.4012668019381451,0.06834304324036115,0.1600359209836077,0.0016351413522493244,0.04315660755312895,0.0035051036450256005,40.45,5.0,5.0,5.0,False,False,False
17,250,-8,M,200,0.5633904215370688,0.04470072718124376,0.16313742288740748,0.00029334438040578664,0.04445950609093505,0.0022876488837410016,40.45,3.0,3.0,4.0,True,True,False
17,250,-8,P,200,0.7318960200653243,0.011207867211217385,0.16317740440328637,0.0002855731172830892,0.044873532245336197,0.002114305141480864,40.45,1.0,2.0,2.0,True,True,True
17,250,-8,S,200,0.2492653468399444,0.060777825855938834,0.1574477597355193,0.008574275874247545,0.038213176231570174,0.006156024731951296,40.45,6.0,6.0,6.0,False,False,False
17,250,-8,SLTA,200,0.5190240109923738,0.0263372245656057,0.16311468110773322,0.00030003860083744683,0.044544964965393924,0.0021904189816724768,40.45,4.0,4.0,3.0,False,False,True
17,250,-8,Std,200,0.6442688282914462,0.022079981848997367,0.16318088903081712,0.00028802335505509165,0.04495171009526405,0.0021356645500924297,40.45,2.0,1.0,1.0,True,True,True
17,250,-6,K,200,0.4251735826275961,0.054185436164780054,0.16026333878035015,0.0008682570491706216,0.043589745821384335,0.0029811283758515,43.61,5.0,5.0,5.0,False,False,False
17,250,-6,M,200,0.6199762206765488,0.03223853792890943,0.1631680509293881,0.0002721942224698233,0.04476825591055987,0.002126447919460991,43.61,3.0,3.0,3.0,True,True,True
17,250,-6,P,200,0.7431034224176923,0.005753413909062245,0.16319317692789917,0.00027366401222942615,0.044921922036100986,0.0020028295193137697,43.61,1.0,2.0,2.0,True,True,True
17,250,-6,S,200,0.27171385186925096,0.048086024802823576,0.15999337184744297,0.0028424118341627207,0.040718758679709775,0.004500266166495451,43.61,6.0,6.0,6.0,False,False,False
17,250,-6,SLTA,200,0.5428156390771062,0.021266985045212766,0.1631293532236521,0.00028903406847999595,0.044447595557024516,0.001929905690868655,43.61,4.0,4.0,4.0,False,False,False
17,250,-6,Std,200,0.6777252703104304,0.01279072898000568,0.16319849556991975,0.00026849792592206144,0.04497784862340258,0.002019278160467751,43.61,2.0,1.0,1.0,True,True,True
17,250,-4,K,200,0.43929874402773467,0.046830235130895397,0.1602215232499814,0.0007186211798109095,0.043670799200603155,0.002543095580581702,46.435,5.0,6.0,5.0,False,False,False
17,250,-4,M,200,0.6641109211262735,0.024016785012234178,0.1631796052206742,0.0002582454936035107,0.04467293989324385,0.0019541595266375166,46.435,3.0,3.0,3.0,True,True,True
17,250,-4,P,200,0.7473656183907729,0.003844140608133285,0.1632045478177363,0.00026228653143352113,0.044787834373763324,0.0017482013288924508,46.435,1.0,2.0,2.0,True,True,True
17,250,-4,S,200,0.28774085438390457,0.04205847614212399,0.16084233715479848,0.0011667553306932937,0.04176119661160718,0.003168017174365764,46.435,6.0,5.0,6.0,False,False,False
17,250,-4,SLTA,200,0.5579587172422972,0.018599347335434373,0.16315044439028548,0.00027434473032378847,0.044401354395408356,0.0018356909720168232,46.435,4.0,4.0,4.0,False,False,False
17,250,-4,Std,200,0.6983770281101517,0.007545719758701836,0.1632094996568589,0.00025854580688732226,0.044875353313157264,0.001750826025661321,46.435,2.0,1.0,1.0,True,True,True
17,250,-2,K,200,0.44647262464685566,0.04039543561895505,0.16015733274283633,0.0006105281750271592,0.04402552088169984,0.0025158500083845977,48.845,5.0,6.0,5.0,False,False,False
17,250,-2,M,200,0.6977122770662899,0.016188747204345755,0.1632161021090224,0.0002500707423320166,0.0447724707373997,0.001729587345140002,48.845,3.0,3.0,2.0,True,True,True
17,250,-2,P,200,0.748899541444548,0.002784309257379693,0.16324361232637027,0.00023737952680396326,0.044698720737399694,0.001603347964341017,48.845,1.0,2.0,3.0,True,True,True
17,250,-2,S,200,0.29845028984360344,0.03725131056301202,0.1611933675281574,0.0008030420629500942,0.04243483703776599,0.0027638744298900263,48.845,6.0,5.0,6.0,False,False,False
17,250,-2,SLTA,200,0.5677548509477709,0.0170024096256535,0.16318400685544987,0.000256558138982478,0.04434205641561038,0.0017115702430797433,48.845,4.0,4.0,4.0,False,False,False
17,250,-2,Std,200,0.711000382173537,0.004321164520585138,0.16324636334810505,0.0002356862904298153,0.044793830766259715,0.0016253150448750865,48.845,2.0,1.0,1.0,True,True,True
17,250,0,K,200,0.44972156412102615,0.03433464971431289,0.1601162508182635,0.0005009490533545324,0.04405082806063202,0.0025153709227120915,51.11,5.0,6.0,5.0,False,False,False
17,250,0,M,200,0.7213408438790367,0.011205218273455806,0.1632586512451871,0.00023685773428089993,0.04492247218040113,0.001689510318242511,51.11,2.0,3.0,3.0,True,True,True
17,250,0,P,200,0.7492939554736402,0.002079561215468264,0.16328267683500425,0.0002351989761071662,0.04496214425832321,0.0015274221939412251,51.11,1.0,1.0,2.0,True,True,True
17,250,0,S,200,0.3059131752685447,0.031899612514270446,0.16141638369012423,0.000632776042943661,0.04253393947699343,0.0022125061271031725,51.11,6.0,5.0,6.0,False,False,False
17,250,0,SLTA,200,0.5743409230165154,0.01594907535162945,0.1632267393930636,0.00024118777169965304,0.04445559303177198,0.0014982207648790438,51.11,4.0,4.0,4.0,False,False,False
17,250,0,Std,200,0.7184627132423355,0.00252123253976486,0.1632821266306573,0.00023501226877083487,0.04496959176914572,0.0015690753419929314,51.11,3.0,2.0,1.0,True,True,True
17,250,2,K,200,0.4505412925031785,0.029197660940864834,0.16012725490520263,0.0004129727731942936,0.04366633022513418,0.0021184427754792103,53.325,5.0,6.0,5.0,False,False,False
17,250,2,M,200,0.7371790800856534,0.00764652326194963,0.16330376800163762,0.0002122397002433214,0.04514811521791917,0.0015972459847387861,53.325,2.0,3.0,2.0,True,True,True
17,250,2,P,200,0.7492245746566762,0.001545669136434375,0.1633261429784139,0.00021494358236432727,0.04516213199281095,0.0014780547876344975,53.325,1.0,1.0,1.0,True,True,True
17,250,2,S,200,0.31078574684822846,0.027453911949749873,0.16158291220580337,0.0005427515800262267,0.04246687712268108,0.002032653513315052,53.325,6.0,5.0,6.0,False,False,False
17,250,2,SLTA,200,0.5785400477823334,0.015434784601155542,0.163273139959657,0.00022327652395900933,0.044671188269867226,0.0014694299989367046,53.325,4.0,4.0,4.0,False,False,False
17,250,2,Std,200,0.722752149498064,0.0015252018091759035,0.1633257761755159,0.00021312344606179735,0.04513068718761614,0.0014697193609376532,53.325,3.0,2.0,3.0,True,True,True
17,250,4,K,200,0.45023749182277584,0.02537088843560381,0.16011955204434525,0.0003694922200711954,0.04351828549208944,0.0019609260203029347,55.755,5.0,6.0,5.0,False,False,False
17,250,4,M,200,0.747749737547907,0.005304098450101341,0.1633613560566192,0.000190013640131939,0.04555876997982393,0.001711884002727516,55.755,2.0,3.0,1.0,True,True,True
17,250,4,P,200,0.7490156456924848,0.0011662429766397559,0.16337602817253807,0.0001920170078060231,0.04549002178357574,0.0015329248265345888,55.755,1.0,1.0,2.0,True,True,True
17,250,4,S,200,0.3141886184098608,0.024286398032038966,0.1617281661534002,0.000428540674656915,0.04219847326265222,0.0019007707120342996,55.755,6.0,5.0,6.0,False,False,False
17,250,4,SLTA,200,0.58125299659329,0.015095914217893061,0.16333201182478146,0.00020284526737018833,0.045060750318929275,0.0014208326268342888,55.755,4.0,4.0,4.0,False,False,False
17,250,4,Std,200,0.7251826291822866,0.0009366596156679289,0.16337492776384416,0.00018982994936138752,0.04539647957578352,0.001480201354807438,55.755,3.0,2.0,3.0,True,True,True
17,250,6,K,200,0.4490602211034443,0.02249773038651102,0.16010414632263043,0.0003485213919773711,0.0435335984430274,0.0017328044299590984,58.255,5.0,6.0,5.0,False,False,False
17,250,6,M,200,0.7546712676707726,0.00388337530131019,0.16341050764494738,0.0001650663216944215,0.045893271242450184,0.001721309180566394,58.255,1.0,3.0,1.0,True,True,True
17,250,6,P,200,0.7487974537083147,0.0009308426187257196,0.1634301315999889,0.0001661649862126416,0.04587471045601441,0.0013554514217523318,58.255,2.0,1.0,2.0,True,True,True
17,250,6,S,200,0.31635452485294446,0.022219925103201626,0.16183820702279167,0.0003127661724102401,0.042417533507962464,0.0015613806806456599,58.255,6.0,5.0,6.0,False,False,False
17,250,6,SLTA,200,0.5832056744803912,0.014843737971190507,0.1633870322594772,0.0001798989524101639,0.045339033507962465,0.001425910380966726,58.255,4.0,4.0,4.0,False,False,False
17,250,6,Std,200,0.7264921352442338,0.0005873216746361068,0.1634248129579683,0.00016911986639416148,0.04576574400579797,0.0013970359699380602,58.255,3.0,2.0,3.0,True,True,True
17,300,-10,K,200,0.36611797816213576,0.07133208605763848,0.15096073457937897,0.002051831518668274,0.03627758012479831,0.00425550150842029,32.245,5.0,5.0,5.0,False,False,False
17,300,-10,M,200,0.4551146735764263,0.06048971518349012,0.15363471028967232,0.0004323721199947655,0.038531868685520304,0.002710009433556954,32.245,3.0,4.0,4.0,True,False,False
17,300,-10,P,200,0.6486882464646341,0.030017949753352684,0.1537043157069838,0.0003712871200761909,0.03892936707060615,0.0025773413364971916,32.245,1.0,2.0,2.0,True,True,True
17,300,-10,S,200,0.25012565093074385,0.056146038100137165,0.15000589601955558,0.0037531307179805955,0.034558353244301204,0.00526763746328607,32.245,6.0,6.0,6.0,False,False,False
17,300,-10,SLTA,200,0.44650970866540846,0.03594924758452612,0.1536734015691276,0.00036098898629908897,0.03877948810235218,0.0024548498870948835,32.245,4.0,3.0,3.0,False,True,True
17,300,-10,Std,200,0.5408243975209888,0.03782413625979894,0.15371073184880302,0.00036511710195315456,0.03901762699124106,0.002565717481190576,32.245,2.0,1.0,1.0,True,True,True
17,300,-8,K,200,0.4045240771693178,0.0602992545419586,0.15144525050099977,0.0009153724159374465,0.03812998635587659,0.00315683436004924,35.52,5.0,5.0,5.0,False,False,False
17,300,-8,M,200,0.5132673482076046,0.04787569992186947,0.15367962328240684,0.0003799976391684995,0.038522089292828375,0.002536129437489432,35.52,3.0,4.0,4.0,True,False,False
17,300,-8,P,200,0.6788538313950346,0.01360865417553248,0.1537346465592201,0.00033625204787274287,0.03893600794362202,0.0022282750547193047,35.52,1.0,2.0,3.0,True,True,True
17,300,-8,S,200,0.28187941106396447,0.04759015171129546,0.15138886622440664,0.0012623390566618947,0.03739556261502734,0.0036543809786534387,35.52,6.0,6.0,6.0,False,False,False
17,300,-8,SLTA,200,0.4768800841736315,0.026702866827879878,0.1537150092766825,0.0003399042644005384,0.03897386508647916,0.002296906806086309,35.52,4.0,3.0,2.0,False,True,True
17,300,-8,Std,200,0.590925451435025,0.022972102533631283,0.1537468955572386,0.0003308089209543224,0.0389768353245744,0.0022720472060483226,35.52,2.0,1.0,1.0,True,True,True
17,300,-6,K,200,0.43013632739537244,0.05125144587922775,0.15147499806761613,0.0006188502174843354,0.03869870155556563,0.002477455305071023,38.39,5.0,6.0,6.0,False,False,False
17,300,-6,M,200,0.56373315473769,0.0370722524230262,0.15372589727492117,0.0003436048490081184,0.03880579564203473,0.0024587793965130025,38.39,3.0,4.0,5.0,True,False,False
17,300,-6,P,200,0.6926344240454364,0.006968281310186516,0.1537715879818156,0.0003141663667212557,0.03889274207060615,0.002189693516858038,38.39,1.0,2.0,3.0,True,True,True
17,300,-6,S,200,0.30413355622740357,0.0427583311204834,0.15163190189937698,0.0007931584480049246,0.03882147458808866,0.002908672710021544,38.39,6.0,5.0,4.0,False,False,False
17,300,-6,SLTA,200,0.498439546670878,0.02085339149390282,0.15374903427117834,0.0003117520160489778,0.03904804167378075,0.002340207458951803,38.39,4.0,3.0,1.0,False,True,True
17,300,-6,Std,200,0.6258372445108229,0.014011219758925978,0.15378092055173445,0.0003078295314549806,0.03901246826108233,0.0022901980903579392,38.39,2.0,1.0,2.0,True,True,True
17,300,-4,K,200,0.4468718240438993,0.04530387801178474,0.1513435643745922,0.0005802880822130619,0.03889008316007223,0.002530236345412289,40.98,5.0,6.0,6.0,False,False,False
17,300,-4,M,200,0.6054937114497482,0.026941161026935452,0.15374222927227918,0.0003300067756115566,0.03889256349917758,0.002198908991251433,40.98,3.0,4.0,5.0,True,False,False
17,300,-4,P,200,0.6982473542668228,0.004153541742741849,0.15378597569377384,0.0003180606337102165,0.03906286310235218,0.0020867587722924606,40.98,1.0,2.0,3.0,True,True,True
17,300,-4,S,200,0.3198095121311289,0.038166176457275144,0.15173144931184482,0.0005587473168100729,0.039378409999899076,0.0028676483294871056,40.98,6.0,5.0,1.0,False,False,True
17,300,-4,SLTA,200,0.5134206074847476,0.017466983646910163,0.15375564484153753,0.0003075442983682845,0.03902969445155854,0.0022573329888915714,40.98,4.0,3.0,4.0,False,True,False
17,300,-4,Std,200,0.6489047682346345,0.008333340177296127,0.15379569712077265,0.00031197617154754017,0.03916652778489186,0.0021594768777319744,40.98,2.0,1.0,2.0,True,True,True
17,300,-2,K,200,0.4602919046618938,0.03830107626095542,0.15122321310834688,0.0005347503715869749,0.03908734722933631,0.002574039251755247,43.825,5.0,6.0,3.0,False,False,True
17,300,-2,M,200,0.6377930448997612,0.018816648401999782,0.15377042141057573,0.00032553636769248043,0.03900189088012996,0.0021703538261558454,43.825,3.0,3.0,6.0,True,True,False
17,300,-2,P,200,0.7000522928679743,0.002816204363289837,0.1537978358347124,0.0003204923632217375,0.03903915080076488,0.002122129383171625,43.825,1.0,2.0,5.0,True,True,False
17,300,-2,S,200,0.3331510653075849,0.03409064073544309,0.15182769143913305,0.0004141016204122583,0.039567569451558524,0.0027975213875159554,43.825,6.0,5.0,1.0,False,False,True
17,300,-2,SLTA,200,0.5235242876683044,0.01573409888703142,0.15376478298291643,0.0003138079044491371,0.03907878175314582,0.0024339495957395986,43.825,4.0,4.0,4.0,False,False,False
17,300,-2,Std,200,0.6632964343631792,0.004966506838769016,0.15381786197432995,0.0003085851705702019,0.039163448419812494,0.0021940025017082704,43.825,2.0,1.0,2.0,True,True,True
17,300,0,K,200,0.4668271933347636,0.032430326688127384,0.15109664012882235,0.00047130199086129767,0.039443335324574405,0.0026083126835266075,46.065,5.0,6.0,2.0,False,False,True
17,300,0,M,200,0.6631410408686287,0.012414005296932906,0.15380036340573208,0.00030827352441366063,0.039177878975368056,0.0022755099351380445,46.065,3.0,3.0,6.0,True,True,False
17,300,0,P,200,0.7006441155240947,0.0020074459973914364,0.15383516611438783,0.0002961646775821068,0.03926640675314583,0.0023133890371876973,46.065,1.0,2.0,4.0,True,True,False
17,300,0,S,200,0.3413262514249565,0.02967876022363971,0.1518657994329684,0.00037552947868424056,0.03965150595949504,0.0026130866659383996,46.065,6.0,5.0,1.0,False,False,True
17,300,0,SLTA,200,0.5304534129903032,0.015044710994530577,0.15378733669355366,0.00031045967525123624,0.03922407540393948,0.0025086140504876776,46.065,4.0,4.0,5.0,False,False,False
17,300,0,Std,200,0.6723920509222385,0.0029124714497126007,0.1538518869688258,0.0002890283541851273,0.039333539689653765,0.002305343087564407,46.065,2.0,1.0,3.0,True,True,True
17,300,2,K,200,0.47118906362495333,0.027975119688677715,0.1510635872770264,0.0003978471382676447,0.039327182546796624,0.0022606195159484382,48.43,5.0,6.0,5.0,False,False,False
17,300,2,M,200,0.6813470681930235,0.00884784155638301,0.1538516925402858,0.00029224442939487793,0.039382400800764876,0.002445755882479047,48.43,2.0,3.0,4.0,True,True,False
17,300,2,P,200,0.7006380865627101,0.0015357444610962874,0.15388182896398214,0.0002758843074624628,0.03957853373727282,0.002427871962343019,48.43,1.0,2.0,2.0,True,True,True
17,300,2,S,200,0.346870123474645,0.026364786766317115,0.1519657357025162,0.00038907177140499636,0.03925795834044742,0.0023962200947738326,48.43,6.0,5.0,6.0,False,False,False
17,300,2,SLTA,200,0.5354082523734094,0.014686615348201086,0.15383613825708772,0.00029544574986581297,0.03941425794362202,0.0026504719462474716,48.43,4.0,4.0,3.0,False,False,True
17,300,2,Std,200,0.6778818309994858,0.0017920383344160755,0.15389155039098093,0.000266055659448722,0.039617875007114084,0.00236996754713276,48.43,3.0,1.0,1.0,True,True,True
17,300,4,K,200,0.47449029746380555,0.02440792292513406,0.15112230469609922,0.000397796904717339,0.03901963095949504,0.0022367182431851625,50.915,5.0,6.0,5.0,False,False,False
17,300,4,M,200,0.6940092528517547,0.0062001133096666805,0.1539314082416761,0.000252238444447902,0.03986218453092361,0.002694127107815976,50.915,2.0,3.0,3.0,True,True,True
17,300,4,P,200,0.7004292194339564,0.0011965293076198385,0.1539664053788718,0.00023644706100671705,0.0402642242134633,0.0024561186899706064,50.915,1.0,2.0,2.0,True,True,True
17,300,4,S,200,0.3508342474885478,0.02356205432443181,0.15208939225394108,0.000401213420402276,0.038902619054733134,0.0023196412022221625,50.915,6.0,5.0,6.0,False,False,False
17,300,4,SLTA,200,0.538812175621161,0.01409600381751924,0.15390710467417903,0.00026966399132312776,0.039849517864256945,0.0026465941119047307,50.915,4.0,4.0,4.0,False,False,False
17,300,4,Std,200,0.6811220719462782,0.0010916499556888994,0.15397554352025067,0.00022844996933205316,0.04028620437219344,0.0024352904702966316,50.915,3.0,1.0,1.0,True,True,True
17,300,6,K,200,0.4764823462712628,0.021416293435147584,0.151205908968289,0.0003841369399755116,0.03869396230870139,0.002099868653161767,53.59,5.0,6.0,5.0,False,False,False
17,300,6,M,200,0.7027310933816386,0.004541478205560962,0.15402648379772446,0.00021835853125262307,0.04074299603886012,0.0025848028566254266,53.59,1.0,3.0,3.0,True,True,True
17,300,6,P,200,0.7001883972206049,0.0009253443177323849,0.15405934222098044,0.00019734748282363888,0.04114522619759027,0.002371175841273951,53.59,2.0,1.0,1.0,True,True,True
17,300,6,S,200,0.3539365598440459,0.02163745953395668,0.15221032680580632,0.0004059880684080039,0.03833867064203473,0.002335698685081493,53.59,6.0,5.0,6.0,False,False,False
17,300,6,SLTA,200,0.5414681554565681,0.013601196771754401,0.15399887494504783,0.000225860893444891,0.04063521826108234,0.002659277162324263,53.59,4.0,4.0,4.0,False,False,False
17,300,6,Std,200,0.6830053024428996,0.0006741771726932808,0.15405428707894106,0.0001921350203934544,0.04107227580076488,0.0023216999554484916,53.59,3.0,2.0,2.0,True,True,True
19,100,-10,K,200,0.21523737085591743,0.07585911966602552,0.1865940395513087,0.040182066031930114,0.030411493271532915,0.013462621067528515,37.805,5.0,5.0,5.0,False,False,False
19,100,-10,M,200,0.7757798714711193,0.04000133931266744,0.26435647557496367,0.0012476029405669724,0.10217647432077447,0.005722453322616983,37.805,3.0,3.0,3.0,True,True,True
19,100,-10,P,200,0.907924239330026,0.01460880064371436,0.2649134970310011,0.0003929628235947352,0.10356860973439531,0.004701015660046892,37.805,1.0,1.0,2.0,True,True,True
19,100,-10,S,200,0.15694242567010522,0.07444909562273333,0.15322401808089464,0.03966564366879311,0.02945424405384126,0.0154376880479363,37.805,6.0,6.0,6.0,False,False,False
19,100,-10,SLTA,200,0.5521506944571316,0.04104777541898795,0.23609131469758796,0.007476648508371734,0.07758915688142747,0.003909955385041959,37.805,4.0,4.0,4.0,False,False,False
19,100,-10,Std,200,0.8201537854597821,0.033581776726814165,0.2647719216873394,0.0009122582872497904,0.10377657169978899,0.004407232835580338,37.805,2.0,2.0,1.0,True,True,True
19,100,-8,K,200,0.2518700942054496,0.06529416080548373,0.20769012379376836,0.026779550904599363,0.037507256777139966,0.012270375407342146,42.155,5.0,5.0,6.0,False,False,False
19,100,-8,M,200,0.8326357797436603,0.024749798194403573,0.26492526668387145,0.0003108254314642305,0.10526460566335213,0.004338549998287439,42.155,3.0,3.0,1.0,True,True,True
19,100,-8,P,200,0.9235124443782865,0.0059294484097193075,0.2650316462386612,5.744557900495962e-05,0.10442412856032847,0.003979521472051753,42.155,1.0,1.0,3.0,True,True,True
19,100,-8,S,200,0.18415844833953499,0.06260621438334259,0.17039480992135164,0.02517895098320936,0.03765685783985559,0.014688857844751041,42.155,6.0,6.0,5.0,False,False,False
19,100,-8,SLTA,200,0.5857254099351801,0.0351535415139373,0.2347113228985388,0.006483671089605427,0.07891338671963673,0.002488570799264956,42.155,4.0,4.0,4.0,False,False,False
19,100,-8,Std,200,0.8710572066900714,0.01952438136054949,0.2650102571579641,0.00019811126279657858,0.10524688125548444,0.0034729512767821364,42.155,2.0,2.0,2.0,True,True,True
19,100,-6,K,200,0.2761965367905956,0.05654282814955696,0.21980211512501618,0.0191261111984569,0.04319844753358492,0.010813897830527339,46.125,5.0,5.0,6.0,False,False,False
19,100,-6,M,200,0.871772779064541,0.01535787715585377,0.2650393417809226,6.982991761218594e-05,0.10701211861954507,0.003095909404112118,46.125,3.0,3.0,1.0,True,True,True
19,100,-6,P,200,0.9294019337047156,0.003323396921297887,0.2650471504929231,3.619440682577136e-05,0.10444508099938847,0.00411896938682776,46.125,1.0,1.0,3.0,True,True,True
19,100,-6,S,200,0.20451240440263574,0.05421167946446607,0.18064402734638751,0.01641411235083214,0.04520952595012741,0.014351036461819105,46.125,6.0,6.0,5.0,False,False,False
19,100,-6,SLTA,200,0.6094293764859671,0.03154793102942486,0.23288408429041613,0.005834861082459552,0.07933801469454692,0.001909958062652582,46.125,4.0,4.0,4.0,False,False,False
19,100,-6,Std,200,0.9033301401021376,0.011371904154756744,0.2650394549506617,7.014927637979147e-05,0.10601601913370291,0.003264261701142296,46.125,2.0,2.0,2.0,True,True,True
19,100,-4,K,200,0.2913422938075728,0.05047021012111864,0.22677982173104982,0.014923274620589354,0.04696423162171011,0.009831288419425937,49.99,5.0,5.0,6.0,False,False,False
19,100,-4,M,200,0.8974989957776972,0.009673788898408633,0.26505643041153243,3.9919593730663614e-05,0.10810544099038716,0.002373921178942718,49.99,3.0,1.0,1.0,True,True,True
19,100,-4,P,200,0.9313920526634815,0.002432757742949267,0.26505201679170604,3.368926287063709e-05,0.10401882039245397,0.004208524494660868,49.99,1.0,2.0,3.0,True,True,True
19,100,-4,S,200,0.21999970773551594,0.04695119660337393,0.18683180917323766,0.010568077153517808,0.052048379036578156,0.013089070088137355,49.99,6.0,6.0,5.0,False,False,False
19,100,-4,SLTA,200,0.6260768903624604,0.028942780769278097,0.23095487974733012,0.005363605531529979,0.07951696296617934,0.0018088076555500992,49.99,4.0,4.0,4.0,False,False,False
19,100,-4,Std,200,0.9232834153962293,0.00688998210304328,0.2650500929061407,3.5559374227168076e-05,0.10650904030892057,0.003052840886714645,49.99,2.0,3.0,2.0,True,True,True
19,100,-2,K,200,0.29867663340184236,0.045514587750458954,0.23063415670661291,0.012743458579414467,0.05016338003108072,0.009171606937069726,53.315,5.0,4.0,6.0,False,False,False
19,100,-2,M,200,0.9140582381588916,0.006091118909095139,0.2650644654630112,2.8696169024056173e-05,0.1088764303727378,0.0016207636713047697,53.315,3.0,1.0,1.0,True,True,True
19,100,-2,P,200,0.9319419318467115,0.0018995153624038522,0.26505925965501087,3.129328620817745e-05,0.10359493448568355,0.004356892853527831,53.315,2.0,2.0,3.0,True,True,True
19,100,-2,S,200,0.23080946960090945,0.04054912323582093,0.19029570854877456,0.007411798257801137,0.05757298720531559,0.012355447838606487,53.315,6.0,6.0,5.0,False,False,False
19,100,-2,SLTA,200,0.638125073062064,0.027045293619432215,0.22930792053365434,0.004790992192374988,0.07958919310542187,0.0014371520971703585,53.315,4.0,5.0,4.0,False,False,False
19,100,-2,Std,200,0.9356142016455584,0.004206377992380371,0.2650563172417933,3.331581836738922e-05,0.1070366695336226,0.00251144904556141,53.315,1.0,3.0,2.0,True,True,True
19,100,0,K,200,0.3003239205785263,0.04212557652321192,0.23247531519264958,0.011522528537507277,0.05220128716396264,0.008303999800657954,56.74,5.0,4.0,6.0,False,False,False
19,100,0,M,200,0.9243500898705416,0.004084659135136374,0.26506933176179415,2.433734545010202e-05,0.10920665847094942,0.0012559193398351087,56.74,3.0,1.0,1.0,True,True,True
19,100,0,P,200,0.9318903506490968,0.0015631309066914004,0.26506401278405467,2.8304147418512146e-05,0.10284586900258487,0.004374967937067039,56.74,2.0,2.0,3.0,True,True,True
19,100,0,S,200,0.2386827463342379,0.03660918008098573,0.19237237326195747,0.0058160296082878675,0.06249110126673295,0.011785852694405363,56.74,6.0,6.0,5.0,False,False,False
19,100,0,SLTA,200,0.6471599121282056,0.02557021057779468,0.2277043053300684,0.004356102571195095,0.07977468561465959,0.0014709543053093048,56.74,4.0,5.0,4.0,False,False,False
19,100,0,Std,200,0.9431668159516181,0.0026874666592913536,0.26506163621953277,3.061148964113221e-05,0.10746670838110951,0.0019478765577551436,56.74,1.0,3.0,2.0,True,True,True
19,100,2,K,200,0.2978272372609146,0.037704638161334264,0.23367106665638201,0.010474635254706346,0.053845091912727135,0.007677776800596645,59.98,5.0,4.0,6.0,False,False,False
19,100,2,M,200,0.9307338947465951,0.002701078717181128,0.26507317953292486,2.0089961400870613e-05,0.10942794933192879,0.0009061511081611194,59.98,3.0,1.0,1.0,True,True,True
19,100,2,P,200,0.9316469025493818,0.0012414936163810113,0.2650675210459679,2.4610830991686852e-05,0.10194238722683455,0.004406899125307417,59.98,2.0,2.0,3.0,True,True,True
19,100,2,S,200,0.2438051932028706,0.0324859849993731,0.19369532751248106,0.004693767918059664,0.06599999552695107,0.010143193872308998,59.98,6.0,6.0,5.0,False,False,False
19,100,2,SLTA,200,0.6535179001940421,0.024239922836046993,0.22632182379675822,0.0037767961876918926,0.07965573132680044,0.0013001583474078668,59.98,4.0,5.0,4.0,False,False,False
19,100,2,Std,200,0.9478670089142714,0.0017442530772357409,0.2650665025183157,2.746213069295754e-05,0.1078088025498902,0.0013317281945480904,59.98,1.0,3.0,2.0,True,True,True
19,100,4,K,200,0.2927904821304317,0.03346274046689885,0.23416652377432834,0.00975503092296084,0.055592914697707566,0.007214363915334369,63.245,5.0,4.0,6.0,False,False,False
19,100,4,M,200,0.9347328547202384,0.001878794339330321,0.26507544292770757,1.700898061389245e-05,0.10946961931020927,0.0006780079351497678,63.245,2.0,1.0,1.0,True,True,True
19,100,4,P,200,0.9313618160067904,0.001014273043271914,0.2650714819868378,2.116178171913488e-05,0.10092019859720035,0.0042647689011996925,63.245,3.0,2.0,3.0,True,True,True
19,100,4,S,200,0.247434527157479,0.02965990273295322,0.19453323626105903,0.003896165906439211,0.0686750669907843,0.009418864452253463,63.245,6.0,6.0,5.0,False,False,False
19,100,4,SLTA,200,0.6589897145257259,0.02318315369805683,0.22515674133233218,0.0032941555383589984,0.07974021566577157,0.0012515955110757265,63.245,4.0,5.0,4.0,False,False,False
19,100,4,Std,200,0.9507901944857159,0.0011895105564134157,0.26507035028944637,2.3479988591738785e-05,0.10790836991610897,0.0009800957224708766,63.245,1.0,3.0,2.0,True,True,True
19,100,6,K,200,0.2856416002298824,0.029612155921404062,0.23412148221815138,0.009218447941085624,0.05639262486356291,0.006977114872346957,66.695,5.0,4.0,6.0,False,False,False
19,100,6,M,200,0.9372291277294486,0.0013179597051973173,0.2650783853409252,1.4141268904976091e-05,0.10952016090750086,0.0005095593131573794,66.695,2.0,1.0,1.0,True,True,True
19,100,6,P,200,0.9311096630489825,0.0008355072854166941,0.2650741980605771,1.9373366186986145e-05,0.09999092302707722,0.004208049576527562,66.695,3.0,3.0,3.0,True,True,True
19,100,6,S,200,0.24934641634820598,0.027387872404044496,0.19497391922526255,0.0035428055062012836,0.07046272469095766,0.00913220847063974,66.695,6.0,6.0,5.0,False,False,False
19,100,6,SLTA,200,0.6632608481719448,0.021989134422771825,0.22414036390513353,0.0028856245616985968,0.0798353225412089,0.0012107294259698534,66.695,4.0,5.0,4.0,False,False,False
19,100,6,Std,200,0.9526506182865699,0.0008386828560761643,0.2650758956066641,1.836549210620955e-05,0.1080548990216656,0.0005038145648721138,66.695,1.0,2.0,2.0,True,True,True
19,150,-10,K,200,0.25112099611183714,0.07415375265748154,0.1923462773051406,0.01891924508214615,0.0421890431207949,0.012218085934177957,36.68,5.0,5.0,5.0,False,False,False
19,150,-10,M,200,0.7336270595520581,0.048403790745801346,0.21728476522905507,5.856044834015998e-05,0.07785999879645064,0.0016548641931403375,36.68,3.0,3.0,1.0,True,True,True
19,150,-10,P,200,0.8978192333272997,0.02088863131136967,0.21729332367660512,3.776666900619644e-05,0.07614738762161596,0.0011010698385933112,36.68,1.0,1.0,3.0,True,True,True
19,150,-10,S,200,0.20655623456662048,0.06491404227019015,0.18579230099501706,0.029643898793296725,0.03751740455882105,0.015105986394945675,36.68,6.0,6.0,6.0,False,False,False
19,150,-10,SLTA,200,0.6105475336489815,0.044068095876005305,0.2172744122683091,9.307887847522612e-05,0.07751627444289962,0.001973692428109724,36.68,4.0,4.0,2.0,False,False,True
19,150,-10,Std,200,0.7737441391971829,0.03953348600926392,0.2172911150449793,3.7916467040510955e-05,0.07578055869645615,0.0011372360294364513,36.68,2.0,2.0,4.0,True,True,False
19,150,-8,K,200,0.28830741117863967,0.06619918948593992,0.20194250564034494,0.010626663593441697,0.05037709071406923,0.010682557496265952,41.46,5.0,5.0,5.0,False,False,False
19,150,-8,M,200,0.8008635211469404,0.030684435328530664,0.21730008761095912,3.3969715745321714e-05,0.07814268340671324,0.0011452912152966452,41.46,3.0,4.0,1.0,True,False,True
19,150,-8,P,200,0.9211441268816842,0.007515721306130403,0.21730077780834223,3.011316066076177e-05,0.07585227311112645,0.000947922571445245,41.46,1.0,1.0,3.0,True,True,True
19,150,-8,S,200,0.24293311983101573,0.05829923092109795,0.20003328163930617,0.01833776996286106,0.047586982992163226,0.014563851181670919,41.46,6.0,6.0,6.0,False,False,False
19,150,-8,SLTA,200,0.6523046729600128,0.033656563132223684,0.217300501729389,3.183446663853693e-05,0.0777540531717016,0.0012881000991904726,41.46,4.0,2.0,2.0,False,True,True
19,150,-8,Std,200,0.8282935536234303,0.02202433684830424,0.21730036368991235,3.0788913468890777e-05,0.07548931240761428,0.0009016489401970171,41.46,2.0,3.0,4.0,True,True,False
19,150,-6,K,200,0.3131271070233616,0.056773862802269044,0.20642464744597924,0.005847116481411275,0.05670716468282913,0.00862951557556156,45.985,5.0,6.0,5.0,False,False,False
19,150,-6,M,200,0.8478028739565849,0.019381725670337215,0.2173075417426963,2.575464862333499e-05,0.07819662533161839,0.0009809865146419912,45.985,3.0,4.0,1.0,True,False,True
19,150,-6,P,200,0.9307948984843724,0.0032376634451422273,0.2173082319400793,2.475173641425997e-05,0.07562865632799128,0.000797638964604842,45.985,1.0,2.0,3.0,True,True,True
19,150,-6,S,200,0.27172822015860487,0.04848739357123986,0.20794404796506197,0.010184837024868014,0.05657935253459025,0.011424856828918042,45.985,6.0,5.0,6.0,False,False,False
19,150,-6,SLTA,200,0.6816760109163815,0.02755334182856813,0.2173078178216495,2.508718743266646e-05,0.0773783032905059,0.0010918974117309762,45.985,4.0,3.0,2.0,False,True,True
19,150,-6,Std,200,0.8620304985555169,0.012221438577760488,0.2173087840979858,2.428622820236706e-05,0.07527707283795192,0.0006535583829555595,45.985,2.0,1.0,4.0,True,True,False
19,150,-4,K,200,0.3265334136388652,0.05099996205367486,0.20822067907619504,0.004146465285786776,0.06118372983872737,0.006922370073841359,49.855,5.0,6.0,6.0,False,False,False
19,150,-4,M,200,0.8797992927247248,0.01205814677673237,0.21731085469013497,2.1458290638967385e-05,0.0781603228714152,0.0008510403717452105,49.855,3.0,4.0,1.0,True,False,True
19,150,-4,P,200,0.9348671142759202,0.0018811807677656391,0.21731347744019064,2.0420710357131462e-05,0.07551221618316879,0.0006798590635849199,49.855,1.0,1.0,3.0,True,True,True
19,150,-4,S,200,0.2913487757264941,0.04196907148900163,0.21134465047143094,0.0061014948579046135,0.06199928004615521,0.009040638488420441,49.855,6.0,5.0,5.0,False,False,False
19,150,-4,SLTA,200,0.701154972615543,0.024314404616798832,0.21731264920333096,2.1240766740493206e-05,0.07694312248438392,0.0009300791346430854,49.855,4.0,2.5,2.0,False,True,True
19,150,-4,Std,200,0.8821840956675618,0.0069145102064486225,0.21731264920333096,2.1598395588748555e-05,0.07522018782508896,0.00048409972532547355,49.855,2.0,2.5,4.0,True,True,False
19,150,-2,K,200,0.3315357935945459,0.04606933345906911,0.20892895963069796,0.0034568923799301924,0.06375587954789935,0.005382490132278294,53.385,5.0,6.0,6.0,False,False,False
19,150,-2,M,200,0.9012110370208564,0.0075289717284410295,0.21731444371652692,1.7902661376144212e-05,0.07804938792033686,0.0006781606370975526,53.385,2.0,4.0,1.0,True,False,True
19,150,-2,P,200,0.9366014127162381,0.0013348781011736012,0.21731554803233982,1.8566413396186415e-05,0.07537214717048213,0.0005327126780647769,53.385,1.0,3.0,3.0,True,True,True
19,150,-2,S,200,0.3043990175616572,0.03708916147912271,0.21295902215042364,0.00372481000155698,0.06525629448945983,0.007229966342070075,53.385,6.0,5.0,5.0,False,False,False
19,150,-2,SLTA,200,0.7145318906467351,0.022305848794600448,0.21731665234815276,1.7469538175473104e-05,0.0765853614068177,0.0008397664890780851,53.385,4.0,1.5,2.0,False,True,True
19,150,-2,Std,200,0.8939730576230521,0.00413699054593992,0.21731665234815276,1.65693609863439e-05,0.07519623934464784,0.00035433506607903244,53.385,3.0,1.5,4.0,True,True,False
19,150,0,K,200,0.331818977960485,0.041286336670657606,0.20931077682301036,0.0029304191046983516,0.06557008602579614,0.005537374128705487,56.72,5.0,6.0,6.0,False,False,False
19,150,0,M,200,0.9149624303591597,0.004821968780890401,0.2173159621507697,1.5893905399205253e-05,0.0779820730509742,0.0005788809401219404,56.72,2.0,4.0,1.0,True,False,True
19,150,0,P,200,0.9373322851821736,0.0010273598619286702,0.21731858490082534,1.584865704286096e-05,0.07528367251115452,0.0004010514787395551,56.72,1.0,2.0,3.0,True,True,True
19,150,0,S,200,0.31271578946912326,0.03268826575361077,0.2138075508131657,0.0028586215480359074,0.06753954131444032,0.006476688761575647,56.72,6.0,5.0,5.0,False,False,False
19,150,0,SLTA,200,0.7238295083643151,0.021058273637434753,0.2173181707823955,1.6161550674298282e-05,0.07637954865053803,0.000785891597393782,56.72,4.0,3.0,2.0,False,True,True
19,150,0,Std,200,0.9006685157119505,0.002627180221404164,0.21731968921663825,1.4314746201150082e-05,0.07516918027830567,0.00024577505285225084,56.72,3.0,1.0,4.0,True,True,False
19,150,2,K,200,0.32854039730570983,0.0362083771352209,0.20948995206365445,0.0027142297219260756,0.06664752848773416,0.005293213871477105,59.99,5.0,6.0,6.0,False,False,False
19,150,2,M,200,0.9236480676571343,0.003216038797316829,0.2173173425455358,1.4268516528666028e-05,0.07791305400996619,0.0004835225138809933,59.99,2.0,4.0,1.0,True,False,True
19,150,2,P,200,0.9376197125974133,0.0008151283800845814,0.2173203794140213,1.382127842480016e-05,0.07525894095063987,0.000290675388105023,59.99,1.0,2.0,3.0,True,True,True
19,150,2,S,200,0.3178944507587723,0.029295372631203073,0.21426501363866224,0.0023840934369185507,0.06926929056920736,0.005916214257254175,59.99,6.0,5.0,5.0,False,False,False
19,150,2,SLTA,200,0.7303448062180098,0.019830658531176742,0.2173202413745447,1.3868998960639488e-05,0.0762110625863571,0.0007126157697040595,59.99,4.0,3.0,2.0,False,True,True
19,150,2,Std,200,0.9043713630380283,0.0018023924040104315,0.21732093157192775,1.2742776948682143e-05,0.07515661014990466,0.00018604870117025808,59.99,3.0,1.0,4.0,True,True,False
19,150,4,K,200,0.3239808551145023,0.030948410631377803,0.20958395694722814,0.0025338204270115633,0.06776866742383246,0.004712089789040893,63.345,5.0,6.0,6.0,False,False,False
19,150,4,M,200,0.9292223858356108,0.002234452431237615,0.2173183088218721,1.3558991238745171e-05,0.07785614291452568,0.0004246328489669128,63.345,2.0,4.0,1.0,True,False,True
19,150,4,P,200,0.9377185204357253,0.0006469094185375925,0.21732203588774066,1.2214856401911354e-05,0.07520591121199616,0.00014168752322256934,63.345,1.0,1.0,3.0,True,True,True
19,150,4,S,200,0.3214653701262531,0.026465738121782677,0.21456069419756793,0.002068208039555614,0.07021212977666065,0.0051387585019557775,63.345,6.0,5.0,5.0,False,False,False
19,150,4,SLTA,200,0.735263171043129,0.019054882682945383,0.21732175980878743,1.2358253783794223e-05,0.07604411079468472,0.0006807170302226913,63.345,4.0,2.5,2.0,False,True,True
19,150,4,Std,200,0.9064046181405501,0.0012983826410462049,0.21732175980878743,1.2358253783799345e-05,0.07514311014990466,0.00016699212360685883,63.345,3.0,2.5,4.0,True,True,False
19,150,6,K,200,0.3180855246395772,0.027279952030809372,0.20945475199711808,0.002597693758104359,0.06842083007318997,0.004640711682911267,67.18,6.0,6.0,6.0,False,False,False
19,150,6,M,200,0.9327716719582233,0.0016494814074883158,0.21731899901925517,1.3399154715216284e-05,0.07780581486838883,0.00037167182007554725,67.18,2.0,4.0,1.0,True,False,True
19,150,6,P,200,0.9377394920844456,0.0005060435050729795,0.2173227260851237,1.1820454517206143e-05,0.07521594348323798,0.00013017551931581925,67.18,1.0,2.0,3.0,True,True,True
19,150,6,S,200,0.3238520530031056,0.024536638552688794,0.21471736900352403,0.0018903101014407216,0.07093057800600797,0.0048007396108139125,67.18,5.0,5.0,5.0,False,False,False
19,150,6,SLTA,200,0.7397417066591317,0.018124157716678472,0.2173225880456471,1.1903598698708237e-05,0.07591938550690061,0.000632917417730089,67.18,4.0,3.0,2.0,False,True,True
19,150,6,Std,200,0.9074927887601818,0.000968116674578044,0.21732286412460033,1.1735089548274334e-05,0.07512502681657134,0.0001573413782969835,67.18,3.0,1.0,4.0,True,True,False
19,200,-10,K,200,0.322341969296753,0.08509157368488209,0.1795019070205004,0.009395118505497064,0.04806666654139864,0.008827282832931667,36.64,5.0,5.0,5.0,False,False,False
19,200,-10,M,200,0.6033412062746628,0.05952192259699775,0.18832224988623392,0.00022116452463862075,0.059089936809232614,0.0021415962775770516,36.64,3.0,4.0,4.0,True,False,False
19,200,-10,P,200,0.7848353961094253,0.02499402543754993,0.18837156198002059,0.0001893864463715614,0.05930282283241566,0.0018074973634699674,36.64,1.0,2.0,1.0,True,True,True
19,200,-10,S,200,0.1802474924964166,0.0716199538259751,0.1591458747053606,0.029092354539853604,0.03210809322628465,0.011847134498500582,36.64,6.0,6.0,6.0,False,False,False
19,200,-10,SLTA,200,0.5503266632642985,0.04035270843356749,0.1883408612248566,0.00019380685464246553,0.059179336277304095,0.001806170437715682,36.64,4.0,3.0,3.0,False,True,True
19,200,-10,Std,200,0.6679304607048269,0.03896209633310178,0.18837872018718316,0.00018546070065653637,0.059221994868712685,0.0017257457177896494,36.64,2.0,1.0,2.0,True,True,True
19,200,-8,K,200,0.3680133722223472,0.06854567502412462,0.1830638309046012,0.0030232491058034302,0.05271345106691035,0.005372861541036172,41.61,5.0,5.0,5.0,False,False,False
19,200,-8,M,200,0.6722476315131167,0.040343083663174344,0.1883574046369657,0.00019410579965560806,0.05941296650818433,0.0016761755982495317,41.61,3.0,4.0,3.0,True,False,True
19,200,-8,P,200,0.8098140359475532,0.00955225254392252,0.18839049146118383,0.00017429579902379695,0.05954926480710762,0.0012842338924331155,41.61,1.0,2.0,1.0,True,True,True
19,200,-8,S,200,0.21927260685440014,0.06125133961428429,0.17491731393977206,0.013041646481984985,0.03985758281328148,0.010297326112072415,41.61,6.0,6.0,6.0,False,False,False
19,200,-8,SLTA,200,0.5906612952430186,0.029228141553170196,0.18836026791983074,0.00017949990850408792,0.059316810053527874,0.0013510415507717163,41.61,4.0,3.0,4.0,False,True,False
19,200,-8,Std,200,0.7209277385782277,0.02111594675815313,0.18839192310261638,0.00017194907771508433,0.059447425035767845,0.0012368506201432651,41.61,2.0,1.0,2.0,True,True,True
19,200,-6,K,200,0.4019082521572445,0.055388925629089994,0.18416221802588184,0.0014052490458110964,0.05519549633742372,0.003323496125653119,46.35,5.0,5.0,5.0,False,False,False
19,200,-6,M,200,0.7243629628723037,0.026786342919894734,0.18836949405350695,0.00016942269571041562,0.059609599985817815,0.0013410423839907769,46.35,3.0,4.0,1.0,True,False,True
19,200,-6,P,200,0.8191064070406753,0.004676132260260991,0.1884027399489954,0.00015417881145737456,0.0595265083829762,0.00111311142087066,46.35,1.0,2.0,2.0,True,True,True
19,200,-6,S,200,0.2511531995435174,0.0518450776745947,0.18162184983951662,0.005721178006941712,0.04570530235011982,0.007854240401101335,46.35,6.0,6.0,6.0,False,False,False
19,200,-6,SLTA,200,0.6167187458618753,0.023575430055998558,0.18838428768164295,0.00015833608494336495,0.05948459171630953,0.0010587090072567056,46.35,4.0,3.0,4.0,False,True,False
19,200,-6,Std,200,0.7533758570028303,0.011703140949737092,0.18840687580202264,0.0001516626822724286,0.05951513878035659,0.001056072401348933,46.35,2.0,1.0,3.0,True,True,True
19,200,-4,K,200,0.42214480694006823,0.04744946033285904,0.18430108724483593,0.0010518348456121124,0.05609607950629733,0.002733024946709398,50.7,5.0,5.0,5.0,False,False,False
19,200,-4,M,200,0.7624486150573184,0.017356058671629475,0.18839065053245413,0.00015606478872990195,0.059794570043537866,0.0010757134326405922,50.7,3.0,4.0,1.0,True,False,True
19,200,-4,P,200,0.8222783982098817,0.0029045566961832933,0.18841467029426634,0.00014374569052191685,0.05970343750940533,0.0009267172401855635,50.7,1.0,2.0,2.0,True,True,True
19,200,-4,S,200,0.27459751749084166,0.044749940468622317,0.1842201199682636,0.0033021196650674153,0.05043708778897269,0.005866415215598487,50.7,6.0,6.0,6.0,False,False,False
19,200,-4,SLTA,200,0.633712373887729,0.02060510464274364,0.18839860409596812,0.00014809679549427843,0.05962432101478883,0.000925088932769711,50.7,4.0,3.0,3.0,False,True,True
19,200,-4,Std,200,0.7724177778816742,0.006504131885989364,0.1884189652185639,0.00014231019655075328,0.059604266139108956,0.0008773882927083237,50.7,2.0,1.0,4.0,True,True,False
19,200,-2,K,200,0.43142511308805465,0.04288307516735613,0.18427293162999642,0.0008163064556877756,0.05664840522224804,0.002359686176632604,53.995,5.0,6.0,5.0,False,False,False
19,200,-2,M,200,0.7889044626019915,0.01124751870932618,0.18840130830756288,0.00014663574157542818,0.059870445695663514,0.0010381388991323745,53.995,2.0,4.0,1.0,True,False,True
19,200,-2,P,200,0.8231648488473674,0.0022488506355743906,0.18841292051029326,0.00014120691526141012,0.05972961205707986,0.0008515105860608252,53.995,1.0,2.0,2.0,True,True,True
19,200,-2,S,200,0.29014442864492873,0.04033021476940591,0.18519315892856392,0.0023653481787871394,0.05337949129278664,0.004164322464608189,53.995,6.0,5.0,6.0,False,False,False
19,200,-2,SLTA,200,0.6449756622133698,0.01856526079501316,0.1884073530158335,0.0001452984057395987,0.05965948462895244,0.0008619461371985906,53.995,4.0,3.0,3.0,False,True,True
19,200,-2,Std,200,0.7834132488456992,0.003708644831262989,0.1884159428644286,0.00014325515176319054,0.059581803851396664,0.0007764337594678563,53.995,3.0,1.0,4.0,True,True,False
19,200,0,K,200,0.43451944782168794,0.03785729015571383,0.18420946219315484,0.0006648605565775427,0.05677233523667805,0.002138857608826577,56.855,5.0,6.0,5.0,False,False,False
19,200,0,M,200,0.8063573844606602,0.007526713043452662,0.18840878465726602,0.0001433727113064471,0.059873559554027365,0.0010182339654264954,56.855,2.0,4.0,1.0,True,False,True
19,200,0,P,200,0.8231787601481116,0.0017784474946860441,0.18841482936553663,0.00014143293515084338,0.05961480211701993,0.0007912062941028219,56.855,1.0,1.0,3.0,True,True,True
19,200,0,S,200,0.3009956338965869,0.03591685807259598,0.1857235025436761,0.0016340764632386104,0.05466354914082945,0.003040659473354964,56.855,6.0,5.0,6.0,False,False,False
19,200,0,SLTA,200,0.6523435697215814,0.017250028571721462,0.18841467029426634,0.00014292956296964725,0.05965582331804113,0.0007939243923901193,56.855,4.0,2.0,2.0,False,True,True
19,200,0,Std,200,0.7895289006419928,0.00219311097740134,0.1884111707263202,0.0001410727699521773,0.0595639783851962,0.0007502751529614921,56.855,3.0,3.0,4.0,True,True,False
19,200,2,K,200,0.4327191670924199,0.03344797576512632,0.18414853789663777,0.0005749633010667948,0.05689275727297509,0.0018582606307483039,59.255,5.0,6.0,5.0,False,False,False
19,200,2,M,200,0.8176856485494528,0.005142522642183171,0.18841944243237474,0.00014141630190009247,0.059879437967280784,0.0009858383253252736,59.255,2.0,1.0,1.0,True,True,True
19,200,2,P,200,0.8230065981678747,0.0014321866239152743,0.18841848800475308,0.00013883264762490366,0.05954090925987707,0.0006942555079625732,59.255,1.0,2.0,3.0,True,True,True
19,200,2,S,200,0.3074017446381242,0.03167234842133837,0.18598501571201573,0.0013837932608697188,0.05540469464116247,0.0024024073635273814,59.255,6.0,5.0,6.0,False,False,False
19,200,2,SLTA,200,0.6563988038462051,0.016354181474855404,0.1884181698622125,0.0001421953354881072,0.05959156135777916,0.0007206970190226811,59.255,4.0,3.0,2.0,False,True,True
19,200,2,Std,200,0.7928116534693102,0.0013327856117722582,0.18841260236775273,0.00013787361388978563,0.05952828506462787,0.000668736587162992,59.255,3.0,4.0,4.0,True,False,False
19,200,4,K,200,0.42950884483756063,0.029952849200398226,0.1841234046359336,0.0005113682871900539,0.05701824463283745,0.001510412056830313,61.735,5.0,6.0,5.0,False,False,False
19,200,4,M,200,0.8248369246335588,0.003642519081892145,0.18842389642794255,0.00013955030846673014,0.0597737935006363,0.0009925581759142386,61.735,1.0,1.0,1.0,True,True,True
19,200,4,P,200,0.8227433911621338,0.0011672955354605054,0.18842341921413172,0.00013912514649814405,0.05945779864826646,0.0006297169659670393,61.735,2.0,2.0,3.0,True,True,True
19,200,4,S,200,0.3115511312513861,0.028714265084368206,0.18612356678842928,0.0012868336590880867,0.05581608436255218,0.002343312194790437,61.735,6.0,5.0,6.0,False,False,False
19,200,4,SLTA,200,0.6584845075496425,0.015758083419634156,0.18841626100696915,0.00014115350664973116,0.05951732492754273,0.000616375316428195,61.735,4.0,3.0,2.0,False,True,True
19,200,4,Std,200,0.7944840452885442,0.0008262379832425611,0.1884121251539419,0.00013703318714372394,0.05939433162917444,0.0005549716419688504,61.735,3.0,4.0,4.0,True,False,False
19,200,6,K,200,0.4260453430702583,0.027597489332997435,0.1841186324978252,0.0005043705087283762,0.057090017762485575,0.001613034928875048,64.335,5.0,6.0,5.0,False,False,False
19,200,6,M,200,0.8293807038750417,0.0026385022414789116,0.18843344070415935,0.0001398597633054208,0.05971309136943418,0.0009369331304193347,64.335,1.0,1.0,1.0,True,True,True
19,200,6,P,200,0.8224938106023196,0.0009555483087754615,0.18843073649256462,0.0001375312179645541,0.059459912673130486,0.0005058469977120346,64.335,2.0,2.0,2.0,True,True,True
19,200,6,S,200,0.31396920601520434,0.026453438321191697,0.1862107378445425,0.0011871357032675967,0.0562741283740962,0.0020783430176061282,64.335,6.0,5.0,6.0,False,False,False
19,200,6,SLTA,200,0.6597825914423028,0.015236196787394605,0.1884251689981048,0.00013708068777262765,0.05943850009959291,0.0005116957222741974,64.335,4.0,3.0,3.0,False,True,True
19,200,6,Std,200,0.7952800334175513,0.0005173801763647738,0.1884181698622125,0.00013390571067585456,0.059402480813323624,0.0005086603418624171,64.335,3.0,4.0,4.0,True,False,False
19,250,-10,K,200,0.37996296649207983,0.08011986862741385,0.159137437285026,0.003436608415271383,0.04081976740442459,0.004732021082104683,36.075,5.0,5.0,5.0,False,False,False
19,250,-10,M,200,0.47041490520029094,0.055118019960167144,0.16278254108361984,0.00046731891915814547,0.04240626611563258,0.002870230212291272,36.075,3.0,3.0,4.0,True,True,False
19,250,-10,P,200,0.6634979503980425,0.024918853238840993,0.16286103690378578,0.0004115706213954039,0.04276979721647618,0.0027875294930099154,36.075,1.0,2.0,1.0,True,True,True
19,250,-10,S,200,0.22380820575310245,0.07596643297923987,0.15137001911757708,0.019689528831756866,0.034070092513056295,0.008879644821839679,36.075,6.0,6.0,6.0,False,False,False
19,250,-10,SLTA,200,0.4702215447309948,0.03447619278714473,0.16277208720102768,0.00047179336797027423,0.04245385439540836,0.0028571310228195346,36.075,4.0,4.0,3.0,False,False,True
19,250,-10,Std,200,0.5652547538242526,0.03469960407653349,0.16286800615884725,0.0004083517396748512,0.04272767726698122,0.0028476611286829536,36.075,2.0,1.0,2.0,True,True,True
19,250,-8,K,200,0.42093885783391266,0.06291051048978306,0.15988754921137813,0.0010457237057143844,0.042682676332068244,0.003471428745399953,40.45,5.0,5.0,4.0,False,False,False
19,250,-8,M,200,0.5312496411124402,0.04430964061347932,0.16284067934294835,0.00043272524883238223,0.042722886862940825,0.002746878844762062,40.45,3.0,3.0,3.0,True,True,True
19,250,-8,P,200,0.6892285348434787,0.010738108912468425,0.16289790059503192,0.00040602986844795474,0.042978798479102444,0.002815468513425587,40.45,1.0,2.0,1.0,True,True,True
19,250,-8,S,200,0.2618721379085928,0.062089750288852476,0.1578305185595528,0.007534509215624305,0.03904066352798229,0.006189020555787257,40.45,6.0,6.0,6.0,False,False,False
19,250,-8,SLTA,200,0.5056481109351759,0.024509045177940322,0.16282692423427442,0.00041300224101580257,0.04260188018905915,0.002893314846961417,40.45,4.0,4.0,5.0,False,False,False
19,250,-8,Std,200,0.6133488813052335,0.02066401683994463,0.16290798767472617,0.0004028593164678394,0.04296469476337372,0.002810833933013023,40.45,2.0,1.0,2.0,True,True,True
19,250,-6,K,200,0.4417191566670895,0.049007595416821675,0.15991414242148108,0.0007720390003903031,0.043076455766259715,0.003371255864674976,43.61,5.0,5.0,3.0,False,False,True
19,250,-6,M,200,0.584433631632673,0.032108641832602994,0.1628868965080928,0.0004145362886957059,0.04302968754836651,0.002691860206675794,43.61,3.0,3.0,4.0,True,True,False
19,250,-6,P,200,0.6998292150458524,0.0054615237500700705,0.16293182986309432,0.000408101654478812,0.043249593031772,0.002873720139000658,43.61,1.0,2.0,1.0,True,True,True
19,250,-6,S,200,0.28485704754015745,0.04875257336860064,0.15989671928382743,0.002326143093928341,0.04178242059109407,0.004201994193010567,43.61,6.0,6.0,6.0,False,False,False
19,250,-6,SLTA,200,0.527872427206828,0.01963701675398804,0.162845447780622,0.00041770508668066356,0.042586715506519476,0.002786899828928174,43.61,4.0,4.0,5.0,False,False,False
19,250,-6,Std,200,0.6435538255004855,0.011827132525636089,0.16294099993554362,0.00040302542987825387,0.04324652990045886,0.0028946758358268055,43.61,2.0,1.0,2.0,True,True,True
19,250,-4,K,200,0.4530408752760087,0.04212502548782478,0.15977695813763967,0.0007357001953610428,0.043173974164528124,0.0033751298626532576,46.435,5.0,6.0,3.0,False,False,True
19,250,-4,M,200,0.6255524874785381,0.024233715431533187,0.1629142233239917,0.0004100960875207354,0.043159331848510805,0.002656753339975403,46.435,3.0,3.0,4.0,True,True,False
19,250,-4,P,200,0.703797548490604,0.003661141716466394,0.16295328783262567,0.00040732578806439385,0.043372213161642116,0.002852149620437469,46.435,1.0,2.0,2.0,True,True,True
19,250,-4,S,200,0.3009529618390463,0.042512248945906765,0.16050451168576654,0.0008598022452052744,0.04286290707883603,0.0033649380898728796,46.435,6.0,5.0,5.0,False,False,False
19,250,-4,SLTA,200,0.5417143341919419,0.016825909094414216,0.16286763935594928,0.0004039303004942549,0.042608074813878766,0.0027405796822614673,46.435,4.0,4.0,6.0,False,False,False
19,250,-4,Std,200,0.6618774880582933,0.00694259969637761,0.16296539232825874,0.0004010552180523808,0.04354360421503317,0.0028871349448325746,46.435,2.0,1.0,1.0,True,True,True
19,250,-2,K,200,0.4580768781644812,0.036346676962643654,0.15965169494798231,0.0006939648096089184,0.043514983002911956,0.0032689875368842954,48.845,5.0,6.0,1.0,False,False,True
19,250,-2,M,200,0.6567087681273255,0.016695508171238542,0.16293824891380881,0.000397116711408572,0.043128264207818165,0.0025295406562156225,48.845,3.0,3.0,4.0,True,True,False
19,250,-2,P,200,0.7052164049830956,0.002633097362392766,0.16296630933550368,0.00038802529633274877,0.04338611539829436,0.002804821247812465,48.845,1.0,2.0,3.0,True,True,True
19,250,-2,S,200,0.31154400547472444,0.03765350488455604,0.16072716104483536,0.0007078597283314606,0.042824802266981224,0.0032915320518406926,48.845,6.0,5.0,5.0,False,False,False
19,250,-2,SLTA,200,0.550616397757102,0.015187117286485356,0.16288928072692963,0.0003822444513304716,0.04272064209382105,0.00265005220633033,48.845,4.0,4.0,6.0,False,False,False
19,250,-2,Std,200,0.6729440084359485,0.003970664387687538,0.16297969764127962,0.0003838748309589427,0.04343645738963635,0.002818304756975725,48.845,2.0,1.0,2.0,True,True,True
19,250,0,K,200,0.45978451762273864,0.030820087690350873,0.159603827169797,0.0006043919900557762,0.04349106813999709,0.0032888803821617273,51.11,5.0,6.0,1.0,False,False,True
19,250,0,M,200,0.6785283146183511,0.011751341791864371,0.16295970688334016,0.0003815703094183871,0.04332693700724097,0.002523742633071471,51.11,3.0,3.0,4.0,True,True,False
19,250,0,P,200,0.7055672143351316,0.0019326033808593761,0.1629868502977901,0.0003670460777252386,0.043355986069290024,0.002579792489844052,51.11,1.0,2.0,3.0,True,True,True
19,250,0,S,200,0.31894662270431373,0.03227499983957939,0.16090927868367833,0.0006560971798420474,0.04293169151662047,0.0030080110525844694,51.11,6.0,5.0,5.0,False,False,False
19,250,0,SLTA,200,0.5565224253677981,0.014142170570036774,0.1629151403312366,0.0003631533939183586,0.04272229613422509,0.0024822742241547334,51.11,4.0,4.0,6.0,False,False,False
19,250,0,Std,200,0.6794103615844936,0.0023141952693106903,0.16299638717313733,0.00036717683710437923,0.043457703421382374,0.0026384522835874243,51.11,2.0,1.0,2.0,True,True,True
19,250,2,K,200,0.45950083594430907,0.025985156816780344,0.1596260187451243,0.0005579317115800926,0.04311609303177199,0.0030306341151137687,53.325,5.0,6.0,4.0,False,False,False
19,250,2,M,200,0.6930924051694758,0.00807977186578336,0.16299400295430055,0.0003520370720259613,0.04333999490767387,0.002505246159826609,53.325,2.0,3.0,1.0,True,True,True
19,250,2,P,200,0.7054991718653763,0.001396295250037722,0.1630191289528116,0.00034181340012991407,0.04330219801012697,0.0023814302242237957,53.325,1.0,2.0,3.0,True,True,True
19,250,2,S,200,0.32377432185831645,0.027724022353450655,0.16106975495154097,0.0006308654048700906,0.042262800102479056,0.0026947688990178213,53.325,6.0,5.0,6.0,False,False,False
19,250,2,SLTA,200,0.5602911816649059,0.013610113793024976,0.16293696510366595,0.00034546973484126455,0.042793677808106764,0.0023000028939074357,53.325,4.0,4.0,5.0,False,False,False
19,250,2,Std,200,0.6830929622206916,0.0013929579002924777,0.1630292160325058,0.0003440719692133576,0.04332112586005482,0.002427639157101782,53.325,3.0,1.0,2.0,True,True,True
19,250,4,K,200,0.4584149568649569,0.02232281971694952,0.15965462937116612,0.0005447769119824456,0.042329137404066366,0.00271390718463324,55.755,5.0,6.0,5.0,False,False,False
19,250,4,M,200,0.702793008019622,0.005597995781883023,0.16304242093683277,0.00032137086078476,0.0432784624401414,0.0024623146791233706,55.755,2.0,3.0,1.0,True,True,True
19,250,4,P,200,0.7053124894717301,0.0010314348388704426,0.1630647959136091,0.00030317692614827856,0.043176506992810955,0.0022194584945937662,55.755,1.0,2.0,2.0,True,True,True
19,250,4,S,200,0.3271462041943362,0.024458016457024553,0.1612648940932619,0.0005885297184981086,0.041457725066404036,0.0023329121761092543,55.755,6.0,5.0,6.0,False,False,False
19,250,4,SLTA,200,0.5626977238171516,0.013223393622970753,0.16297566280940196,0.00031540805223015156,0.04269578296683693,0.0021927206427475704,55.755,4.0,4.0,4.0,False,False,False
19,250,4,Std,200,0.685165839964304,0.0008548758933513432,0.16307176516867053,0.00030634335359656576,0.04317569025399422,0.002120945350228981,55.755,3.0,1.0,3.0,True,True,True
19,250,6,K,200,0.45653946842920784,0.019565728672724454,0.15969662830298387,0.0005177003915323723,0.04190581218761614,0.0024581982202591117,58.255,5.0,6.0,5.0,False,False,False
19,250,6,M,200,0.7091699122686318,0.004088746718494523,0.16309065551791607,0.0002818171338460894,0.043309368645047606,0.002384271424975183,58.255,1.0,3.0,2.0,True,True,True
19,250,6,P,200,0.7051245007650729,0.00080958073467068,0.16312036655265177,0.0002623823408320745,0.04330999833480229,0.002048296195696097,58.255,2.0,1.0,1.0,True,True,True
19,250,6,S,200,0.3292083816704841,0.02231743550336207,0.16143765825820658,0.00048456660962880005,0.04111633347188743,0.0021758649779752104,58.255,6.0,5.0,6.0,False,False,False
19,250,6,SLTA,200,0.5644576368604346,0.012953133035308314,0.1630462723672615,0.0002745536341292045,0.04274966572296968,0.0021486858346440904,58.255,4.0,4.0,4.0,False,False,False
19,250,6,Std,200,0.686276862894743,0.000535819040983019,0.16311706532657003,0.0002662631362498324,0.043251229215033174,0.0019957451547879036,58.255,3.0,2.0,3.0,True,True,True
19,300,-10,K,200,0.3887865336945624,0.06652473084610383,0.1511110278407806,0.001458730011617708,0.036136943039070536,0.003586599457160624,32.245,5.0,5.0,5.0,False,False,False
19,300,-10,M,200,0.4285847835520755,0.05946223167818169,0.15330651491419242,0.0005688754479076969,0.03736925373359154,0.0027733677164643736,32.245,4.0,4.0,4.0,False,False,False
19,300,-10,P,200,0.6109476654842482,0.02908761409329344,0.15338661947266263,0.0004940084058751187,0.038030156031645106,0.0028364799602476547,32.245,1.0,2.0,2.0,True,True,True
19,300,-10,S,200,0.26331317831136114,0.05690408516269763,0.15032417553949673,0.003144376904371074,0.034848811190674366,0.004606815442768256,32.245,6.0,6.0,6.0,False,False,False
19,300,-10,SLTA,200,0.43538933129540064,0.035124289924095616,0.15336270476224553,0.0005078323735822513,0.03751540044001452,0.0027293417082950534,32.245,3.0,3.0,3.0,True,True,True
19,300,-10,Std,200,0.5168208486056114,0.03607385724617607,0.1533891470436823,0.0004901933825265842,0.038062372842611915,0.002792286481712185,32.245,2.0,1.0,1.0,True,True,True
19,300,-8,K,200,0.42377366620940643,0.053900632128881916,0.1513147889506757,0.0006808775878078618,0.03720874194676199,0.002688865607767846,35.52,5.0,6.0,5.0,False,False,False
19,300,-8,M,200,0.48368384655055097,0.0469576977291956,0.15336367690494543,0.0005276131374784729,0.037679618638482716,0.002700221124039613,35.52,3.0,4.0,4.0,True,False,False
19,300,-8,P,200,0.6395834250082774,0.01313546874921309,0.15343872632137626,0.00048228787697266763,0.03814838492774901,0.00258668417950595,35.52,1.0,2.0,2.0,True,True,True
19,300,-8,S,200,0.2962015692184272,0.047174790052288904,0.1513198440927151,0.000876846729433493,0.03685592412046091,0.003074801991633368,35.52,6.0,5.0,6.0,False,False,False
19,300,-8,SLTA,200,0.4651192184082367,0.02536768837172609,0.15341481161095916,0.00048263668645987917,0.037784531753145834,0.002427765561550006,35.52,4.0,3.0,3.0,False,True,True
19,300,-8,Std,200,0.5631855350472599,0.021577675048640665,0.15344222603509583,0.00048080730526415004,0.03815021429282837,0.002621000675683553,35.52,2.0,1.0,1.0,True,True,True
19,300,-6,K,200,0.4453585982370106,0.0444344850543257,0.15119890954084986,0.000560839198636601,0.037947837072826146,0.0027440782964775,38.39,5.0,6.0,4.0,False,False,False
19,300,-6,M,200,0.5312993438374666,0.03616581508169004,0.15343444889349678,0.00048782348113990734,0.037814759927749006,0.0025699175091835726,38.39,3.0,4.0,5.0,True,False,False
19,300,-6,P,200,0.6526888698149008,0.006631176146938409,0.15350074902562869,0.00045786660449239627,0.03817739286425694,0.002715476719615713,38.39,1.0,2.0,2.0,True,True,True
19,300,-6,S,200,0.3184637837904516,0.041726785787110574,0.1513466752312318,0.000562713876184661,0.037985742389731465,0.002843431160678283,38.39,6.0,5.0,3.0,False,False,True
19,300,-6,SLTA,200,0.48571117053871243,0.019392400228202367,0.15346439088865313,0.0004626176573556712,0.03768694048330456,0.0023179683153105924,38.39,4.0,3.0,6.0,False,True,False
19,300,-6,Std,200,0.5949288418538384,0.013013272255659666,0.15350444316788822,0.00045561041772784977,0.03821481349917758,0.0027429145213471707,38.39,2.0,1.0,1.0,True,True,True
19,300,-4,K,200,0.4584882499437618,0.03858750594912836,0.15098114957607645,0.0005604841176818275,0.038122947698311774,0.003079082839431773,40.98,5.0,6.0,4.0,False,False,False
19,300,-4,M,200,0.57069704035174,0.026385425446014694,0.15346983488777244,0.00046590150943827825,0.03777125794362202,0.0027350002218007293,40.98,3.0,4.0,5.0,True,False,False
19,300,-4,P,200,0.6580488371428954,0.0038907119091670774,0.1535365238769843,0.0004414260997857123,0.038336069451558534,0.0027434721082993884,40.98,1.0,2.0,3.0,True,True,True
19,300,-4,S,200,0.33359265802955823,0.03693422703694252,0.151312455808196,0.00044941814267215836,0.038753168477532546,0.002774167808441386,40.98,6.0,5.0,1.0,False,False,True
19,300,-4,SLTA,200,0.49980145110660973,0.01583872671876282,0.1534941384552695,0.00044907965623791667,0.03771203373727282,0.0024628755557573987,40.98,4.0,3.0,6.0,False,True,False
19,300,-4,Std,200,0.6155905265391589,0.007705657427670672,0.15354566201836317,0.00044163162404747087,0.03839851588012996,0.0027748462219662922,40.98,2.0,1.0,2.0,True,True,True
19,300,-2,K,200,0.4684851576926317,0.03254624386378865,0.1507548347555441,0.000569627218848543,0.038706761315250394,0.003117064064220903,43.825,5.0,6.0,2.0,False,False,True
19,300,-2,M,200,0.6010793502280669,0.01852659163100199,0.15351202588094728,0.00046557598627806803,0.038128257943622026,0.002897275114690047,43.825,3.0,4.0,5.0,True,False,False
19,300,-2,P,200,0.6597970672784002,0.0026223211776470637,0.15356102187302131,0.0004482972649246957,0.03845370437219345,0.0028792516747756657,43.825,1.0,2.0,4.0,True,True,False
19,300,-2,S,200,0.3461318162120697,0.03303170879094438,0.1513075950946966,0.0004212861313402579,0.03926714683251092,0.00305979027212684,43.825,6.0,5.0,1.0,False,False,True
19,300,-2,SLTA,200,0.5090501737221755,0.014047823890115024,0.15352213616502605,0.0004595462980313451,0.03803754564203472,0.002738999655498124,43.825,4.0,3.0,6.0,False,True,False
19,300,-2,Std,200,0.6283020482885657,0.004575236525109991,0.15358202015533876,0.00043707268580899514,0.03851612103886012,0.0029380100729217325,43.825,2.0,1.0,3.0,True,True,True
19,300,0,K,200,0.47256241297823015,0.02748069626773767,0.15056040621556785,0.0005464521291250448,0.03949419787868695,0.003324711457098115,46.065,5.0,6.0,2.0,False,False,True
19,300,0,M,200,0.6248391191534169,0.0124592157856845,0.1535734652995798,0.00045814731277494,0.038250369054733134,0.002855135029598023,46.065,3.0,3.0,6.0,True,True,False
19,300,0,P,200,0.6603731141982597,0.0018534060683394642,0.1536315994330327,0.00043526635189473754,0.03887028770552678,0.002921093789104865,46.065,1.0,2.0,4.0,True,True,False
19,300,0,S,200,0.353653116024647,0.028723392878364108,0.15128426366989944,0.0004382973041007168,0.03977742089178497,0.0031289441214806205,46.065,6.0,5.0,1.0,False,False,True
19,300,0,SLTA,200,0.5153249251154568,0.01328916559079251,0.15355596673098193,0.0004583578969459446,0.03826590675314583,0.002816236715072047,46.065,4.0,4.0,5.0,False,False,False
19,300,0,Std,200,0.6362606470453447,0.0026874510051200185,0.1536494868587105,0.0004235277282508508,0.038955363102352175,0.002924183164760755,46.065,2.0,1.0,3.0,True,True,True
19,300,2,K,200,0.47508674750883273,0.0236483254891071,0.15046727494491924,0.0004918223104873391,0.03963414069975478,0.003355479914557944,48.43,5.0,6.0,1.0,False,False,True
19,300,2,M,200,0.64174790471819,0.009132746731750864,0.15363121057595275,0.0004351736448743848,0.03835345437219345,0.0028108266495228355,48.43,2.0,3.0,6.0,True,True,False
19,300,2,P,200,0.6603699187546168,0.0014129668772199086,0.15368001213948676,0.00041698631591481335,0.0389266984198125,0.002888432553646508,48.43,1.0,2.0,4.0,True,True,False
19,300,2,S,200,0.35871206697020314,0.025621793147867028,0.15135289694451104,0.0004389343427857365,0.03953546627695536,0.0032733450372483086,48.43,6.0,5.0,2.0,False,False,True
19,300,2,SLTA,200,0.51979153539225,0.012836141997893883,0.15359757443853683,0.0004472801487825429,0.03848451786425694,0.002756328852021487,48.43,4.0,4.0,5.0,False,False,False
19,300,2,Std,200,0.6410118336399303,0.001661500256333991,0.15369809399370457,0.0004092992805175004,0.03907698810235218,0.0029464149417743985,48.43,3.0,1.0,3.0,True,True,True
19,300,4,K,200,0.47701238405651003,0.020722854364263577,0.1505077160812343,0.0005109187531062124,0.03930177976901885,0.003429930135378416,50.915,5.0,6.0,1.0,False,False,True
19,300,4,M,200,0.6533989141201896,0.006528260794901287,0.15369342770874514,0.00039095476750202797,0.0385830357213998,0.002900063712785374,50.915,2.0,3.0,6.0,True,True,False
19,300,4,P,200,0.6601719161079275,0.0010818989785599548,0.15374222927227918,0.00037448714176841277,0.03917748810235218,0.002857190890888562,50.915,1.0,2.0,3.0,True,True,True
19,300,4,S,200,0.3623046719727232,0.023051137324706993,0.15145905492733808,0.000506197060970358,0.03904245834044742,0.0034698464445425846,50.915,6.0,5.0,4.0,False,False,False
19,300,4,SLTA,200,0.5227919534988085,0.012324343996503452,0.15366270799942888,0.00041463175995611165,0.03858640080076488,0.0027622503032019748,50.915,4.0,4.0,5.0,False,False,False
19,300,4,Std,200,0.6437835163539586,0.001012055247815563,0.15375545041299757,0.00037394255799002397,0.039276440483304566,0.0029557972587489593,50.915,3.0,1.0,2.0,True,True,True
19,300,6,K,200,0.4781563438468187,0.018112916476182808,0.15059540335276358,0.0005267897304191551,0.03874938095949504,0.0033100963832927415,53.59,5.0,6.0,5.0,False,False,False
19,300,6,M,200,0.6613554395295634,0.004830688598094119,0.15378267040859422,0.00033524443724560393,0.038790250007114085,0.002837501148083157,53.59,1.0,3.0,4.0,True,True,False
19,300,6,P,200,0.6599453784467281,0.0008226328344580052,0.15381863968848986,0.00031352938260808844,0.03938353373727281,0.00263186873822231,53.59,2.0,2.0,2.0,True,True,True
19,300,6,S,200,0.3653084749659847,0.021270964849974823,0.15159262733430176,0.0005584725465901533,0.03831712500711409,0.003381357586181237,53.59,6.0,5.0,6.0,False,False,False
19,300,6,SLTA,200,0.5250592639976148,0.011866078121266251,0.15375545041299754,0.00035178778382431047,0.03899442857854266,0.002567062093667192,53.59,4.0,4.0,3.0,False,False,True
19,300,6,Std,200,0.6453764323475053,0.0006271143894937555,0.15383302740044807,0.00030968806150157485,0.03953632937219345,0.0027229513438702634,53.59,3.0,1.0,1.0,True,True,True
21,100,-10,K,200,0.25452505785080853,0.08379430616814938,0.20487366849584013,0.03704631742279994,0.03771411554398389,0.015932878453685913,37.805,5.0,5.0,6.0,False,False,False
21,100,-10,M,200,0.7887674047000341,0.04001066129093985,0.2647656973516868,0.0006605265475647617,0.10478872466729083,0.0035825764466184667,37.805,3.0,3.0,2.0,True,True,True
21,100,-10,P,200,0.92870968258953,0.014395663011631785,0.26500007188144165,0.00019159053170323293,0.10300246518592412,0.0024717877667015933,37.805,1.0,1.0,3.0,True,True,True
21,100,-10,S,200,0.21229382911523523,0.07837205270905911,0.19491031783186696,0.03876426179195669,0.04114982882249001,0.019339457199294793,37.805,6.0,6.0,5.0,False,False,False
21,100,-10,SLTA,200,0.604374784637198,0.04283394393883959,0.2525828617637385,0.004570178087874249,0.08935808432038801,0.003681162182874186,37.805,4.0,4.0,4.0,False,False,False
21,100,-10,Std,200,0.836041017746784,0.03292450472208562,0.26497528770857043,0.0002949925892908238,0.1058320919774885,0.0023839858965694714,37.805,2.0,2.0,1.0,True,True,True
21,100,-8,K,200,0.2943024091935825,0.07197793710554905,0.2236889298157119,0.02309492389419467,0.04672379988914919,0.014046363142159924,42.155,5.0,5.0,6.0,False,False,False
21,100,-8,M,200,0.8467590046732137,0.02467127649878013,0.2650156893054427,0.00015298527553532672,0.10612690426000274,0.002750152485432311,42.155,3.0,3.0,2.0,True,True,True
21,100,-8,P,200,0.9463912618370648,0.00551092150928562,0.26505303531935825,3.8598285841584315e-05,0.10308047220443935,0.0021774524161419936,42.155,1.0,2.0,3.0,True,True,True
21,100,-8,S,200,0.2464441697577588,0.06600596251865601,0.21417090207524686,0.023719913730234507,0.05178942507968639,0.017216956773712933,42.155,6.0,6.0,5.0,False,False,False
21,100,-8,SLTA,200,0.6408582345715217,0.03594857882015155,0.25284756578358236,0.0038624060409973445,0.09079273640380128,0.0022567566824477103,42.155,4.0,4.0,4.0,False,False,False
21,100,-8,Std,200,0.8866244958243108,0.018992791059294457,0.26505382750753226,5.4825157192866374e-05,0.10623751477573684,0.002135636842121202,42.155,2.0,1.0,1.0,True,True,True
21,100,-6,K,200,0.32014103343961614,0.06245943781817964,0.23358992395342004,0.016217321784449793,0.053712948753122006,0.012140623624533883,46.125,5.0,5.0,6.0,False,False,False
21,100,-6,M,200,0.8865664274964344,0.015103896696595516,0.26505597773257583,4.4911056606958207e-05,0.10687770876383026,0.002388569431298547,46.125,3.0,3.0,1.0,True,True,True
21,100,-6,P,200,0.9537654044867526,0.002624326792347832,0.2650608440313588,3.2087755331720306e-05,0.10311300820459854,0.0020611185926283798,46.125,1.0,2.0,3.0,True,True,True
21,100,-6,S,200,0.2716765029118519,0.05754429753237087,0.22521536325720568,0.015106046690794296,0.060779715517634475,0.016758899820082978,46.125,6.0,6.0,5.0,False,False,False
21,100,-6,SLTA,200,0.6663947611826946,0.03192251202086864,0.2526666073707007,0.003405174983420128,0.09154175194016326,0.0016897358714752662,46.125,4.0,4.0,4.0,False,False,False
21,100,-6,Std,200,0.9182601986444878,0.010905057448502325,0.265062654747185,3.1612492617979586e-05,0.10623353340822637,0.0019288449070176432,46.125,2.0,1.0,2.0,True,True,True
21,100,-4,K,200,0.3349629184462315,0.0562075179649093,0.23905998329465683,0.012269668032669457,0.05866607857325478,0.010867614525042618,49.99,5.0,5.0,6.0,False,False,False
21,100,-4,M,200,0.9127977026333187,0.009354923134236652,0.2650661630090983,2.923498087926962e-05,0.10719111606448059,0.0023823279573474015,49.99,3.0,1.0,1.0,True,True,True
21,100,-4,P,200,0.9569072267232596,0.001604132755539126,0.2650648049722286,2.821692544156592e-05,0.10309300750060706,0.0020450807917065145,49.99,1.0,3.0,3.0,True,True,True
21,100,-4,S,200,0.2907980400367482,0.05060965755864248,0.23166105891955144,0.009747918288204704,0.06824003756390487,0.015251954841187184,49.99,6.0,6.0,5.0,False,False,False
21,100,-4,SLTA,200,0.6841823484401018,0.029028762890781552,0.25236421782772384,0.0030185186114014273,0.09194846183427295,0.001390514998932907,49.99,4.0,4.0,4.0,False,False,False
21,100,-4,Std,200,0.9376363923650212,0.006511372760396061,0.26506604983935916,2.8385887172757092e-05,0.10620838384492236,0.001814379412971779,49.99,2.0,2.0,2.0,True,True,True
21,100,-2,K,200,0.3413182882054754,0.050578825903375264,0.24203329185103034,0.010250392258884428,0.061904741625220666,0.009200853322515032,53.315,5.0,5.0,6.0,False,False,False
21,100,-2,M,200,0.9296674402810087,0.005740209473647229,0.2650712556473595,2.373732914517717e-05,0.10726202643788571,0.0023077961282416564,53.315,3.0,1.0,1.0,True,True,True
21,100,-2,P,200,0.9582538107737487,0.0011524151863594098,0.26506786055518533,2.6260310950596502e-05,0.10300138795237243,0.0020575182887942038,53.315,1.0,3.0,3.0,True,True,True
21,100,-2,S,200,0.30455055240366763,0.04451904868631173,0.23532538190310176,0.006794601266846898,0.0743024778390679,0.01398911534006616,53.315,6.0,6.0,5.0,False,False,False
21,100,-2,SLTA,200,0.6969302378586357,0.0268585859871289,0.2520775588784872,0.0025649229981305147,0.09222838504450101,0.0013453519657015893,53.315,4.0,4.0,4.0,False,False,False
21,100,-2,Std,200,0.9493821261319846,0.004058003029451989,0.26506865274335933,2.644129151411735e-05,0.10609937122400337,0.0015645767611315697,53.315,2.0,2.0,2.0,True,True,True
21,100,0,K,200,0.34166376963676626,0.04665271374555907,0.2434154338751231,0.009153142153730365,0.06433259837443166,0.008605142620945968,56.74,5.0,5.0,6.0,False,False,False
21,100,0,M,200,0.9402024633632529,0.0036987937404979352,0.2650748770790119,1.9476737482905366e-05,0.10722839120546102,0.002215550894695245,56.74,3.0,1.0,1.0,True,True,True
21,100,0,P,200,0.9588523751350118,0.0008640496335887442,0.26507068979866377,2.3689834084292315e-05,0.10302966876022639,0.001993066129319554,56.74,1.0,3.0,3.0,True,True,True
21,100,0,S,200,0.31456160760829266,0.04100342713234698,0.23746825091368037,0.005338443700060603,0.07986399807780432,0.013220528834556638,56.74,6.0,6.0,5.0,False,False,False
21,100,0,SLTA,200,0.7064382883815893,0.025157866834886588,0.25173555992681207,0.0022208345042858462,0.09247569201952612,0.0011789175990671512,56.74,4.0,4.0,4.0,False,False,False
21,100,0,Std,200,0.9565273786866328,0.00270897704698096,0.26507170832631605,2.3306113342936148e-05,0.10604152645121527,0.0013328354311278262,56.74,2.0,2.0,2.0,True,True,True
21,100,2,K,200,0.3374158265333568,0.04132092002776721,0.24430517436422633,0.008342019849783798,0.06647758545807844,0.008330110914970284,59.98,5.0,5.0,6.0,False,False,False
21,100,2,M,200,0.9467803516189477,0.0023936827803314516,0.26507612194614244,1.8243133825926636e-05,0.1070928413122435,0.0021516167871520673,59.98,3.0,1.0,1.0,True,True,True
21,100,2,P,200,0.9591064651934965,0.0006668788583192412,0.2650728400237074,2.185832647454503e-05,0.10304624953368126,0.0019184307221796202,59.98,2.0,3.0,3.0,True,True,True
21,100,2,S,200,0.3211314983441805,0.03676541740288155,0.23879935338542194,0.004340169691069182,0.08402165793845452,0.011793839938220776,59.98,6.0,6.0,5.0,False,False,False
21,100,2,SLTA,200,0.7130813219815564,0.02374320168286462,0.25140374625165934,0.0018499199321387544,0.0924716223412515,0.001136834711864692,59.98,4.0,4.0,4.0,False,False,False
21,100,2,Std,200,0.9608822560869186,0.0019060624869147269,0.2650739717210988,2.1237071341887798e-05,0.10600870943303764,0.0011326694708701695,59.98,1.0,2.0,2.0,True,True,True
21,100,4,K,200,0.33086610714975806,0.036021081152445095,0.24462069159694316,0.007745586824779628,0.06866410810149282,0.0077851446778872575,63.245,5.0,5.0,6.0,False,False,False
21,100,4,M,200,0.9509023674281144,0.00160754269478681,0.26507838534092515,1.6337336960485474e-05,0.10693958364006742,0.002073642605239874,63.245,3.0,1.0,1.0,True,True,True
21,100,4,P,200,0.9592100554457907,0.0005210209652082449,0.26507442440005535,2.0190620344533332e-05,0.10296972717009698,0.001978025149393259,63.245,2.0,3.0,3.0,True,True,True
21,100,4,S,200,0.32579200899988214,0.03369532601814871,0.23961734425991163,0.0036063178133668686,0.08667853172020906,0.010522187413724968,63.245,6.0,6.0,5.0,False,False,False
21,100,4,SLTA,200,0.7186467829038119,0.022606360383625294,0.25110429912190013,0.0015532116271566316,0.09260818332876072,0.0010558330231372217,63.245,4.0,4.0,4.0,False,False,False
21,100,4,Std,200,0.9635297905566511,0.0013941098290286794,0.2650772536435338,1.786527017077444e-05,0.10592752415408131,0.0008015352445625911,63.245,1.0,2.0,2.0,True,True,True
21,100,6,K,200,0.32207578839302436,0.031452660715428245,0.2445851562988538,0.00729311334611037,0.06984746433273872,0.007621534767864319,66.695,6.0,5.0,6.0,False,False,False
21,100,6,M,200,0.9534922566631738,0.0010954016677730528,0.2650807619054471,1.41517326310375e-05,0.10679494573819871,0.0019636847359168243,66.695,3.0,1.0,1.0,True,True,True
21,100,6,P,200,0.9592669251081642,0.00041123675491580006,0.2650762351158816,1.8806987525053402e-05,0.10284609732705931,0.0020452135053424265,66.695,2.0,3.0,3.0,True,True,True
21,100,6,S,200,0.32823697221757103,0.03125582949122334,0.2400350537670701,0.003248759514036372,0.08868640179746798,0.009703541677412431,66.695,5.0,6.0,5.0,False,False,False
21,100,6,SLTA,200,0.7229588520742005,0.021342078076324208,0.2508779596436241,0.0013139771780982582,0.09270333996199137,0.0009910770621719966,66.695,4.0,4.0,4.0,False,False,False
21,100,6,Std,200,0.9651561930850222,0.001032109453036726,0.2650792906988383,1.5449715402896906e-05,0.10596530039945808,0.0006667008763604171,66.695,1.0,2.0,2.0,True,True,True
21,150,-10,K,200,0.2718916569506499,0.07704668506255213,0.19779152053910598,0.01544931883940724,0.0511514105448322,0.012327803609293276,36.68,5.0,5.0,5.0,False,False,False
21,150,-10,M,200,0.7157656690328682,0.048089791734183845,0.21726985696558082,0.00010462914803505523,0.07882511887583292,0.002368570652696183,36.68,3.0,4.0,4.0,True,False,False
21,150,-10,P,200,0.8703385803618068,0.020381577535130282,0.21729608446613735,5.007178840310023e-05,0.07929377591714397,0.0019964094849097063,36.68,1.0,2.0,2.0,True,True,True
21,150,-10,S,200,0.2098147932137795,0.06981996831881201,0.1870526014164966,0.03012177016337415,0.040875072345726474,0.015227608178758541,36.68,6.0,6.0,6.0,False,False,False
21,150,-10,SLTA,200,0.6169111273804957,0.041111667643695275,0.21728973465021315,5.802825176282397e-05,0.07910756496048321,0.0022595367321735604,36.68,4.0,3.0,3.0,False,True,True
21,150,-10,Std,200,0.7538062271647648,0.03731080582519111,0.21729870721619304,4.537621980307952e-05,0.07934530527912187,0.002038128585153476,36.68,2.0,1.0,1.0,True,True,True
21,150,-8,K,200,0.31102768168816175,0.06896622570613964,0.20542413731948592,0.007999720774966058,0.059005321779075394,0.009980225963373788,41.46,5.0,5.0,5.0,False,False,False
21,150,-8,M,200,0.7799350020743282,0.030733558342848234,0.21729705074247366,5.3317906385799157e-05,0.07941400461124398,0.0018216162803945104,41.46,3.0,4.0,4.0,True,False,False
21,150,-8,P,200,0.8911291646046086,0.007672724474649378,0.21730726566374303,3.46794008356889e-05,0.07969309236785013,0.0017065358822538378,41.46,1.0,2.0,2.0,True,True,True
21,150,-8,S,200,0.2489807094360112,0.06262040024103764,0.20105077062142293,0.01816461389018141,0.05090775849842312,0.013678124137906325,41.46,6.0,6.0,6.0,False,False,False
21,150,-8,SLTA,200,0.6557302054336813,0.03052419514014574,0.21730657546635995,2.8284596843491803e-05,0.0795986256600287,0.0017054297268683178,41.46,4.0,3.0,3.0,False,True,True
21,150,-8,Std,200,0.8033542221563469,0.020391568209505065,0.2173087840979858,2.8762631046283713e-05,0.0798370139642276,0.001653401450546605,41.46,2.0,1.0,1.0,True,True,True
21,150,-6,K,200,0.3368806287587783,0.059081909952990036,0.20857033307045658,0.0041875268260165265,0.06524783218635212,0.007564207018041224,45.985,5.0,6.0,5.0,False,False,False
21,150,-6,M,200,0.8245291282820739,0.01958046770559443,0.21730657546635995,3.185130613616794e-05,0.07976804508914843,0.0015927799459721191,45.985,3.0,4.0,4.0,True,False,False
21,150,-6,P,200,0.899085624199312,0.0036969037363199426,0.2173120970454245,2.3228636932997208e-05,0.07990416693135852,0.0015317225253196694,45.985,1.0,2.0,2.0,True,True,True
21,150,-6,S,200,0.27981151248026004,0.05205680561761037,0.20858786408398647,0.00957020494388699,0.060050939964105376,0.011258647433566091,45.985,6.0,5.0,6.0,False,False,False
21,150,-6,SLTA,200,0.6822917015127758,0.02487342667568926,0.21731140684804143,2.4247164079791824e-05,0.07983349010695742,0.001557565688812535,45.985,4.0,3.0,3.0,False,True,True
21,150,-6,Std,200,0.8332251536295666,0.011160229040594466,0.21731361547966724,2.13509269368145e-05,0.08014977979031329,0.0014036880989205891,45.985,2.0,1.0,1.0,True,True,True
21,150,-4,K,200,0.3503739938268245,0.0528344052427078,0.20963613586938795,0.00298444459971288,0.06881270334203846,0.005858166824926933,49.855,5.0,6.0,5.0,False,False,False
21,150,-4,M,200,0.8548779423653551,0.01229202486273815,0.21731251116385433,2.210538383447939e-05,0.07992584918619518,0.0013934498454161582,49.855,2.0,4.0,4.0,True,False,False
21,150,-4,P,200,0.9020534300170319,0.002389136030583817,0.2173152719533866,1.9568760934400007e-05,0.08006312382291467,0.0013926046537069087,49.855,1.0,2.5,2.0,True,True,True
21,150,-4,S,200,0.3007581259398068,0.04480731523825499,0.21161548392454627,0.005542212705240528,0.06583191616159144,0.008760236381371526,49.855,6.0,5.0,6.0,False,False,False
21,150,-4,SLTA,200,0.6995466371581891,0.021793506293495038,0.2173152719533866,1.9956375542466556e-05,0.0800146698389901,0.0014018895936813319,49.855,4.0,2.5,3.0,False,True,True
21,150,-4,Std,200,0.8507026074921086,0.006188912344971623,0.21731623822972293,1.9162821310183455e-05,0.08027186342726457,0.0012703221044540211,49.855,3.0,1.0,1.0,True,True,True
21,150,-2,K,200,0.3549576416809677,0.04740671510382832,0.20993485329677916,0.002559150254032563,0.0707721867439033,0.005687289754021033,53.385,5.0,6.0,5.0,False,False,False
21,150,-2,M,200,0.8752121507483406,0.0077656615619822655,0.21731582411129305,1.771987763015858e-05,0.0799811248206914,0.001224898147428247,53.385,2.0,4.0,4.0,True,False,False
21,150,-2,P,200,0.9030477771255023,0.001822755486808786,0.21731775666396566,1.843391276715499e-05,0.0801561714374733,0.0012578382241505012,53.385,1.0,2.5,2.0,True,True,True
21,150,-2,S,200,0.31457094098035426,0.039344980652503934,0.21297696728238338,0.003214296969690509,0.06954544568154654,0.006349983138093503,53.385,6.0,5.0,6.0,False,False,False
21,150,-2,SLTA,200,0.7111687556847653,0.019800250220553796,0.21731775666396566,1.7799673016109758e-05,0.08015110646078334,0.0012730259024015997,53.385,4.0,2.5,3.0,False,True,True
21,150,-2,Std,200,0.8606909136716666,0.0035624336939817864,0.2173191370587318,1.6211832884601247e-05,0.08042488824599159,0.0011038349463081828,53.385,3.0,1.0,1.0,True,True,True
21,150,0,K,200,0.3543064550729263,0.04205887723078206,0.2101040896951071,0.002078660115211772,0.07255528886072722,0.004915052883844403,56.72,5.0,6.0,5.0,False,False,False
21,150,0,M,200,0.8882643405467614,0.005027073061428298,0.2173172045060592,1.605276148153498e-05,0.07997717007404916,0.0010392000754458652,56.72,2.0,4.0,4.0,True,False,False
21,150,0,P,200,0.903261356851352,0.001476468197939476,0.21732189784826406,1.4569344821914326e-05,0.08025909653035429,0.0010967565452184456,56.72,1.0,2.0,2.0,True,True,True
21,150,0,S,200,0.3232162787875972,0.03434452450663268,0.21364977169139668,0.0024282950180133794,0.07136064966525686,0.005861349721061513,56.72,6.0,5.0,6.0,False,False,False
21,150,0,SLTA,200,0.7192001812682336,0.018465984559659553,0.21732079353245115,1.5506629739017575e-05,0.08022951252040998,0.0011111905453023998,56.72,4.0,3.0,3.0,False,True,True
21,150,0,Std,200,0.8661851027184073,0.0021335943125063194,0.21732286412460033,1.3267012754080984e-05,0.08048550301439311,0.0009937822550803003,56.72,3.0,1.0,1.0,True,True,True
21,150,2,K,200,0.3501122259999658,0.03670699801227334,0.21020886165785663,0.0018773139857324764,0.07404388782633956,0.004663518472156582,59.99,5.0,6.0,5.0,False,False,False
21,150,2,M,200,0.8965014819037117,0.0033902454167690672,0.21731886097977857,1.399272129480832e-05,0.0799783413480366,0.0009206093868759969,59.99,2.0,4.0,4.0,True,False,False
21,150,2,P,200,0.9031752711570422,0.0012293354817583186,0.2173238304009366,1.2064200872889664e-05,0.08030309780726366,0.0009222938557098819,59.99,1.0,2.0,2.0,True,True,True
21,150,2,S,200,0.32853889421205634,0.03065438760807853,0.21398727821171623,0.002027519212397871,0.07307446281031614,0.0049203297452471585,59.99,6.0,5.0,6.0,False,False,False
21,150,2,SLTA,200,0.7246926323566649,0.01734562039815704,0.21732369236146,1.2158284011066179e-05,0.08028443127934713,0.0009470138639377474,59.99,4.0,3.0,3.0,False,True,True
21,150,2,Std,200,0.8690735073675004,0.0013440810973706268,0.21732438255884307,1.0633223391739094e-05,0.0805210437538824,0.0008569870145258683,59.99,3.0,1.0,1.0,True,True,True
21,150,4,K,200,0.3444216956911791,0.031134536301494445,0.21022238952656472,0.0017659803967625565,0.07479517962467654,0.00460158159514483,63.345,5.0,6.0,5.0,False,False,False
21,150,4,M,200,0.9017864215377703,0.0023800838530732902,0.21732051745349792,1.3204072130822295e-05,0.07997091416002852,0.0008223275611039178,63.345,2.0,4.0,4.0,True,False,False
21,150,4,P,200,0.90297365219453,0.0009899782549753924,0.2173253488351794,9.745156495031004e-06,0.08027819475402603,0.0008420808941601224,63.345,1.0,1.5,2.0,True,True,True
21,150,4,S,200,0.33211199749861897,0.02757991982314675,0.21418909192652488,0.0017863552808214448,0.07401235068918564,0.004306624722518452,63.345,6.0,5.0,6.0,False,False,False
21,150,4,SLTA,200,0.728745266688236,0.016659766151006897,0.21732479667727295,1.0639525095185651e-05,0.08025731696106737,0.0008506204172955439,63.345,4.0,3.0,3.0,False,True,True
21,150,4,Std,200,0.8705267045094378,0.0008889606383897299,0.2173253488351794,9.745156495034209e-06,0.08048286734981261,0.0008180721173004959,63.345,3.0,1.5,1.0,True,True,True
21,150,6,K,200,0.3377711425968979,0.02702226766206623,0.21007247865496265,0.0019460624493183069,0.0751252148200216,0.004757338393787024,67.18,5.0,6.0,5.0,False,False,False
21,150,6,M,200,0.905137118493638,0.0017623469142823654,0.21732189784826406,1.2287543586998281e-05,0.07996473925405216,0.0007090374319504741,67.18,1.0,4.0,4.0,True,False,False
21,150,6,P,200,0.902740319216779,0.0007854148921295014,0.21732631511151568,8.659904548665182e-06,0.0802343447727165,0.0007680628469500637,67.18,2.0,2.0,2.0,True,True,True
21,150,6,S,200,0.3345534440238714,0.025396908592282014,0.2143236804162229,0.001589499724685446,0.074758926698144,0.003926897973678877,67.18,6.0,5.0,6.0,False,False,False
21,150,6,SLTA,200,0.7323664360872649,0.015793508800241836,0.2173265911904689,8.303152490447115e-06,0.08021788761467846,0.0007670630642727345,67.18,4.0,1.0,3.0,False,True,True
21,150,6,Std,200,0.8711928118010238,0.0006152971419546476,0.21732617707203908,8.829626130074352e-06,0.08047608563765224,0.0007871603542979398,67.18,3.0,3.0,1.0,True,True,True
21,200,-10,K,200,0.3490998720542138,0.08387538669225639,0.18110375471221596,0.006927259519405584,0.05043735209499164,0.00694652128151005,36.64,5.0,5.0,5.0,False,False,False
21,200,-10,M,200,0.5737803095156808,0.05885594255260935,0.1880456249472177,0.0003710761459843029,0.05640167338464121,0.002686244142582686,36.64,3.0,3.0,4.0,True,True,False
21,200,-10,P,200,0.743970159821715,0.023689819796416798,0.18810623110119423,0.0003327096239587191,0.05671977981987265,0.0022833508441795574,36.64,1.0,2.0,2.0,True,True,True
21,200,-10,S,200,0.186964961788621,0.0761917110906655,0.1606538703476112,0.029443556997357092,0.03399049596577435,0.011433590751765001,36.64,6.0,6.0,6.0,False,False,False
21,200,-10,SLTA,200,0.5383880511154,0.03865811134818269,0.18803274017432503,0.00034869896841362624,0.05647846431593214,0.002457914599559269,36.64,4.0,4.0,3.0,False,False,True
21,200,-10,Std,200,0.640703717695432,0.03660772396575801,0.18811577537741098,0.000332841067037054,0.05672154774639057,0.002261642931523138,36.64,2.0,1.0,1.0,True,True,True
21,200,-8,K,200,0.3942373047981807,0.06546848862970095,0.18349825454373478,0.0020408778215487257,0.053280023960184206,0.004483036813238612,41.61,5.0,5.0,5.0,False,False,False
21,200,-8,M,200,0.638395188861266,0.039897708604175,0.18806821306759736,0.0003471140488759893,0.05645406138552921,0.0022145706131488337,41.61,3.0,3.0,3.0,True,True,True
21,200,-8,P,200,0.7670860763352916,0.009184239897048833,0.18810400410341027,0.0003198725927009227,0.056475609823202655,0.0019122514638036075,41.61,1.0,2.0,2.0,True,True,True
21,200,-8,S,200,0.22856870980564023,0.06472248921165165,0.17632461746793568,0.011947800638272854,0.04202021984739513,0.008927542735503478,41.61,6.0,6.0,6.0,False,False,False
21,200,-8,SLTA,200,0.5761914753680677,0.02699192712831752,0.18805055615659635,0.0003325070082149947,0.05637079807939091,0.0019920765917876533,41.61,4.0,4.0,4.0,False,False,False
21,200,-8,Std,200,0.689296210242549,0.019587669182042994,0.1881149800210596,0.00031876187603170836,0.05651596742393525,0.0020148105006285288,41.61,2.0,1.0,1.0,True,True,True
21,200,-6,K,200,0.42635387449914924,0.05187542322442463,0.1840670934062546,0.0010970860170166799,0.05447018459565241,0.0031029316704676412,46.35,5.0,5.0,5.0,False,False,False
21,200,-6,M,200,0.6870338231380454,0.02680886051781432,0.18807330334824635,0.0003340043297694294,0.05653025732847514,0.002031482441719318,46.35,3.0,3.0,1.0,True,True,True
21,200,-6,P,200,0.7756465087576365,0.0045586193638538774,0.18811275302327565,0.0002953106339565184,0.056343295110137935,0.0016721701282090204,46.35,1.0,2.0,3.0,True,True,True
21,200,-6,S,200,0.26247184270339924,0.05434768556374395,0.18234069290991012,0.004785182007343348,0.04789566744612954,0.0060030451831709465,46.35,6.0,6.0,6.0,False,False,False
21,200,-6,SLTA,200,0.6000782438257937,0.021221880272181533,0.18806773585378653,0.0003077657316950004,0.05613529971664254,0.0017478615321194792,46.35,4.0,4.0,4.0,False,False,False
21,200,-6,Std,200,0.7185566235636042,0.01080089173575834,0.1881234107983844,0.00029243175393570717,0.05639576361385644,0.0016798506798072984,46.35,2.0,1.0,2.0,True,True,True
21,200,-4,K,200,0.4447683657794878,0.04403250050048953,0.184057071916227,0.0008524090051917526,0.05457400523334806,0.0027259262854511957,50.7,5.0,6.0,5.0,False,False,False
21,200,-4,M,200,0.722464530787894,0.01769303646597269,0.1880876197625715,0.00032053476338322814,0.05645788324422606,0.0018646543303385411,50.7,3.0,3.0,1.0,True,True,True
21,200,-4,P,200,0.7785544847196688,0.002804954926370669,0.1881187977315463,0.00029012013430985024,0.05619420640717423,0.0015890577264995153,50.7,1.0,2.0,3.0,True,True,True
21,200,-4,S,200,0.2872003547895311,0.046649633927596856,0.18435469426292012,0.002814503221541136,0.05143135598956364,0.0049361838889445805,50.7,6.0,5.0,6.0,False,False,False
21,200,-4,SLTA,200,0.6153479475958846,0.018213123474900214,0.18808014341286836,0.0002935600996587563,0.0561253029772708,0.0016575600102997745,50.7,4.0,4.0,4.0,False,False,False
21,200,-4,Std,200,0.7354772461169978,0.0059887172268928025,0.18813104621935783,0.0002868582113231908,0.056259415656258485,0.0015845887969302944,50.7,2.0,1.0,2.0,True,True,True
21,200,-2,K,200,0.45230881318243044,0.03962602096272567,0.18395526630324807,0.0007397007199507228,0.054534145176738005,0.0024375219137022642,53.995,5.0,6.0,5.0,False,False,False
21,200,-2,M,200,0.7471976408690043,0.011690761731647348,0.18810988974041062,0.0003090024969898516,0.05650888518672802,0.0017742839631655933,53.995,2.0,3.0,1.0,True,True,True
21,200,-2,P,200,0.7793950885742573,0.002097109907355391,0.1881313643618984,0.00029372897766805306,0.056345387545480366,0.0016006644421741717,53.995,1.0,2.0,2.0,True,True,True
21,200,-2,S,200,0.3033859764856871,0.04184522003274881,0.1851160093624783,0.0020046158183509417,0.053079987390080206,0.0038031136395147032,53.995,6.0,5.0,6.0,False,False,False
21,200,-2,SLTA,200,0.6253936131843085,0.016226185492032887,0.18809684589624773,0.0002836709403421835,0.05613617090101372,0.0015260597036384086,53.995,4.0,4.0,4.0,False,False,False
21,200,-2,Std,200,0.7451558710432334,0.003410635224516967,0.1881337504309526,0.00028868991699915767,0.056324402585995414,0.0015807446540551675,53.995,3.0,1.0,3.0,True,True,True
21,200,0,K,200,0.4540357747714551,0.03479189176944945,0.18388288887527082,0.0006558621433871942,0.054357346350564176,0.0022451113917509153,56.855,5.0,6.0,5.0,False,False,False
21,200,0,M,200,0.7634872661218083,0.007982122116834913,0.1881356592861959,0.0002987946386485889,0.05643272140606423,0.0017482743837447892,56.855,2.0,3.0,2.0,True,True,True
21,200,0,P,200,0.7794265457181669,0.0016237454187933717,0.18814965755798052,0.00029260106590040945,0.05644165430649713,0.0016104639586056943,56.855,1.0,2.0,1.0,True,True,True
21,200,0,S,200,0.31462490516264074,0.03716038536702114,0.1855534553557472,0.0014078594331540313,0.05384631812878595,0.0028759275132432356,56.855,6.0,5.0,6.0,False,False,False
21,200,0,SLTA,200,0.631865829953514,0.014918038873752001,0.18812372894092497,0.0002756835850974753,0.05627038060797343,0.001506499716008863,56.855,4.0,4.0,4.0,False,False,False
21,200,0,Std,200,0.7504867749553954,0.002011630900498778,0.1881507710568725,0.00029126551192338056,0.056418797885140703,0.0015767513138216756,56.855,3.0,1.0,3.0,True,True,True
21,200,2,K,200,0.4509195890695045,0.03052781860735843,0.18384168941626844,0.0005959937559651543,0.054175012822980644,0.0017986595328389969,59.255,5.0,6.0,5.0,False,False,False
21,200,2,M,200,0.7741196106266647,0.0055577981314597884,0.18817001868057634,0.0002870449865841458,0.05649313729573012,0.0016274612598267144,59.255,2.0,3.0,3.0,True,True,True
21,200,2,P,200,0.7792867147138487,0.0012891797045258098,0.18817654060265782,0.00028790930523021506,0.05655631330028112,0.0016735283558495246,59.255,1.0,1.0,1.0,True,True,True
21,200,2,S,200,0.32112249890551325,0.032632665569984995,0.1858216495174386,0.0012111950340538396,0.05408833701267984,0.002744401654752675,59.255,6.0,5.0,6.0,False,False,False
21,200,2,SLTA,200,0.6354475896024232,0.014041338316758084,0.1881507710568725,0.0002671468407054108,0.05637570631004914,0.001518579911785561,59.255,4.0,4.0,4.0,False,False,False
21,200,2,Std,200,0.7533313410453285,0.001219592990495431,0.18817479081868474,0.0002876008266013563,0.056527279126121946,0.0016081592705597047,59.255,3.0,2.0,2.0,True,True,True
21,200,4,K,200,0.44647700166716997,0.027093940190875524,0.18388766101337922,0.0004980059558456219,0.0539576808771487,0.001519490779162667,61.735,5.0,6.0,6.0,False,False,False
21,200,4,M,200,0.7808108565933175,0.004004267622229568,0.18820246921971337,0.000277959823595246,0.05669708559742842,0.0017473510495400971,61.735,1.0,3.0,3.0,True,True,True
21,200,4,P,200,0.7790577950454481,0.0010381534642161547,0.18821519492133576,0.0002829794414292589,0.05682517341239123,0.0017618460112568909,61.735,2.0,1.0,1.0,True,True,True
21,200,4,S,200,0.3252387461594158,0.029460464650881125,0.18601460296828776,0.0010929783630980168,0.05481887328196611,0.002630783673899899,61.735,6.0,5.0,5.0,False,False,False
21,200,4,SLTA,200,0.637282685521195,0.013471286383140293,0.1881735182485225,0.0002704328673939939,0.056598037964505785,0.0015465333047012155,61.735,4.0,4.0,4.0,False,False,False
21,200,4,Std,200,0.7547639772155245,0.0007549571230054498,0.1882069232152812,0.00028241486607383904,0.056799112057079874,0.0017217884469696149,61.735,3.0,2.0,2.0,True,True,True
21,200,6,K,200,0.44197303564790325,0.024657166982970345,0.18396528779327567,0.00040752060140191224,0.05388421635555917,0.0013538183329782915,64.335,5.0,6.0,6.0,False,False,False
21,200,6,M,200,0.785079814166008,0.002965161277635442,0.188234124402499,0.0002770647440635117,0.05695906581165863,0.0017253397425120607,64.335,1.0,3.0,2.0,True,True,True
21,200,6,P,200,0.7788405314970852,0.000845015164071655,0.18824764546047276,0.00028683015129600065,0.057127634673352495,0.0017397703005484844,64.335,2.0,1.0,1.0,True,True,True
21,200,6,S,200,0.327555590619702,0.02704561649593732,0.1861218170044562,0.0010256738294668756,0.05546516146600429,0.002606473588143186,64.335,6.0,5.0,5.0,False,False,False
21,200,6,SLTA,200,0.6384129511060156,0.012971620016089041,0.1882059687876595,0.00027159530526346497,0.05681374873984156,0.00160751611812245,64.335,4.0,4.0,4.0,False,False,False
21,200,6,Std,200,0.7554321836091961,0.0004703724639153563,0.18823476068758013,0.00028293778450139536,0.0569376970831649,0.0017264050252192359,64.335,3.0,2.0,3.0,True,True,True
21,250,-10,K,200,0.3976606591651972,0.07445865307525387,0.15937365835131978,0.0021925430542544784,0.040898692702272095,0.003963919957898469,36.075,5.0,5.0,5.0,False,False,False
21,250,-10,M,200,0.44544707385205407,0.054997103639853315,0.16241188675521945,0.0006117341944276717,0.041438143724650656,0.0029371713609098356,36.075,4.0,4.0,4.0,False,False,False
21,250,-10,P,200,0.6281551811249806,0.024353751306432664,0.16253971756516258,0.0005396958550338306,0.042516672757601716,0.002904792613507108,36.075,1.0,2.0,3.0,True,True,True
21,250,-10,S,200,0.23507490987632995,0.07726636835294001,0.15264465918802878,0.01803806130057674,0.03505048731823396,0.00825948250328438,36.075,6.0,6.0,6.0,False,False,False
21,250,-10,SLTA,200,0.4590333560378863,0.03342532975703997,0.16252174422316196,0.0006218709464785396,0.04257212820493216,0.003009064180914695,36.075,3.0,3.0,2.0,True,True,True
21,250,-10,Std,200,0.5416503696494837,0.03312322821266135,0.1625485208347139,0.0005353059140313726,0.04261433617751513,0.0029281507403415364,36.075,2.0,1.0,1.0,True,True,True
21,250,-8,K,200,0.4344745119210258,0.056188067908436785,0.1597415616579854,0.0008505299785060964,0.042132726671824744,0.0032553762247009284,40.45,5.0,5.0,4.0,False,False,False
21,250,-8,M,200,0.5031268033387432,0.04425487298621985,0.16249863564058972,0.0005775385089530717,0.042079006992810954,0.0029000825219645497,40.45,3.0,4.0,5.0,True,False,False
21,250,-8,P,200,0.6527761128909506,0.010492243221158487,0.16257107921293915,0.0005423737541226178,0.04274800969843866,0.0030237269087660364,40.45,1.0,2.0,1.0,True,True,True
21,250,-8,S,200,0.2737495384721914,0.06234947251232111,0.15818209913725867,0.006544577375114275,0.03946983237620312,0.005411276280803662,40.45,6.0,6.0,6.0,False,False,False
21,250,-8,SLTA,200,0.49269588488627614,0.02314263385492845,0.16256942859989829,0.0005477791782680982,0.04274247434490331,0.0031793685203483323,40.45,4.0,3.0,2.0,False,True,True
21,250,-8,Std,200,0.5862816203657948,0.01954367899981041,0.16258318370857222,0.000535282452911526,0.04272532697838093,0.003054736419858955,40.45,2.0,1.0,3.0,True,True,True
21,250,-6,K,200,0.45166963219853,0.042784744679800785,0.15959465709734771,0.0007442368076141676,0.042399728313157276,0.0031691017396616367,43.61,5.0,6.0,4.0,False,False,False
21,250,-6,M,200,0.5535178607964655,0.03215434004627715,0.16255769090716318,0.0005662879724984223,0.042329424561353524,0.002993128053841816,43.61,3.0,4.0,5.0,True,False,False
21,250,-6,P,200,0.6629664170332168,0.00524481702594544,0.16261839678677747,0.000537354434253584,0.04270340345745742,0.0027818504183346974,43.61,1.0,2.0,2.0,True,True,True
21,250,-6,S,200,0.29666746036437724,0.04834070741267229,0.15973917743914856,0.0017989908300874047,0.041319819978668265,0.0035572933686069514,43.61,6.0,5.0,6.0,False,False,False
21,250,-6,SLTA,200,0.513411671060828,0.01792396193708425,0.16258795214624583,0.0005590787142467919,0.042845972180401135,0.0030206049856114528,43.61,4.0,3.0,1.0,False,True,True
21,250,-6,Std,200,0.6138762403099227,0.011045625999435984,0.16262830046502275,0.0005378714338549472,0.042681080225134185,0.0028086942374889504,43.61,2.0,1.0,3.0,True,True,True
21,250,-4,K,200,0.4601026340545193,0.03659041112182946,0.15938081100783022,0.0007906665980151898,0.04266321099713996,0.00347638739076318,46.435,5.0,6.0,2.0,False,False,True
21,250,-4,M,200,0.5924347201650639,0.024417435112559897,0.1626053752838995,0.0005620251557883143,0.04240077322657718,0.002983199339800513,46.435,3.0,3.0,5.0,True,True,False
21,250,-4,P,200,0.6668161870478775,0.0034723743643608525,0.16265654428816656,0.0005450330071433239,0.04259529415009811,0.0028512718803724297,46.435,1.0,2.0,3.0,True,True,True
21,250,-4,S,200,0.31233596814521986,0.04189622505804045,0.1601030459139365,0.0006991477853335468,0.04222408227221421,0.0034463045147407473,46.435,6.0,5.0,6.0,False,False,False
21,250,-4,SLTA,200,0.5260707485814708,0.015083439117890523,0.16260134045202182,0.0005607700134798875,0.04257027701445597,0.002982016623876999,46.435,4.0,4.0,4.0,False,False,False
21,250,-4,Std,200,0.630398060481088,0.006439615603343064,0.16267506783451413,0.0005438664210919322,0.04271171370276766,0.0028482872157017444,46.435,2.0,1.0,1.0,True,True,True
21,250,-2,K,200,0.46301677958457255,0.03169328628427516,0.15916788192555764,0.0007792448411006041,0.04301705244735641,0.0036918971524190296,48.845,5.0,6.0,1.0,False,False,True
21,250,-2,M,200,0.621807724852036,0.017214713305696416,0.1626349029171862,0.0005516555133855409,0.042298100787904754,0.0028441328242198595,48.845,3.0,3.0,6.0,True,True,False
21,250,-2,P,200,0.6682037490179354,0.0024882926497724394,0.1626835043011675,0.0005366233913722973,0.04252572921503318,0.0029774905211957634,48.845,1.0,2.0,4.0,True,True,False
21,250,-2,S,200,0.322388780094715,0.0370806269165088,0.16021767181955268,0.0006817847910617334,0.04254660529728426,0.003584304520409975,48.845,6.0,5.0,3.0,False,False,True
21,250,-2,SLTA,200,0.5341769360332682,0.0134666856631142,0.16263453611428827,0.0005436891514539071,0.04245351979944876,0.002920908586403618,48.845,4.0,4.0,5.0,False,False,False
21,250,-2,Std,200,0.6402710811786366,0.003684634253850842,0.16269946022722925,0.0005379051202978835,0.04264425140118036,0.003076382874023964,48.845,2.0,1.0,2.0,True,True,True
21,250,0,K,200,0.463229336231015,0.026982431991386436,0.15905142200545164,0.0007153953507342778,0.04309716933047329,0.003611233772858699,51.11,5.0,6.0,1.0,False,False,True
21,250,0,M,200,0.6422989433636499,0.012337818596387851,0.16266736497365675,0.0005368380387471591,0.04219963469843866,0.002904889324033785,51.11,3.0,3.0,6.0,True,True,False
21,250,0,P,200,0.668548998285205,0.001811397380086027,0.16271853397792377,0.000523528947657854,0.04241036846467242,0.0028270841907210393,51.11,1.0,2.0,4.0,True,True,False
21,250,0,S,200,0.3293960275945188,0.03182980899767364,0.16034110099472015,0.0007221910524550179,0.042616610347789304,0.003480039948269265,51.11,6.0,5.0,2.0,False,False,True
21,250,0,SLTA,200,0.5393991151054892,0.01245728943947952,0.162663880346126,0.0005205077051991282,0.04226033076625972,0.0027677496923303826,51.11,4.0,4.0,5.0,False,False,False
21,250,0,Std,200,0.6459790589962704,0.002147415348142558,0.16273632391847542,0.000522583637273432,0.04243084032614428,0.00296540821832339,51.11,2.0,1.0,3.0,True,True,True
21,250,2,K,200,0.46199194266039945,0.02276701990077681,0.15905765765471713,0.0006784414992823773,0.04266029306784703,0.003549605131699092,53.325,5.0,6.0,1.0,False,False,True
21,250,2,M,200,0.655933077083697,0.008649610724153396,0.1627000104315762,0.0004973373457624102,0.04208941734634631,0.0029115089940785193,53.325,2.0,3.0,6.0,True,True,False
21,250,2,P,200,0.6684966758183946,0.0012959447753826774,0.1627348567068835,0.00048547752895718616,0.04214968358011254,0.0028112622164995593,53.325,1.0,2.0,3.0,True,True,True
21,250,2,S,200,0.333924802966004,0.02740925727041059,0.16050322787562366,0.0007417352729472337,0.04212896225976622,0.0034263675974807377,53.325,6.0,5.0,4.0,False,False,False
21,250,2,SLTA,200,0.5427147164353557,0.011948548652595842,0.1626869889286982,0.0004955228824140565,0.04209025067967964,0.0027486703226323205,53.325,4.0,4.0,5.0,False,False,False
21,250,2,Std,200,0.6492005949339387,0.0012872961269565501,0.16275888229670066,0.0004899520139593985,0.042273898046202005,0.002920021653403281,53.325,3.0,1.0,2.0,True,True,True
21,250,4,K,200,0.460281804079821,0.01948459700299225,0.15912404897925003,0.0006956309136522662,0.042017067779246735,0.0033054908190492103,55.755,5.0,6.0,3.0,False,False,True
21,250,4,M,200,0.6649673893042274,0.006092436216494512,0.1627506292314963,0.0004666175781672688,0.04186639047044444,0.0027445745811086174,55.755,2.0,3.0,5.0,True,True,False
21,250,4,P,200,0.668329105858601,0.000943008985562702,0.16277483822276245,0.0004511439240781941,0.04198419638675035,0.002626600241118938,55.755,1.0,2.0,4.0,True,True,False
21,250,4,S,200,0.33711532023721236,0.024234413194612,0.16070166824342635,0.0007264365172438693,0.04129127701445597,0.003129940329573731,55.755,6.0,5.0,6.0,False,False,False
21,250,4,SLTA,200,0.5448075409255648,0.011554450982393523,0.16272568663443424,0.00047082144129476235,0.04204557896250792,0.002576506310239627,55.755,4.0,4.0,2.0,False,False,True
21,250,4,Std,200,0.6509960184772222,0.0007858185015330035,0.16279244476186508,0.000457898975909758,0.04207442600435497,0.0027253893642739243,55.755,3.0,1.0,1.0,True,True,True
21,250,6,K,200,0.4580256156656345,0.01690454785298456,0.15919575894580348,0.0007032865690056864,0.04139503765659161,0.0031263565883834932,58.255,5.0,6.0,5.0,False,False,False
21,250,6,M,200,0.6709042076986188,0.004517229884837189,0.16279519578359988,0.00044493249951149834,0.04196725031892928,0.0027649474564649763,58.255,1.0,3.0,4.0,True,True,False
21,250,6,P,200,0.6681628994819799,0.0007280843901333101,0.16283095906615214,0.00041116334962560655,0.04214143989324385,0.0026762690477154104,58.255,2.0,2.0,1.0,True,True,True
21,250,6,S,200,0.33907375855125044,0.022094291405489335,0.16091533093149488,0.0006973852890314068,0.040703332389636346,0.0028889801809269732,58.255,6.0,5.0,6.0,False,False,False
21,250,6,SLTA,200,0.5463492584340497,0.011291856512326953,0.16278217428072186,0.00043810310757982825,0.04203955316885712,0.0024750177718434927,58.255,4.0,4.0,3.0,False,False,True
21,250,6,Std,200,0.6519523071875699,0.0004895502160312263,0.16284306356178518,0.0004197274615738979,0.04213463650219046,0.002820725215217932,58.255,3.0,1.0,2.0,True,True,True
21,300,-10,K,200,0.40444508094579595,0.06156571858152812,0.15112172141047928,0.0011477530002711738,0.036254340818811376,0.003050139570183144,32.245,5.0,5.0,5.0,False,False,False
21,300,-10,M,200,0.4056579166270693,0.058544963010811094,0.1529448778298366,0.0007395057873696419,0.03668980579110419,0.003113322123538645,32.245,4.0,4.0,4.0,False,False,False
21,300,-10,P,200,0.5788674242358552,0.02819095494062594,0.15305259124098342,0.0006380272269294278,0.03754422096671004,0.003088722419792733,32.245,1.0,3.0,2.0,True,True,True
21,300,-10,S,200,0.2748598705122829,0.05745670263734945,0.1504886620843166,0.002631716834462216,0.03425784338683804,0.004213677328483468,32.245,6.0,6.0,6.0,False,False,False
21,300,-10,SLTA,200,0.4238997471094402,0.03395604065567611,0.1530566742403229,0.0007162013882918791,0.03738434201233109,0.0032988991887401334,32.245,3.0,2.0,3.0,True,True,True
21,300,-10,Std,200,0.4957770912988188,0.0344677907376411,0.15305959066842256,0.0006365869529018924,0.03758605249629157,0.0030759560312174894,32.245,2.0,1.0,1.0,True,True,True
21,300,-8,K,200,0.436121378655687,0.04801097619028216,0.1511887992567711,0.0006938577441047039,0.03651526010812419,0.002703819371168452,35.52,5.0,6.0,5.0,False,False,False
21,300,-8,M,200,0.4581021514616142,0.046203258307272246,0.1530356759580055,0.0006552780879850157,0.036934737866476955,0.002960208755208287,35.52,3.0,4.0,4.0,True,False,False
21,300,-8,P,200,0.6061833329691368,0.012704889929475537,0.15311694708771556,0.0005954073912177816,0.0377802352163493,0.002887008164021322,35.52,1.0,3.0,2.0,True,True,True
21,300,-8,S,200,0.308885368299911,0.04672177741315149,0.1512107696817884,0.000713182160253159,0.0356859207648694,0.0027578962850629473,35.52,6.0,5.0,6.0,False,False,False
21,300,-8,SLTA,200,0.4529143406721564,0.024095942993454973,0.1531395007983528,0.0006685684810992035,0.03764140249351657,0.0031277218754894734,35.52,4.0,1.0,3.0,False,True,True
21,300,-8,Std,200,0.5390101750022795,0.020351794040479165,0.1531249186578546,0.0005973959677031898,0.03778760227984137,0.0028964281291852267,35.52,2.0,2.0,1.0,True,True,True
21,300,-6,K,200,0.4543189329315009,0.038303022600082025,0.15101498014203232,0.0005960446627691187,0.03671876023299932,0.0026266737107890348,38.39,5.0,6.0,5.0,False,False,False
21,300,-6,M,200,0.5031998299739918,0.0356713440718974,0.15311130866005626,0.0006114278679680654,0.037114243333232405,0.0028474112840504604,38.39,3.0,4.0,4.0,True,False,False
21,300,-6,P,200,0.6186593750378817,0.006406016816284066,0.1531659430797896,0.0005760028203464322,0.03776028499989908,0.002860389972309026,38.39,1.0,3.0,1.0,True,True,True
21,300,-6,S,200,0.33104669799625613,0.04052658272639371,0.15116216254679435,0.0005208697990803917,0.036178279191165334,0.0023267360152312,38.39,6.0,5.0,6.0,False,False,False
21,300,-6,SLTA,200,0.47264836675932853,0.018285603462355984,0.15318149736298767,0.0006493372922184384,0.03775356061317469,0.003011644021951159,38.39,4.0,1.0,2.0,False,True,True
21,300,-6,Std,200,0.5681137948783733,0.012198572030035937,0.15317547007824842,0.0005722258089223392,0.037748935613174696,0.0029959705678663582,38.39,2.0,2.0,3.0,True,True,True
21,300,-4,K,200,0.46440078732209633,0.03258321607049711,0.15072255961790806,0.0005685394194728155,0.03696277886714295,0.0027074125346277056,40.98,5.0,6.0,5.0,False,False,False
21,300,-4,M,200,0.5405949372726362,0.026120800459147168,0.1531511665107514,0.0005921482903653183,0.03728602327551236,0.0028669113105930454,40.98,3.0,4.0,4.0,True,False,False
21,300,-4,P,200,0.623801450442795,0.0037060408807740967,0.1532149390718636,0.0005561192216329459,0.037598814220678296,0.002939115942891649,40.98,1.0,2.0,2.0,True,True,True
21,300,-4,S,200,0.3454750407775697,0.03537676726080984,0.15105328256440764,0.000414577649321766,0.03682726636575544,0.0025497650625325623,40.98,6.0,5.0,6.0,False,False,False
21,300,-4,SLTA,200,0.486028199396914,0.014527709012904491,0.15320560650194473,0.0006261448822405539,0.037797610216349295,0.0029050955442513175,40.98,4.0,3.0,1.0,False,True,True
21,300,-4,Std,200,0.5868138029923651,0.007193613955490614,0.1532236883561625,0.0005492777145079808,0.03753682612544021,0.002862035129878983,40.98,2.0,1.0,3.0,True,True,True
21,300,-2,K,200,0.4713533155176984,0.02729982573604838,0.1504330555218834,0.0005655009045487446,0.03709867419403827,0.002798656248939852,43.825,5.0,6.0,6.0,False,False,False
21,300,-2,M,200,0.5693918827948906,0.01835809361942307,0.15321863321412313,0.0005885406338545855,0.03745321176757585,0.0030226979228418754,43.825,3.0,4.0,4.0,True,False,False
21,300,-2,P,200,0.6255292736139574,0.002471288769662341,0.1532777394902759,0.0005602449211401364,0.03783124026685435,0.0029400246377532923,43.825,1.0,2.0,2.0,True,True,True
21,300,-2,S,200,0.3569091476533332,0.031456252263327746,0.15094537472472083,0.0003994733416788126,0.03736102303963712,0.002757523114154356,43.825,6.0,5.0,5.0,False,False,False
21,300,-2,SLTA,200,0.49462194145425975,0.012653481995871291,0.1532437144957801,0.0006035355573824796,0.037815118513607596,0.0028705909034924095,43.825,4.0,3.0,3.0,False,True,True
21,300,-2,Std,200,0.5981918381044965,0.004257220104080446,0.15328240577523533,0.0005503455981012283,0.03785050794362202,0.002914466304906983,43.825,2.0,1.0,1.0,True,True,True
21,300,0,K,200,0.473282517805487,0.022987869990032554,0.1501484121393582,0.000542777547480876,0.03789230898979807,0.0031034500834561385,46.065,5.0,6.0,4.0,False,False,False
21,300,0,M,200,0.5919030761522961,0.01245260856740919,0.15329309934493404,0.0006016499102259713,0.037552543297157376,0.0030579748510537077,46.065,3.0,4.0,6.0,True,False,False
21,300,0,P,200,0.6261241417764642,0.0017113801037684413,0.1533514279069269,0.0005688474976452538,0.03819111851360759,0.0029952913039340955,46.065,1.0,2.0,1.0,True,True,True
21,300,0,S,200,0.3635691082479138,0.027326752978714546,0.15084777159765275,0.0003991218644957825,0.038033415230779306,0.003100221620916195,46.065,6.0,5.0,3.0,False,False,True
21,300,0,SLTA,200,0.5004013426998193,0.011799006554582886,0.1533006820579931,0.0005854043972613593,0.03768819391043299,0.0028800910394735876,46.065,4.0,3.0,5.0,False,True,False
21,300,0,Std,200,0.6052638908120725,0.002491640508901228,0.1533638713334854,0.0005644287118673905,0.03818718795805204,0.0030043631560954537,46.065,2.0,1.0,2.0,True,True,True
21,300,2,K,200,0.4740865761083332,0.01974521073143606,0.1499771205956391,0.0005196095064984006,0.038507405629269714,0.0034598756668005534,48.43,5.0,6.0,2.0,False,False,True
21,300,2,M,200,0.6078802685123663,0.009232079117626526,0.15334792819320733,0.0005834575189308225,0.03773495707782116,0.0028958708562615374,48.43,3.0,4.0,5.0,True,False,False
21,300,2,P,200,0.6261546736274568,0.0012941928045567528,0.15340528461250036,0.0005658342052284687,0.038304475656464734,0.002956042805089953,48.43,1.0,2.0,4.0,True,True,False
21,300,2,S,200,0.36790065567662567,0.02444274756026975,0.15081666303125654,0.0004479999117387108,0.038510906212020295,0.003443921342817023,48.43,6.0,5.0,1.0,False,False,True
21,300,2,SLTA,200,0.504453334415342,0.011222648695152805,0.15336348247640544,0.0005661481845671304,0.037607815483304566,0.00293035224758244,48.43,4.0,3.0,6.0,False,True,False
21,300,2,Std,200,0.6094520027144599,0.0015389471442758913,0.15342083889569844,0.0005565130324088346,0.038380441926306,0.003004639135943303,48.43,2.0,1.0,3.0,True,True,True
21,300,4,K,200,0.4746425578484053,0.01744533000710582,0.14994348445822323,0.0005671297778501832,0.03879663294362202,0.003691150307328099,50.915,5.0,6.0,1.0,False,False,True
21,300,4,M,200,0.6188303572149794,0.006698075480578531,0.15341422832533924,0.000534358936871401,0.03763842406916315,0.003102990252830711,50.915,2.0,4.0,6.0,True,False,False
21,300,4,P,200,0.6259892336100478,0.0009824477421185762,0.15347489002981182,0.00051823967709453,0.038359104805093885,0.0031151467296355977,50.915,1.0,2.0,4.0,True,True,False
21,300,4,S,200,0.37087966744726214,0.02214795844847463,0.15088121330652868,0.0005706567569108853,0.03871276101000009,0.003778543798114117,50.915,6.0,5.0,2.0,False,False,True
21,300,4,SLTA,200,0.5071282746413015,0.010726487027985149,0.15343250460809701,0.0005321998467667374,0.03770804636353544,0.0028698668710511605,50.915,4.0,3.0,5.0,False,True,False
21,300,4,Std,200,0.6118716858209274,0.0009369951158157956,0.15348713902783034,0.000514545110045903,0.03840637681086589,0.0031809326251791645,50.915,3.0,1.0,3.0,True,True,True
21,300,6,K,200,0.47492451476417696,0.0151929927290191,0.15004322629923103,0.0006570680374841865,0.03853853716440124,0.00398545859957642,53.59,5.0,6.0,1.0,False,False,True
21,300,6,M,200,0.6262157703781375,0.005009253821964969,0.15349822145460898,0.00046804888668216876,0.03771447006483415,0.0029298457584880713,53.59,1.0,4.0,6.0,True,False,False
21,300,6,P,200,0.6257844173446492,0.0007419820577691724,0.15354021801924386,0.00045208850750320023,0.038423946435685516,0.003029218666671831,53.59,2.0,2.0,3.0,True,True,True
21,300,6,S,200,0.3735015670633834,0.02051891702929165,0.151026062568811,0.0006936736048276576,0.03835176389600298,0.004064569845828139,53.59,6.0,5.0,4.0,False,False,False
21,300,6,SLTA,200,0.5090757220105021,0.010275256542367823,0.15351669216590674,0.00047331230882090286,0.037966144848383926,0.0028248708550598642,53.59,4.0,3.0,5.0,False,True,False
21,300,6,Std,200,0.613244481263957,0.0005806483422465619,0.15355343915996225,0.00045184372383240835,0.03852350199124107,0.0031624122492865093,53.59,3.0,1.0,2.0,True,True,True
23,100,-10,K,200,0.27634853946753657,0.0869325503368541,0.21733456213285055,0.03354942845182006,0.044952344313939185,0.01723649053272187,37.805,5.0,6.0,6.0,False,False,False
23,100,-10,M,200,0.797260995477584,0.04015262854316925,0.2650284774859653,0.0001558455774854121,0.10937334511418886,0.003085422293431036,37.805,3.0,3.0,2.0,True,True,True
23,100,-10,P,200,0.9431085441734598,0.014973123224220026,0.2650677473854462,3.834064653948074e-05,0.10887980698970003,0.002599746143582701,37.805,1.0,2.0,3.0,True,True,True
23,100,-10,S,200,0.2531941116363871,0.0797151724961835,0.2231631432076766,0.03566275858301085,0.0515782404497042,0.02163154415716042,37.805,6.0,5.0,5.0,False,False,False
23,100,-10,SLTA,200,0.6475056005748155,0.04390340178311809,0.2627225308812888,0.002042319391349125,0.10217911174781434,0.00406650918343929,37.805,4.0,4.0,4.0,False,False,False
23,100,-10,Std,200,0.8451330382294796,0.03244864023357602,0.2650697844407507,3.654830478515574e-05,0.11085469449350008,0.002236687263860526,37.805,2.0,1.0,1.0,True,True,True
23,100,-8,K,200,0.31530345749574495,0.07395765268594262,0.23358483131515884,0.02006079296874493,0.05365666439422348,0.015517839165866786,42.155,5.0,6.0,6.0,False,False,False
23,100,-8,M,200,0.8558382608556866,0.024770275390402923,0.2650683132341419,3.577644209521867e-05,0.11017670475370143,0.002498696605839084,42.155,3.0,3.0,2.0,True,True,True
23,100,-8,P,200,0.9623222240866824,0.006234041061139597,0.26507521658822936,1.9650762274962925e-05,0.10870922433870892,0.002388806878080906,42.155,1.0,2.0,3.0,True,True,True
23,100,-8,S,200,0.2908524318857117,0.0669963856148646,0.24176451372057747,0.020425625940737494,0.06404581698700021,0.01896868733933281,42.155,6.0,5.0,5.0,False,False,False
23,100,-8,SLTA,200,0.6860105508497818,0.036185265754216,0.26333104456863393,0.0014271531030096644,0.10388187447725414,0.0023219599454969196,42.155,4.0,4.0,4.0,False,False,False
23,100,-8,Std,200,0.8945610119969142,0.018739248777906205,0.26507680096457725,1.696654902096394e-05,0.11142203683707312,0.0017069234186471221,42.155,2.0,1.0,1.0,True,True,True
23,100,-6,K,200,0.3393205023512212,0.06445155550274073,0.24164998594456982,0.013758511509716582,0.0609092843709176,0.013160673562892569,46.125,5.0,6.0,6.0,False,False,False
23,100,-6,M,200,0.8959406459695326,0.015134191344588387,0.26507555609744676,2.2148481006108318e-05,0.11062056593807164,0.002186359067908447,46.125,3.0,3.0,2.0,True,True,True
23,100,-6,P,200,0.9707684206805511,0.0034150805386349145,0.2650783853409252,1.300320305170697e-05,0.1083676742758057,0.0020292138822094272,46.125,1.0,2.0,3.0,True,True,True
23,100,-6,S,200,0.31788952492753997,0.058350585246241836,0.2513032515233048,0.01238964070425558,0.0736793664633842,0.017327037047025436,46.125,6.0,5.0,5.0,False,False,False
23,100,-6,SLTA,200,0.7126655954701119,0.03181034823699317,0.2636817575902227,0.0010820316595337367,0.10495247302728009,0.0014629757355593127,46.125,4.0,4.0,4.0,False,False,False
23,100,-6,Std,200,0.9249694087735998,0.010879039155930624,0.2650789511896209,1.1475663811822604e-05,0.11172985121384617,0.0012015559618898611,46.125,2.0,1.0,1.0,True,True,True
23,100,-4,K,200,0.35168057236420774,0.057900715260176594,0.24588061030276684,0.010155161049600488,0.0655175912374477,0.011567537040118996,49.99,5.0,6.0,6.0,False,False,False
23,100,-4,M,200,0.9223716676788581,0.009345731515516929,0.26507827217118607,1.5700536851663993e-05,0.11099787933835506,0.001812824295897737,49.99,3.0,3.0,2.0,True,True,True
23,100,-4,P,200,0.9747371074009465,0.0023234823970310937,0.2650789511896209,1.1249095985106451e-05,0.10813175807672563,0.0017068725013460108,49.99,1.0,1.5,3.0,True,True,True
23,100,-4,S,200,0.3378942485954359,0.05162982414783447,0.25647001596365165,0.00784447882264342,0.08119212699062263,0.015309749603809698,49.99,6.0,5.0,5.0,False,False,False
23,100,-4,SLTA,200,0.7310561281385674,0.02874892113769524,0.2639211115884996,0.0008574525997752617,0.10555080821189643,0.0013196694886830832,49.99,4.0,4.0,4.0,False,False,False
23,100,-4,Std,200,0.9433112815778648,0.006695352131685226,0.2650789511896209,1.1249095985101283e-05,0.11189788280100485,0.0007413363984547602,49.99,2.0,1.5,1.0,True,True,True
23,100,-2,K,200,0.35587360255616163,0.05177384170534268,0.24815600107787614,0.008274919327453738,0.0698103472303857,0.010065289919838244,53.315,5.0,6.0,6.0,False,False,False
23,100,-2,M,200,0.9393585745609943,0.0057455100182446876,0.26507951703831656,1.2047482608770533e-05,0.11143539878321523,0.0012612981003346157,53.315,3.0,2.5,2.0,True,True,True
23,100,-2,P,200,0.9766899740481972,0.0018179948106716273,0.26507951703831656,1.1160064491258686e-05,0.10781996395891631,0.0012696821837304244,53.315,1.0,2.5,3.0,True,True,True
23,100,-2,S,200,0.35233862073226263,0.04591752801223151,0.2593094447186248,0.0054976860224943995,0.08712798789534801,0.013269197955722036,53.315,6.0,5.0,5.0,False,False,False
23,100,-2,SLTA,200,0.7441194620182141,0.02634752274617132,0.2641007119645117,0.0006897561158740877,0.10595942449957815,0.001172337901635725,53.315,4.0,4.0,4.0,False,False,False
23,100,-2,Std,200,0.954208921850016,0.004465842001499976,0.26507963020805575,1.1138706601353369e-05,0.11197355494721795,0.00040042219869072956,53.315,2.0,1.0,1.0,True,True,True
23,100,0,K,200,0.3539384745255921,0.04731291580900034,0.24914838652037752,0.007264156436295994,0.07216155419615541,0.009528319360194378,56.74,6.0,6.0,6.0,False,False,False
23,100,0,M,200,0.9500054197438417,0.003704323196501791,0.2650807619054471,1.0857824156938698e-05,0.111716396882802,0.0008361755483363422,56.74,3.0,1.0,2.0,True,True,True
23,100,0,P,200,0.9777825113485485,0.0014216202296379234,0.26508053556596883,1.092400939520518e-05,0.10760066757486798,0.0008635220828809587,56.74,1.0,3.0,3.0,True,True,True
23,100,0,S,200,0.3625062636710066,0.04284608447899091,0.2608516087538588,0.004304425082981951,0.0914435730399378,0.012599341681805645,56.74,5.0,5.0,5.0,False,False,False
23,100,0,SLTA,200,0.7537852251700116,0.024499840485934916,0.2642358366330425,0.0005819881150186578,0.10616088467235517,0.000967205511934382,56.74,4.0,4.0,4.0,False,False,False
23,100,0,Std,200,0.9607333271503083,0.0032421517955692324,0.26508064873570797,1.0891557973654849e-05,0.11200261004170002,0.00026116504543859353,56.74,2.0,2.0,1.0,True,True,True
23,100,2,K,200,0.34747784230252565,0.04151541324520558,0.24963829832110604,0.006753471728319168,0.07520525118023683,0.008781337152049325,59.98,6.0,6.0,6.0,False,False,False
23,100,2,M,200,0.9566931597688729,0.0024605253154523364,0.2650816672633602,1.0540211675423223e-05,0.1118752073089417,0.00044587814859875936,59.98,3.0,1.0,2.0,True,True,True
23,100,2,P,200,0.9784072541714979,0.0011183906363244345,0.2650809882449254,1.0786460753704068e-05,0.10747620933756355,0.0004165676366760208,59.98,1.0,2.5,3.0,True,True,True
23,100,2,S,200,0.3689025696221102,0.038814931171425766,0.2618248685104459,0.0036144323189785297,0.09489408332649614,0.011327635791577802,59.98,5.0,5.0,5.0,False,False,False
23,100,2,SLTA,200,0.760497243927232,0.02303612109776278,0.26432591974539643,0.000516112460232534,0.1063321315392786,0.0008977705919101642,59.98,4.0,4.0,4.0,False,False,False
23,100,2,Std,200,0.9645946414599414,0.0024367653192732025,0.2650809882449254,1.0786460753704068e-05,0.1120158308209208,0.00019688387640213662,59.98,2.0,2.5,1.0,True,True,True
23,100,4,K,200,0.33918614713255585,0.03579609081393302,0.24985490520181625,0.0062719463264932765,0.07665567674926349,0.007693116296364922,63.245,6.0,6.0,6.0,False,False,False
23,100,4,M,200,0.9608889502022134,0.0016942510357008615,0.2650820067725776,1.0398206010471615e-05,0.1119183026268926,0.0002821418944250778,63.245,3.0,3.0,2.0,True,True,True
23,100,4,P,200,0.9787901971708132,0.0008855314402936494,0.2650821199423168,1.0347950357413914e-05,0.10742940655510246,0.0,63.245,1.0,2.0,3.0,True,True,True
23,100,4,S,200,0.3733312654449153,0.0357271327198808,0.26237181785970004,0.003076860810290428,0.09722237294156315,0.010108337761250844,63.245,5.0,5.0,5.0,False,False,False
23,100,4,SLTA,200,0.7659798655394325,0.021819485974043724,0.2643912186848791,0.00046731787869913025,0.10650334805703451,0.0007502103080712575,63.245,4.0,4.0,4.0,False,False,False
23,100,4,Std,200,0.9668677118939422,0.0018834668170598923,0.265082346281795,1.0242930383193501e-05,0.1120268272134172,0.00015620777483525382,63.245,2.0,1.0,1.0,True,True,True
23,100,6,K,200,0.3290322238704192,0.031039047792393522,0.24980850560876966,0.005932797128724021,0.07791575253749802,0.007888807860870208,66.695,6.0,6.0,6.0,False,False,False
23,100,6,M,200,0.9635423844224188,0.0012015865936610489,0.2650829121304907,9.95293812005793e-06,0.11194912176608673,0.00019027164154249092,66.695,3.0,3.0,2.0,True,True,True
23,100,6,P,200,0.9790946831183838,0.0006942399597974238,0.26508449650683863,8.901600102161882e-06,0.10742940655510246,0.0,66.695,1.0,1.5,3.0,True,True,True
23,100,6,S,200,0.375417068372801,0.033339118321229363,0.26263086339258696,0.0028050149945689573,0.09824698523550283,0.009724322399053204,66.695,5.0,5.0,5.0,False,False,False
23,100,6,SLTA,200,0.7701908629057814,0.0205431388879812,0.2644515381558396,0.0004220911616162341,0.1065559136411537,0.0007089225843416058,66.695,4.0,4.0,4.0,False,False,False
23,100,6,Std,200,0.9682145163652158,0.0014505344572972431,0.26508449650683863,8.90160010216347e-06,0.112038272018612,0.00011919614300977915,66.695,2.0,1.5,1.0,True,True,True
23,150,-10,K,200,0.2949473003113226,0.07910633595751143,0.20180253361105902,0.012265267448169638,0.056919219612961564,0.01197972217425858,36.68,5.0,5.0,5.0,False,False,False
23,150,-10,M,200,0.6930525602881716,0.047792621643450155,0.21718523876641688,0.0002167877340024306,0.0779095227324202,0.0025188705851019967,36.68,3.0,4.0,4.0,True,False,False
23,150,-10,P,200,0.83849219580602,0.020154134242452083,0.2172434914255477,0.00014106646374939297,0.07883013402104988,0.001807087230730352,36.68,1.0,1.5,2.0,True,True,True
23,150,-10,S,200,0.2144741673640862,0.07405641841859112,0.18826486410011473,0.03075127801342522,0.043317677054575794,0.015685463100729793,36.68,6.0,6.0,6.0,False,False,False
23,150,-10,SLTA,200,0.6138558833870534,0.03802034664763758,0.21722154314876618,0.0001506207398947298,0.07861050355307016,0.0019796052244837876,36.68,4.0,3.0,3.0,False,True,True
23,150,-10,Std,200,0.7308042076268658,0.03539269310222514,0.2172434914255477,0.0001400582649096389,0.0788701366899496,0.0017031556166177955,36.68,2.0,1.5,1.0,True,True,True
23,150,-8,K,200,0.3352841152999179,0.07051424138569459,0.2076073696816021,0.00578485095730109,0.06484732772263876,0.008593288524414518,41.46,5.0,5.0,5.0,False,False,False
23,150,-8,M,200,0.7538719305204308,0.03084398544752515,0.21723382866218477,0.00015159008801673792,0.07857364632614675,0.002078071046560215,41.46,3.0,4.0,4.0,True,False,False
23,150,-8,P,200,0.8571496897223412,0.008190036074456229,0.21727510246569215,9.782922194206108e-05,0.07930981578209928,0.001355054720566369,41.46,1.0,2.0,2.0,True,True,True
23,150,-8,S,200,0.2563992368293412,0.06619767372481004,0.2022187226330482,0.01774287220501016,0.053766384688322885,0.013795266878441622,41.46,6.0,6.0,6.0,False,False,False
23,150,-8,SLTA,200,0.6497398534922457,0.027612726629380538,0.21725688125477918,0.00011409703477907906,0.0791344375512615,0.0014599710225066044,41.46,4.0,3.0,3.0,False,True,True
23,150,-8,Std,200,0.7760300312667232,0.01913536795140479,0.21727731109731796,9.267422141869276e-05,0.07934652500914675,0.0011873989651674504,41.46,2.0,1.0,1.0,True,True,True
23,150,-6,K,200,0.36132170949868575,0.060222411000935304,0.20964966373809607,0.003127830728155972,0.06958552978531422,0.005789876065342204,45.985,5.0,5.0,5.0,False,False,False
23,150,-6,M,200,0.7959367887533567,0.01984952390642889,0.21726364518913324,0.00011048567396805303,0.07908622266932971,0.0015369438667875537,45.985,3.0,4.0,4.0,True,False,False
23,150,-6,P,200,0.8637781939948467,0.004359522553636313,0.21729622250561398,6.946915782975116e-05,0.07972073045688528,0.0009687550717809977,45.985,1.0,2.0,1.0,True,True,True
23,150,-6,S,200,0.289266909858554,0.0549711083025004,0.20931257133620637,0.008912234949750032,0.0627039097662974,0.010814802156019699,45.985,6.0,6.0,6.0,False,False,False
23,150,-6,SLTA,200,0.6736021876449699,0.02235326504795904,0.21728310875533569,8.63304949139319e-05,0.07956429014393027,0.001032968202270714,45.985,4.0,3.0,3.0,False,True,True
23,150,-6,Std,200,0.8026719116552026,0.010389618317560415,0.21729691270299703,6.899545573519401e-05,0.07968753628381979,0.0009274619910751283,45.985,2.0,1.0,2.0,True,True,True
23,150,-4,K,200,0.3742395432547174,0.05331418845954988,0.21011168186632084,0.0023290348121490973,0.07212060164707708,0.004463756839607274,49.855,5.0,6.0,5.0,False,False,False
23,150,-4,M,200,0.8245795106357412,0.012666282143707257,0.21728310875533569,8.813072686590492e-05,0.07946366838292983,0.0012324112838161946,49.855,2.0,4.0,4.0,True,False,False
23,150,-4,P,200,0.8660110258194826,0.002929772441913154,0.21730740370321963,4.999523711058454e-05,0.07998240914339487,0.0006628709863321732,49.855,1.0,2.0,1.0,True,True,True
23,150,-4,S,200,0.31144968270107054,0.047014983811598514,0.21200296073539984,0.004863902274517847,0.06811436531501258,0.0081244311729978,49.855,6.0,5.0,6.0,False,False,False
23,150,-4,SLTA,200,0.6888521448224866,0.01946084010328429,0.21730022565043577,6.071324426982305e-05,0.07988364147764558,0.0007268891823987943,49.855,4.0,3.0,3.0,False,True,True
23,150,-4,Std,200,0.8180319681913617,0.00573323540031077,0.21730836997955597,4.60007637075358e-05,0.07996045380502409,0.0006516910129063528,49.855,3.0,1.0,2.0,True,True,True
23,150,-2,K,200,0.37793398987180443,0.04754446176534813,0.21019367731542915,0.0018837421129394257,0.0738236061092257,0.004265454164249475,53.385,5.0,6.0,5.0,False,False,False
23,150,-2,M,200,0.84380559788439,0.008147280000377904,0.2173006397688656,5.8897132381681824e-05,0.07976574581407711,0.0009368754935251205,53.385,2.0,4.0,4.0,True,False,False
23,150,-2,P,200,0.866551708213078,0.0022471551756998516,0.21731264920333096,3.080725695296355e-05,0.08010079593552431,0.0004890724215843721,53.385,1.0,1.5,1.0,True,True,True
23,150,-2,S,200,0.3259252580807791,0.04102776860715209,0.21317036058911865,0.0027674281133636645,0.0718629555667051,0.005911800890285168,53.385,6.0,5.0,6.0,False,False,False
23,150,-2,SLTA,200,0.6989564428435034,0.017535198899416588,0.21731182096647128,3.3462780472247146e-05,0.08007314014197146,0.0004708549480347057,53.385,4.0,3.0,3.0,False,True,True
23,150,-2,Std,200,0.8266741054104848,0.003258006780802482,0.21731264920333096,3.0431994685517703e-05,0.08008095523945569,0.0005101668739490714,53.385,3.0,1.5,2.0,True,True,True
23,150,0,K,200,0.37617282476361574,0.04187204612469841,0.21021783422383644,0.0014362005583046535,0.07472572705546643,0.003980510105254969,56.72,5.0,6.0,5.0,False,False,False
23,150,0,M,200,0.8561741829598714,0.005368671515196951,0.21730767978217286,4.512971101118091e-05,0.07998968650206562,0.0006773632811058419,56.72,2.0,4.0,4.0,True,False,False
23,150,0,P,200,0.8664746406354742,0.0017998726856482928,0.21731513391391,1.6368773598627374e-05,0.08017244712094022,0.0002626859794980903,56.72,1.0,1.0,1.0,True,True,True
23,150,0,S,200,0.33488668060357335,0.03552824109401876,0.2136521183624991,0.002063200567933635,0.07374205188678835,0.004804037331564433,56.72,6.0,5.0,6.0,False,False,False
23,150,0,SLTA,200,0.7058961637854833,0.016251691053974587,0.21731430567705032,1.5359585337131368e-05,0.08016215300329316,0.00028905750424922685,56.72,4.0,3.0,2.0,False,True,True
23,150,0,Std,200,0.8313297147487643,0.001909815851441663,0.21731499587443337,1.749582793930028e-05,0.08015414705091221,0.0002521409592175667,56.72,3.0,2.0,3.0,True,True,True
23,150,2,K,200,0.3709351545537802,0.03640947300468806,0.2102378499479454,0.0012625788392866093,0.07564121159543627,0.0034833905095830314,59.99,5.0,6.0,5.0,False,False,False
23,150,2,M,200,0.8639788119028331,0.003691392728601195,0.2173120970454245,3.075001400488545e-05,0.0800818093938797,0.0005176718755242078,59.99,2.0,4.0,4.0,True,False,False
23,150,2,P,200,0.8661953829778787,0.0014973755129112354,0.21731554803233982,1.4112645524376304e-05,0.08020410076590638,0.0001633233232458904,59.99,1.0,1.0,1.0,True,True,True
23,150,2,S,200,0.3402903371831237,0.03156300462159638,0.2139175682760265,0.0016159568366210131,0.07498149432466093,0.004287896700342278,59.99,6.0,5.0,6.0,False,False,False
23,150,2,SLTA,200,0.7105423342081856,0.015271148718904863,0.21731485783495677,1.3821278424792584e-05,0.08019831849466455,0.00016467210927123723,59.99,4.0,3.0,2.0,False,True,True
23,150,2,Std,200,0.8336902780272581,0.0011522638404927918,0.2173152719533866,1.4109931293073588e-05,0.08018743409923972,0.00017820293962449908,59.99,3.0,2.0,3.0,True,True,True
23,150,4,K,200,0.3640633927119372,0.030822332789480877,0.2102596601852503,0.0011257057234350695,0.07627165824845644,0.0034221133923350937,63.345,5.0,6.0,5.0,False,False,False
23,150,4,M,200,0.8689987087557073,0.0026316633193413323,0.2173140295980971,2.501647662973756e-05,0.08015809259066657,0.00030139075192992654,63.345,1.0,4.0,4.0,True,False,False
23,150,4,P,200,0.8658656381438548,0.0012100729913523233,0.21731582411129305,1.383581948975449e-05,0.0802124096396307,6.249511427022158e-05,63.345,2.0,1.5,2.0,True,True,True
23,150,4,S,200,0.34380369432058894,0.028315816886943714,0.2140917740955125,0.0013592584678704623,0.07584767020259707,0.0038574714346453617,63.345,6.0,5.0,6.0,False,False,False
23,150,4,SLTA,200,0.7139093029582183,0.014643071954235302,0.21731582411129305,1.383581948975821e-05,0.08021574297296404,8.504933373084396e-05,63.345,4.0,1.5,1.0,False,True,True
23,150,4,Std,200,0.8348048840043664,0.0007093449869491261,0.21731554803233982,1.3838587484078141e-05,0.08019907630629737,9.672181179921406e-05,63.345,3.0,3.0,3.0,True,True,True
23,150,6,K,200,0.35662264264822297,0.026538313078296183,0.21013915172216688,0.0012560609462402125,0.07657753409401612,0.00330331953454286,67.18,5.0,6.0,5.0,False,False,False
23,150,6,M,200,0.8721708922335598,0.0019636526892873154,0.21731665234815276,1.4338806861665633e-05,0.08017407630629736,0.0002023452666199757,67.18,1.0,4.0,4.0,True,False,False
23,150,6,P,200,0.8655221952309831,0.0009682450015532722,0.21731692842710598,1.3769220693957477e-05,0.08021407630629737,4.714045207909465e-05,67.18,2.0,2.0,1.5,True,True,True
23,150,6,S,200,0.34615031584198364,0.025959216289307353,0.21417432170252726,0.001263095905192473,0.0765764126158211,0.003375308954073835,67.18,6.0,5.0,6.0,False,False,False
23,150,6,SLTA,200,0.7168516910050109,0.013851025759424443,0.21731679038762933,1.378242724906442e-05,0.0802124096396307,5.2810460361722834e-05,67.18,4.0,3.0,3.0,False,True,True
23,150,6,Std,200,0.8352351215670487,0.00044773052716546284,0.21731706646658255,1.3754609222419585e-05,0.08021407630629737,4.714045207909465e-05,67.18,3.0,1.0,1.5,True,True,True
23,200,-10,K,200,0.3710456290758857,0.08096642696495805,0.18200887024010687,0.004882572017044479,0.05116194361424802,0.0056892793133895385,36.64,5.0,5.0,5.0,False,False,False
23,200,-10,M,200,0.5474781677099069,0.05845032760375517,0.18772509633760429,0.0005497123691096686,0.05513239581498864,0.0032470373862922325,36.64,3.0,4.0,4.0,True,False,False
23,200,-10,P,200,0.7084697034944347,0.022729929861424032,0.18780335940258183,0.0004991252748798166,0.05556702374261658,0.003194814773551101,36.64,1.0,2.0,2.0,True,True,True
23,200,-10,S,200,0.19424518340710364,0.07873494577556027,0.16267471176524326,0.02826818277849294,0.035978387834288805,0.011575855310712454,36.64,6.0,6.0,6.0,False,False,False
23,200,-10,SLTA,200,0.5266864613093699,0.03738507516693646,0.18776979536455285,0.0005162122873281048,0.05520414068123351,0.0030631969422620746,36.64,4.0,3.0,3.0,False,True,True
23,200,-10,Std,200,0.616382079288802,0.034676789364652634,0.18781799395944757,0.0004962310312526752,0.05558532609304392,0.0032839750864426063,36.64,2.0,1.0,1.0,True,True,True
23,200,-8,K,200,0.41396665189115434,0.061355653961611516,0.18350064061278895,0.0014858125551489515,0.05384475093649682,0.003877326896460564,41.61,5.0,5.0,5.0,False,False,False
23,200,-8,M,200,0.6088264390178849,0.03951253060997453,0.18775818316182247,0.000497333073401906,0.055159906110248944,0.003077237941861744,41.61,3.0,4.0,4.0,True,False,False
23,200,-8,P,200,0.7302631978976089,0.008906493925275871,0.18780590454290633,0.0004671150421215992,0.055355644025111846,0.0029399275908563627,41.61,1.0,2.0,2.0,True,True,True
23,200,-8,S,200,0.2373710405593487,0.06659156549759825,0.1773934173329443,0.010603990484927142,0.044075250979226474,0.008223672553321341,41.61,6.0,6.0,6.0,False,False,False
23,200,-8,SLTA,200,0.5622128522066899,0.025200648844392767,0.18778840670317556,0.0004914769450029946,0.05517565823312606,0.003131387201307233,41.61,4.0,3.0,3.0,False,True,True
23,200,-8,Std,200,0.661374981297563,0.01831824793463448,0.18782038002850177,0.0004672630745343988,0.05546320474217256,0.002946314010360985,41.61,2.0,1.0,1.0,True,True,True
23,200,-6,K,200,0.44334760986039917,0.047674017778841185,0.18372143153593704,0.0009819499510450719,0.05437765885750167,0.0033235623351031943,46.35,5.0,5.0,5.0,False,False,False
23,200,-6,M,200,0.6547169724069941,0.026685435261865786,0.18775245659609235,0.0004885000155186026,0.05494563213422496,0.0029643542971281426,46.35,3.0,4.0,3.0,True,False,True
23,200,-6,P,200,0.7382735786241048,0.004500593961774916,0.18780733618433884,0.00044342531835093037,0.05528453378812661,0.00270684463204246,46.35,1.0,2.0,2.0,True,True,True
23,200,-6,S,200,0.27243950521096577,0.055647040216122476,0.18260268329206064,0.0040476348047567695,0.04959618670720469,0.005540413090818547,46.35,6.0,6.0,6.0,False,False,False
23,200,-6,SLTA,200,0.5841293815815287,0.019134458347843837,0.18780447290147378,0.00044762189534218824,0.05491534322868605,0.0031077103761905428,46.35,4.0,3.0,4.0,False,True,False
23,200,-6,Std,200,0.6880351580692868,0.010061492460364651,0.18782197074120457,0.0004378652783119709,0.05530236619183401,0.0028062105261861103,46.35,2.0,1.0,1.0,True,True,True
23,200,-4,K,200,0.4595085573495305,0.040167221504066576,0.1836170807826336,0.0008438556268176695,0.05431440592987375,0.003302508449731821,50.7,5.0,6.0,5.0,False,False,False
23,200,-4,M,200,0.6878740707207562,0.017734707696337303,0.18774752538671372,0.0004699286131344094,0.05502704685838968,0.00288864789747169,50.7,3.0,4.0,3.0,True,False,True
23,200,-4,P,200,0.7409564414859203,0.002756733973083691,0.1878052682578252,0.00042862570777208234,0.05521119988591771,0.0027007362200967317,50.7,1.0,2.0,2.0,True,True,True
23,200,-4,S,200,0.2979081485612993,0.04763146702076067,0.18416158174080072,0.0023434837219753328,0.05239227999849263,0.0045391449740025125,50.7,6.0,5.0,6.0,False,False,False
23,200,-4,SLTA,200,0.5978260678974303,0.016042114413506465,0.187796042124149,0.0004299057037221361,0.054976633313601135,0.002784031495611761,50.7,4.0,3.0,4.0,False,True,False
23,200,-4,Std,200,0.7032435930494313,0.005566677389688131,0.18782069817104233,0.0004278598604002992,0.05534965124011906,0.0026736003070366677,50.7,2.0,1.0,1.0,True,True,True
23,200,-2,K,200,0.4653417509158559,0.03613629918525821,0.18345069223392116,0.0007854899539953262,0.05406033645767928,0.0033491853973952553,53.995,5.0,6.0,5.0,False,False,False
23,200,-2,M,200,0.710975199974375,0.011839245891792739,0.18776438694136335,0.0004486014190845405,0.055056989887582716,0.0026715375477099623,53.995,3.0,4.0,3.0,True,False,True
23,200,-2,P,200,0.7417262248264973,0.0019908472691002963,0.1878076543268794,0.00042752355101252296,0.05513392720027002,0.002694010198800844,53.995,1.0,3.0,2.0,True,True,True
23,200,-2,S,200,0.31437567473019484,0.04257187589764647,0.18474028302207787,0.0016073147685058521,0.053446177283520094,0.0039831908400873,53.995,6.0,5.0,6.0,False,False,False
23,200,-2,SLTA,200,0.6067413206536121,0.01411239261650837,0.1878098813246633,0.000419051648611444,0.054889247588215416,0.002798102379491705,53.995,4.0,2.0,4.0,False,True,False
23,200,-2,Std,200,0.7118584256298925,0.003161449750490057,0.18782547030915073,0.00042200445100606357,0.05517992373151656,0.0027415416083919966,53.995,2.0,1.0,1.0,True,True,True
23,200,0,K,200,0.46583017870419835,0.03151442562427086,0.18335174990380726,0.000735936308069266,0.05390515389024672,0.0030772483348911386,56.855,5.0,6.0,5.0,False,False,False
23,200,0,M,200,0.7261080704571987,0.008212562519026403,0.18779238348493255,0.00043906749157217556,0.055204672413390235,0.002588722346431174,56.855,2.0,4.0,1.0,True,False,True
23,200,0,P,200,0.7417461498061039,0.001506957962175301,0.18780685897052798,0.00043354509574793863,0.055094800091267916,0.002590011256861748,56.855,1.0,3.0,2.0,True,True,True
23,200,0,S,200,0.3257253883035628,0.03769943368177012,0.18510741951388318,0.0012143423055333627,0.05356357975604758,0.0030946570308773096,56.855,6.0,5.0,6.0,False,False,False
23,200,0,SLTA,200,0.6123571726389578,0.012878531228335285,0.18781147203736612,0.0004149963671236205,0.05478665774750057,0.0027513394650220163,56.855,4.0,2.0,4.0,False,True,False
23,200,0,Std,200,0.716552195294814,0.0018593552573431288,0.1878178348881773,0.00043284917772957223,0.05503198561407844,0.0026344959859599007,56.855,3.0,1.0,3.0,True,True,True
23,200,2,K,200,0.46170260872920665,0.027464115240104354,0.1833507954761856,0.0006872327202334387,0.05362526899736182,0.002917299802738453,59.255,5.0,6.0,5.0,False,False,False
23,200,2,M,200,0.7360272795874476,0.005830146871943681,0.187817675816907,0.000431237218995232,0.05520790054636837,0.0027460538349474276,59.255,2.0,4.0,3.0,True,False,True
23,200,2,P,200,0.741617146688535,0.0011774235850482066,0.18782801544947517,0.00042619379949173844,0.05525416730738514,0.0028105977734484496,59.255,1.0,3.0,2.0,True,True,True
23,200,2,S,200,0.3321462122365469,0.03302131052439767,0.18534952598724874,0.0010913278849269087,0.053412127139219966,0.0032735245248139474,59.255,6.0,5.0,6.0,False,False,False
23,200,2,SLTA,200,0.6154913935345325,0.012066281165847351,0.18783374201520522,0.0004097110465180379,0.054811725776693604,0.0027340636525403903,59.255,4.0,2.0,4.0,False,True,False
23,200,2,Std,200,0.7190394980269662,0.0011233754639608784,0.1878340601577458,0.0004311696025571295,0.05528371432980715,0.002826706984007093,59.255,3.0,1.0,1.0,True,True,True
23,200,4,K,200,0.4563995732377525,0.02411021927476224,0.18345291923170506,0.0006192912142646505,0.05347389953349236,0.0027951280271943735,61.735,5.0,6.0,5.0,False,False,False
23,200,4,M,200,0.7422337838493601,0.004257378743877185,0.1878498082135035,0.0004206074656470771,0.05531557315154098,0.0028868423627994694,61.735,1.0,4.0,3.0,True,False,True
23,200,4,P,200,0.7414081966067463,0.0009291154942851051,0.18786778326704506,0.00041585290774583843,0.05534025176459458,0.0029087600301832225,61.735,2.0,1.0,2.0,True,True,True
23,200,4,S,200,0.3361654065473407,0.029693689088807866,0.18559417760093877,0.0010108200487347182,0.05334334839019121,0.0031819864929465503,61.735,6.0,5.0,6.0,False,False,False
23,200,4,SLTA,200,0.6171042642481723,0.011550612244548277,0.187866033483072,0.0003947425392721296,0.054964577286295106,0.0025557623992522862,61.735,4.0,2.0,4.0,False,True,False
23,200,4,Std,200,0.7202776806829848,0.0006929924947050241,0.18786539719799086,0.0004213100534100625,0.05540791945801228,0.0028684352174227976,61.735,3.0,3.0,1.0,True,True,True
23,200,6,K,200,0.451149603497879,0.021635961548064724,0.18359226566447004,0.0005374650636672567,0.05345857133391416,0.0028517746198391224,64.335,5.0,6.0,6.0,False,False,False
23,200,6,M,200,0.7462097086997139,0.0032002511131371614,0.18788337225153248,0.00041204123689063496,0.05535583762318044,0.0028677953885587154,64.335,1.0,4.0,3.0,True,False,True
23,200,6,P,200,0.741214873702057,0.0007463575879203406,0.18790596037191218,0.00041313123611187887,0.05554785785295068,0.002857486028053868,64.335,2.0,2.0,1.0,True,True,True
23,200,6,S,200,0.33835086952082316,0.027127655004838217,0.18579699347054526,0.0009301280921132906,0.05372945010791793,0.0031140061182982717,64.335,6.0,5.0,5.0,False,False,False
23,200,6,SLTA,200,0.6180934051612859,0.011115936829199142,0.1879065966569933,0.0003943556456793343,0.05525081968278751,0.00263779313433536,64.335,4.0,1.0,4.0,False,True,False
23,200,6,Std,200,0.7208474093117414,0.00043063988702063296,0.1878933937415601,0.00041651714539337414,0.055446698193166014,0.002743518890863376,64.335,3.0,3.0,2.0,True,True,True
23,250,-10,K,200,0.4103903393295997,0.06921532892453486,0.15946939390769038,0.0015319893092680672,0.04028479228482214,0.0034541786184295173,36.075,5.0,5.0,5.0,False,False,False
23,250,-10,M,200,0.4236537506073022,0.055378955128674745,0.16202014126018566,0.0008030541865992418,0.040715529780996275,0.0031725889925300886,36.075,4.0,4.0,4.0,False,False,False
23,250,-10,P,200,0.5975230979268527,0.024118976765194512,0.16216649561647636,0.0006908538433383948,0.04183783492876389,0.003185888978160929,36.075,1.0,2.0,1.0,True,True,True
23,250,-10,S,200,0.24538935800981101,0.0785761169261813,0.15350499538522142,0.016839375857730772,0.034873755098033705,0.007507683063585097,36.075,6.0,6.0,6.0,False,False,False
23,250,-10,SLTA,200,0.44684512154153516,0.03275636149735787,0.16211477640786234,0.0007560638168334916,0.04176643285861182,0.0036252809216956263,36.075,3.0,3.0,2.0,True,True,True
23,250,-10,Std,200,0.5207593855481375,0.031878410739819875,0.16218153453529321,0.0006788853429997654,0.04171445487825884,0.0031787194242330827,36.075,2.0,1.0,3.0,True,True,True
23,250,-8,K,200,0.4430506636610068,0.05033973080539064,0.1596076786002257,0.0008631224726373133,0.04103096238056045,0.003268292964392528,40.45,5.0,5.0,5.0,False,False,False
23,250,-8,M,200,0.47846488915439617,0.04466031305226835,0.1621235796774137,0.000717128338747598,0.041210626165305124,0.003317267952636614,40.45,4.0,4.0,4.0,False,False,False
23,250,-8,P,200,0.6211851701854996,0.01051257268352444,0.16220702733670223,0.0006800553893776233,0.041906705766259725,0.003078503991370638,40.45,1.0,2.0,1.0,True,True,True
23,250,-8,S,200,0.28463544159430915,0.06251266739105188,0.15842180483108317,0.005555923922563334,0.038518451949021065,0.004569275876517479,40.45,6.0,6.0,6.0,False,False,False
23,250,-8,SLTA,200,0.4790163780009079,0.0220068757263133,0.16218685317731377,0.0006841500494534148,0.041610384171188126,0.0034911007155180806,40.45,3.0,3.0,3.0,True,True,True
23,250,-8,Std,200,0.5624559736938008,0.018666947244317292,0.16222298326276402,0.0006750459454562931,0.04188521135789031,0.002992048877927336,40.45,2.0,1.0,2.0,True,True,True
23,250,-6,K,200,0.4569704176388335,0.03736543040687724,0.15936448827887048,0.000829233621488761,0.041433813089492046,0.0032087263137583486,43.61,5.0,6.0,4.0,False,False,False
23,250,-6,M,200,0.5263990691894442,0.03245609395645866,0.1622061103294573,0.000723298292210091,0.04139919909237806,0.0033556575942574156,43.61,3.0,4.0,5.0,True,False,False
23,250,-6,P,200,0.6310654411972795,0.005190901623577136,0.1622695672308064,0.0006701428054486695,0.04188727484995382,0.0030404818982591735,43.61,1.0,2.0,2.0,True,True,True
23,250,-6,S,200,0.3073189105067446,0.047713293846808065,0.15960364376834804,0.0014696775593404348,0.040372960060632984,0.0033774485577866982,43.61,6.0,5.0,6.0,False,False,False
23,250,-6,SLTA,200,0.498687495039032,0.016417506385170852,0.16222004883958022,0.0006929691808105409,0.041815413738842705,0.003606686201445903,43.61,4.0,3.0,3.0,False,True,True
23,250,-6,Std,200,0.587891317692176,0.010405592748171917,0.16228533975541917,0.0006716541379741038,0.04191321586726983,0.0030113355041606876,43.61,2.0,1.0,1.0,True,True,True
23,250,-4,K,200,0.4627994575799768,0.031830884910199655,0.15904683696922697,0.0008475278359337769,0.04168374843192739,0.0032807998807050914,46.435,5.0,6.0,5.0,False,False,False
23,250,-4,M,200,0.5634423401466051,0.024607287317194294,0.16226131416560205,0.0007027344189878179,0.041689724525278485,0.0034033879721429507,46.435,3.0,3.0,4.0,True,True,False
23,250,-4,P,200,0.6348562371010955,0.0033603424845607276,0.16231688480464476,0.0006795400311680891,0.04221873895529292,0.0031575881238309553,46.435,1.0,2.0,2.0,True,True,True
23,250,-4,S,200,0.32229735697753653,0.040915723873887325,0.15976448683910863,0.0006241512048807453,0.04123320886038782,0.003261446019860549,46.435,6.0,5.0,6.0,False,False,False
23,250,-4,SLTA,200,0.5105492221061411,0.013608338426819373,0.16224920966996897,0.0007125941453302299,0.0417560699437489,0.003545846687582662,46.435,4.0,4.0,3.0,False,False,True
23,250,-4,Std,200,0.602937696626501,0.006010151203124469,0.16233412454084942,0.0006783748515830526,0.04232275464793361,0.0030839665601229346,46.435,2.0,1.0,1.0,True,True,True
23,250,-2,K,200,0.4637680529404222,0.027586894244110243,0.15873633831609393,0.0008525955908027387,0.04226488038330935,0.0035558213014154163,48.845,5.0,6.0,1.0,False,False,True
23,250,-2,M,200,0.5914303678454785,0.01755519955960931,0.16230808153509343,0.0006986225106586803,0.04163638848631745,0.0032996519865507888,48.845,3.0,3.0,6.0,True,True,False
23,250,-2,P,200,0.6362615137817407,0.002371146586342561,0.16235796672921757,0.0006806260370832582,0.04207628675471572,0.003055503941642522,48.845,1.0,2.0,3.0,True,True,True
23,250,-2,S,200,0.3315604791066423,0.03610927668283142,0.15973991104494453,0.0006667812936979275,0.04184999082841978,0.003416009886158944,48.845,6.0,5.0,4.0,False,False,False
23,250,-2,SLTA,200,0.5181700084462552,0.012024489918539202,0.16229120860178675,0.0007060667685522058,0.04183053062195957,0.0034553741394403297,48.845,4.0,4.0,5.0,False,False,False
23,250,-2,Std,200,0.6118514423546229,0.003433059644434885,0.16237630687411617,0.0006789651099541217,0.04212688289468686,0.0031735109412950025,48.845,2.0,1.0,2.0,True,True,True
23,250,0,K,200,0.4625605240923558,0.02352083564613771,0.15853844815263818,0.0007956271662870254,0.04262932578512975,0.003626862090851888,51.11,5.0,6.0,1.0,False,False,True
23,250,0,M,200,0.6109405768649002,0.012734779679762673,0.16236291856834023,0.0006801796514208083,0.04191118718761615,0.003166525207472982,51.11,3.0,3.0,6.0,True,True,False
23,250,0,P,200,0.6366393371288165,0.0017065372323913084,0.16242050662332175,0.0006604192507058116,0.04219810908516304,0.0031757662161351224,51.11,1.0,2.0,4.0,True,True,False
23,250,0,S,200,0.3378629524825992,0.030995401177827536,0.15976907187533326,0.0007545694066197922,0.04224727322657719,0.003660107858392949,51.11,6.0,5.0,3.0,False,False,True
23,250,0,SLTA,200,0.5229411752367825,0.01104506070519446,0.16235228128429902,0.0007086850339588892,0.041998437548366505,0.003439469327334973,51.11,4.0,4.0,5.0,False,False,False
23,250,0,Std,200,0.6169605128990141,0.0020053836907098456,0.16244196459285312,0.0006617200991690356,0.04232192997260893,0.0031784383177942627,51.11,2.0,1.0,2.0,True,True,True
23,250,2,K,200,0.4604228972795001,0.019868939190137064,0.15847700866722791,0.0007757001785924349,0.04260882489712886,0.003855659843225658,53.325,5.0,6.0,1.0,False,False,True
23,250,2,M,200,0.6239043281366266,0.009132902065300406,0.16240051586538232,0.0006562274467543542,0.041899814171743134,0.0032718621911568095,53.325,2.0,3.0,6.0,True,True,False
23,250,2,P,200,0.6366226120316402,0.0012177884308291666,0.16244398200879195,0.0006278104777878003,0.0422083926349466,0.0032425787559362037,53.325,1.0,2.0,3.0,True,True,True
23,250,2,S,200,0.34181430754457925,0.026723957913148924,0.15987397750415316,0.0008141760544542472,0.04210914732470128,0.003855407627218775,53.325,6.0,5.0,4.0,False,False,False
23,250,2,SLTA,200,0.525938669160617,0.010523803666233077,0.16238841136974924,0.000674141427113443,0.04205817528285425,0.0034572826826619694,53.325,4.0,4.0,5.0,False,False,False
23,250,2,Std,200,0.6198198632760836,0.0012049526559265496,0.16246855780295608,0.0006326667022842573,0.042392587620516585,0.0032771956038265045,53.325,3.0,1.0,2.0,True,True,True
23,250,4,K,200,0.4581455451186983,0.0169779190438667,0.15853257930627065,0.0008379655330768345,0.04216837008804905,0.00386067780307054,55.755,5.0,6.0,1.0,False,False,True
23,250,4,M,200,0.6324382410882273,0.0065551153538500806,0.16243371152764877,0.0006319888119343645,0.041769657064961024,0.003139242726016323,55.755,2.0,3.0,5.0,True,True,False
23,250,4,P,200,0.6364810405621211,0.0008752754803069422,0.16246470637252736,0.0006085748258347881,0.04201388650219046,0.003103960847259802,55.755,1.0,2.0,3.0,True,True,True
23,250,4,S,200,0.34463475301657626,0.023673023853224395,0.16005847936183293,0.0008646331959109435,0.04137318466236362,0.0038238969353053074,55.755,6.0,5.0,6.0,False,False,False
23,250,4,SLTA,200,0.5278143616203611,0.01013011657027341,0.16243169411170988,0.0006565730169180496,0.04200963758444153,0.003405229137574071,55.755,4.0,4.0,4.0,False,False,False
23,250,4,Std,200,0.6213944351031333,0.0007342304343684597,0.16249368380146711,0.0006136574632269224,0.04214430497260893,0.0030994799538010755,55.755,3.0,1.0,2.0,True,True,True
23,250,6,K,200,0.4556002209886752,0.014636784222005378,0.1586174941771511,0.0008795312222754246,0.04146171298126694,0.003790346731310473,58.255,5.0,6.0,5.0,False,False,False
23,250,6,M,200,0.6380155718362507,0.004945292456414612,0.1624722258319358,0.000620982063225735,0.04153861900579796,0.003101124588053542,58.255,1.0,3.0,4.0,True,True,False
23,250,6,P,200,0.6363352753326695,0.0006647207202013986,0.16250780571303902,0.0005772574817183504,0.04188159194952091,0.003111144371078757,58.255,2.0,2.0,1.0,True,True,True
23,250,6,S,200,0.3463941801722084,0.021570961844451175,0.16028314613684064,0.0008875015062594623,0.04063333527563923,0.0036566102925829,58.255,6.0,5.0,6.0,False,False,False
23,250,6,SLTA,200,0.529193169782643,0.009872377350813026,0.16247094202179288,0.0006268638235148927,0.041830818861497816,0.0032103866887906113,58.255,4.0,4.0,2.0,False,False,True
23,250,6,Std,200,0.6222230133660589,0.0004549798397519309,0.16253256490865212,0.0005800553623050878,0.041821919871598834,0.003207303238369373,58.255,3.0,1.0,3.0,True,True,True
23,300,-10,K,200,0.4141022952058119,0.05645400646042282,0.1509784275765168,0.0010393237116276786,0.03600663787538419,0.0033800949001618723,32.245,3.0,5.0,5.0,True,False,False
23,300,-10,M,200,0.385389747886725,0.05789628809969393,0.15256263132024328,0.0010065394461529805,0.03624144734729785,0.0036810966609650184,32.245,5.0,4.0,4.0,False,False,False
23,300,-10,P,200,0.5510221037416144,0.02732788297557385,0.1526868711572881,0.0007746176318935363,0.03733916332990241,0.003401379144531411,32.245,1.0,2.0,1.0,True,True,True
23,300,-10,S,200,0.28430476071078176,0.05717868588715255,0.15050460522459466,0.002092685871251663,0.033628357971067536,0.0036722338846836232,32.245,6.0,6.0,6.0,False,False,False
23,300,-10,SLTA,200,0.4123568651442622,0.03272907409582879,0.15265206844863236,0.0007981816626839734,0.036963321720638785,0.0033751091672986023,32.245,4.0,3.0,3.0,False,True,True
23,300,-10,Std,200,0.476946182204192,0.03307339990481436,0.15269698144136687,0.0007729028277476611,0.037290081370195446,0.003377596165411648,32.245,2.0,1.0,2.0,True,True,True
23,300,-8,K,200,0.44230420480627997,0.04280465571562992,0.1509749278627972,0.000753012543818823,0.03618763451149859,0.0032089956794502284,35.52,3.0,6.0,5.0,True,False,False
23,300,-8,M,200,0.4356824388946137,0.045764898397523505,0.15269698144136687,0.0007945237687536534,0.036564151896890974,0.0034520199358850047,35.52,5.0,4.0,4.0,False,False,False
23,300,-8,P,200,0.5772627290848283,0.012370901942952508,0.15276425371619864,0.0007252442152324138,0.03727944545055953,0.003401228232981167,35.52,1.0,2.0,2.0,True,True,True
23,300,-8,S,200,0.3190229738829131,0.04593740745347048,0.15104006142368925,0.0006926234189866706,0.03477340986569432,0.0028740317884981873,35.52,6.0,5.0,6.0,False,False,False
23,300,-8,SLTA,200,0.44068429951904325,0.022955743571520384,0.152736644863522,0.0007771744334239518,0.036935578858817944,0.0032066635638262997,35.52,4.0,3.0,3.0,False,True,True
23,300,-8,Std,200,0.517571713829923,0.019353983161958674,0.15277164200071774,0.0007296280114777758,0.03729224542835951,0.0033784524023378797,35.52,2.0,1.0,1.0,True,True,True
23,300,-6,K,200,0.4576998988241027,0.03333696646061363,0.15083377274277449,0.0006627617629601133,0.03595018210279618,0.002992918615827015,38.39,5.0,6.0,5.0,False,False,False
23,300,-6,M,200,0.4786085787921131,0.03544802078762065,0.1527652258588985,0.0007514225764723157,0.03644727505151413,0.003376020055352945,38.39,3.0,4.0,4.0,True,False,False
23,300,-6,P,200,0.589216043574611,0.006317456906480441,0.152826859706071,0.000708907615012555,0.03728453910690319,0.003239030124556738,38.39,1.0,2.0,2.0,True,True,True
23,300,-6,S,200,0.3409949760731232,0.03920539744867402,0.1509749278627972,0.0005318599336923602,0.034987322358373936,0.002690509847987482,38.39,6.0,5.0,6.0,False,False,False
23,300,-6,SLTA,200,0.45970043541767475,0.017101595799166428,0.15281577727929235,0.0007659726125057687,0.037298348880462955,0.003175236218792532,38.39,4.0,3.0,1.0,False,True,True
23,300,-6,Std,200,0.5444892994720338,0.011577395948150179,0.15283522013328998,0.000706956425712906,0.03727494592231,0.003260602552768722,38.39,2.0,1.0,3.0,True,True,True
23,300,-4,K,200,0.4654924965288878,0.027906549441720198,0.15055710093038827,0.000627278268471632,0.03592759364958273,0.0027364113876207773,40.98,5.0,6.0,5.0,False,False,False
23,300,-4,M,200,0.5143156293653829,0.026093505959253492,0.1528276374202309,0.000747528695806914,0.036698693993683064,0.0033907732645012995,40.98,3.0,4.0,4.0,True,False,False
23,300,-4,P,200,0.594192749629405,0.0036514478680555536,0.15288479941098393,0.0007017089088822393,0.037362041868030944,0.0033956771660646873,40.98,1.0,2.0,3.0,True,True,True
23,300,-4,S,200,0.3547790428476042,0.03373598036253228,0.15084271645561337,0.00046495330584130643,0.03525121075469983,0.002739496043447314,40.98,6.0,5.0,6.0,False,False,False
23,300,-4,SLTA,200,0.47249081368057083,0.013377659156236248,0.1528643844142864,0.0007576967461713606,0.03777105432779341,0.003326962376407543,40.98,4.0,3.0,1.0,False,True,True
23,300,-4,Std,200,0.5615910410419859,0.006817336241530054,0.15289510412360266,0.000697051173712403,0.03738341277490185,0.003282352446831733,40.98,2.0,1.0,2.0,True,True,True
23,300,-2,K,200,0.47016292042346153,0.023223871296082325,0.15022287827016909,0.0005967931483085337,0.03598978694240103,0.002678963560277855,43.825,5.0,6.0,5.0,False,False,False
23,300,-2,M,200,0.5417494406555317,0.018376817230598634,0.15288713255346364,0.0007370192237206522,0.03692864240638149,0.0032948968982072983,43.825,3.0,4.0,4.0,True,False,False
23,300,-2,P,200,0.5959210752334106,0.002393923406192126,0.15293923940217727,0.0006909098881673152,0.03742083125919535,0.0032895706717165716,43.825,1.0,2.0,3.0,True,True,True
23,300,-2,S,200,0.36514807474144545,0.029720370961621844,0.15067900762495337,0.0004449965843216571,0.03592506102942511,0.0025193477956592255,43.825,6.0,5.0,6.0,False,False,False
23,300,-2,SLTA,200,0.4805512899209784,0.011513107323565244,0.15288927126740337,0.0007546890768960922,0.03759361801410709,0.003316743466150277,43.825,4.0,3.0,1.0,False,True,True
23,300,-2,Std,200,0.5719009004079169,0.004030282095449892,0.15295362711413552,0.0006911845584361327,0.03750397032845941,0.003218355180236867,43.825,2.0,1.0,2.0,True,True,True
23,300,0,K,200,0.4704978384688704,0.019383772436444166,0.1498620188999732,0.0005837113184527267,0.03648790526851935,0.002893119341084215,46.065,5.0,6.0,6.0,False,False,False
23,300,0,M,200,0.5631661830513746,0.012470316030321312,0.15295343268559555,0.0007055564884681166,0.03691792576191484,0.003250520673512131,46.065,3.0,3.0,4.0,True,True,False
23,300,0,P,200,0.59653867258166,0.0016060559552347304,0.15301934396064748,0.0006754286151946431,0.037577326375190456,0.0032525685260025336,46.065,1.0,2.0,2.0,True,True,True
23,300,0,S,200,0.3709313489196267,0.025729750363523127,0.15054310207550997,0.00044642993079526,0.03654332738806647,0.0027294213643114344,46.065,6.0,5.0,5.0,False,False,False
23,300,0,SLTA,200,0.48591132095965295,0.010577279770307304,0.15293185111765817,0.000732132698758658,0.037199087336451414,0.003332333855126849,46.065,4.0,4.0,3.0,False,False,True
23,300,0,Std,200,0.5782648432479129,0.0023552298804379737,0.15302634338808663,0.0006659000378791852,0.03762668820780228,0.003259498696810815,46.065,2.0,1.0,1.0,True,True,True
23,300,2,K,200,0.46994838230447294,0.01655803361154284,0.14960051251370513,0.000558959423159321,0.0371181115206006,0.0031093943975252663,48.43,5.0,6.0,4.0,False,False,False
23,300,2,M,200,0.5783669730359982,0.009284037417852676,0.15300262310620952,0.0006772434808739397,0.036897938526927604,0.003057402359254171,48.43,3.0,4.0,6.0,True,False,False
23,300,2,P,200,0.5966071627998379,0.0011890677371176376,0.1530790335224202,0.0006624640678259274,0.037607553412042485,0.0029778077561397097,48.43,1.0,2.0,2.0,True,True,True
23,300,2,S,200,0.37448388108412195,0.022993150511726932,0.1504307223794037,0.0004896070944070775,0.03711762872561781,0.002920484245103925,48.43,6.0,5.0,5.0,False,False,False
23,300,2,SLTA,200,0.4896165644988434,0.009914749470773343,0.15300417853452933,0.0007025690341864009,0.0371642586234977,0.003164663905661235,48.43,4.0,3.0,3.0,False,True,True
23,300,2,Std,200,0.5820108600937465,0.0014526383345564182,0.15308933823503895,0.0006585937559334835,0.03761658196682105,0.0030134224450154997,48.43,2.0,1.0,1.0,True,True,True
23,300,4,K,200,0.4693162273160943,0.01469277544879744,0.14949279910255828,0.0006231021970708767,0.037661935710299785,0.0032261364299605148,50.915,5.0,6.0,2.0,False,False,True
23,300,4,M,200,0.5888149959100337,0.006797282668158294,0.1530877828067191,0.000621275206029034,0.03679747927784336,0.0030496822462807815,50.915,2.0,4.0,6.0,True,False,False
23,300,4,P,200,0.5964814571170143,0.0008921928325462959,0.15315641608133074,0.0006135542339451345,0.03767752893651802,0.002949847233289018,50.915,1.0,2.0,1.0,True,True,True
23,300,4,S,200,0.376759593402568,0.020935977798272724,0.1504169179530654,0.0006207500831776832,0.03754415809902218,0.003248124512385954,50.915,6.0,5.0,4.0,False,False,False
23,300,4,SLTA,200,0.49201388256039974,0.009423783851663613,0.15309031037773882,0.0006847923647474562,0.0374640110238751,0.0031635962972669392,50.915,4.0,3.0,5.0,False,True,False
23,300,4,Std,200,0.5841613540993793,0.0008871870006778173,0.1531746923640885,0.0006059738695435221,0.03765164865013773,0.0030565707327551163,50.915,3.0,1.0,3.0,True,True,True
23,300,6,K,200,0.4687614442529686,0.01274309863412609,0.14952740738267406,0.0007110384820051193,0.03784419528405936,0.003691239014390159,53.59,5.0,6.0,1.0,False,False,True
23,300,6,M,200,0.5958421618773262,0.0051231592179109,0.153186941362107,0.0005810900468227858,0.03684542834266743,0.0029568687283008854,53.59,2.0,3.0,6.0,True,True,False
23,300,6,P,200,0.5963063288580523,0.0006699683659632588,0.15323788163958077,0.0005581276683101616,0.03771172283983692,0.0031135612302004806,53.59,1.0,2.0,3.0,True,True,True
23,300,6,S,200,0.3788564983684121,0.01944437704479878,0.15049196736949622,0.000741920599356913,0.03752363574637482,0.003756935855153403,53.59,6.0,5.0,5.0,False,False,False
23,300,6,SLTA,200,0.49371839258919087,0.008954994404084336,0.15316069350921022,0.0006307736984555312,0.037555227765466846,0.003270264327113557,53.59,4.0,4.0,4.0,False,False,False
23,300,6,Std,200,0.5853699593299944,0.000550550123564898,0.15325790777919834,0.0005537032361119167,0.03771397980509388,0.0031256442124289324,53.59,3.0,1.0,2.0,True,True,True
25,100,-10,K,200,0.2800873329951983,0.08651473558823873,0.22532649594103923,0.030041708535251725,0.05341382274386092,0.01744952858049792,37.805,5.0,6.0,6.0,False,False,False
25,100,-10,M,200,0.7960979540602757,0.040309629732432024,0.2650559777325759,5.9549699740478555e-05,0.11080951486200873,0.0023088479238559203,37.805,3.0,3.0,2.0,True,True,True
25,100,-10,P,200,0.9408916920242492,0.014994005844289074,0.26506933176179415,3.0361540601664345e-05,0.11112050293383277,0.0012804426384192354,37.805,1.0,1.0,1.0,True,True,True
25,100,-10,S,200,0.26684725242526386,0.08097748399130333,0.23175136837138358,0.03254209168238602,0.05757265550405937,0.022205020035631337,37.805,6.0,5.0,5.0,False,False,False
25,100,-10,SLTA,200,0.67216181029762,0.043614968155984084,0.26496216001883044,0.0004379260882076792,0.10986202684175884,0.00424096249289443,37.805,4.0,4.0,4.0,False,False,False
25,100,-10,Std,200,0.8404456291694663,0.0314296754910007,0.26506786055518533,3.159946040064008e-05,0.11071893840137163,0.00103480839006911,37.805,2.0,2.0,3.0,True,True,True
25,100,-8,K,200,0.3156004921575273,0.07293893533922934,0.23956709689573433,0.017160267000502546,0.06376573800724414,0.014285204419540792,42.155,5.0,6.0,6.0,False,False,False
25,100,-8,M,200,0.8541894221476457,0.024983564760663983,0.2650695581012724,3.246838786119483e-05,0.11138219628228484,0.0016059879179906326,42.155,3.0,3.0,1.0,True,True,True
25,100,-8,P,200,0.9601516324319899,0.006309644437750109,0.2650756692671859,1.9033194492419964e-05,0.11116990151689743,0.0009712125382046836,42.155,1.0,1.0,2.0,True,True,True
25,100,-8,S,200,0.3046051090391225,0.06772411922441163,0.24805516684030415,0.017044458526843352,0.07077425588595167,0.018901157712104138,42.155,6.0,5.0,5.0,False,False,False
25,100,-8,SLTA,200,0.7107495030694543,0.03546924986531962,0.26505575139309756,0.00012025752755882968,0.11115262358738898,0.002433476397975454,42.155,4.0,4.0,3.0,False,False,True
25,100,-8,Std,200,0.887253948412718,0.01804819571399779,0.2650743112303162,2.116938353477889e-05,0.1108212377032287,0.0007934445574876741,42.155,2.0,2.0,4.0,True,True,False
25,100,-6,K,200,0.3360381762372489,0.06325715545489878,0.24615244401617642,0.011565084960665578,0.07134623355570525,0.012712601807823685,46.125,5.0,6.0,6.0,False,False,False
25,100,-6,M,200,0.8938722956887157,0.015358760451135333,0.26507532975796844,2.2701804822032937e-05,0.11158023547134074,0.0012412968944271346,46.125,3.0,3.0,2.0,True,True,True
25,100,-6,P,200,0.9686715030891233,0.0034665639230227327,0.26507815900144693,1.3406755664373433e-05,0.1111725869761623,0.0007379974029044525,46.125,1.0,1.0,3.0,True,True,True
25,100,-6,S,200,0.3310677919564672,0.058581550209764126,0.2553623105569686,0.009550543984690909,0.08110496111423718,0.015666671251332975,46.125,6.0,5.0,5.0,False,False,False
25,100,-6,SLTA,200,0.7370280319406101,0.030893939896480555,0.26507521658822936,3.2009235987840426e-05,0.11166447645395944,0.0017369930881242959,46.125,4.0,4.0,1.0,False,False,True
25,100,-6,Std,200,0.9155434418753023,0.010431376766281024,0.2650777063224904,1.4877586797534183e-05,0.11086979927893856,0.0005883041842112439,46.125,2.0,2.0,4.0,True,True,False
25,100,-4,K,200,0.34516783030389214,0.056611170087507205,0.24931983867517166,0.008533081205042108,0.07681513794634004,0.011127238845963774,49.99,6.0,6.0,6.0,False,False,False
25,100,-4,M,200,0.9200308705803986,0.009547673790319776,0.2650777063224904,1.620284494884815e-05,0.11170065906859422,0.0009658793928056838,49.99,3.0,4.0,2.0,True,False,True
25,100,-4,P,200,0.9727290605403752,0.0023655201813261497,0.26507917752909915,1.121701130249875e-05,0.11114130654694034,0.0005206693179313724,49.99,1.0,1.0,3.0,True,True,True
25,100,-4,S,200,0.35019386891112925,0.05180693329369929,0.25890508924068467,0.005905040787630056,0.08753245350781562,0.013205644015837152,49.99,5.0,5.0,5.0,False,False,False
25,100,-4,SLTA,200,0.7549471500216478,0.027749391432786333,0.26507883801988175,1.3354809942316675e-05,0.1118965408387472,0.0012458900181308804,49.99,4.0,2.0,1.0,False,True,True
25,100,-4,Std,200,0.9322730742297253,0.006425166971576799,0.2650787248501426,1.2155443314591314e-05,0.11093248389395542,0.0003629952424437897,49.99,2.0,3.0,4.0,True,True,False
25,100,-2,K,200,0.34687465982466015,0.05034776137986454,0.25093296013684513,0.00679171563989881,0.08094155572303662,0.010474052708565317,53.315,6.0,6.0,6.0,False,False,False
25,100,-2,M,200,0.9368353232328537,0.005926780891272474,0.26507917752909915,1.2722509133001873e-05,0.11179739383167481,0.0007096099824877228,53.315,3.0,4.0,2.0,True,False,True
25,100,-2,P,200,0.974747173269882,0.001858721435706126,0.26507951703831656,1.1160064491263395e-05,0.11110186769577637,0.0003401982849377298,53.315,1.0,2.0,3.0,True,True,True
25,100,-2,S,200,0.36379180025487384,0.046117060984462145,0.2606382837955836,0.004304882590087036,0.09221881884719842,0.011130095946685075,53.315,5.0,5.0,5.0,False,False,False
25,100,-2,SLTA,200,0.7675422273767876,0.02517850525226901,0.2650800828870123,1.1041210576118283e-05,0.11203409139703101,0.0009507682764493436,53.315,4.0,1.0,1.0,False,True,True
25,100,-2,Std,200,0.9419709895470977,0.004293501869833824,0.2650794038685774,1.1180230348712928e-05,0.11095780666747626,0.000248442594537581,53.315,2.0,3.0,4.0,True,True,False
25,100,0,K,200,0.34280906193815924,0.04547005586557864,0.2515755379156709,0.005975379622195747,0.08355731343892522,0.009881032663510349,56.74,6.0,6.0,6.0,False,False,False
25,100,0,M,200,0.9473939061518033,0.003860286099818734,0.26508042239622964,1.0955189817713925e-05,0.11184632204344953,0.000549801922697491,56.74,3.0,2.5,2.0,True,True,True
25,100,0,P,200,0.9758981252670595,0.0014619823875308396,0.26508042239622964,1.0955189817718273e-05,0.11107196976672913,0.00021496074326146297,56.74,1.0,2.5,3.0,True,True,True
25,100,0,S,200,0.37302024093964625,0.04307083943638442,0.2615136517278163,0.00355414973616656,0.09508714827259396,0.010079583136182105,56.74,5.0,5.0,5.0,False,False,False
25,100,0,SLTA,200,0.7767521326356658,0.023255698620467467,0.2650807619054471,1.0857824156945268e-05,0.11211986551769101,0.0006372043050295699,56.74,4.0,1.0,1.0,False,True,True
25,100,0,Std,200,0.9476198564630488,0.0031294216941068036,0.2650801960567514,1.1013780404660341e-05,0.11098989000080961,0.00014333313856087907,56.74,2.0,4.0,4.0,True,False,False
25,100,2,K,200,0.3346628472996908,0.03953268800543386,0.25192591142804227,0.005607760033633975,0.0862035980434323,0.00903391980617728,59.98,6.0,6.0,6.0,False,False,False
25,100,2,M,200,0.9540730704948318,0.002616778474379336,0.2650811014146645,1.0748805302426388e-05,0.11189295047904045,0.0003916034519632449,59.98,2.0,1.5,2.0,True,True,True
25,100,2,P,200,0.9765734801611825,0.001151636811768715,0.2650809882449254,1.0786460753704068e-05,0.11104791637813789,9.15506285562186e-05,59.98,1.0,3.5,3.0,True,False,True
25,100,2,S,200,0.37847763512989085,0.039035142708985865,0.2621302004666403,0.0030461068070595735,0.09689111676863993,0.008855266827770852,59.98,5.0,5.0,5.0,False,False,False
25,100,2,SLTA,200,0.7831174397655717,0.02179996025283346,0.2650811014146645,1.0748805302430672e-05,0.11214770745741508,0.0004609464930310678,59.98,4.0,1.5,1.0,False,True,True
25,100,2,Std,200,0.9508399978030535,0.0023586429890540147,0.2650809882449254,1.0786460753709977e-05,0.11101155666747627,9.662073650360557e-05,59.98,3.0,3.5,4.0,True,False,False
25,100,4,K,200,0.32526919628112066,0.03374631149421412,0.2520945343393579,0.005099619491498502,0.08794668667772404,0.008789670676042992,63.245,6.0,6.0,6.0,False,False,False
25,100,4,M,200,0.9582717302981526,0.001845839375023568,0.2650816672633602,1.054021167541752e-05,0.11191780953664951,0.0002813261544985417,63.245,2.0,4.0,2.0,True,False,True
25,100,4,P,200,0.976996201805034,0.000913282691488273,0.2650821199423168,1.0347950357413914e-05,0.11103822333414293,0.0,63.245,1.0,3.0,3.0,True,True,True
25,100,4,S,200,0.3821328680841198,0.03591842685459068,0.26247683937762006,0.002628846044504937,0.09826359145357509,0.007431566248272066,63.245,5.0,5.0,5.0,False,False,False
25,100,4,SLTA,200,0.788233421127886,0.02058812722546856,0.2650822331120559,1.0296199369958156e-05,0.11213147553546163,0.00037440153874246357,63.245,4.0,1.5,1.0,False,True,True
25,100,4,Std,200,0.9526554851490979,0.0018361311255424035,0.2650822331120559,1.0296199369962318e-05,0.11101489000080961,8.52624286661009e-05,63.245,3.0,1.5,4.0,True,True,False
25,100,6,K,200,0.3143286489940292,0.029023361265391883,0.25204915327396354,0.004845565483153531,0.08870126396360316,0.008283995165852487,66.695,6.0,6.0,6.0,False,False,False
25,100,6,M,200,0.9609332161485413,0.001344738792724391,0.2650827989607516,1.0014179613874215e-05,0.11194759903881402,0.00019407707542589507,66.695,2.0,4.0,2.0,True,False,True
25,100,6,P,200,0.9773293106550968,0.0007175052186883553,0.26508449650683863,8.901600102161882e-06,0.11103822333414293,0.0,66.695,1.0,1.5,3.0,True,True,True
25,100,6,S,200,0.3835027042585742,0.033470323786554027,0.2626304107136304,0.0024018116115166552,0.09859382392774307,0.007009658147163886,66.695,5.0,5.0,5.0,False,False,False
25,100,6,SLTA,200,0.792119026563648,0.019374017141412403,0.26508449650683863,8.901600102161882e-06,0.11212852422381227,0.0002983529005525242,66.695,4.0,1.5,1.0,False,True,True
25,100,6,Std,200,0.9536514312708045,0.00142137053192519,0.2650843833370995,8.9900895132722e-06,0.11102489000080959,6.54836407255978e-05,66.695,3.0,3.0,4.0,True,True,False
25,150,-10,K,200,0.3205976863362709,0.07992808645750855,0.20478542866119612,0.009445019168868087,0.06042818783765386,0.010550403147784472,36.68,5.0,5.0,5.0,False,False,False
25,150,-10,M,200,0.6661790270668775,0.047155156991275794,0.2169449120376331,0.00035426716387953393,0.074610777008373,0.0026695408412739196,36.68,3.0,4.0,4.0,True,False,False
25,150,-10,P,200,0.8031310360992948,0.019638994487695034,0.2170260792498817,0.000289652942072735,0.07506401752031205,0.0018824711800846047,36.68,1.0,2.0,1.0,True,True,True
25,150,-10,S,200,0.2212096750136617,0.07801047836705932,0.18960467526012356,0.03125980067841275,0.045186216900984774,0.014856006601613053,36.68,6.0,6.0,6.0,False,False,False
25,150,-10,SLTA,200,0.6031341310392687,0.03485584830856138,0.2169716916960961,0.000302103654829504,0.07487898061848838,0.001886651790369148,36.68,4.0,3.0,3.0,False,True,True
25,150,-10,Std,200,0.7056490311390802,0.03352811011033985,0.2170299443552269,0.0002861356448871891,0.07498321872841766,0.0017678249446419231,36.68,2.0,1.0,2.0,True,True,True
25,150,-8,K,200,0.36099030158754963,0.07053673011430621,0.20886794618203489,0.004130264530707143,0.06707611918348015,0.006320242654667904,41.46,5.0,5.0,5.0,False,False,False
25,150,-8,M,200,0.7236467473433389,0.030734015800778808,0.21699791919665262,0.0002900496299960798,0.075175398440454,0.0021315308528850785,41.46,3.0,4.0,3.0,True,False,True
25,150,-8,P,200,0.8203745811376092,0.008271649706317068,0.2170619695138012,0.00024092782092888733,0.07526260113930743,0.0014034138352083973,41.46,1.0,2.0,1.0,True,True,True
25,150,-8,S,200,0.2655306963181734,0.06953949369274673,0.20336251773626607,0.017263378917053363,0.05508454070085749,0.012477124606731097,41.46,6.0,6.0,6.0,False,False,False
25,150,-8,SLTA,200,0.6364194480892111,0.024864041058187073,0.21701903923657442,0.0002564920126699673,0.07508809771177093,0.00138909661164482,41.46,4.0,3.0,4.0,False,True,False
25,150,-8,Std,200,0.7473663555755243,0.01800433144378702,0.21706624873757618,0.0002365048205318401,0.07519210681133148,0.0013278148064010155,41.46,2.0,1.0,2.0,True,True,True
25,150,-6,K,200,0.3859792124032878,0.05976336653400851,0.21003010053564236,0.0024328690049826166,0.06968638778985586,0.004300122951793509,45.985,5.0,5.0,5.0,False,False,False
25,150,-6,M,200,0.7633746666392675,0.019992386488868964,0.21703781260539387,0.00025340324204369913,0.07551358807679805,0.0017263468684248103,45.985,3.0,4.0,2.0,True,False,True
25,150,-6,P,200,0.8264122744753948,0.00447658127251229,0.21709109584336658,0.00020717821376121503,0.07552647335777524,0.0010015658268219248,45.985,1.0,2.0,1.0,True,True,True
25,150,-6,S,200,0.2998808295213988,0.05751057520449303,0.2098810179009,0.008370035593093334,0.06254483467117346,0.009464614400247932,45.985,6.0,6.0,6.0,False,False,False
25,150,-6,SLTA,200,0.6581442019495283,0.02010411805457068,0.21705396322415763,0.000220679915460515,0.07536721111389168,0.001051974704122926,45.985,4.0,3.0,4.0,False,True,False
25,150,-6,Std,200,0.7716033337185532,0.009739010755791188,0.21709606526452468,0.00020585102390202912,0.07544120872494076,0.0009457195081880249,45.985,2.0,1.0,3.0,True,True,True
25,150,-4,K,200,0.39768542062161466,0.05238856574963028,0.21024226721119704,0.0017364792743898155,0.07098418111540288,0.0032664950021488517,49.855,5.0,6.0,5.0,False,False,False
25,150,-4,M,200,0.7904728004128478,0.012958583347839772,0.21707121815873429,0.00022589984064221898,0.0756557715395771,0.0014284120824949655,49.855,2.0,4.0,1.0,True,False,True
25,150,-4,P,200,0.8284242097453736,0.0029712870265015973,0.21711939393607232,0.0001918708551778049,0.07563228425888394,0.0008100475452382646,49.855,1.0,2.0,2.0,True,True,True
25,150,-4,S,200,0.32288590320073113,0.04885895136050765,0.21224052667465135,0.004368204392939934,0.06747748204540514,0.006209449306241111,49.855,6.0,5.0,6.0,False,False,False
25,150,-4,SLTA,200,0.6719258516063745,0.017378976073430866,0.21709468486975855,0.0001871435528412759,0.07544131383510838,0.0008651602066894939,49.855,4.0,3.0,4.0,False,True,False
25,150,-4,Std,200,0.7854438036631479,0.005358815194142923,0.21712422531775377,0.0001875832656867708,0.07562279882519998,0.0007119652237199845,49.855,3.0,1.0,3.0,True,True,True
25,150,-2,K,200,0.4001404679112611,0.04658495532571071,0.21019892281554045,0.0013123357679953461,0.07163633765116158,0.003051519136331264,53.385,5.0,6.0,5.0,False,False,False
25,150,-2,M,200,0.8087105681229565,0.008496924370610632,0.21711483863334408,0.0001943463950930325,0.07587593594665694,0.0011831725158684536,53.385,2.0,4.0,1.0,True,False,True
25,150,-2,P,200,0.8288849585421509,0.002237929615621368,0.21714658771296513,0.00017073833660511507,0.07582345012896158,0.000670406001186056,53.385,1.0,1.0,2.0,True,True,True
25,150,-2,S,200,0.3377424622052579,0.042398927385706074,0.2132716815649528,0.002408988362067636,0.06984215677862854,0.00441218446034485,53.385,6.0,5.0,6.0,False,False,False
25,150,-2,SLTA,200,0.680921413644416,0.015580772029689738,0.2171254676730433,0.00016621699040397163,0.07566075271648842,0.0006497031723806593,53.385,4.0,3.0,4.0,False,True,False
25,150,-2,Std,200,0.793170642572038,0.0030416632331484316,0.21714644967348853,0.00017048864578982754,0.07579604784252253,0.0006369377448843095,53.385,3.0,2.0,3.0,True,True,True
25,150,0,K,200,0.3971819464852491,0.04093107014394292,0.2101557164593605,0.0010244946239077086,0.07235602241288679,0.002706319381161869,56.72,5.0,6.0,5.0,False,False,False
25,150,0,M,200,0.820478426005579,0.0057353304739668695,0.21715611243685146,0.00017410103565559997,0.07611623702956098,0.0010593140446100461,56.72,2.0,3.0,1.0,True,True,True
25,150,0,P,200,0.8287859175159288,0.0017606077277714863,0.21717460972671765,0.00016052516918425264,0.07589136229277815,0.0005893248439699229,56.72,1.0,1.0,2.0,True,True,True
25,150,0,S,200,0.3468369638183261,0.0365161776263989,0.21377083231238653,0.0017875864294473495,0.07113593853557129,0.0034108126197166153,56.72,6.0,5.0,6.0,False,False,False
25,150,0,SLTA,200,0.687020373518661,0.014377632051430129,0.21714534535767563,0.0001557139976758518,0.07572447998472673,0.0005857756027147205,56.72,4.0,4.0,4.0,False,False,False
25,150,0,Std,200,0.7972991628291518,0.0017822673879565628,0.21716839795027007,0.00016067333104086755,0.07584464456401999,0.000590125734109058,56.72,3.0,2.0,3.0,True,True,True
25,150,2,K,200,0.3908403878052637,0.035603926826721054,0.21013735720897092,0.0008215320206397534,0.0726545513969746,0.0021840496029656735,59.99,5.0,6.0,5.0,False,False,False
25,150,2,M,200,0.8279150522037212,0.004059551003472818,0.21718565288484673,0.0001620071917369945,0.07618803577860606,0.0010328013968129105,59.99,2.0,3.0,1.0,True,True,True
25,150,2,P,200,0.8284983595622886,0.0014615587249746467,0.21719931879303142,0.00015201271046298522,0.07592383569029566,0.0005487806809320758,59.99,1.0,1.0,2.0,True,True,True
25,150,2,S,200,0.35221429795958203,0.03234985954756807,0.21408514820063507,0.0012408081915969008,0.07217158681172324,0.0029142926778476367,59.99,6.0,5.0,6.0,False,False,False
25,150,2,SLTA,200,0.6910311450007276,0.013513287691809978,0.21717033050294263,0.00014822774554789362,0.07577495403232945,0.0005410904491560403,59.99,4.0,4.0,4.0,False,False,False
25,150,2,Std,200,0.7993589346674271,0.0010727476430848907,0.21719186466129434,0.00015330157111330343,0.07588716902362899,0.0005660617562425942,59.99,3.0,2.0,3.0,True,True,True
25,150,4,K,200,0.38282779548660345,0.030177914776203022,0.21014163643274592,0.0007095984532543809,0.0730516210658678,0.002001709776480664,63.345,5.0,6.0,6.0,False,False,False
25,150,4,M,200,0.8327017806756717,0.0029609022253956445,0.21721105214854355,0.00014625436084156866,0.07617473833054757,0.0009598277450427529,63.345,1.0,3.0,1.0,True,True,True
25,150,4,P,200,0.828165414384409,0.001173756236718113,0.2172313439516057,0.00013495993313969375,0.07600719348323802,0.000495698977475472,63.345,2.0,1.0,2.0,True,True,True
25,150,4,S,200,0.35559162345211676,0.028920629566479106,0.2142553508752993,0.0010132666203236372,0.07307459322932525,0.0024706326164350857,63.345,6.0,5.0,5.0,False,False,False
25,150,4,SLTA,200,0.6938806525716877,0.01295807629416183,0.21720263174047016,0.000141131611693126,0.07585886014990469,0.0005054449477422854,63.345,4.0,4.0,4.0,False,False,False
25,150,4,Std,200,0.8003013827641956,0.0006524529082994441,0.21722154314876618,0.00014013501971258798,0.07600052681657135,0.0004801358452848541,63.345,3.0,2.0,3.0,True,True,True
25,150,6,K,200,0.3744899363802579,0.025835051798385193,0.21006640491799167,0.0007601048098371268,0.07320833809026496,0.001964510630804638,67.18,5.0,6.0,6.0,False,False,False
25,150,6,M,200,0.835732250291818,0.002229356388342771,0.2172434914255477,0.00012293121900434277,0.07615360803110845,0.0008435594201521329,67.18,1.0,3.0,1.0,True,True,True
25,150,6,P,200,0.8278272373461093,0.0009369449525381462,0.21725936596535822,0.00011326957824713312,0.07609052681657136,0.000454262030311942,67.18,2.0,1.0,2.0,True,True,True
25,150,6,S,200,0.3577294807773892,0.02640760670254428,0.21433969299551003,0.00095479671059041,0.0738730044198504,0.0022223800992453393,67.18,6.0,5.0,5.0,False,False,False
25,150,6,SLTA,200,0.69633023217738,0.012238995485645398,0.2172375557280533,0.00012734320537327254,0.07596552681657136,0.0004933703413164051,67.18,4.0,4.0,4.0,False,False,False
25,150,6,Std,200,0.8006333967418453,0.00040059260717643463,0.21725218791257433,0.0001174992242680973,0.07604052681657135,0.0005153587487042254,67.18,3.0,2.0,3.0,True,True,True
25,200,-10,K,200,0.3887997651990552,0.07635460717143315,0.1824315226052398,0.0035826925968061685,0.05216992857590894,0.005125559571581267,36.64,5.0,5.0,5.0,False,False,False
25,200,-10,M,200,0.5238968129697086,0.05811884767778406,0.18738229775015175,0.0006997041091984024,0.05462845089879372,0.0036453724952573373,36.64,3.0,4.0,4.0,True,False,False
25,200,-10,P,200,0.6771519403001396,0.022075131464822335,0.18746962787753524,0.0006480413524569638,0.055389074650042475,0.003645336943382773,36.64,1.0,2.0,2.0,True,True,True
25,200,-10,S,200,0.20201706150338822,0.07989804962403146,0.16489566484088702,0.026399528117775413,0.03783566012297647,0.011916419418590514,36.64,6.0,6.0,6.0,False,False,False
25,200,-10,SLTA,200,0.5145914510853701,0.03519736431683863,0.18741952042739715,0.0006618019473768159,0.05490136707983491,0.0036548635199576086,36.64,4.0,3.0,3.0,False,True,True
25,200,-10,Std,200,0.5944716271014696,0.03311402308132601,0.1874825126504279,0.0006453442276731921,0.05539519405841189,0.0036611106082073425,36.64,2.0,1.0,1.0,True,True,True
25,200,-8,K,200,0.42852675353013303,0.05619438350683605,0.1832898711796685,0.0012293909622317085,0.054565388115386894,0.003549555037879844,41.61,5.0,5.0,4.0,False,False,False
25,200,-8,M,200,0.5826331855614104,0.03921246472180183,0.18742651956328948,0.0006403483088169021,0.05454934826531608,0.003779489453673874,41.61,3.0,4.0,5.0,True,False,False
25,200,-8,P,200,0.6980063140766966,0.008721038057036697,0.18750335098683452,0.0006055039705171762,0.05550038180122462,0.003773327738056385,41.61,1.0,2.0,2.0,True,True,True
25,200,-8,S,200,0.2460227349172499,0.06721635348712487,0.1783845904180565,0.00923182390968122,0.04586324298646425,0.008552940659600772,41.61,6.0,6.0,6.0,False,False,False
25,200,-8,SLTA,200,0.5481081250743948,0.023093794300109775,0.18744847139858806,0.0006315140604926003,0.05525471568955852,0.0035718642830226315,41.61,4.0,3.0,3.0,False,True,True
25,200,-8,Std,200,0.636479796980456,0.017286503950725278,0.1875159176171866,0.0005986646919528252,0.05552203713200496,0.003811261018821067,41.61,2.0,1.0,1.0,True,True,True
25,200,-6,K,200,0.45464037690212245,0.04299378638911169,0.18326728305928877,0.0010029909642469755,0.054736997921215745,0.0036660802003878677,46.35,5.0,5.0,4.0,False,False,False
25,200,-6,M,200,0.6264421823228961,0.026659976889922107,0.1874378136234793,0.0006223215189262899,0.054489307084274914,0.0035914989490520737,46.35,3.0,4.0,5.0,True,False,False
25,200,-6,P,200,0.7056767896368663,0.004489423983535609,0.1875041463431859,0.0005968148364529554,0.055201128665471486,0.0033367199670886714,46.35,1.0,2.0,2.0,True,True,True
25,200,-6,S,200,0.28163606139633285,0.05602577709628829,0.18264435996487388,0.003415758440332458,0.05084222980676079,0.005762104002233693,46.35,6.0,6.0,6.0,False,False,False
25,200,-6,SLTA,200,0.5684289163641765,0.01722386080633715,0.1874505393251017,0.000629170308860173,0.055157659731627555,0.0036571757347639935,46.35,4.0,3.0,3.0,False,True,True
25,200,-6,Std,200,0.6610123606135765,0.00947671896558444,0.18752673446356563,0.0005922298463164669,0.05530633372430155,0.003389870982354103,46.35,2.0,1.0,1.0,True,True,True
25,200,-4,K,200,0.46825665951765444,0.03619230424264749,0.1830848283122781,0.000914113182127227,0.05426557677291959,0.003995871845286187,50.7,5.0,6.0,5.0,False,False,False
25,200,-4,M,200,0.6578388970131122,0.0178518086821945,0.1874355866256954,0.0006168900613714176,0.05464518091877374,0.0035159840057065314,50.7,3.0,4.0,4.0,True,False,False
25,200,-4,P,200,0.7082189644501626,0.0027583504915663333,0.18750319191556425,0.0005832484352526807,0.05504251666635949,0.0031929711396611964,50.7,1.0,2.0,2.0,True,True,True
25,200,-4,S,200,0.30735754554804035,0.04786790958744227,0.18379539967661707,0.001901096514687006,0.05347077609686593,0.00477930691577372,50.7,6.0,5.0,6.0,False,False,False
25,200,-4,SLTA,200,0.580880961297709,0.014169929947022021,0.18746342409799435,0.0006215304321421486,0.05465929594263876,0.003526328871733127,50.7,4.0,3.0,3.0,False,True,True
25,200,-4,Std,200,0.6748283309545688,0.0052384690122245165,0.1875224395392681,0.0005812481406239656,0.05504448994308276,0.0033809344269921065,50.7,2.0,1.0,1.0,True,True,True
25,200,-2,K,200,0.4724245122587514,0.032511581138463724,0.18284972097480484,0.000885704527769622,0.05428080616852399,0.003945145388550642,53.995,5.0,6.0,5.0,False,False,False
25,200,-2,M,200,0.6796000874698142,0.012018998229866613,0.18746469666815657,0.0005876821310748056,0.054571223293066115,0.003526167197336119,53.995,3.0,4.0,4.0,True,False,False
25,200,-2,P,200,0.708936252163679,0.0019398019965824514,0.18749603370840165,0.0005782939296770309,0.05483655865215148,0.003178220704456925,53.995,1.0,2.0,2.0,True,True,True
25,200,-2,S,200,0.3237785864908391,0.04259096704068127,0.1841655585225577,0.0012909718660672302,0.05401498863934694,0.004236697619571599,53.995,6.0,5.0,6.0,False,False,False
25,200,-2,SLTA,200,0.5888836973989077,0.012305527104175183,0.1874821945078873,0.0006114891080356027,0.05465039885361669,0.003404743148708409,53.995,4.0,3.0,3.0,False,True,True
25,200,-2,Std,200,0.6825801837235068,0.0029685769276187857,0.18752180325418696,0.0005751708808182985,0.05487129048975832,0.003302526392974872,53.995,2.0,1.0,1.0,True,True,True
25,200,0,K,200,0.47177716681299636,0.028337331032676667,0.18271482853760773,0.0008642676598034514,0.053980138280856106,0.0036941989249087833,56.855,5.0,6.0,6.0,False,False,False
25,200,0,M,200,0.6937551169727264,0.008469581299796355,0.18746708273721077,0.0005855649678165701,0.05420792743614526,0.003251849823839679,56.855,2.0,4.0,4.0,True,False,False
25,200,0,P,200,0.7089437566328545,0.0014458686408148009,0.18748426243440097,0.0005802988199947398,0.05454852981987265,0.0031597624903971625,56.855,1.0,2.0,2.0,True,True,True
25,200,0,S,200,0.33495359580506096,0.03761586627652248,0.1844501370250879,0.0010566534374574393,0.05414318267447848,0.003831398399616661,56.855,6.0,5.0,5.0,False,False,False
25,200,0,SLTA,200,0.5938258470832046,0.011109328617459245,0.18747137766150831,0.0006022122423897302,0.05452240992587775,0.003376934150822248,56.855,4.0,3.0,3.0,False,True,True
25,200,0,Std,200,0.6867567304160772,0.0017459069703122097,0.18751337247686212,0.0005823837762522651,0.054692468256436075,0.0031792696334649187,56.855,3.0,1.0,1.0,True,True,True
25,200,2,K,200,0.46683828659516224,0.024610613089698405,0.18269701255533644,0.0008488003955141772,0.053901520870488696,0.003847249495677057,59.255,5.0,6.0,5.0,False,False,False
25,200,2,M,200,0.7030443015565409,0.006129033416941983,0.187493965781888,0.0005951636806338192,0.054248923773141604,0.0031900010493479056,59.255,2.0,2.0,4.0,True,True,False
25,200,2,P,200,0.7088175932272837,0.001111404735199305,0.18748887550123908,0.0005839839739359647,0.05469942373151655,0.0030838467040570664,59.255,1.0,3.0,2.0,True,True,True
25,200,2,S,200,0.3411052787636383,0.032870307004902746,0.18467013259188458,0.0010374661268392005,0.05377616262456795,0.0039625541717736015,59.255,6.0,5.0,6.0,False,False,False
25,200,2,SLTA,200,0.5965987326620653,0.010330019821063586,0.18748871642996878,0.0005927043452995056,0.054509747824090654,0.0032317586408631667,59.255,4.0,4.0,3.0,False,False,True
25,200,2,Std,200,0.6889509388738433,0.0010525979165169786,0.18751687204480827,0.0005841424639645143,0.05474193979878263,0.003195119491375929,59.255,3.0,1.0,1.0,True,True,True
25,200,4,K,200,0.4609585370751126,0.0214251461150672,0.18282649656934402,0.0008076612287928721,0.05323175362384644,0.0037790868179014138,61.735,5.0,6.0,5.0,False,False,False
25,200,4,M,200,0.7087926423652866,0.004527501730891288,0.18750001049015863,0.0005782186165560926,0.05414824664471447,0.0032742893069164706,61.735,1.0,3.0,4.0,True,True,False
25,200,4,P,200,0.7086174128396023,0.0008585259832309804,0.1875004877039695,0.0005678939397317413,0.054665737001579826,0.0031431329875102553,61.735,2.0,2.0,2.0,True,True,True
25,200,4,S,200,0.34491883173088006,0.029459177166180055,0.18493689511214345,0.0010549856996668885,0.05319329218251001,0.0036114304939796923,61.735,6.0,5.0,6.0,False,False,False
25,200,4,SLTA,200,0.5980224942432673,0.009864050100322697,0.1874903071426716,0.0005707095917127016,0.05433769539041323,0.0032832410132869866,61.735,4.0,4.0,3.0,False,False,True
25,200,4,Std,200,0.6900263211312893,0.000646877115249865,0.18752800703372785,0.0005822735508733165,0.05470119835966618,0.0030576109216869157,61.735,3.0,1.0,1.0,True,True,True
25,200,6,K,200,0.4552679303312207,0.018979777938368695,0.1830254947284638,0.0007612380828499864,0.05261404273751056,0.0034299430949422515,64.335,5.0,6.0,6.0,False,False,False
25,200,6,M,200,0.7124704369527612,0.0034316306435355983,0.18752434839451143,0.0005556143493722712,0.05423856744891028,0.0031723943820834277,64.335,1.0,3.0,4.0,True,True,False
25,200,6,P,200,0.7084386400190604,0.0006785346471969799,0.18753325638564708,0.0005619545736944199,0.05442156564515847,0.0032018594466210384,64.335,2.0,2.0,3.0,True,True,True
25,200,6,S,200,0.3469658016127843,0.026781607450579552,0.18520986141194323,0.0010201123874632545,0.05272362682009464,0.003296993973222163,64.335,6.0,5.0,5.0,False,False,False
25,200,6,SLTA,200,0.5988954997145614,0.009495586912871662,0.18751241804924046,0.0005565901235254253,0.05444611966058749,0.003303379916762965,64.335,4.0,4.0,2.0,False,False,True
25,200,6,Std,200,0.6905130939576832,0.00040243769144228023,0.18753516524089042,0.00057130843138262,0.0546178425765604,0.0032281953306905666,64.335,3.0,1.0,1.0,True,True,True
25,250,-10,K,200,0.4182486722507901,0.06424259396697508,0.15942721157442363,0.0013193686575751066,0.04017943583069003,0.0038511557093055004,36.075,4.0,5.0,4.0,False,False,False
25,250,-10,M,200,0.40458336184927873,0.0558201255894333,0.1615929992854976,0.0010347162763186012,0.04010086058856161,0.0035647466333533833,36.075,5.0,4.0,5.0,False,False,False
25,250,-10,P,200,0.5707737704921378,0.02411201305580567,0.16177676753738143,0.0008413579347517087,0.041253612567791524,0.003737347988288769,36.075,1.0,2.0,1.0,True,True,True
25,250,-10,S,200,0.2540718189093594,0.07953742401591929,0.1540832601538738,0.016035983335974384,0.03458445243055842,0.0070974209997742696,36.075,6.0,6.0,6.0,False,False,False
25,250,-10,SLTA,200,0.4353800801220617,0.03187726951073798,0.16169111906070502,0.0008830458226254632,0.040726820970499934,0.003876225613992779,36.075,3.0,3.0,3.0,True,True,True
25,250,-10,Std,200,0.502128663245717,0.030852139094569603,0.16178978904025942,0.0008373391927950835,0.04124003199558594,0.0036569632246775154,36.075,2.0,1.0,2.0,True,True,True
25,250,-8,K,200,0.4471027285852695,0.045403648587597156,0.1594600404337921,0.0009743926410560919,0.04054645913788809,0.0034989088714504836,40.45,5.0,5.0,5.0,False,False,False
25,250,-8,M,200,0.45694329350315416,0.04528466714298897,0.16172449812442047,0.0008869751911092995,0.04062711638342034,0.0035186862416161343,40.45,4.0,4.0,4.0,False,False,False
25,250,-8,P,200,0.5936137486447975,0.010748097018719555,0.16182188429383196,0.0008342384276782826,0.04144808567801464,0.003534165380288151,40.45,1.0,2.0,2.0,True,True,True
25,250,-8,S,200,0.2938948342268606,0.062384371661800456,0.1585758620482313,0.005096538811823476,0.037627898383305956,0.004361736042531618,40.45,6.0,6.0,6.0,False,False,False
25,250,-8,SLTA,200,0.4660998116483796,0.020886618911168862,0.1617417378606251,0.0008679985053471155,0.04085901924444821,0.0037836474494612527,40.45,3.0,3.0,3.0,True,True,True
25,250,-8,Std,200,0.5412961141259314,0.017965956413595486,0.16183288838077112,0.0008331184546916891,0.04146291280921677,0.003478785165356338,40.45,2.0,1.0,1.0,True,True,True
25,250,-6,K,200,0.4583650210593811,0.033025655121409245,0.15916861553135359,0.0009056060301182134,0.04034946446589343,0.003201510507349752,43.61,5.0,6.0,5.0,False,False,False
25,250,-6,M,200,0.5027057058878863,0.03305588509114479,0.16181601544746438,0.0008743347822166002,0.04076507488325384,0.0034987379523779257,43.61,3.0,3.0,4.0,True,True,False
25,250,-6,P,200,0.6032172136559114,0.005329016246796232,0.16188515779373205,0.00083246258005365,0.041322044927098886,0.003408372872444225,43.61,1.0,2.0,1.0,True,True,True
25,250,-6,S,200,0.31638188559646435,0.046821361171066514,0.15950112235836494,0.0012135081290787404,0.03903599376772107,0.0031669108109689753,43.61,6.0,5.0,6.0,False,False,False
25,250,-6,SLTA,200,0.48475696634015564,0.015167562213247512,0.16180519476197422,0.0008662731160216016,0.04107220010525406,0.003692169488591424,43.61,4.0,4.0,3.0,False,False,True
25,250,-6,Std,200,0.5648913692839901,0.009924714356017434,0.16190496515022254,0.0008293343906447992,0.04125915381820778,0.003426772698870732,43.61,2.0,1.0,2.0,True,True,True
25,250,-4,K,200,0.46215397610430164,0.027944878022319656,0.1587860401087691,0.0008761263483651942,0.04062739152494548,0.003224875103659627,46.435,5.0,6.0,5.0,False,False,False
25,250,-4,M,200,0.5380412742962063,0.02492851060438943,0.1618912100415486,0.0008318349206824819,0.04088685306340702,0.0034364179439533584,46.435,3.0,3.0,4.0,True,True,False
25,250,-4,P,200,0.606944611899271,0.0033538693838959656,0.16194146203857074,0.0008108253982608875,0.041412702699881655,0.003148875420622865,46.435,1.0,2.0,1.0,True,True,True
25,250,-4,S,200,0.3306148800640759,0.03961303875196826,0.15948388262216026,0.0005736566597602645,0.03968975772124918,0.00311708841786811,46.435,6.0,5.0,6.0,False,False,False
25,250,-4,SLTA,200,0.4958194095407344,0.012311963806892364,0.161847010292343,0.000861778421546108,0.041074464216143164,0.0037883028870346496,46.435,4.0,4.0,3.0,False,False,True
25,250,-4,Std,200,0.5786968686583722,0.005679459496285604,0.16195796816897942,0.0008074303801801248,0.041365445956624905,0.0032885256584619807,46.435,2.0,1.0,2.0,True,True,True
25,250,-2,K,200,0.4616519885120047,0.02416546884462788,0.15838163991375528,0.0008516976084245057,0.04117672996428392,0.0034382188314842294,48.845,5.0,6.0,3.0,False,False,True
25,250,-2,M,200,0.5647967927948493,0.017872506233382306,0.16194201224291768,0.0008354027277143303,0.04088458322213718,0.0034894820656341027,48.845,3.0,3.0,5.0,True,True,False
25,250,-2,P,200,0.6083601055893659,0.0023236234730698553,0.16199391485298067,0.0008186362548918652,0.04157114629795026,0.003315866552984221,48.845,1.0,2.0,1.0,True,True,True
25,250,-2,S,200,0.33903636068993726,0.034775201558454635,0.1593250569673385,0.0005976967085154885,0.040480649849953816,0.0033413724768442806,48.845,6.0,5.0,6.0,False,False,False
25,250,-2,SLTA,200,0.5028907885608394,0.010656298406604859,0.1619014805226918,0.0008622614666687079,0.04114124432492328,0.003841151067433011,48.845,4.0,4.0,4.0,False,False,False
25,250,-2,Std,200,0.586812518427902,0.00323492532544717,0.16201463921671608,0.0008139042979825123,0.041530447718751674,0.0032203440066086147,48.845,2.0,1.0,2.0,True,True,True
25,250,0,K,200,0.4593604770490129,0.020546491731918963,0.1580975510692762,0.0007878446135722125,0.0416182996592948,0.0035642139268639546,51.11,5.0,6.0,3.0,False,False,True
25,250,0,M,200,0.5834833807494548,0.01306302270558559,0.16201500601961405,0.0008153576220866816,0.040980729853283805,0.003355456249724436,51.11,3.0,3.0,5.0,True,True,False
25,250,0,P,200,0.6087712049914029,0.0016451383683652768,0.16205828876157471,0.0008051068430256699,0.04171186578679475,0.003515102245407242,51.11,1.0,2.0,1.0,True,True,True
25,250,0,S,200,0.3445329663979386,0.029762409502761718,0.1592463777457236,0.0006760202657730776,0.04097907572962969,0.003527774882531611,51.11,6.0,5.0,6.0,False,False,False
25,250,0,SLTA,200,0.5072534739325715,0.009701947751533269,0.1619621864023061,0.0008506816355083127,0.04121640498370894,0.004007062496946553,51.11,4.0,4.0,4.0,False,False,False
25,250,0,Std,200,0.5914309628204983,0.0018908350292835949,0.1620867159861675,0.0008008023409815832,0.041710341075395035,0.003472021563406138,51.11,2.0,1.0,2.0,True,True,True
25,250,2,K,200,0.4564749828881045,0.01736500115218491,0.15794074283039328,0.0007943372489604533,0.04170970672363568,0.003798100798488293,53.325,5.0,6.0,1.0,False,False,True
25,250,2,M,200,0.595918818625892,0.00954462695069586,0.1620821309499429,0.0008170177509088075,0.041015035769589724,0.00344148685558787,53.325,2.0,3.0,6.0,True,True,False
25,250,2,P,200,0.6087927102966716,0.001170496366550463,0.16210322211657624,0.0007959524565587608,0.04164070422613318,0.0036035862031973736,53.325,1.0,2.0,2.0,True,True,True
25,250,2,S,200,0.34781023835654723,0.025663566538127847,0.15925518101527492,0.0008060324063033713,0.0413340088381878,0.0036797584861439966,53.325,6.0,5.0,4.0,False,False,False
25,250,2,SLTA,200,0.5100030602182833,0.009165848385845188,0.16201463921671608,0.0008296106277484964,0.04129404351184746,0.004037297324339779,53.325,4.0,4.0,5.0,False,False,False
25,250,2,Std,200,0.5940002714626139,0.00113951271575574,0.162145404449843,0.0007900363060052736,0.04160141586171982,0.003575305348317895,53.325,3.0,1.0,3.0,True,True,True
25,250,4,K,200,0.4536793504549339,0.014833531187486058,0.15795009630429158,0.0008909634958858478,0.041441087010015976,0.004033818962523725,55.755,5.0,6.0,3.0,False,False,True
25,250,4,M,200,0.6041039323906424,0.006969280129776462,0.16211294239337248,0.0007899598163912593,0.0407661882421172,0.0035084954544885405,55.755,2.0,3.0,6.0,True,True,False
25,250,4,P,200,0.6086814272739537,0.0008314926500368119,0.16213513396869977,0.0007749279028406746,0.0414999611358901,0.0034358967352696498,55.755,1.0,2.0,2.0,True,True,True
25,250,4,S,200,0.3501158975841037,0.02276994941467784,0.1593848458397079,0.000917777373517901,0.041130169455348406,0.003927666976182744,55.755,6.0,5.0,5.0,False,False,False
25,250,4,SLTA,200,0.5117198066452864,0.008783348425170675,0.16205297011955413,0.0008052551952326242,0.041348337537266494,0.003854797748612151,55.755,4.0,4.0,4.0,False,False,False
25,250,4,Std,200,0.5954024670878644,0.0006941426667915005,0.16217383167443578,0.0007693521426665662,0.041502352910781866,0.0035045761084254367,55.755,3.0,1.0,1.0,True,True,True
25,250,6,K,200,0.4508721745363605,0.012758838218061234,0.1580018155129056,0.0009814965597236083,0.04117032699225595,0.0040319944749806534,58.255,5.0,6.0,4.0,False,False,False
25,250,6,M,200,0.6094227136230127,0.005333125972380746,0.162158059149823,0.0007845423310134056,0.04078647026564923,0.0033827337165605906,58.255,1.0,3.0,5.0,True,True,False
25,250,6,P,200,0.6085553222391018,0.0006209184557100067,0.16219253862223235,0.0007451693156879018,0.04138629788247684,0.003505569831056862,58.255,2.0,2.0,2.0,True,True,True
25,250,6,S,200,0.35155725089200146,0.020756975405708283,0.1595845700176535,0.000980590650421197,0.04060315716208612,0.0038269583135517628,58.255,6.0,5.0,6.0,False,False,False
25,250,6,SLTA,200,0.5129745712052682,0.008532391166925682,0.16210395572237218,0.0007511458452982339,0.0412505074368114,0.0036765659465387798,58.255,4.0,4.0,3.0,False,False,True
25,250,6,Std,200,0.5961299561371185,0.000429486313390617,0.16222023224102922,0.0007443496286217596,0.04161682331537727,0.0035421035213608343,58.255,3.0,1.0,1.0,True,True,True
25,300,-10,K,200,0.41896230739173196,0.05153311970341696,0.15077583303786155,0.0010477311928012087,0.03588280495107001,0.003681521865683453,32.245,3.0,5.0,4.0,True,False,False
25,300,-10,M,200,0.36763912430191403,0.05750516157576198,0.15216833024117143,0.0013220517704778006,0.035859284869650565,0.004132262369867487,32.245,5.0,4.0,5.0,False,False,False
25,300,-10,P,200,0.5266346142524821,0.02648087427190718,0.15233262235745137,0.0009319019901164134,0.0372073377575989,0.00392317839836871,32.245,1.0,2.0,2.0,True,True,True
25,300,-10,S,200,0.2916258852475824,0.056338180111986214,0.15039922495592756,0.0016901983994805395,0.033462975023104684,0.0036440911358146958,32.245,6.0,6.0,6.0,False,False,False
25,300,-10,SLTA,200,0.4018007279708345,0.03228008397091058,0.15230715221871446,0.001011363472903336,0.036683563391034096,0.0038561525192570166,32.245,4.0,3.0,3.0,False,True,True
25,300,-10,Std,200,0.46008092113054594,0.03176651381020304,0.15234078835613038,0.0009333188479111588,0.037223018047488746,0.0038860976999035733,32.245,2.0,1.0,1.0,True,True,True
25,300,-8,K,200,0.4439512262177481,0.03823851723623133,0.15072897575972727,0.0008644213243605679,0.03598044468539332,0.0037262035736133005,35.52,3.0,6.0,5.0,True,False,False
25,300,-8,M,200,0.41592611657756046,0.04561637656669067,0.15234409364130996,0.0009683972981992016,0.036297111095887714,0.0038051314097501173,35.52,5.0,4.0,4.0,False,False,False
25,300,-8,P,200,0.5518874455262415,0.01209182728571781,0.15242555919956002,0.000869832196245668,0.03717519015030423,0.0038744348481886074,35.52,1.0,2.0,1.0,True,True,True
25,300,-8,S,200,0.32659651052810956,0.04462401078221035,0.15075036289912463,0.0007239512315139024,0.03398036513300127,0.003002951026505899,35.52,6.0,5.0,6.0,False,False,False
25,300,-8,SLTA,200,0.4292136538107837,0.022315795380090823,0.15235070421166916,0.0009766631758898428,0.03660817105134763,0.0038924045096086226,35.52,4.0,3.0,3.0,False,True,True
25,300,-8,Std,200,0.498432178372886,0.018440901697775527,0.15243197534137923,0.00086834782572517,0.037101207341446424,0.003897050348426973,35.52,2.0,1.0,2.0,True,True,True
25,300,-6,K,200,0.45705776824276617,0.02941355961269827,0.15058645963992467,0.0007753445794085095,0.03554388505262414,0.0035812318514363657,38.39,3.0,6.0,5.0,True,False,False
25,300,-6,M,200,0.45687854346412543,0.035352819642474775,0.15243255862699917,0.0009114129202024673,0.0364655873295139,0.0037454969778793206,38.39,4.0,3.0,4.0,False,True,False
25,300,-6,P,200,0.563380274105844,0.0062768038942415914,0.1524856376184127,0.0008512968395805242,0.03722564187913096,0.003829868196497984,38.39,1.0,2.0,1.0,True,True,True
25,300,-6,S,200,0.3482744935407137,0.03771721359722382,0.15068892348049215,0.0006157192582282459,0.03404721108770017,0.0029954315008072913,38.39,6.0,5.0,6.0,False,False,False
25,300,-6,SLTA,200,0.4473120944249612,0.016347353610066128,0.15242458705686013,0.0009285504237023307,0.03659381793918202,0.003819316877916972,38.39,5.0,4.0,3.0,False,False,True
25,300,-6,Std,200,0.5234831800439318,0.011010854969928277,0.1524945813312516,0.0008445150678539627,0.03718597808459216,0.0038946787712495524,38.39,2.0,1.0,2.0,True,True,True
25,300,-4,K,200,0.46311940377395155,0.02424030826271907,0.15034595153597408,0.0007291531782452688,0.035261986589975675,0.0034921342017782864,40.98,4.0,6.0,5.0,False,False,False
25,300,-4,M,200,0.4910685621772079,0.026088588381753958,0.15249555347395147,0.0008874687293397185,0.03648332254568662,0.003693949121198831,40.98,3.0,3.0,4.0,True,True,False
25,300,-4,P,200,0.5682379761398777,0.0036273414118786922,0.1525328837536269,0.0008398261425409476,0.03708584084682993,0.0036731323166116175,40.98,1.0,2.0,1.0,True,True,True
25,300,-4,S,200,0.3614727463870427,0.03206162496705617,0.15057518278460605,0.00055417661538194,0.034186717539581614,0.00282573858564925,40.98,6.0,5.0,6.0,False,False,False
25,300,-4,SLTA,200,0.4593973942764182,0.01260763054573285,0.15247999919075336,0.0008885708272252712,0.036664003781117865,0.003659574029911637,40.98,5.0,4.0,3.0,False,False,True
25,300,-4,Std,200,0.5392609876506762,0.006466806098809749,0.15254454946602547,0.0008318288148460998,0.036957171377410454,0.0037021939716016146,40.98,2.0,1.0,2.0,True,True,True
25,300,-2,K,200,0.46614008860593237,0.020096920125107626,0.15000725701933543,0.0007304234302134272,0.03527860423621832,0.003271420781614427,43.825,5.0,6.0,5.0,False,False,False
25,300,-2,M,200,0.5173874273681583,0.018482745659543054,0.15256438117710305,0.000852265070246153,0.03652343740305148,0.0037129243415872813,43.825,3.0,3.0,4.0,True,True,False
25,300,-2,P,200,0.570000008634918,0.0023663542566559593,0.15259646188619913,0.0008292791883750448,0.03704205475791884,0.003694461159077653,43.825,1.0,2.0,1.0,True,True,True
25,300,-2,S,200,0.37089278813762794,0.02798864687271053,0.1504095296685463,0.0005469480388783613,0.034639416091030176,0.002764169447155347,43.825,6.0,5.0,6.0,False,False,False
25,300,-2,SLTA,200,0.46689494892167416,0.010666077073831888,0.15252121804122834,0.0008845496038604299,0.036531070131434216,0.003678269583770045,43.825,4.0,4.0,3.0,False,False,True
25,300,-2,Std,200,0.5487071445100824,0.003827319152358038,0.15260521117049808,0.0008257632005466163,0.036936468899332976,0.003602328205448725,43.825,2.0,1.0,2.0,True,True,True
25,300,0,K,200,0.4653376067482851,0.016571851411541588,0.14960090137078508,0.0006664853853085852,0.035509947275123854,0.0029636265939303233,46.065,5.0,6.0,5.0,False,False,False
25,300,0,M,200,0.5379547443436916,0.012614016156262817,0.15262095988223615,0.000796576924900558,0.03644875308736716,0.0036723454093304637,46.065,3.0,3.0,4.0,True,True,False
25,300,0,P,200,0.5706557589519228,0.0015513396138934587,0.15267403887364966,0.0007829183507509947,0.036953912317026404,0.003643447609811383,46.065,1.0,2.0,2.0,True,True,True
25,300,0,S,200,0.3758629204746184,0.024047565200844383,0.15022657241242865,0.0005452837884383641,0.0352480334181475,0.002840434463380849,46.065,6.0,5.0,6.0,False,False,False
25,300,0,SLTA,200,0.4718989880187868,0.009646495315320327,0.15257410260410187,0.0008860756302635501,0.036701884664123746,0.0036641337230163456,46.065,4.0,4.0,3.0,False,False,True
25,300,0,Std,200,0.5544991276520183,0.002234012715401483,0.15268667672874814,0.000776890577873025,0.03700886614098021,0.003588917180653898,46.065,2.0,1.0,1.0,True,True,True
25,300,2,K,200,0.46381315868435735,0.013975230283531266,0.14925345756984754,0.0006297368652389224,0.03596718577967486,0.002858100604398829,48.43,5.0,6.0,5.0,False,False,False
25,300,2,M,200,0.5525549025075083,0.009421213398749281,0.15267248344532985,0.0007799685838678149,0.036607029186268264,0.0035402585946986836,48.43,3.0,3.0,4.0,True,True,False
25,300,2,P,200,0.5707655894163922,0.0011162199103111727,0.15274461643366105,0.0007677020059123585,0.03699926929338337,0.0035111494124161046,48.43,1.0,2.0,1.0,True,True,True
25,300,2,S,200,0.3786940611011284,0.021391735506166965,0.15006286358176862,0.0005799206371755189,0.03583899943823852,0.0028237510931173214,48.43,6.0,5.0,6.0,False,False,False
25,300,2,SLTA,200,0.4753234169075412,0.00896523361166456,0.15264098602185372,0.0008659594811147416,0.036758723380962456,0.003667268529373981,48.43,4.0,4.0,3.0,False,False,True
25,300,2,Std,200,0.557886668958699,0.0013728284402683565,0.15276153171663898,0.0007657109513897614,0.03699402915851824,0.0035263043166489038,48.43,2.0,1.0,2.0,True,True,True
25,300,4,K,200,0.4622728193028683,0.012364322574453157,0.14904814103163258,0.000696972355762661,0.0366232546136187,0.0030849468560713925,50.915,5.0,6.0,4.0,False,False,False
25,300,4,M,200,0.5625894501481108,0.006954596755695755,0.15278719628391585,0.0007601209186610466,0.03656320150006558,0.003660161146248565,50.915,2.0,3.0,6.0,True,True,False
25,300,4,P,200,0.5706767841458534,0.0008272811345965439,0.1528554407014475,0.0007400234703881742,0.037329357205471286,0.0036068391133169003,50.915,1.0,2.0,1.0,True,True,True
25,300,4,S,200,0.38030785199938977,0.01952699258320672,0.14994231788698337,0.000704351942771798,0.036582542728281806,0.0030718861616270817,50.915,6.0,5.0,5.0,False,False,False
25,300,4,SLTA,200,0.4774971879368244,0.008490256561966333,0.1527434498624212,0.0008322177924408291,0.0368807641180032,0.003618070300034314,50.915,4.0,4.0,3.0,False,False,True
25,300,4,Std,200,0.5598182517645663,0.0008421480745537471,0.15287002284194573,0.0007345580949054976,0.037310807782671866,0.003642530294471389,50.915,3.0,1.0,2.0,True,True,True
25,300,6,K,200,0.46103737155874197,0.010656403345069402,0.1489662866163026,0.0007652642664672486,0.03697912980786889,0.0034984092180479435,53.59,5.0,6.0,5.0,False,False,False
25,300,6,M,200,0.5693428898593593,0.005255870037978912,0.152908908549941,0.0007111269603838107,0.03647570344256752,0.0034494878528870563,53.59,2.0,3.0,6.0,True,True,False
25,300,6,P,200,0.5705315835645812,0.0006150380384604864,0.15296470954091415,0.0007005504085716007,0.037474834936074015,0.003462286288814069,53.59,1.0,2.0,1.0,True,True,True
25,300,6,S,200,0.3818913471230435,0.01815968047992928,0.14990829289248753,0.0007899672662150802,0.037103681922421,0.0037065356793094415,53.59,6.0,5.0,3.0,False,False,True
25,300,6,SLTA,200,0.47903500112074,0.00800575827513994,0.15284552484590871,0.0007633976780656567,0.03706014996826405,0.0034536365758630313,53.59,4.0,4.0,4.0,False,False,False
25,300,6,Std,200,0.5608959546977585,0.0005225937844049837,0.15297404211083301,0.0007013270176714736,0.037459545073159156,0.003457227210177652,53.59,3.0,1.0,2.0,True,True,True
27,100,-10,K,200,0.28799841101022744,0.08659956396877978,0.23178995925242965,0.026520743644671996,0.06219717617594158,0.01730431983916858,37.805,5.0,6.0,5.0,False,False,False
27,100,-10,M,200,0.7864294988882916,0.04031871330933872,0.2650267799398782,7.471563344199109e-05,0.10874314452256924,0.0021453367748775556,37.805,3.0,3.0,2.0,True,True,True
27,100,-10,P,200,0.9240233040140567,0.014406935762380793,0.26503968129014,5.0692873043577375e-05,0.10794449003989798,0.001151738570605525,37.805,1.0,1.0,3.0,True,True,True
27,100,-10,S,200,0.27004713650154466,0.08373353052398567,0.2331032940751265,0.0325841277141597,0.05970276851787783,0.022716781471319957,37.805,6.0,5.0,6.0,False,False,False
27,100,-10,SLTA,200,0.6801974821855685,0.04219924793510649,0.26499701629848493,0.0003011139551789291,0.10888256091089545,0.0030898756746448115,37.805,4.0,4.0,1.0,False,False,True
27,100,-10,Std,200,0.8258510202967075,0.030096215890623185,0.26503504133083533,5.265218755789984e-05,0.10722372003657733,0.0012095562839911798,37.805,2.0,2.0,4.0,True,True,False
27,100,-8,K,200,0.32286310501176885,0.07277122357005547,0.244027795333599,0.014395375552259075,0.07279902686658202,0.014455382347304964,42.155,5.0,6.0,6.0,False,False,False
27,100,-8,M,200,0.8430910225041056,0.025136662135672685,0.2650463583047491,4.775512598799034e-05,0.10916069289847805,0.0016863618514857315,42.155,3.0,4.0,2.0,True,False,True
27,100,-8,P,200,0.9420017098596574,0.0056845449675480865,0.26505280897988,3.9575028523060005e-05,0.10792767209893427,0.0010500512769066358,42.155,1.0,1.0,3.0,True,True,True
27,100,-8,S,200,0.3087190462854556,0.06968972661716757,0.2490346509325438,0.016426021414627612,0.07371797976329497,0.01841346974443073,42.155,6.0,5.0,5.0,False,False,False
27,100,-8,SLTA,200,0.7169778903031012,0.0338742295348823,0.26504975339692327,6.401595863836094e-05,0.10917168746965694,0.0015219935318526783,42.155,4.0,2.0,1.0,False,True,True
27,100,-8,Std,200,0.8693376217826467,0.017094519267056373,0.2650478295113579,4.0040648328516296e-05,0.10704648885822156,0.001175907255398492,42.155,2.0,3.0,4.0,True,True,False
27,100,-6,K,200,0.3421665638705243,0.06314876020309189,0.24912167846194094,0.009561722702600127,0.08106643264868138,0.01287574757311524,46.125,5.0,6.0,6.0,False,False,False
27,100,-6,M,200,0.8817275767147537,0.015593114596625076,0.26505688309048897,3.918278558196877e-05,0.10945089892658492,0.0014977868910014864,46.125,3.0,3.0,1.0,True,True,True
27,100,-6,P,200,0.9497031681576847,0.002718864472848028,0.2650606176918805,3.2764171917748795e-05,0.10794202486861826,0.0010002933101452666,46.125,1.0,1.0,3.0,True,True,True
27,100,-6,S,200,0.3355487762202024,0.06005462807587205,0.25585165650900143,0.008893623201719188,0.08428019008303725,0.014264974177361778,46.125,6.0,5.0,5.0,False,False,False
27,100,-6,SLTA,200,0.7415384016300536,0.029165905196219997,0.26505982550370655,3.2972706496642054e-05,0.10906515763255158,0.00118834666223825,46.125,4.0,2.0,2.0,False,True,True
27,100,-6,Std,200,0.8951709957497471,0.009742590868668613,0.26505586456283675,3.424705623326241e-05,0.10690447194600898,0.0009877968890177986,46.125,2.0,4.0,4.0,True,False,False
27,100,-4,K,200,0.350184094048502,0.05660525158056244,0.2513350522200026,0.00710648852657533,0.08537842591112638,0.011252511946895085,49.99,6.0,6.0,6.0,False,False,False
27,100,-4,M,200,0.907189206015197,0.009782560842189123,0.2650646918024895,3.1201013097880265e-05,0.10956646660617766,0.001349585869077765,49.99,3.0,3.0,1.0,True,True,True
27,100,-4,P,200,0.953190487842292,0.0016202412812917632,0.2650648049722286,2.857953252126788e-05,0.10791830420680316,0.0009062666459039975,49.99,1.0,2.0,3.0,True,True,True
27,100,-4,S,200,0.3547962771179577,0.05306234775744142,0.258971746217037,0.005309174975581121,0.0901186255291156,0.011176141554056584,49.99,5.0,5.0,5.0,False,False,False
27,100,-4,SLTA,200,0.7580160609809526,0.02601905463866829,0.2650650313117069,2.947614341245366e-05,0.10897060277142151,0.0010602992260841995,49.99,4.0,1.0,2.0,False,True,True
27,100,-4,Std,200,0.9101480462237979,0.005879205849768169,0.2650602781826631,2.9865710956812522e-05,0.10672153739937337,0.0009280998527575283,49.99,2.0,4.0,4.0,True,False,False
27,100,-2,K,200,0.35102505921748695,0.05029014898827285,0.25243653329103305,0.005570429971760021,0.08932131695806528,0.009761496505297214,53.315,6.0,6.0,6.0,False,False,False
27,100,-2,M,200,0.9235343558455014,0.006121510726849796,0.2650697844407507,2.4694371051999362e-05,0.1096621103889821,0.001180695376292956,53.315,2.0,1.0,1.0,True,True,True
27,100,-2,P,200,0.9547917992235676,0.0011796220897451165,0.2650677473854462,2.6316374401716664e-05,0.10782207051765576,0.0008434637745855912,53.315,1.0,3.0,3.0,True,True,True
27,100,-2,S,200,0.3683083536790537,0.04711835481750356,0.26037357977573977,0.003899737837662632,0.09433102140864853,0.009146982147138305,53.315,5.0,5.0,5.0,False,False,False
27,100,-2,SLTA,200,0.7694261481461925,0.023370989077529044,0.2650680868946636,2.673057493790123e-05,0.10878594531182931,0.001005059076510792,53.315,4.0,2.0,2.0,False,True,True
27,100,-2,Std,200,0.9186185463266829,0.0037914661135573504,0.26506423912353294,2.7302304539171544e-05,0.10652115545694624,0.0009207050815645048,53.315,3.0,4.0,4.0,True,False,False
27,100,0,K,200,0.3462789120076328,0.04517064424912933,0.2528336459056684,0.004955113787025404,0.09257294046513596,0.008489301492149225,56.74,6.0,6.0,6.0,False,False,False
27,100,0,M,200,0.9338111399139649,0.004008154496833032,0.2650743112303162,2.0677233893427662e-05,0.10967575164007819,0.0010861467828834563,56.74,2.0,1.0,1.0,True,True,True
27,100,0,P,200,0.9556127688063006,0.0008857234471083252,0.2650709161381421,2.3753862246194035e-05,0.1077649486491969,0.000718837321724975,56.74,1.0,3.0,3.0,True,True,True
27,100,0,S,200,0.3773032744806853,0.04391583852590169,0.2610566723211769,0.0032080248263086815,0.09627752786541965,0.008406769459425745,56.74,5.0,5.0,5.0,False,False,False
27,100,0,SLTA,200,0.7776321639441046,0.021455596948933658,0.26507136881709864,2.398251893406901e-05,0.10865029436629428,0.0009595349492539501,56.74,4.0,2.0,2.0,False,True,True
27,100,0,Std,200,0.9233905908049436,0.0026562648197109733,0.26506729470648965,2.513966698743156e-05,0.10633666808681666,0.0009303066876637778,56.74,3.0,4.0,4.0,True,False,False
27,100,2,K,200,0.3374404162979795,0.03899255861651864,0.2530511581442917,0.004608238773326484,0.09431126189475454,0.008640775625725102,59.98,6.0,6.0,6.0,False,False,False
27,100,2,M,200,0.9403513636286219,0.002727948944131524,0.2650763482856207,1.8538492053264627e-05,0.10965584585678395,0.0010080033984707143,59.98,2.0,1.0,1.0,True,True,True
27,100,2,P,200,0.9560524411923972,0.0006885606363678023,0.2650729531934466,2.188216277940777e-05,0.10768291860788888,0.0006642232136060388,59.98,1.0,3.0,3.0,True,True,True
27,100,2,S,200,0.38241487627510956,0.03963864925173515,0.2615480553285143,0.002766940445819963,0.09778545852853915,0.007278087983260728,59.98,5.0,5.0,5.0,False,False,False
27,100,2,SLTA,200,0.7832378326124244,0.020054325090855946,0.26507329270266394,2.147574501783474e-05,0.10855238348891393,0.0009169688669851951,59.98,4.0,2.0,2.0,False,True,True
27,100,2,Std,200,0.9259966581276835,0.0019476325599315008,0.26507023711970723,2.288955340318253e-05,0.10613323884497763,0.0009076436610809909,59.98,3.0,4.0,4.0,True,False,False
27,100,4,K,200,0.32750205035660324,0.03307116452484891,0.25315923524516853,0.003964271406072118,0.09609387790407084,0.008107478085211992,63.245,6.0,6.0,6.0,False,False,False
27,100,4,M,200,0.9444699039559346,0.0019334484305526237,0.2650777063224904,1.620284494885634e-05,0.10960031236885844,0.0008996542198236347,63.245,2.0,1.0,1.0,True,True,True
27,100,4,P,200,0.9563003399348105,0.0005347838010566061,0.26507442440005535,2.0190620344533332e-05,0.10758742702133534,0.0006216976817698242,63.245,1.0,3.0,3.0,True,True,True
27,100,4,S,200,0.38576019594238786,0.03633850433917874,0.2618678730113183,0.0023405778664113597,0.09866759650492062,0.006201870975950741,63.245,5.0,5.0,5.0,False,False,False
27,100,4,SLTA,200,0.7876801346278,0.01889800805877558,0.2650745375697945,1.9951089035271532e-05,0.10841292773596056,0.000880101502977226,63.245,4.0,2.0,2.0,False,True,True
27,100,4,Std,200,0.927382691862195,0.0014916600806415355,0.26507261368422913,2.157142980016762e-05,0.10594901750227645,0.0008454760809278573,63.245,3.0,4.0,4.0,True,False,False
27,100,6,K,200,0.3161437418462784,0.0283154204766161,0.2530620224392489,0.0037961624740076036,0.09728924246242739,0.007528604009272551,66.695,6.0,6.0,6.0,False,False,False
27,100,6,M,200,0.9470731798495217,0.0014159278619268044,0.2650799697172731,1.3948811842973165e-05,0.10956524038941533,0.0008158818125372275,66.695,2.0,1.0,1.0,True,True,True
27,100,6,P,200,0.9564667667833525,0.0004144443938969679,0.2650762351158816,1.866960311115522e-05,0.10752938468592604,0.0005815322660792625,66.695,1.0,3.0,3.0,True,True,True
27,100,6,S,200,0.3868393299001689,0.03366912831206187,0.262010240543154,0.0020998314273003417,0.0990617182317785,0.005583603000866657,66.695,5.0,5.0,5.0,False,False,False
27,100,6,SLTA,200,0.7909820119225374,0.017801515496317553,0.26507646145535985,1.895696044073253e-05,0.10831540387735872,0.0008254849079860894,66.695,4.0,2.0,2.0,False,True,True
27,100,6,Std,200,0.9280559747177969,0.0011418290149034461,0.26507329270266394,2.1113065285549525e-05,0.10580870731233422,0.0007573194275287327,66.695,3.0,4.0,4.0,True,False,False
27,150,-10,K,200,0.3428383208417835,0.07927802276659388,0.20658477323885066,0.007124910739750105,0.06278124908071313,0.008745343168558876,36.68,5.0,5.0,5.0,False,False,False
27,150,-10,M,200,0.6404676001265562,0.046540192657746816,0.21660699139888367,0.0005225915136903642,0.07193877361185123,0.0033816571853856905,36.68,3.0,4.0,4.0,True,False,False
27,150,-10,P,200,0.7705337226804876,0.019025342313397094,0.21670417119041946,0.00046874135350057067,0.07256091177230188,0.003054208763519222,36.68,1.0,2.0,3.0,True,True,True
27,150,-10,S,200,0.2265000564547755,0.08130250438949113,0.19048937026573828,0.031509757491134646,0.0480978829371769,0.014375904524959116,36.68,6.0,6.0,6.0,False,False,False
27,150,-10,SLTA,200,0.5910897475971195,0.03266836607348401,0.2166692472028363,0.00048485789562803706,0.07261573326494325,0.003026359760749822,36.68,4.0,3.0,2.0,False,True,True
27,150,-10,Std,200,0.6821928061115277,0.0318245049636855,0.21671480023011871,0.00046889120785444815,0.07262880873644885,0.003083114182772797,36.68,2.0,1.0,1.0,True,True,True
27,150,-8,K,200,0.3822479137051177,0.06892745569616378,0.20932747959968062,0.0031916204538767973,0.0673515598738666,0.00513302509027359,41.46,5.0,5.0,5.0,False,False,False
27,150,-8,M,200,0.6947954624710149,0.03065338781315931,0.216632942820487,0.0004417561301056249,0.07214460075325559,0.0027976708695031795,41.46,3.0,4.0,4.0,True,False,False
27,150,-8,P,200,0.786606615047768,0.008182779406490391,0.21671521434854854,0.00039875785979801064,0.0722942811157852,0.002609207833394233,41.46,1.0,2.0,3.0,True,True,True
27,150,-8,S,200,0.27280673651711224,0.07211630758068446,0.20391191485318708,0.016922018071022855,0.056785279957804996,0.0115538982187738,41.46,6.0,6.0,6.0,False,False,False
27,150,-8,SLTA,200,0.6219305194869659,0.0229974729812565,0.21668443154526376,0.00043715955489679405,0.07241966526758112,0.0028657029588618726,41.46,4.0,3.0,1.0,False,True,True
27,150,-8,Std,200,0.7208909620661743,0.01699864071860703,0.2167251531908647,0.0003926666217518585,0.0723314405188821,0.0026126867797094393,41.46,2.0,1.0,2.0,True,True,True
27,150,-6,K,200,0.40576148038111876,0.057634736680642534,0.20999697106125517,0.0019787945042341578,0.06893093677426071,0.0038065357125241337,45.985,5.0,6.0,5.0,False,False,False
27,150,-6,M,200,0.7323376260957122,0.02018888531922461,0.21666855700545323,0.00039617125554907264,0.07209118811524,0.002532975096898708,45.985,3.0,4.0,3.0,True,False,True
27,150,-6,P,200,0.7922039880655981,0.0044259164593252924,0.21673412575684456,0.0003546421486242613,0.07213442628515832,0.002188809398168115,45.985,1.0,2.0,1.0,True,True,True
27,150,-6,S,200,0.3084114135539912,0.0592303883640855,0.2100353460357537,0.00774366798286432,0.0633339925228669,0.0083288987842835,45.985,6.0,5.0,6.0,False,False,False
27,150,-6,SLTA,200,0.6417206385200218,0.018515744208798878,0.21670196255879365,0.0003876972346350133,0.0720789603870858,0.0025287736949301436,45.985,4.0,3.0,4.0,False,True,False
27,150,-6,Std,200,0.7431251267683713,0.009176515662436772,0.21674723950712285,0.00035449240221000313,0.07209479158040229,0.002175321903134208,45.985,2.0,1.0,2.0,True,True,True
27,150,-4,K,200,0.4160336685720226,0.050233702773100214,0.21009456497122078,0.0013648108551645715,0.06954502648479527,0.0032418880415262296,49.855,5.0,6.0,5.0,False,False,False
27,150,-4,M,200,0.7579414994090986,0.01327353427072854,0.21669160959804767,0.00036739820898500596,0.07229068724111412,0.0021915356786170125,49.855,2.0,4.0,1.0,True,False,True
27,150,-4,P,200,0.7940637609530198,0.0028770282322822397,0.21675414148095348,0.00032610686461040833,0.07213359366557201,0.001933128490936584,49.855,1.0,2.0,3.0,True,True,True
27,150,-4,S,200,0.3320743416973986,0.04990997275975788,0.21211228800087759,0.003785036493629954,0.06696815101532405,0.005660139416598703,49.855,6.0,5.0,6.0,False,False,False
27,150,-4,SLTA,200,0.6541894696893736,0.01579120646312876,0.21673081280940587,0.00036564009872970917,0.07196568229548785,0.0022632355399531375,49.855,4.0,3.0,4.0,False,True,False
27,150,-4,Std,200,0.7557126362091309,0.005034621458423409,0.2167615956126906,0.00032220532156853335,0.07213767779712674,0.0019136609546412484,49.855,3.0,1.0,2.0,True,True,True
27,150,-2,K,200,0.4172370199401992,0.04461159713826448,0.20998316711359383,0.0010990946999013442,0.06971719504621751,0.0026015752813805288,53.385,5.0,6.0,5.0,False,False,False
27,150,-2,M,200,0.7751847028210402,0.008864101658891581,0.21673509203318087,0.00033574977213110817,0.07227963501637807,0.0020939582853019834,53.385,2.0,4.0,1.0,True,False,True
27,150,-2,P,200,0.7944915556293816,0.002108982250918866,0.2167794027051737,0.0003009867009272928,0.07223461387738635,0.0018214263675976996,53.385,1.0,2.0,3.0,True,True,True
27,150,-2,S,200,0.3471798462781209,0.04306225206873215,0.21301133911206013,0.0021756321086322103,0.06896622567946344,0.004206603649214542,53.385,6.0,5.0,6.0,False,False,False
27,150,-2,SLTA,200,0.662202782756345,0.014024362108466163,0.21676062933635432,0.0003444891146650087,0.07203195894081965,0.002037989696785169,53.385,4.0,3.0,4.0,False,True,False
27,150,-2,Std,200,0.7626942458212669,0.0028589008695770455,0.21678340584999553,0.0002995207136224581,0.07227682922821199,0.0017518615318269537,53.385,3.0,1.0,2.0,True,True,True
27,150,0,K,200,0.4132051428867438,0.03918273362111822,0.20990890187517589,0.0008907973470493244,0.06971883923291317,0.002531009080057287,56.72,5.0,6.0,6.0,False,False,False
27,150,0,M,200,0.7863310680786547,0.006120524895678982,0.21678381996842536,0.00031246096392116286,0.0724503808469364,0.0019213297997373454,56.72,2.0,4.0,2.0,True,False,True
27,150,0,P,200,0.7944081265709199,0.0016180322155480672,0.21682454161402628,0.0002940740867422669,0.07249859007153533,0.0017723378417568508,56.72,1.0,1.0,1.0,True,True,True
27,150,0,S,200,0.3563625738128672,0.03690463349783917,0.2135357510837141,0.001540097862180912,0.06995975703692288,0.00398931295873519,56.72,6.0,5.0,5.0,False,False,False
27,150,0,SLTA,200,0.6675716874836753,0.012856280318840856,0.21679610548184397,0.0003308270854261897,0.07213622136222178,0.0019432809866700232,56.72,4.0,3.0,4.0,False,True,False
27,150,0,Std,200,0.7664052921824204,0.0016804453229405263,0.21682288514030693,0.00029051275874193813,0.07238496568978964,0.0016730539484489792,56.72,3.0,2.0,3.0,True,True,True
27,150,2,K,200,0.4059446230732344,0.03412873523666802,0.2099225677833606,0.0007366568946806368,0.06987781536992975,0.0020433345382145224,59.99,5.0,6.0,6.0,False,False,False
27,150,2,M,200,0.7933879242708405,0.00442864420164673,0.21683779340378118,0.00029557224107296337,0.07280653781496838,0.0018904300691512793,59.99,2.0,4.0,3.0,True,False,True
27,150,2,P,200,0.7941522264800857,0.001328847334063872,0.21688652133902564,0.00028748099247146336,0.072992530516303,0.0017802835807231127,59.99,1.0,1.0,1.0,True,True,True
27,150,2,S,200,0.36167757701059655,0.032616544813431875,0.21390335020993534,0.001100043577166793,0.07136548215453403,0.004063677147185072,59.99,6.0,5.0,5.0,False,False,False
27,150,2,SLTA,200,0.6710599399944753,0.012047788826892815,0.21685311578568522,0.00031478756349994475,0.07258222305130067,0.0019153199062217421,59.99,4.0,3.0,4.0,False,True,False
27,150,2,Std,200,0.7682442843048314,0.00101511576300735,0.21688017152310146,0.0002798093948347674,0.07286661911275556,0.0017552668386772567,59.99,3.0,2.0,2.0,True,True,True
27,150,4,K,200,0.3970724789381802,0.029016697791262792,0.20996950120540914,0.0005995305264235103,0.07024314794503439,0.0016303212467141028,63.345,5.0,6.0,6.0,False,False,False
27,150,4,M,200,0.7979277000812055,0.0032772645879312703,0.2169055707867983,0.0002867327275373433,0.07314986012868406,0.0019281464497369512,63.345,1.0,4.0,4.0,True,False,False
27,150,4,P,200,0.7938503947630116,0.0010565450173035138,0.21694877714297828,0.0002777094898083567,0.07359954072668085,0.0019047956819975237,63.345,2.0,1.0,1.0,True,True,True
27,150,4,S,200,0.3649240900023542,0.029059631251066174,0.2141831562290305,0.0008172636275619087,0.0732282328242075,0.0036910247567890474,63.345,6.0,5.0,3.0,False,False,True
27,150,4,SLTA,200,0.6734983568398314,0.011544856673940245,0.21691026412900313,0.00029381847004563224,0.0729653769015354,0.0019227008866110494,63.345,4.0,3.0,5.0,False,True,False
27,150,4,Std,200,0.769074032152828,0.0006188690873537109,0.21693276456369112,0.00027125294166484586,0.07342596635864691,0.0018488304642336102,63.345,3.0,2.0,2.0,True,True,True
27,150,6,K,200,0.38803735508224846,0.02473734863792407,0.209994900469106,0.0005542852868737177,0.07023686627123432,0.0015899569419334251,67.18,5.0,6.0,6.0,False,False,False
27,150,6,M,200,0.80080602004005,0.002478134180988241,0.21696423756435895,0.00026698702587731564,0.0735474978447262,0.0019297333812320068,67.18,1.0,4.0,5.0,True,False,False
27,150,6,P,200,0.7935454787528452,0.0008418500652043483,0.2170277357236011,0.0002461859043054314,0.07428988619452999,0.0017290754701569768,67.18,2.0,1.0,2.0,True,True,True
27,150,6,S,200,0.3668562820876764,0.026455971313680382,0.214326855324185,0.000696863216444164,0.07467536757752608,0.003414826693499292,67.18,6.0,5.0,1.0,False,False,True
27,150,6,SLTA,200,0.6755711147541139,0.010895808862698914,0.21698314897265497,0.00027056954842924865,0.07367940528858954,0.0019968925576997624,67.18,4.0,3.0,4.0,False,True,False
27,150,6,Std,200,0.7693532907467737,0.0003793904039925036,0.21700344077571715,0.0002481501844736483,0.07406492496539965,0.0018117914996967758,67.18,3.0,2.0,3.0,True,True,True
27,200,-10,K,200,0.40229606270449136,0.07135763762647951,0.1825325328618673,0.002678426981988021,0.051910051217379245,0.005035583930771143,36.64,5.0,5.0,5.0,False,False,False
27,200,-10,M,200,0.5026827130429824,0.057522311511843977,0.18701341147437336,0.0008394303123848923,0.05350960994807777,0.004081807450469401,36.64,3.0,4.0,4.0,True,False,False
27,200,-10,P,200,0.6493662942200771,0.021523642700543796,0.1871198301541904,0.0007863182069149715,0.05419299610358893,0.004020254251374634,36.64,1.0,2.0,3.0,True,True,True
27,200,-10,S,200,0.20987292586723044,0.08045114015739956,0.16728746046081105,0.024282278427878726,0.03895324479241281,0.011189833936973263,36.64,6.0,6.0,6.0,False,False,False
27,200,-10,SLTA,200,0.5022479116581681,0.03283735352816699,0.1870138886881842,0.0008192138057175286,0.0543746572618751,0.004004035804501555,36.64,4.0,3.0,1.0,False,True,True
27,200,-10,Std,200,0.5746723004596738,0.03172361620596478,0.18713971406297536,0.0007754609502896168,0.05421517872652155,0.003979460371925322,36.64,2.0,1.0,2.0,True,True,True
27,200,-8,K,200,0.4387550388848481,0.051054219362093,0.18301499602462534,0.001127882460091845,0.05370300328880567,0.0034660002318341017,41.61,5.0,5.0,4.0,False,False,False
27,200,-8,M,200,0.5589938479748229,0.038821731258164786,0.18708674332997227,0.0007838623577841856,0.053604561288404115,0.003953818178570936,41.61,3.0,3.0,5.0,True,True,False
27,200,-8,P,200,0.6693993953540894,0.008543314995057661,0.18717391438608547,0.000746814094242296,0.054722586221804044,0.004044352262248258,41.61,1.0,2.0,2.0,True,True,True
27,200,-8,S,200,0.25459879245848144,0.06689336310293956,0.17929145572992047,0.008021907776521184,0.04615483356648451,0.007370313122182946,41.61,6.0,6.0,6.0,False,False,False
27,200,-8,SLTA,200,0.5340251547706262,0.021144018980721165,0.18703743123618558,0.0007891663578790642,0.05454402793287076,0.004153735579266147,41.61,4.0,4.0,3.0,False,False,True
27,200,-8,Std,200,0.6140857323063059,0.0163790184248806,0.18719729786281658,0.0007427318516998123,0.05481018802278084,0.004041345726655919,41.61,2.0,1.0,1.0,True,True,True
27,200,-6,K,200,0.4615923567088017,0.03843105680791692,0.18286546903056253,0.0010293403595937048,0.05375101300335583,0.003943991156635555,46.35,5.0,5.0,5.0,False,False,False
27,200,-6,M,200,0.6010009913077209,0.026535144239889796,0.18711680780005507,0.0007758255389781906,0.05383288250885033,0.003901043930083083,46.35,3.0,3.0,4.0,True,True,False
27,200,-6,P,200,0.6768211651687582,0.004439447995912792,0.187186162873897,0.0007536942419222491,0.05501201640273424,0.004051609576657285,46.35,1.0,2.0,2.0,True,True,True
27,200,-6,S,200,0.29027849988774135,0.05546172782495969,0.18265629031014485,0.0028226255921221196,0.05113798475450152,0.005239026891143067,46.35,6.0,6.0,6.0,False,False,False
27,200,-6,SLTA,200,0.5531001545744307,0.015583109709321245,0.1870404535903209,0.0007678798553888078,0.05465566815376098,0.004284484614933883,46.35,4.0,4.0,3.0,False,False,True
27,200,-6,Std,200,0.6368260440453191,0.008952966472308008,0.18720938727935782,0.0007505401616287439,0.05520597445856728,0.003965919247077929,46.35,2.0,1.0,1.0,True,True,True
27,200,-4,K,200,0.4728362265345369,0.03230121883244212,0.1826208174168725,0.0009786713613280738,0.053542548065515894,0.0040480063201724465,50.7,5.0,6.0,5.0,False,False,False
27,200,-4,M,200,0.6309981889992077,0.017851213782163613,0.18711235380448726,0.0007510702490327473,0.05383505460064742,0.003952935932374848,50.7,3.0,3.0,4.0,True,True,False
27,200,-4,P,200,0.6792920552747594,0.0027295959535193403,0.18717550509878828,0.0007279798960740912,0.054918417473885296,0.004255265727951334,50.7,1.0,2.0,2.0,True,True,True
27,200,-4,S,200,0.3158260745648352,0.047259261377683846,0.18344305681294773,0.0014887096211301804,0.05305374377413303,0.00440457848582874,50.7,6.0,5.0,6.0,False,False,False
27,200,-4,SLTA,200,0.5645858713955301,0.01265703901678328,0.1870449075858887,0.0007592746825692217,0.05433229080888363,0.003983062325345007,50.7,4.0,4.0,3.0,False,False,True
27,200,-4,Std,200,0.6494900891585279,0.004945425293656675,0.18720286535727634,0.0007236479797439892,0.05501180859665142,0.004171014376960439,50.7,2.0,1.0,1.0,True,True,True
27,200,-2,K,200,0.47557493650415994,0.02900702443374857,0.18233401191655838,0.0009855701774862094,0.05397382872929655,0.004089402398166446,53.995,5.0,6.0,4.0,False,False,False
27,200,-2,M,200,0.6517198011569749,0.012144212811990383,0.18713446471105613,0.0007383161151536515,0.053879256273974094,0.0040476364197887275,53.995,3.0,3.0,6.0,True,True,False
27,200,-2,P,200,0.6799977480302287,0.0018875284408955118,0.18717868652419387,0.0007268562689943206,0.05466670463117246,0.004135869766276941,53.995,1.0,2.0,2.0,True,True,True
27,200,-2,S,200,0.33191938555799283,0.041835920104216946,0.18363457862236438,0.0011237893869944266,0.053950649552264425,0.0042163957682010995,53.995,6.0,5.0,5.0,False,False,False
27,200,-2,SLTA,200,0.571894509555905,0.01085898730589338,0.1870511113654296,0.00074294703337935,0.05407490579112362,0.004012626804806765,53.995,4.0,4.0,3.0,False,False,True
27,200,-2,Std,200,0.6565397042394369,0.0028008285390259623,0.187208910065547,0.0007247371409061607,0.05474827141161423,0.004177118080868434,53.995,2.0,1.0,1.0,True,True,True
27,200,0,K,200,0.4739482097245865,0.025332817808818926,0.18213326397346552,0.0010021719553524222,0.05407107197216479,0.004137125660384129,56.855,5.0,6.0,4.0,False,False,False
27,200,0,M,200,0.6651435696254289,0.008707023742807029,0.18714146384694844,0.000750918390991544,0.053645197735290556,0.004206137623195047,56.855,2.0,3.0,6.0,True,True,False
27,200,0,P,200,0.6800167405570524,0.0013972023310926068,0.18716166589827396,0.0007425828261175948,0.05432135842182625,0.0039038978706374392,56.855,1.0,2.0,2.0,True,True,True
27,200,0,S,200,0.34267013135877283,0.03687694379054005,0.18380939794840168,0.0010706507035880498,0.05417704640051422,0.004359227051603482,56.855,6.0,5.0,3.0,False,False,True
27,200,0,SLTA,200,0.5763411927449131,0.009670946338525952,0.18704824808256457,0.0007398237896886978,0.053925594366437186,0.004105605305474737,56.855,4.0,4.0,5.0,False,False,False
27,200,0,Std,200,0.6603030882654177,0.0016475593167523594,0.18720143371584386,0.0007372710398564112,0.05445896441305724,0.003893308026821033,56.855,3.0,1.0,1.0,True,True,True
27,200,2,K,200,0.46844732364585245,0.02201747499516798,0.18207170339186732,0.0010415744273713913,0.053859092493310314,0.004139160149519276,59.255,5.0,6.0,4.0,False,False,False
27,200,2,M,200,0.6739538186223045,0.006388682515876065,0.1871595979717603,0.0007441662518376251,0.053639960472553296,0.004062407108074013,59.255,2.0,3.0,6.0,True,True,False
27,200,2,P,200,0.679901250792213,0.001056759164862385,0.18717534602751798,0.0007431429552255412,0.053938279361997174,0.0035672915153729338,59.255,1.0,2.0,2.0,True,True,True
27,200,2,S,200,0.3484018199475858,0.032158319214519476,0.18399264805176377,0.0011153287748831928,0.05393808350230133,0.004354374582310145,59.255,6.0,5.0,3.0,False,False,True
27,200,2,SLTA,200,0.5788456943639814,0.008920348631207546,0.18704108987540202,0.0007323527401011357,0.05368925202821985,0.003987806777518247,59.255,4.0,4.0,5.0,False,False,False
27,200,2,Std,200,0.6622612010914645,0.0009911214237421815,0.18721002356443894,0.0007483831646198757,0.054082920623513456,0.0036422102569726544,59.255,3.0,1.0,1.0,True,True,True
27,200,4,K,200,0.4621961489649188,0.019157228067811848,0.18219593805395567,0.001031884336767787,0.05329099581221364,0.0042017837880124545,61.735,5.0,6.0,5.0,False,False,False
27,200,4,M,200,0.679338699559144,0.004778093125246439,0.18715387140603024,0.0007245351363272867,0.053319963205931034,0.0038316391245025987,61.735,2.0,3.0,4.0,True,True,False
27,200,4,P,200,0.6797108598218508,0.0008003004215672456,0.18717073296067988,0.000722025950535778,0.05352467621514404,0.0036880355829301023,61.735,1.0,2.0,2.0,True,True,True
27,200,4,S,200,0.3519035193917775,0.028791751653038333,0.1842996556034034,0.0011611857360928107,0.053120876736844555,0.004219663917544323,61.735,6.0,5.0,6.0,False,False,False
27,200,4,SLTA,200,0.5801366637858022,0.008492661102100348,0.18705779235878137,0.0007266225154639429,0.05349504101700884,0.0035792334081191962,61.735,4.0,4.0,3.0,False,False,True
27,200,4,Std,200,0.663203604709274,0.0006065911301631544,0.18721002356443894,0.0007272405566614737,0.053739552755270585,0.0035928562862422666,61.735,3.0,1.0,1.0,True,True,True
27,200,6,K,200,0.45621054504969827,0.016849713831908315,0.18244345295051076,0.0010271624874423862,0.05247846025055308,0.004178539184038235,64.335,5.0,6.0,6.0,False,False,False
27,200,6,M,200,0.682778181600883,0.003645975806105381,0.1871533941922194,0.0007009620638883848,0.053130927949520776,0.0035966368026422372,64.335,1.0,3.0,4.0,True,True,False
27,200,6,P,200,0.6795446938718486,0.0006222540870652078,0.1872025472147358,0.0006966575717908903,0.05352992686726969,0.0035539810994818706,64.335,2.0,2.0,2.0,True,True,True
27,200,6,S,200,0.3537637027987073,0.026117657413493745,0.18462750149144963,0.001165473899550638,0.05251766289513072,0.004060450586280339,64.335,6.0,5.0,5.0,False,False,False
27,200,6,SLTA,200,0.5809233973497719,0.00818067424277722,0.1870848344747289,0.0007112587662238987,0.053255041391634214,0.00349088794259087,64.335,4.0,4.0,3.0,False,False,True
27,200,6,Std,200,0.6636213414180615,0.0003777183764967223,0.18722163576716933,0.0007141554319446237,0.05370212432259216,0.003632728108491238,64.335,3.0,1.0,1.0,True,True,True
27,250,-10,K,200,0.4220804932457737,0.05905896804817108,0.1592632506790303,0.0013141956960934674,0.03984303479649572,0.003793715384666509,36.075,4.0,5.0,4.0,False,False,False
27,250,-10,M,200,0.3881447968953279,0.056201975800658756,0.16121244127885195,0.0013668505757901406,0.03935472714274504,0.003796784165532627,36.075,5.0,4.0,5.0,False,False,False
27,250,-10,P,200,0.5473630513101094,0.0241108974350678,0.16141986831765492,0.0010252061119174582,0.04069569917644431,0.003933359958880916,36.075,1.0,2.0,2.0,True,True,True
27,250,-10,S,200,0.26091830720954656,0.07973961345026645,0.1543477250433114,0.015521161421768546,0.034330234926300704,0.006614298818990697,36.075,6.0,6.0,6.0,False,False,False
27,250,-10,SLTA,200,0.42515688380392613,0.031168359059402333,0.1613338530380806,0.0011104488033397012,0.040794307387677524,0.0038342450678384944,36.075,3.0,3.0,1.0,True,True,True
27,250,-10,Std,200,0.48545495923611065,0.029933636791668317,0.16143233961618597,0.001023761757804844,0.04062414131069894,0.003874690920828342,36.075,2.0,1.0,3.0,True,True,True
27,250,-8,K,200,0.4477520982494163,0.04059593196862052,0.15924142590660095,0.0011064182811798585,0.03999780924692939,0.0035787797041948615,40.45,4.0,5.0,4.0,False,False,False
27,250,-8,M,200,0.4383004562648029,0.04579244257762851,0.16135182638008116,0.0010667610261549977,0.03966131949281095,0.003588252722878896,40.45,5.0,4.0,5.0,False,False,False
27,250,-8,P,200,0.5693984337293875,0.010997674457683283,0.1614488457465947,0.0010052138718753055,0.040777311285740254,0.0037178326898609257,40.45,1.0,2.0,1.0,True,True,True
27,250,-8,S,200,0.3012800834412383,0.06166191992294864,0.15856522476419013,0.004528176850097933,0.03673156883436004,0.0040005351880133605,40.45,6.0,6.0,6.0,False,False,False
27,250,-8,SLTA,200,0.4544183731305153,0.020106055372448195,0.1613907074872662,0.0010791569197515383,0.04055217087753734,0.003552902018272324,40.45,3.0,3.0,3.0,True,True,True
27,250,-8,Std,200,0.5223741632390636,0.01738480366388987,0.16145838262194195,0.001002266677007901,0.04072389263494659,0.003756316818121849,40.45,2.0,1.0,2.0,True,True,True
27,250,-6,K,200,0.4569912972232528,0.028952976583979807,0.15896522332442825,0.0010166084348637316,0.03984550447297098,0.0031203386497606353,43.61,5.0,6.0,5.0,False,False,False
27,250,-6,M,200,0.4820899461833513,0.03357475195080256,0.16144719513355382,0.0010251894434393793,0.04000140040495436,0.0036284735851353444,43.61,3.0,3.0,4.0,True,True,False
27,250,-6,P,200,0.578715375889237,0.005487425808141444,0.16151413666243367,0.0009898269787884967,0.040668100420216874,0.003465064396178845,43.61,1.0,2.0,2.0,True,True,True
27,250,-6,S,200,0.32366231096713216,0.045487623054136075,0.15929131110072514,0.0010472287217685597,0.037765403874334504,0.0028979364262242064,43.61,6.0,5.0,6.0,False,False,False
27,250,-6,SLTA,200,0.47187565572715534,0.01425441641333859,0.161431789411839,0.0010509090323831557,0.04041496028951426,0.0037202981786558127,43.61,4.0,4.0,3.0,False,False,True
27,250,-6,Std,200,0.5443681817125128,0.009545464553058484,0.16152660796096469,0.000983525446153567,0.040722984778913736,0.0034448427628251924,43.61,2.0,1.0,1.0,True,True,True
27,250,-4,K,200,0.45932925574018485,0.024343894681127676,0.15856174013665938,0.0009636821700411549,0.03963035795516559,0.0032915015440339005,46.435,5.0,6.0,5.0,False,False,False
27,250,-4,M,200,0.5158764633438995,0.025220043947459515,0.16150900142186206,0.0009799368525927094,0.03967057342637739,0.0033981835350423042,46.435,3.0,3.0,4.0,True,True,False
27,250,-4,P,200,0.5823587640615282,0.0033763881346115156,0.1615667728782926,0.0009779001751123,0.04063829991516637,0.0032928208368267296,46.435,1.0,2.0,1.0,True,True,True
27,250,-4,S,200,0.33725620493972175,0.037955829464972446,0.15918182043568055,0.0006268210037209925,0.038271526496999574,0.0028471520957274615,46.435,6.0,5.0,6.0,False,False,False
27,250,-4,SLTA,200,0.48212446049799573,0.011406542432219738,0.16145086316253354,0.0010537215977500366,0.04046732124800021,0.003773041229673353,46.435,4.0,4.0,3.0,False,False,True
27,250,-4,Std,200,0.557109804028724,0.005430227359756938,0.1615834624101503,0.0009694974389594438,0.04060730070604216,0.0033873085158439456,46.435,2.0,1.0,2.0,True,True,True
27,250,-2,K,200,0.4577844994756651,0.021036117655386218,0.15810745474752141,0.0009228270993288704,0.03990780621727929,0.0036090221437348573,48.845,5.0,6.0,5.0,False,False,False
27,250,-2,M,200,0.5414897440304742,0.018160939539542745,0.16157961097972162,0.0009946924321126845,0.039976803703045155,0.003468342259498681,48.845,3.0,3.0,4.0,True,True,False
27,250,-2,P,200,0.5837561947635183,0.0023015435478376655,0.16164013345788697,0.000984096068778352,0.04088006741155887,0.0035053849783061148,48.845,1.0,2.0,1.0,True,True,True
27,250,-2,S,200,0.34488645400246626,0.03316157683117742,0.15896485652153028,0.0006307264696600787,0.03899749113367009,0.0030334101944864116,48.845,6.0,5.0,6.0,False,False,False
27,250,-2,SLTA,200,0.4886250048462577,0.009681340142216076,0.161509918429107,0.0010287566845539778,0.04062434400302296,0.003599677918579203,48.845,4.0,4.0,3.0,False,False,True
27,250,-2,Std,200,0.5645451907626423,0.003086960409404923,0.1616562727853977,0.0009789670865331724,0.040875262688504145,0.0034929044155665835,48.845,2.0,1.0,2.0,True,True,True
27,250,0,K,200,0.454664062613972,0.017828618169036036,0.15771057401191604,0.0008211271649957994,0.04012283260368958,0.0036875105801806884,51.11,5.0,6.0,4.0,False,False,False
27,250,0,M,200,0.5594001455166427,0.013326273254133436,0.16165297155931596,0.000994488498222756,0.04008228068439714,0.003463656485564677,51.11,3.0,3.0,5.0,True,True,False
27,250,0,P,200,0.5841825236653329,0.0015985833288831683,0.16169973892880737,0.0009624479980874207,0.04092787043492439,0.0037914630269397427,51.11,1.0,2.0,1.0,True,True,True
27,250,0,S,200,0.3495952699520888,0.028293150621820286,0.158787140517463,0.000644961507475907,0.03971781056423952,0.003354157812490003,51.11,6.0,5.0,6.0,False,False,False
27,250,0,SLTA,200,0.4925883205259016,0.00871066959574725,0.16156915709712943,0.001018366654711038,0.040670476537155505,0.0035643319712680417,51.11,4.0,4.0,3.0,False,False,True
27,250,0,Std,200,0.5687488000045487,0.0018053857783216548,0.16171459444617522,0.0009557429323644476,0.04087280429273325,0.003778526329127775,51.11,2.0,1.0,2.0,True,True,True
27,250,2,K,200,0.45117497913815,0.015046401673048422,0.15744610912247844,0.0008156647034838782,0.04074860501284647,0.0036732874602875627,53.325,5.0,6.0,3.0,False,False,True
27,250,2,M,200,0.5713343230143267,0.009845932800850134,0.16172083009544075,0.0009856667372391977,0.040011934787238745,0.0036388502177627357,53.325,2.0,3.0,6.0,True,True,False
27,250,2,P,200,0.5842296043703386,0.001130253351166171,0.16176191202001355,0.0009700981974673482,0.04094736040328937,0.0037441801695130977,53.325,1.0,2.0,1.0,True,True,True
27,250,2,S,200,0.3522007171583396,0.02439077585139234,0.15866976359011206,0.0007502795672476541,0.04044167312528958,0.00372969892385069,53.325,6.0,5.0,5.0,False,False,False
27,250,2,SLTA,200,0.4950975723006893,0.00811837984236335,0.16161702487531474,0.0009907534625210916,0.040605083166637135,0.003696978407501123,53.325,4.0,4.0,4.0,False,False,False
27,250,2,Std,200,0.5710755148413132,0.0010893574526165632,0.16178777162432056,0.0009573527564829645,0.04091680748398645,0.0037546605116485863,53.325,3.0,1.0,2.0,True,True,True
27,250,4,K,200,0.4479423484973968,0.012822475230159955,0.15734652213567912,0.0008724071994963369,0.04076753856540503,0.003987447497144416,55.755,5.0,6.0,3.0,False,False,True
27,250,4,M,200,0.579216177520174,0.007250378663205994,0.16178410359534084,0.0009597375184803438,0.04002038851406747,0.003663040716447569,55.755,2.0,3.0,6.0,True,True,False
27,250,4,P,200,0.5841429507886096,0.0007907866075182654,0.1618185830677502,0.0009484810662259056,0.04089447982553379,0.003752533994831353,55.755,1.0,2.0,1.0,True,True,True
27,250,4,S,200,0.35393211626105064,0.021669659688162243,0.15869635680021502,0.0008889132254713935,0.040766757631061586,0.00388014991410995,55.755,6.0,5.0,4.0,False,False,False
27,250,4,SLTA,200,0.49666152958345317,0.007720718219397357,0.16167149510566353,0.0009611079941690838,0.04052450194230589,0.0038466992946841554,55.755,4.0,4.0,5.0,False,False,False
27,250,4,Std,200,0.5723374660381192,0.0006635506627061178,0.16184517627785314,0.0009360835611199963,0.040781631215810174,0.003744562490540501,55.755,3.0,1.0,2.0,True,True,True
27,250,6,K,200,0.44487865653265835,0.011026077436891763,0.1573179115096373,0.0009923892022422399,0.04065091971203618,0.004249965083716649,58.255,5.0,6.0,4.0,False,False,False
27,250,6,M,200,0.5843327542461639,0.0055832864224972046,0.16183197137352615,0.0009528069146254984,0.040179295815099776,0.003807057092901921,58.255,1.0,3.0,6.0,True,True,False
27,250,6,P,200,0.5840332978925861,0.0005827730990898457,0.16188882582271177,0.0009163839474124153,0.04102339432769828,0.0037030110952116974,58.255,2.0,2.0,1.0,True,True,True
27,250,6,S,200,0.35496901372342493,0.01977683076864855,0.15882932285072976,0.0009895311905720478,0.04050400934462581,0.004162629408585366,58.255,6.0,5.0,5.0,False,False,False
27,250,6,SLTA,200,0.4977955680243242,0.007447017710653246,0.16173880343744135,0.0009284804357132696,0.04071590595495991,0.0036481808500709125,58.255,4.0,4.0,3.0,False,False,True
27,250,6,Std,200,0.5729840709085255,0.0004105925020593089,0.16191780325165156,0.0009043826881459082,0.04092923649941546,0.0037688317338346725,58.255,3.0,1.0,2.0,True,True,True
27,300,-10,K,200,0.4205843813973762,0.046781066617095524,0.15052677007815196,0.0011527556606982117,0.03570023404453985,0.004012082360576693,32.245,3.0,5.0,4.0,True,False,False
27,300,-10,M,200,0.35211323722483945,0.05724391711065155,0.15182769143913305,0.0017586252754176095,0.03534798943088622,0.004481124175537173,32.245,5.0,4.0,5.0,False,False,False
27,300,-10,P,200,0.5051172541753965,0.025821134259173793,0.1520312581204882,0.001097656136823161,0.036993622117846486,0.003972291627904709,32.245,1.0,2.0,2.0,True,True,True
27,300,-10,S,200,0.297578153241533,0.055054276569076736,0.15026915226268345,0.0013809692202050676,0.033434217859118986,0.003725110411983862,32.245,6.0,6.0,6.0,False,False,False
27,300,-10,SLTA,200,0.3915690370655074,0.03128461972188801,0.15198226212841418,0.001092642376033957,0.03594637002323488,0.003841514881791849,32.245,4.0,3.0,3.0,False,True,True
27,300,-10,Std,200,0.44482972997786346,0.030746407115543575,0.15203650769106755,0.0010983613957511495,0.037026370253697566,0.003932964523118896,32.245,2.0,1.0,1.0,True,True,True
27,300,-8,K,200,0.44253069157594743,0.03393965855304214,0.15046124766017996,0.000988076489331892,0.03562402972820999,0.003653810604710073,35.52,3.0,5.0,5.0,True,False,False
27,300,-8,M,200,0.3986384540306004,0.045643138860801596,0.15202250883618926,0.0011675667972299844,0.03586575330083936,0.00417941177422603,35.52,5.0,3.0,4.0,False,True,False
27,300,-8,P,200,0.5294825614652385,0.011924220180664594,0.15210028025217975,0.0010223801972576805,0.036927288395196586,0.003918494739183687,35.52,1.0,1.0,1.0,True,True,True
27,300,-8,S,200,0.3323083832379524,0.042947046808842,0.1504602755174801,0.000848670731117432,0.03390543563583435,0.0032024933465416195,35.52,6.0,6.0,6.0,False,False,False
27,300,-8,SLTA,200,0.4182035886839203,0.02161014503691028,0.15200987098109078,0.0010568454849118787,0.035939406249564446,0.003947339850958077,35.52,4.0,4.0,3.0,False,False,True
27,300,-8,Std,200,0.48120422435462173,0.017759171760073692,0.1520991136809399,0.0010173416409432984,0.03690489854403468,0.003987416765253849,35.52,2.0,2.0,2.0,True,True,True
27,300,-6,K,200,0.45366599999074536,0.025928539354855503,0.15032184239701699,0.0009208185882601494,0.035284590398748594,0.003347032251096627,38.39,3.0,6.0,5.0,True,False,False
27,300,-6,M,200,0.43782565527997974,0.03554231888411662,0.15210377996589933,0.001089620497115027,0.03600959050485165,0.0041548136348255466,38.39,4.0,3.0,4.0,False,True,False
27,300,-6,P,200,0.5405567298443775,0.0063136994533635905,0.1521562756716929,0.0010217429146675266,0.03690712117556982,0.003957783100495459,38.39,1.0,2.0,1.0,True,True,True
27,300,-6,S,200,0.35336867425859547,0.0360415286285054,0.15041361266788578,0.0007617477935406354,0.033587834272929974,0.0027658672415024135,38.39,6.0,5.0,6.0,False,False,False
27,300,-6,SLTA,200,0.4354354438733899,0.01593054492805048,0.1520588669731648,0.0010327930323640402,0.03613335735401556,0.0038181423983759213,38.39,5.0,4.0,3.0,False,False,True
27,300,-6,Std,200,0.5046494820716334,0.010626668746326657,0.15216658038431163,0.001013546286257626,0.0368752923259064,0.003981152896260149,38.39,2.0,1.0,2.0,True,True,True
27,300,-4,K,200,0.4583602268865014,0.021141618275988573,0.15013713528403957,0.0009165673085414244,0.03496950093265913,0.003147748503455541,40.98,4.0,6.0,5.0,False,False,False
27,300,-4,M,200,0.47067000089758076,0.02626434749112924,0.1521677469555515,0.0010449215566453827,0.036205357909016106,0.004029528128733456,40.98,3.0,3.0,3.0,True,True,True
27,300,-4,P,200,0.5453090128459901,0.003646779845676292,0.15221265994828603,0.0010113593406850274,0.03711239404363312,0.003795886201536113,40.98,1.0,2.0,1.0,True,True,True
27,300,-4,S,200,0.36588850964060315,0.030351123056095792,0.15034186853663456,0.0007014798749288764,0.03363636744523153,0.0027122994034255807,40.98,6.0,5.0,6.0,False,False,False
27,300,-4,SLTA,200,0.44690622698288995,0.01226301807408955,0.15208219839796197,0.0010252345251504787,0.0361078541468469,0.00385896457379229,40.98,5.0,4.0,4.0,False,False,False
27,300,-4,Std,200,0.5193119897728715,0.006225707627092542,0.15222160366112494,0.0010023496476282668,0.03700494660912319,0.0037532048337063743,40.98,2.0,1.0,2.0,True,True,True
27,300,-2,K,200,0.4601675926164118,0.017561171916147023,0.1498396596178759,0.0009042633804934481,0.034842101306549945,0.0032534200962157185,43.825,4.0,6.0,5.0,False,False,False
27,300,-2,M,200,0.4959941977634299,0.018743332126732928,0.15224590722862197,0.0010132571634644642,0.03628440881848245,0.004170761033272899,43.825,3.0,3.0,4.0,True,True,False
27,300,-2,P,200,0.5470973867849119,0.0023727587725754858,0.1523013193625152,0.0009672101868999636,0.036871914151384855,0.0037776195902986393,43.825,1.0,2.0,1.0,True,True,True
27,300,-2,S,200,0.3744776222506849,0.026285399192239357,0.1502121847004704,0.0006911240919677083,0.03375223431243295,0.0025573367465142154,43.825,6.0,5.0,6.0,False,False,False
27,300,-2,SLTA,200,0.4539716810205956,0.010239385408135727,0.1521162233924578,0.001028815879415992,0.036343578556424255,0.0038044023645916803,43.825,5.0,4.0,3.0,False,False,True
27,300,-2,Std,200,0.5280385754465656,0.0036892039820739277,0.15230987421827413,0.0009563152864943565,0.03686877677487247,0.0038466594742634884,43.825,2.0,1.0,2.0,True,True,True
27,300,0,K,200,0.45862979164274953,0.014378364867443144,0.14944146996800453,0.0008320407122604859,0.034885397893949475,0.0030939596137988423,46.065,5.0,6.0,5.0,False,False,False
27,300,0,M,200,0.5158089063948984,0.012983818196770485,0.15231065193243404,0.0009682428676913409,0.036219202000382256,0.003939127209096039,46.065,3.0,3.0,4.0,True,True,False
27,300,0,P,200,0.5477833110563897,0.001539617435478051,0.15237695206456597,0.0009241200231247797,0.036912863755294005,0.003673539579647703,46.065,1.0,2.0,2.0,True,True,True
27,300,0,S,200,0.3787349078632154,0.02239367676539979,0.15003311601515226,0.0006732312318547879,0.034159687709117974,0.002481882171088332,46.065,6.0,5.0,6.0,False,False,False
27,300,0,SLTA,200,0.45866660804906134,0.009097729928162964,0.1521646360989119,0.0009880240217010317,0.0362351452119909,0.0037354389012446325,46.065,4.0,4.0,3.0,False,False,True
27,300,0,Std,200,0.5333561668441231,0.0021568663023518613,0.15238609020594485,0.0009180441081348378,0.036978781878837144,0.003659930481610881,46.065,2.0,1.0,1.0,True,True,True
27,300,2,K,200,0.45645312380252,0.012036692419872114,0.14904347474667318,0.0007774311611532537,0.035137603292309284,0.0028071689702926467,48.43,5.0,6.0,5.0,False,False,False
27,300,2,M,200,0.5298658631071249,0.009775619123753245,0.15238006292120557,0.00093443094630456,0.03594227786120444,0.0038902285681148793,48.43,3.0,3.0,3.0,True,True,True
27,300,2,P,200,0.5479258483329289,0.0010839052282763766,0.15244830733873724,0.0009102273101015386,0.03686478568467182,0.0037581366339067474,48.43,1.0,2.0,2.0,True,True,True
27,300,2,S,200,0.38093529203710874,0.019811045785909497,0.1498192446211784,0.0006925256916093332,0.03472907359406635,0.0027565967271560425,48.43,6.0,5.0,6.0,False,False,False
27,300,2,SLTA,200,0.46183899375269194,0.008344726814207053,0.15221965937572515,0.0009595183493506669,0.03588931650311808,0.003578014985295451,48.43,4.0,4.0,4.0,False,False,False
27,300,2,Std,200,0.5364476800409258,0.0013232223456097563,0.15245452905201648,0.0009113952663542253,0.03699000007444872,0.0036427815401014045,48.43,2.0,1.0,1.0,True,True,True
27,300,4,K,200,0.4542966918145834,0.010524503508993328,0.14872869494045163,0.000772547843571071,0.035579226695866516,0.003213603919922541,50.915,5.0,6.0,5.0,False,False,False
27,300,4,M,200,0.5395224756940652,0.007315735291515421,0.152515774042109,0.0009121014661667224,0.03597991702759361,0.0039320827725872285,50.915,2.0,3.0,3.0,True,True,True
27,300,4,P,200,0.5478668071813513,0.0007958120682336096,0.15256185360608338,0.0008875993968426189,0.03705527433695092,0.003916023990838685,50.915,1.0,2.0,1.0,True,True,True
27,300,4,S,200,0.3819813608344688,0.01801794198319924,0.1496030400847248,0.0007532732444431391,0.0354363550238294,0.0031795584573075623,50.915,6.0,5.0,6.0,False,False,False
27,300,4,SLTA,200,0.46381985551230925,0.007793157592781762,0.15231492936031354,0.0009483921016156207,0.035920551407102985,0.0037335642976756684,50.915,4.0,4.0,4.0,False,False,False
27,300,4,Std,200,0.5381992810978673,0.0008156841620742219,0.15256924189060247,0.0008811853930798223,0.037022739691041265,0.003922474213005327,50.915,3.0,1.0,2.0,True,True,True
27,300,6,K,200,0.4525378078402664,0.009000087361801391,0.14850412997677906,0.0008045209129672978,0.03628370452032963,0.0035466077940785536,53.59,5.0,6.0,3.0,False,False,True
27,300,6,M,200,0.5460105649684992,0.005543221165948426,0.1526361253083543,0.0008687480691857496,0.03594897014114671,0.0037682589399699686,53.59,2.0,3.0,6.0,True,True,False
27,300,6,P,200,0.5477458163335572,0.0005826358775491083,0.1526746221592696,0.000849685819502637,0.037398942474369055,0.0037088901437203415,53.59,1.0,2.0,1.0,True,True,True
27,300,6,S,200,0.3830730589058448,0.01673614656031501,0.1494336928264055,0.0008117739551524582,0.03619336477755606,0.0035415533582288054,53.59,6.0,5.0,4.0,False,False,False
27,300,6,SLTA,200,0.4652173841378251,0.0072676758497465235,0.15244228005399799,0.0009079548262350982,0.03618838447681106,0.003567061309000397,53.59,4.0,4.0,5.0,False,False,False
27,300,6,Std,200,0.5391705176334015,0.0005062845591924734,0.15268473244334835,0.0008500770619011447,0.037295202901441976,0.003773808329298985,53.59,3.0,1.0,2.0,True,True,True
29,100,-10,K,200,0.30327220711876424,0.0875981105653267,0.23678900613937393,0.02311427052142197,0.06868694204165827,0.017695927215795087,37.805,5.0,5.0,5.0,False,False,False
29,100,-10,M,200,0.7740910758080011,0.04035345381886855,0.2649989401840503,0.00010743798565286153,0.10765084629852882,0.0026945678759689204,37.805,3.0,3.0,1.0,True,True,True
29,100,-10,P,200,0.9039713041916017,0.014196772395085225,0.26502055560422566,5.5044470881290045e-05,0.10740310004654996,0.002021277632871754,37.805,1.0,1.0,3.0,True,True,True
29,100,-10,S,200,0.2729481485656636,0.08710309656178555,0.23394561644353085,0.032892710350764624,0.06251805661431463,0.022702098406295418,37.805,6.0,6.0,6.0,False,False,False
29,100,-10,SLTA,200,0.6819130133801454,0.04033580269126896,0.26499701629848493,0.00019555154718828947,0.10716430994776943,0.0027085660326925257,37.805,4.0,4.0,4.0,False,False,False
29,100,-10,Std,200,0.8097183112159796,0.02888342421258359,0.2650189712278777,5.748321019866199e-05,0.10751900785024249,0.0021719392014143343,37.805,2.0,2.0,2.0,True,True,True
29,100,-8,K,200,0.3384975572048576,0.07327088986569427,0.2471393973111992,0.011955562722870693,0.07974130295385243,0.013724081472107403,42.155,5.0,6.0,5.0,False,False,False
29,100,-8,M,200,0.8290267600326796,0.0253047495292089,0.26503028820179153,5.913878324532655e-05,0.10835718881432653,0.0020872647710896406,42.155,3.0,4.0,1.0,True,False,True
29,100,-8,P,200,0.920429945029249,0.005591509262440338,0.26503572034927014,4.575421642302706e-05,0.10754641052083136,0.001737793743809869,42.155,1.0,1.0,4.0,True,True,False
29,100,-8,S,200,0.31294789917997007,0.07221182656391037,0.24971027427519787,0.01593467710675882,0.07700776566111248,0.018721264955532013,42.155,6.0,5.0,6.0,False,False,False
29,100,-8,SLTA,200,0.7164441523334453,0.03196484162013803,0.2650328911057917,5.3451518277352845e-05,0.10762708721547855,0.001834447281978195,42.155,4.0,2.0,3.0,False,True,True
29,100,-8,Std,200,0.8500419271033894,0.016227513993796884,0.2650322120873569,4.446459923235195e-05,0.10772011920717835,0.0018041099468648013,42.155,2.0,3.0,2.0,True,True,True
29,100,-6,K,200,0.35737680302765185,0.0638550545917946,0.2509696271323259,0.007680044077466286,0.0873779318572342,0.01190647294329223,46.125,5.0,6.0,6.0,False,False,False
29,100,-6,M,200,0.8663981965629237,0.015867304456106936,0.2650440949099664,4.652640455410873e-05,0.10877443110412065,0.0016746613732096145,46.125,3.0,3.0,1.0,True,True,True
29,100,-6,P,200,0.9271232998345252,0.002673806707453385,0.2650457924560535,3.7901017713406766e-05,0.10755311186494161,0.0016836169879811663,46.125,1.0,2.0,4.0,True,True,False
29,100,-6,S,200,0.3405058203318186,0.06199254318926815,0.25602933299944813,0.008361975224041475,0.08758855028885354,0.014050695548940558,46.125,6.0,5.0,5.0,False,False,False
29,100,-6,SLTA,200,0.7390134870006004,0.027148084665576007,0.26504635830474915,3.782878071729459e-05,0.10761324669960112,0.0016017160460459197,46.125,4.0,1.0,3.0,False,True,True
29,100,-6,Std,200,0.8735735551139154,0.009148573478066266,0.2650427368730967,3.859945300324338e-05,0.10779369185740376,0.0016451719169556214,46.125,2.0,4.0,2.0,True,False,True
29,100,-4,K,200,0.3646708784196491,0.05741712537808514,0.2525235608204302,0.005711860516261138,0.09183783833485797,0.009939937380818073,49.99,5.0,6.0,6.0,False,False,False
29,100,-4,M,200,0.890983376274906,0.010086102581551216,0.2650549592049236,3.8238956172495594e-05,0.10908683732735797,0.0013544887697574674,49.99,2.0,1.0,1.0,True,True,True
29,100,-4,P,200,0.92987982184968,0.001574333549010831,0.26505201679170604,3.345923391902172e-05,0.10738666881412548,0.0016258834468123747,49.99,1.0,3.0,4.0,True,True,False
29,100,-4,S,200,0.3602121483865976,0.054634808646068206,0.2588564262528553,0.004727927065389716,0.09359443752556633,0.010950496193694377,49.99,6.0,5.0,5.0,False,False,False
29,100,-4,SLTA,200,0.7538621876993378,0.024066296322238223,0.2650525826404017,3.4337329129102085e-05,0.10745559145718721,0.0015406448959984173,49.99,4.0,2.0,3.0,False,True,True
29,100,-4,Std,200,0.8869395050050823,0.005422880408030138,0.2650483953600536,3.432814378959971e-05,0.10772285531407187,0.0015552628320877084,49.99,3.0,4.0,2.0,True,False,True
29,100,-2,K,200,0.36476741933144496,0.050980877378614564,0.2532235156569989,0.0045015697194469165,0.09496930443434025,0.008951934356194943,53.315,6.0,6.0,6.0,False,False,False
29,100,-2,M,200,0.9067644330560743,0.006383178898289932,0.2650611835405762,3.112521946264865e-05,0.10929490114462964,0.0011379750544766795,53.315,2.0,1.0,1.0,True,True,True
29,100,-2,P,200,0.9309888499801187,0.0011020765461616261,0.2650576752786629,3.0899222520524064e-05,0.1071776135191718,0.00155947867428525,53.315,1.0,3.0,4.0,True,True,False
29,100,-2,S,200,0.37388989706711323,0.04832986366782118,0.2600400685545,0.0034308254844342945,0.0976452688029544,0.008357904392944064,53.315,5.0,5.0,5.0,False,False,False
29,100,-2,SLTA,200,0.7639945711084962,0.02145166363056916,0.2650582411273586,3.262657826349532e-05,0.10725620864690193,0.0015096286258986513,53.315,4.0,2.0,3.0,False,True,True
29,100,-2,Std,200,0.8943315227026519,0.0033673013298040973,0.2650537143377931,3.174677803094327e-05,0.10765368068809865,0.001470666494057385,53.315,3.0,4.0,2.0,True,False,True
29,100,0,K,200,0.35939303278366397,0.04563845288690349,0.2534213363610122,0.0038741350175490958,0.09755668778277554,0.008240808052665752,56.74,6.0,6.0,6.0,False,False,False
29,100,0,M,200,0.9166732607371073,0.0042308451305034835,0.26506729470648965,2.544501826603044e-05,0.10940757863560607,0.000937743414811114,56.74,2.0,1.0,1.0,True,True,True
29,100,0,P,200,0.9314157934859094,0.0008406549758909079,0.2650643522932721,2.7731025014098742e-05,0.10689176044380438,0.0014875952324118413,56.74,1.0,3.0,4.0,True,True,False
29,100,0,S,200,0.38284561721191956,0.044884746412292426,0.2605736638745358,0.0028340586851887404,0.09926150732226192,0.007223374609572002,56.74,5.0,5.0,5.0,False,False,False
29,100,0,SLTA,200,0.7711231039561512,0.01960959345763847,0.2650648049722286,2.8398807725929146e-05,0.10693739804060451,0.0014740687824402266,56.74,4.0,2.0,3.0,False,True,True
29,100,0,Std,200,0.8983398380270842,0.00223573577535461,0.26506073086161963,2.8901989501033255e-05,0.10752750102976398,0.0014068632240906336,56.74,3.0,4.0,2.0,True,False,True
29,100,2,K,200,0.3498838452773749,0.039195656074211924,0.25345562679197103,0.0035657717606948237,0.09995685439494852,0.007563139306187732,59.98,6.0,6.0,6.0,False,False,False
29,100,2,M,200,0.922996424158997,0.002895463404680724,0.26507272685396827,2.0243146702426773e-05,0.10945597241543738,0.0007622310439450141,59.98,2.0,1.0,1.0,True,True,True
29,100,2,P,200,0.9315607596516123,0.0006646102095641046,0.2650675210459679,2.461083099169328e-05,0.1065740188067782,0.0014355508570324195,59.98,1.0,3.0,4.0,True,True,False
29,100,2,S,200,0.38779392521073236,0.04032356607640344,0.2609508586150829,0.0024043088529509178,0.10036818927567163,0.006256424263620915,59.98,5.0,5.0,5.0,False,False,False
29,100,2,SLTA,200,0.7759181994464828,0.01829075159461465,0.26506842640388106,2.4120593622473462e-05,0.10661141542508545,0.0014154117720820815,59.98,4.0,2.0,3.0,False,True,True
29,100,2,Std,200,0.9004099425747062,0.0015573193301804831,0.26506525765118516,2.5555058930627077e-05,0.10732157877925924,0.001400294343339573,59.98,3.0,4.0,2.0,True,False,True
29,100,4,K,200,0.3393497844071056,0.03303311101504257,0.2535239813144104,0.0030913164120511634,0.10087002597301374,0.007138915976898124,63.245,6.0,6.0,6.0,False,False,False
29,100,4,M,200,0.9269799107236247,0.0020573361207969405,0.26507544292770757,1.7603983051663206e-05,0.10949952797099292,0.0006506255920326671,63.245,2.0,1.0,1.0,True,True,True
29,100,4,P,200,0.9315779811952091,0.0005364608836763797,0.2650712556473595,2.1458956315482692e-05,0.10620135773799325,0.0013106596421473189,63.245,1.0,3.0,3.0,True,True,True
29,100,4,S,200,0.39092064363845147,0.036776390834227776,0.26118545948431604,0.0020503694847505047,0.1009154317174689,0.00533164538563988,63.245,5.0,5.0,5.0,False,False,False
29,100,4,SLTA,200,0.7796706110483959,0.017226490202478316,0.2650718214960552,2.1255549295304285e-05,0.1061997548665495,0.0013072358526517744,63.245,4.0,2.0,4.0,False,True,False
29,100,4,Std,200,0.9014137838091036,0.0011457739989435792,0.265069218592055,2.2425701539393624e-05,0.10705966936575281,0.001371351891019979,63.245,3.0,4.0,2.0,True,False,True
29,100,6,K,200,0.3274587812084508,0.028081774459562874,0.2533302347210061,0.003046308458455865,0.10207267334450364,0.006315157695200386,66.695,6.0,6.0,5.0,False,False,False
29,100,6,M,200,0.9294857494758313,0.001511300289089536,0.26507747998301207,1.5221415006247113e-05,0.10952632162178658,0.0005612100898733605,66.695,2.0,1.0,1.0,True,True,True
29,100,6,P,200,0.9315574767496841,0.000438042441126012,0.26507442440005535,1.914344677372869e-05,0.10592844361406735,0.0012212620215479924,66.695,1.0,2.0,3.0,True,True,True
29,100,6,S,200,0.39177803485298546,0.03381816213710872,0.2613014584669325,0.0018438798101970833,0.10083051599508369,0.00505483916084507,66.695,5.0,5.0,6.0,False,False,False
29,100,6,SLTA,200,0.7823953281282497,0.016268171270413977,0.2650743112303162,1.952459235233722e-05,0.10591578988432074,0.0012283246664738883,66.695,4.0,3.0,4.0,False,True,False
29,100,6,Std,200,0.9018132383432643,0.0008513757918208861,0.26507170832631605,2.1466153081444443e-05,0.1068513170251745,0.001355242345853089,66.695,3.0,4.0,2.0,True,False,True
29,150,-10,K,200,0.3615315562553627,0.07713114690605424,0.20753834994329545,0.00550628050605271,0.06504275182986478,0.0074894560086915946,36.68,5.0,5.0,5.0,False,False,False
29,150,-10,M,200,0.617197089422578,0.0461605826266906,0.2162769390103013,0.0007053149960401575,0.07063639071043892,0.003868060213005977,36.68,3.0,4.0,4.0,True,False,False
29,150,-10,P,200,0.7413691932791346,0.018499814130098578,0.2163893031442645,0.0006450964093987419,0.07136175009941595,0.003708270997649759,36.68,1.0,2.0,2.0,True,True,True
29,150,-10,S,200,0.23164363157125958,0.08306525916414415,0.19145550856255486,0.031063676225212902,0.04989616767040075,0.014137400244148534,36.68,6.0,6.0,6.0,False,False,False
29,150,-10,SLTA,200,0.578434819848687,0.03150579662651709,0.2163176606559022,0.0006506367427841337,0.07111142729721816,0.0036926491957264204,36.68,4.0,3.0,3.0,False,True,True
29,150,-10,Std,200,0.660816362102328,0.030353913936631442,0.21640200277611293,0.0006455144972373237,0.07147744223163015,0.003695844824114712,36.68,2.0,1.0,1.0,True,True,True
29,150,-8,K,200,0.399208557104128,0.0663350395156951,0.20929407404634015,0.002580898791826292,0.06833432007897199,0.004887627217083837,41.46,5.0,5.0,5.0,False,False,False
29,150,-8,M,200,0.6689307197746956,0.030716999612858037,0.21628480726046825,0.000632402417259219,0.07047580798801428,0.003493990462975449,41.46,3.0,4.0,4.0,True,False,False
29,150,-8,P,200,0.7565166329605397,0.008105982801742516,0.21637536115712655,0.0005740241918136074,0.0710929168056672,0.003616940100245683,41.46,1.0,2.0,2.0,True,True,True
29,150,-8,S,200,0.2792701840893723,0.07339279960036332,0.2043972616529595,0.01601248871806583,0.05891326423150369,0.010872096087398515,41.46,6.0,6.0,6.0,False,False,False
29,150,-8,SLTA,200,0.6073196813404594,0.021786669272608472,0.21632428655077962,0.0006088733010375931,0.07089611189448362,0.0038998338464184415,41.46,4.0,3.0,3.0,False,True,True
29,150,-8,Std,200,0.6969633043113626,0.016130519384501458,0.21640034630239355,0.0005735706384232457,0.07115583387470928,0.0036563512068572817,41.46,2.0,1.0,1.0,True,True,True
29,150,-6,K,200,0.42096198795185236,0.0549844855293203,0.2096551853171606,0.001794652798771229,0.06945803140103916,0.004083978548660616,45.985,5.0,6.0,5.0,False,False,False
29,150,-6,M,200,0.7046383379557172,0.020523649052481753,0.21631020652416505,0.0005746715852048621,0.07032498793959864,0.003274496700515487,45.985,3.0,4.0,4.0,True,False,False
29,150,-6,P,200,0.7617649050169045,0.004437115231575261,0.2163797784203782,0.000536843722281121,0.07072422416946356,0.003314457612911984,45.985,1.0,2.0,2.0,True,True,True
29,150,-6,S,200,0.31567664712799104,0.06003481852080368,0.20988488300624517,0.007210612574761931,0.06462173515469194,0.007764420942463424,45.985,6.0,5.0,6.0,False,False,False
29,150,-6,SLTA,200,0.6255642129689886,0.01730149387770529,0.2163332591167595,0.0005848296442400437,0.07066045642740168,0.0035740447312555506,45.985,4.0,3.0,3.0,False,True,True
29,150,-6,Std,200,0.7175132119403664,0.008696036580396672,0.2164047635656452,0.0005323162653130697,0.07074087303081461,0.003394190273998873,45.985,2.0,1.0,1.0,True,True,True
29,150,-4,K,200,0.4297164180836208,0.04764362709027341,0.20961832877690487,0.0012820663682703575,0.06973135877178933,0.0034741189936553607,49.855,5.0,6.0,5.0,False,False,False
29,150,-4,M,200,0.7288898765711841,0.013688267522395542,0.21631020652416505,0.0005474750719762665,0.07026909496533434,0.0029232292670263384,49.855,3.0,4.0,4.0,True,False,False
29,150,-4,P,200,0.7634837322833586,0.0028566008471051685,0.216371634091258,0.0005214587632483427,0.07039782538809786,0.0029383437986407793,49.855,1.0,2.0,3.0,True,True,True
29,150,-4,S,200,0.33970714154304926,0.05022007655438842,0.2116988597684207,0.0033686990122410504,0.06727149853953016,0.00512004995211557,49.855,6.0,5.0,6.0,False,False,False
29,150,-4,SLTA,200,0.6369655782333933,0.014460303077942716,0.21634595874860793,0.0005687410962023556,0.07070936112646081,0.0034533359567489458,49.855,4.0,3.0,1.0,False,True,True
29,150,-4,Std,200,0.7290363273530839,0.004762215629594416,0.21639178785484353,0.0005252748655890821,0.07048007699351859,0.003133290142868871,49.855,2.0,1.0,2.0,True,True,True
29,150,-2,K,200,0.4297302031525843,0.042327748604186144,0.20946758966844312,0.0010877058544586965,0.06930258906967772,0.0034100180719118284,53.385,5.0,6.0,5.0,False,False,False
29,150,-2,M,200,0.7451652770098902,0.009282605941965488,0.21632815165612482,0.0005126368521789253,0.0702643153176944,0.0029471676436120383,53.385,2.0,4.0,4.0,True,False,False
29,150,-2,P,200,0.7638702127925587,0.0020350513975854407,0.21636790702538947,0.0004906394056044445,0.070346463265335,0.002737735893085407,53.385,1.0,2.0,2.0,True,True,True
29,150,-2,S,200,0.3548656133449553,0.0431724873092844,0.21244040783678744,0.001986089039400517,0.06812894916628044,0.004474300993439338,53.385,6.0,5.0,6.0,False,False,False
29,150,-2,SLTA,200,0.6441981879477087,0.012681364075742524,0.21634209364326273,0.0005541537214909216,0.07065937111687887,0.0031459684347272913,53.385,4.0,3.0,1.0,False,True,True
29,150,-2,Std,200,0.735376267002102,0.0027028983612118773,0.2163859901968258,0.0004907305174109227,0.07028119148850072,0.0027095970302522545,53.385,3.0,1.0,3.0,True,True,True
29,150,0,K,200,0.42473412020856394,0.03716413442402938,0.20936544045574926,0.0008977857729094682,0.06901044119222836,0.0032873259179524495,56.72,5.0,6.0,5.0,False,False,False
29,150,0,M,200,0.7556814393030535,0.006533033359113511,0.21636721682800636,0.0004851860873565521,0.0702354979851087,0.002963735442838809,56.72,2.0,4.0,4.0,True,False,False
29,150,0,P,200,0.763792064586206,0.0015173868488153272,0.21640724827622423,0.0004677196907769006,0.07027720729459005,0.002584565035859227,56.72,1.0,2.0,3.0,True,True,True
29,150,0,S,200,0.3639911596634688,0.03691644300072034,0.21295184409763976,0.0015171274195754838,0.0688850243745689,0.0037729099189620875,56.72,6.0,5.0,6.0,False,False,False
29,150,0,SLTA,200,0.6489941201051097,0.011562393732153276,0.21636914938067897,0.0005318928023696978,0.0704360707330307,0.002978499555880226,56.72,4.0,3.0,1.0,False,True,True
29,150,0,Std,200,0.7387245527443231,0.0015916836406114187,0.2164098710262799,0.0004618457064436537,0.07030728886212384,0.002557688325490248,56.72,3.0,1.0,2.0,True,True,True
29,150,2,K,200,0.4166816911030102,0.03243050866353526,0.20938407578509208,0.0007581353167750963,0.0689093391957771,0.003005009910103425,59.99,5.0,6.0,6.0,False,False,False
29,150,2,M,200,0.7623258355404968,0.004792219839898041,0.2164203620265025,0.0004623491546023146,0.07045569789141154,0.0028052952827356346,59.99,2.0,3.0,3.0,True,True,True
29,150,2,P,200,0.7635584372177162,0.0012224690453741384,0.21646453465901874,0.00044670941106897345,0.07058262132337173,0.0025208282631728383,59.99,1.0,1.0,1.0,True,True,True
29,150,2,S,200,0.36913327455491385,0.03259034175831131,0.21334884563237963,0.0011829256959886467,0.06964937663505352,0.0036085714008791295,59.99,6.0,5.0,5.0,False,False,False
29,150,2,SLTA,200,0.6520761012345175,0.010804835962447884,0.21640931886837345,0.0005149586457530375,0.07050512288675934,0.0028752474715869653,59.99,4.0,4.0,2.0,False,False,True
29,150,2,Std,200,0.7403707558609124,0.0009619037493138107,0.21645984131681392,0.0004431806075347775,0.07044160304263286,0.002445743693899465,59.99,3.0,2.0,4.0,True,True,False
29,150,4,K,200,0.40712761978014966,0.027599643508582163,0.20951369485363194,0.0006485418110131559,0.06878663089957984,0.0028167879532851364,63.345,5.0,6.0,6.0,False,False,False
29,150,4,M,200,0.7665852694782284,0.0035676656102402783,0.21646481073797197,0.0004416532891314333,0.0705549582021792,0.002756199868760069,63.345,1.0,3.0,5.0,True,True,False
29,150,4,P,200,0.7632821331260534,0.0009564527433971989,0.21652113084443023,0.0004247696889170592,0.07095347564960106,0.002345859848716313,63.345,2.0,1.0,1.0,True,True,True
29,150,4,S,200,0.3722131659957151,0.028945796521912415,0.21372113810080579,0.0008842248721752402,0.07058258600574818,0.003712297049034694,63.345,6.0,5.0,4.0,False,False,False
29,150,4,SLTA,200,0.65419716844039,0.010345829019849527,0.21645901307995424,0.0004861575749287788,0.07063438667852312,0.0028016395123685134,63.345,4.0,4.0,3.0,False,False,True
29,150,4,Std,200,0.7411029356698415,0.0005873333130693996,0.21650760297572214,0.00042689274581170976,0.070819006788805,0.002388727842325985,63.345,3.0,2.0,2.0,True,True,True
29,150,6,K,200,0.3976027385931238,0.023427813920008086,0.2096376543036307,0.0005888470855487015,0.06904101677187746,0.0026145540595728174,67.18,5.0,6.0,6.0,False,False,False
29,150,6,M,200,0.7692809950091529,0.0026934869487908264,0.21652237319971973,0.00042428946737572683,0.07058648702752052,0.0027461557792711234,67.18,1.0,4.0,5.0,True,False,False
29,150,6,P,200,0.7630059998124059,0.0007587988858983079,0.21658987450378364,0.00038910680195591407,0.07130458329481532,0.00249766743042726,67.18,2.0,1.0,2.0,True,True,True
29,150,6,S,200,0.3739496249634616,0.02625620099494849,0.21397209386928875,0.0007750394661774786,0.07144768860249784,0.003739868953493702,67.18,6.0,5.0,1.0,False,False,True
29,150,6,SLTA,200,0.6559837854783683,0.0097582980823575,0.21652278731814958,0.00045858061810488215,0.07100501751908778,0.002851023093326935,67.18,4.0,3.0,4.0,False,True,False
29,150,6,Std,200,0.7413390820793421,0.0003595862853327032,0.21656323288479729,0.00039930740012487334,0.07105713639000445,0.002544415830414912,67.18,3.0,2.0,3.0,True,True,True
29,200,-10,K,200,0.41288208532790066,0.06650068983000595,0.1825422362093544,0.0021946233319555825,0.05166600105827999,0.004900118348826351,36.64,5.0,5.0,5.0,False,False,False
29,200,-10,M,200,0.48338079064522155,0.05711542867486213,0.186620664508053,0.0010315861873799906,0.05257482515648047,0.00404816517717434,36.64,4.0,4.0,4.0,False,False,False
29,200,-10,P,200,0.6244756084432241,0.021151772226977842,0.1867447400988711,0.0009511718856106373,0.053833090509183334,0.0038964689743167286,36.64,1.0,2.0,1.0,True,True,True
29,200,-10,S,200,0.21761788547826122,0.08109638620342936,0.16897727456499126,0.023158948757780885,0.03920334717813479,0.011180265383927036,36.64,6.0,6.0,6.0,False,False,False
29,200,-10,SLTA,200,0.4903496419004529,0.031839889363353836,0.18663673070635128,0.000922636796639694,0.05313594461341244,0.004058145353168058,36.64,3.0,3.0,3.0,True,True,True
29,200,-10,Std,200,0.5565990241418077,0.03053995492671286,0.18676064722589905,0.0009423156961416348,0.05378440902400184,0.004037288163501335,36.64,2.0,1.0,2.0,True,True,True
29,200,-8,K,200,0.44601086976343773,0.04639238874146545,0.18274998328833952,0.0011571980797193669,0.052548304989147816,0.004022021864289994,41.61,5.0,5.0,5.0,False,False,False
29,200,-8,M,200,0.5375324105736558,0.038659499283166324,0.18670815370670682,0.0009561749934257214,0.05282316872263655,0.0040002881396561185,41.61,3.0,3.0,4.0,True,True,False
29,200,-8,P,200,0.6438187490196434,0.008493850614177099,0.18680327832633403,0.0008810714143348343,0.05371731210702993,0.004288337696664147,41.61,1.0,2.0,2.0,True,True,True
29,200,-8,S,200,0.26297648254586276,0.06636236892810887,0.17997578033466333,0.007087420194566285,0.04615824277501245,0.007359380558997564,41.61,6.0,6.0,6.0,False,False,False
29,200,-8,SLTA,200,0.5206894044625063,0.02015969319871669,0.18666170489578515,0.0008873149854106121,0.05319860824145107,0.0041808882832569585,41.61,4.0,4.0,3.0,False,False,True
29,200,-8,Std,200,0.5937682828317851,0.015618842846299772,0.18682697994560565,0.0008723923119539394,0.0538370707789136,0.004311894909038777,41.61,2.0,1.0,1.0,True,True,True
29,200,-6,K,200,0.4657174532530963,0.034284373740608214,0.18254780370381415,0.0010670274076702048,0.05294651376648159,0.004021289363555805,46.35,5.0,6.0,4.0,False,False,False
29,200,-6,M,200,0.577954297691953,0.026547999855949512,0.18673917260441134,0.0009386084735622691,0.052937088636056465,0.003773795925108345,46.35,3.0,3.0,5.0,True,True,False
29,200,-6,P,200,0.6510429801124559,0.004448549798196447,0.18683127486990322,0.0008960852954941192,0.05424212819372101,0.003998394584915386,46.35,1.0,2.0,2.0,True,True,True
29,200,-6,S,200,0.2984207873516217,0.054525614570188015,0.18265342702727982,0.0022957264766123486,0.05002164055602412,0.0047112722883983155,46.35,6.0,5.0,6.0,False,False,False
29,200,-6,SLTA,200,0.5386759935471767,0.01450766559654281,0.1866871562990299,0.0008949255092835106,0.053532753041095865,0.004127095825981473,46.35,4.0,4.0,3.0,False,False,True
29,200,-6,Std,200,0.6149847280933053,0.008519559817438672,0.18684956806598535,0.0008906622994831052,0.054246927644270464,0.003970093596905687,46.35,2.0,1.0,1.0,True,True,True
29,200,-4,K,200,0.4747342064089162,0.028779852634857477,0.1822902673172315,0.0010497231472104687,0.05281858432092714,0.0038760444421391425,50.7,5.0,6.0,4.0,False,False,False
29,200,-4,M,200,0.6067734425304847,0.017929336134610813,0.18675635230160154,0.0009098461322285725,0.052639329534047354,0.004071620807670213,50.7,3.0,3.0,5.0,True,True,False
29,200,-4,P,200,0.6534771740800481,0.002729172114482678,0.18681489052906441,0.0008750307722983649,0.053992975707318536,0.004261168874859337,50.7,1.0,2.0,2.0,True,True,True
29,200,-4,S,200,0.32343606524246415,0.04622808219493882,0.18308864602276478,0.0012179447649845185,0.05178003689000839,0.003792681319303406,50.7,6.0,5.0,6.0,False,False,False
29,200,-4,SLTA,200,0.5492973521020188,0.011594010822221106,0.18668826979792186,0.0008789498880415339,0.05348109694718978,0.004142792853039137,50.7,4.0,4.0,3.0,False,False,True
29,200,-4,Std,200,0.6266883608871513,0.004703256045863043,0.18684527314168783,0.0008650621148632484,0.05400868551140334,0.004284084979987249,50.7,2.0,1.0,1.0,True,True,True
29,200,-2,K,200,0.47617063075254734,0.025807488879503963,0.18190292877410066,0.0010584398289176648,0.052702350207818036,0.004121909596981836,53.995,5.0,6.0,5.0,False,False,False
29,200,-2,M,200,0.6266798397325768,0.012296058134425027,0.1867687598606833,0.0008960763415866789,0.05262074972496755,0.004296073483364535,53.995,3.0,3.0,6.0,True,True,False
29,200,-2,P,200,0.6541988146600517,0.0018586474990957545,0.18682316223511897,0.0008809606436103509,0.05396093498415281,0.004194818373050486,53.995,1.0,2.0,1.0,True,True,True
29,200,-2,S,200,0.3389444416275856,0.040675640379462995,0.18313573111876758,0.0009665387699598363,0.052881009784352596,0.004013297267308034,53.995,6.0,5.0,4.0,False,False,False
29,200,-2,SLTA,200,0.5559860278651905,0.009837034140434572,0.1867013136420848,0.000866551075572664,0.053478902155869985,0.004259478214593691,53.995,4.0,4.0,3.0,False,False,True
29,200,-2,Std,200,0.6331617649961795,0.002661960715612276,0.1868579988433102,0.000874579296388503,0.053955841008683836,0.004312425460671393,53.995,2.0,1.0,2.0,True,True,True
29,200,0,K,200,0.47368991825693463,0.022608839681662347,0.1816234405522194,0.0011001533554387646,0.05289998855558138,0.0042839950295521,56.855,5.0,6.0,5.0,False,False,False
29,200,0,M,200,0.6395705488236438,0.008904200007149731,0.1867690780032239,0.0009134123587913454,0.052677989193832014,0.004045672734904001,56.855,2.0,3.0,6.0,True,True,False
29,200,0,P,200,0.6542478676875862,0.0013600129393162412,0.1868190263820917,0.0009108359983585761,0.05395106345290626,0.003929943310479444,56.855,1.0,2.0,1.0,True,True,True
29,200,0,S,200,0.3490806192298384,0.03577067334404177,0.1832235384599619,0.001087157072723167,0.05345000632947415,0.004359626799720466,56.855,6.0,5.0,3.0,False,False,True
29,200,0,SLTA,200,0.560003131879361,0.008648094641241642,0.1866869972277596,0.0008821406352561575,0.05340049006795789,0.004375679797396419,56.855,4.0,4.0,4.0,False,False,False
29,200,0,Std,200,0.6365926580030159,0.0015645496704967887,0.18685720348695878,0.0009081113682206269,0.05388265766425048,0.003984453214069972,56.855,3.0,1.0,2.0,True,True,True
29,200,2,K,200,0.46772160217401265,0.01968902206636963,0.18149061604153593,0.001155997721140132,0.05314817363439146,0.004331228578997665,59.255,5.0,6.0,5.0,False,False,False
29,200,2,M,200,0.6480237689872719,0.006590717205039415,0.18680121039982037,0.0009010492836376684,0.05280409443581226,0.004068688516131453,59.255,2.0,3.0,6.0,True,True,False
29,200,2,P,200,0.6541520641166414,0.0010127092553633597,0.1868236394489298,0.0009072337303321488,0.05394858673517956,0.0038694007383309353,59.255,1.0,2.0,1.0,True,True,True
29,200,2,S,200,0.3542443914766359,0.03112814004142249,0.18333966048726602,0.0011960754515632401,0.053492390625733445,0.004330579575161419,59.255,6.0,5.0,3.0,False,False,True
29,200,2,SLTA,200,0.5622783980738326,0.007904739181905889,0.18670083642827393,0.0008701528083345055,0.05318035040206823,0.0040947495478252825,59.255,4.0,4.0,4.0,False,False,False
29,200,2,Std,200,0.6383618386302757,0.0009382438458169413,0.18686674776317555,0.0009007681330658441,0.05382359227131009,0.003998663914392346,59.255,3.0,1.0,2.0,True,True,True
29,200,4,K,200,0.46116314795250285,0.017088876019911426,0.18160307942962362,0.0012264872312071603,0.05268209518506302,0.004441558608254665,61.735,5.0,6.0,6.0,False,False,False
29,200,4,M,200,0.6531305792962785,0.0049814105877935165,0.1867870530567655,0.00088540104169446,0.05271562349009131,0.004228325631026082,61.735,2.0,3.0,5.0,True,True,False
29,200,4,P,200,0.653974373192114,0.0007557139596999513,0.18680280111252315,0.0008683109991257886,0.05364224238508521,0.003996620284639094,61.735,1.0,2.0,2.0,True,True,True
29,200,4,S,200,0.35729918500039415,0.027808949618265025,0.18365621231512239,0.001328035473099727,0.052778164171631996,0.004495539419442689,61.735,6.0,5.0,4.0,False,False,False
29,200,4,SLTA,200,0.5634484726779739,0.007491036270584984,0.18670306342605789,0.000840661142633916,0.05293511359720642,0.004175650701688172,61.735,4.0,4.0,3.0,False,False,True
29,200,4,Std,200,0.6391975731718432,0.0005720269336469589,0.18684272800136334,0.0008736881318424208,0.0536611359776038,0.0041275257637011665,61.735,3.0,1.0,1.0,True,True,True
29,200,6,K,200,0.4549271641635974,0.014949268729763664,0.18185966138858461,0.0012884611935477543,0.05218295764205046,0.003998894674842918,64.335,5.0,6.0,6.0,False,False,False
29,200,6,M,200,0.6563926090214168,0.0038163929402918973,0.18678355348881934,0.0008722265308993574,0.05290324546533829,0.004105082853330082,64.335,1.0,3.0,4.0,True,True,False
29,200,6,P,200,0.6538205423251335,0.0005788738480441641,0.18682332130638923,0.0008562513260923369,0.05346005712589995,0.004031010439631294,64.335,2.0,2.0,2.0,True,True,True
29,200,6,S,200,0.35888097045883105,0.025204256442228814,0.18401205474673787,0.0013843348259803042,0.05247678552250335,0.004340920723693877,64.335,6.0,5.0,5.0,False,False,False
29,200,6,SLTA,200,0.5641556183542725,0.007203405164653432,0.18672262919230223,0.0008161257452433794,0.052905151947744776,0.004132203651360864,64.335,4.0,4.0,3.0,False,False,True
29,200,6,Std,200,0.6395592417782627,0.0003552484462629133,0.18685020435106647,0.0008677855947400163,0.05365843112689895,0.004149669854122565,64.335,3.0,1.0,1.0,True,True,True
29,250,-10,K,200,0.42292484088436816,0.05448164497110168,0.159007772460593,0.001404842213402193,0.0393554373314856,0.003815186777648029,36.075,3.0,5.0,4.0,True,False,False
29,250,-10,M,200,0.37355575233136107,0.056450452506362964,0.1608252808200428,0.0016629289352784937,0.03879465313848547,0.0039321946134372515,36.075,5.0,4.0,5.0,False,False,False
29,250,-10,P,200,0.5265931824069241,0.024048257392160093,0.16109359713990912,0.0012102518746409346,0.040417147058326795,0.003929926661788536,36.075,1.0,2.0,1.0,True,True,True
29,250,-10,S,200,0.2664545230818275,0.07948221736892067,0.15457844406613563,0.01466559800105149,0.034430685632520344,0.006305522696475281,36.075,6.0,6.0,6.0,False,False,False
29,250,-10,SLTA,200,0.4155628857350591,0.03063976063998233,0.1610222539762536,0.0011994867510591112,0.03969079056381511,0.00401986151572586,36.075,4.0,3.0,3.0,False,True,True
29,250,-10,Std,200,0.4703882639316185,0.029113090126582853,0.16110074979641953,0.0012064349263763204,0.040383759078251306,0.003838445431597829,36.075,2.0,1.0,2.0,True,True,True
29,250,-8,K,200,0.44573576408787297,0.036628421454755124,0.1589454159679378,0.00127593105061448,0.03969130465573884,0.003724739796255763,40.45,3.0,5.0,4.0,True,False,False
29,250,-8,M,200,0.4217420390344253,0.04608472413854535,0.1610261054066823,0.0012604223818699371,0.039362854879809575,0.0037126241894022585,40.45,5.0,4.0,5.0,False,False,False
29,250,-8,P,200,0.5478566269547421,0.01120067852107877,0.16113229484564515,0.0012105008235825433,0.040587435302246615,0.003591156110008901,40.45,1.0,2.0,1.0,True,True,True
29,250,-8,S,200,0.30701868280474426,0.06059357370925814,0.1584652709744928,0.004164961665310186,0.03632253116440495,0.003962514342497509,40.45,6.0,6.0,6.0,False,False,False
29,250,-8,SLTA,200,0.44351620128940583,0.01962393785611004,0.16107635740370443,0.0012037256618397112,0.03987446609049431,0.003991476511257815,40.45,4.0,3.0,3.0,False,True,True
29,250,-8,Std,200,0.5052994283351763,0.01685701218580052,0.16114036450940053,0.0012031574358120976,0.04048006768457017,0.0035745645534808286,40.45,2.0,1.0,2.0,True,True,True
29,250,-6,K,200,0.4533456531311347,0.02571934418679184,0.15870589367556226,0.00117405135470454,0.03922559061844314,0.0033033119375004472,43.61,5.0,6.0,5.0,False,False,False
29,250,-6,M,200,0.46373867846678735,0.033873883425881324,0.16111340449639958,0.001237077944933896,0.039618013917259054,0.003550966234829985,43.61,3.0,4.0,4.0,True,False,False
29,250,-6,P,200,0.5568932104594357,0.005627388451175642,0.16119556834554527,0.0011930613647045517,0.040438018771065384,0.003486594116046284,43.61,1.0,2.0,2.0,True,True,True
29,250,-6,S,200,0.3291796852354784,0.04398960576942303,0.15904702037067595,0.000989325355613259,0.03700510573854641,0.003103798410880007,43.61,6.0,5.0,6.0,False,False,False
29,250,-6,SLTA,200,0.4598637129061652,0.013607422639130456,0.16114329893258428,0.0011538112339149862,0.03977286327378488,0.003875256880019057,43.61,4.0,3.0,3.0,False,True,True
29,250,-6,Std,200,0.5258924990934031,0.009192065228091885,0.16120602222813743,0.0011910485073858264,0.040511362233158835,0.0034690009840409263,43.61,2.0,1.0,1.0,True,True,True
29,250,-4,K,200,0.4546278027292558,0.021446505506572268,0.15832221784428385,0.001077902717193529,0.039042336824851115,0.0034131466738038145,46.435,5.0,6.0,5.0,False,False,False
29,250,-4,M,200,0.4961056372188059,0.02535480099991051,0.161172826565871,0.0011845772370298966,0.03944229562941944,0.0036012164773459167,46.435,3.0,4.0,4.0,True,False,False
29,250,-4,P,200,0.5604471790795139,0.003407725888990686,0.16122601298607692,0.001187824088182345,0.04041724379726466,0.003568461669756011,46.435,1.0,2.0,1.0,True,True,True
29,250,-4,S,200,0.3421404614492897,0.036233248137304525,0.15892890983752905,0.0007238788888335893,0.037311622184207104,0.0028593911606829064,46.435,6.0,5.0,6.0,False,False,False
29,250,-4,SLTA,200,0.4694005067367534,0.010660082042250727,0.1611874986817899,0.0011390392924011668,0.03961108369633618,0.003751680079887789,46.435,4.0,3.0,3.0,False,True,True
29,250,-4,Std,200,0.5377132662066368,0.005189830653568329,0.16124251911648563,0.0011848557323044422,0.04032709377571758,0.0035916193934511583,46.435,2.0,1.0,2.0,True,True,True
29,250,-2,K,200,0.4524239620353109,0.01845969025471225,0.15784243965373687,0.00100439108534681,0.03932816861878816,0.0035270784473708555,48.845,5.0,6.0,5.0,False,False,False
29,250,-2,M,200,0.5206671504808389,0.018301985561851836,0.16125535721791465,0.0011834994483100546,0.039675714975188056,0.0036970750419254923,48.845,3.0,4.0,4.0,True,False,False
29,250,-2,P,200,0.5618209031721325,0.0022950212801631192,0.16133201902359073,0.0011664316505418343,0.04061054163953677,0.0035697949030869727,48.845,1.0,2.0,1.0,True,True,True
29,250,-2,S,200,0.3490785185531216,0.031470568601321254,0.15868663652341877,0.0007064461482446063,0.03762504953523584,0.003029951309407498,48.845,6.0,5.0,6.0,False,False,False
29,250,-2,SLTA,200,0.47538165876873323,0.00886614086774383,0.16126030905703725,0.0011219717387181691,0.03972841034721799,0.0037583961604792863,48.845,4.0,3.0,3.0,False,True,True
29,250,-2,Std,200,0.544564433000765,0.0029360946800436765,0.16134724134385653,0.001162747408271342,0.04057174147442411,0.0035952138644398555,48.845,2.0,1.0,2.0,True,True,True
29,250,0,K,200,0.4488006544827513,0.015574049700560439,0.15739017168053773,0.0008962511199793436,0.03957815757487852,0.0036384124198453106,51.11,5.0,6.0,4.0,False,False,False
29,250,0,M,200,0.5378889721085927,0.013452450624605181,0.16132816759316204,0.0011767258790294937,0.03952902033159635,0.003690382534424221,51.11,3.0,3.0,5.0,True,True,False
29,250,0,P,200,0.5622590668149159,0.0015678159033415094,0.16139015728291922,0.0011634320616681377,0.04042461651808959,0.0037008108086957242,51.11,1.0,2.0,1.0,True,True,True
29,250,0,S,200,0.3531083598774157,0.026731434103794256,0.1584346429325122,0.0006768151949537644,0.038276543134773564,0.0033126395381655118,51.11,6.0,5.0,6.0,False,False,False
29,250,0,SLTA,200,0.478972290643837,0.007876028430953431,0.16131459588593708,0.0011047311666869386,0.039922999801472875,0.00356301131017032,51.11,4.0,4.0,3.0,False,False,True
29,250,0,Std,200,0.5484163866238402,0.0017129422812502911,0.161406113208981,0.0011521175393715644,0.04034890683194241,0.003728499613736602,51.11,2.0,1.0,2.0,True,True,True
29,250,2,K,200,0.44494573639636537,0.013065190189449398,0.15702611980430084,0.0008582669486732396,0.03996290228461065,0.0038335434679781615,53.325,5.0,6.0,4.0,False,False,False
29,250,2,M,200,0.5493747027278713,0.01000832494841977,0.1613747515612044,0.0011634623961271086,0.03964477735725043,0.003591852305201586,53.325,3.0,4.0,5.0,True,False,False
29,250,2,P,200,0.56232693783087,0.0010975812582619648,0.16143417363067583,0.0011630158999619614,0.04055265124724932,0.0036394437598934255,53.325,1.0,2.0,1.0,True,True,True
29,250,2,S,200,0.3551511295516715,0.022993049336222565,0.15821474459517815,0.0007183708747068858,0.039333385761917666,0.0033815156586003603,53.325,6.0,5.0,6.0,False,False,False
29,250,2,SLTA,200,0.4812315384238175,0.007237571438460809,0.1613789697945311,0.001106302247609037,0.04008091932924903,0.0037315352226011886,53.325,4.0,3.0,3.0,False,True,True
29,250,2,Std,200,0.5505379919750163,0.0010331030904873752,0.16145618180455415,0.0011553881818331935,0.04053293975735033,0.0036745909023707607,53.325,2.0,1.0,2.0,True,True,True
29,250,4,K,200,0.44141319035911075,0.011082757802816796,0.15681575834231404,0.0008492642213476998,0.04013095138787667,0.003968164787482651,55.755,5.0,6.0,3.0,False,False,True
29,250,4,M,200,0.5570028766283412,0.007414503232106957,0.16146095024222779,0.0011417890069399584,0.039768616811505335,0.0035726260259317435,55.755,2.0,3.0,6.0,True,True,False
29,250,4,P,200,0.5622621003345984,0.0007565277868091652,0.16151065203490295,0.0011292400560884938,0.040341713185311254,0.003789159540640432,55.755,1.0,2.0,1.0,True,True,True
29,250,4,S,200,0.3563711534988506,0.020438121057024024,0.15811350699533797,0.0008028991542698953,0.040021590545695984,0.0035883277751165375,55.755,6.0,5.0,5.0,False,False,False
29,250,4,SLTA,200,0.48263828761564603,0.006811895293810103,0.16144536111906396,0.001074692260065337,0.04002240369904589,0.003796231754135664,55.755,4.0,4.0,4.0,False,False,False
29,250,4,Std,200,0.5516828802635755,0.0006284109836776076,0.161535594631965,0.0011205222829869862,0.040255105397265976,0.003712586271646835,55.755,3.0,1.0,2.0,True,True,True
29,250,6,K,200,0.43816589463422856,0.009539470506576721,0.1567077348888614,0.0009623134106985851,0.04046484285955858,0.00425338713694017,58.255,5.0,6.0,3.0,False,False,True
29,250,6,M,200,0.561966252777911,0.005718077603945461,0.16153742864645487,0.0011405680214449378,0.039802526639830596,0.0037766620179495555,58.255,2.0,3.0,5.0,True,True,False
29,250,6,P,200,0.5621683048368132,0.0005490050456277576,0.16160198595649788,0.0010986709370823088,0.040508117671756196,0.0038957195660426617,58.255,1.0,2.0,2.0,True,True,True
29,250,6,S,200,0.3570087896188772,0.01868359669829321,0.15814835327064528,0.0009289537605188308,0.04013892166106753,0.0038338232028015,58.255,6.0,5.0,4.0,False,False,False
29,250,6,SLTA,200,0.4836435117329726,0.006514671823494452,0.16151175244359683,0.00104472082900288,0.0397590653658105,0.003899331521607133,58.255,4.0,4.0,6.0,False,False,False
29,250,6,Std,200,0.5522633771366241,0.00038849403011405315,0.16162234351733534,0.0010909119257608319,0.04055583563434915,0.003801609826251977,58.255,3.0,1.0,1.0,True,True,True
29,300,-10,K,200,0.42011833311521796,0.04315982627085325,0.1502767349757425,0.0013086686848923237,0.0353367089972124,0.003788029093999692,32.245,3.0,5.0,4.0,True,False,False
29,300,-10,M,200,0.33790581400034886,0.057011241193497514,0.15140130965096513,0.002216325931620083,0.03465777812983059,0.004568334039076305,32.245,5.0,4.0,5.0,False,False,False
29,300,-10,P,200,0.4857351293494687,0.02526980098863346,0.15169761874588894,0.001311480196168205,0.03615957233564984,0.003999057334432583,32.245,1.0,2.0,2.0,True,True,True
29,300,-10,S,200,0.30236964141444445,0.05388324998887848,0.15005217001206994,0.001392773112265042,0.03328633090566087,0.003612413549868476,32.245,6.0,6.0,6.0,False,False,False
29,300,-10,SLTA,200,0.38187565530433076,0.030220937648919532,0.15165970518059357,0.001295055349142819,0.03551507798973948,0.003708686065460272,32.245,4.0,3.0,3.0,False,True,True
29,300,-10,Std,200,0.4309038838466529,0.029820174483902683,0.1517046181733281,0.001305042639104369,0.03623780209425982,0.00399276324790286,32.245,2.0,1.0,1.0,True,True,True
29,300,-8,K,200,0.4392234588413668,0.03067088903439442,0.15020129670223173,0.00115008746419163,0.03502909373508803,0.003720716479810759,35.52,3.0,5.0,4.0,True,False,False
29,300,-8,M,200,0.3829239280310309,0.0457243907877924,0.15165678875249392,0.0013611928128880917,0.03498529397849476,0.004127187057680898,35.52,5.0,4.0,5.0,False,False,False
29,300,-8,P,200,0.5093630910688701,0.011826405844513718,0.1517645021636408,0.0012113066706029981,0.03624338207838818,0.0038630149910191393,35.52,1.0,2.0,1.0,True,True,True
29,300,-8,S,200,0.3365133151236149,0.041352876999684415,0.1501631887083964,0.0010046319207266776,0.0335517834502651,0.003166550565586925,35.52,6.0,6.0,6.0,False,False,False
29,300,-8,SLTA,200,0.40777219354601213,0.020886077007192076,0.15171686717134658,0.0012578850073730117,0.03544476597094042,0.003716265317951267,35.52,4.0,3.0,3.0,False,True,True
29,300,-8,Std,200,0.4655667913347823,0.017156366855398127,0.15177227930523982,0.0012041948338859562,0.03619815606053349,0.0038744189476933566,35.52,2.0,1.0,2.0,True,True,True
29,300,-6,K,200,0.4485753697981976,0.023253010396545575,0.15007316829438738,0.0010784812500280593,0.03485955572693605,0.0037486169119356266,38.39,3.0,6.0,5.0,True,False,False
29,300,-6,M,200,0.4205938796608013,0.03579968656072745,0.15173767102512406,0.0012833876243016204,0.03505988940205437,0.0039647993503356535,38.39,5.0,4.0,4.0,False,False,False
29,300,-6,P,200,0.5201004864766925,0.006426051475202212,0.15179191658777744,0.001191510927835886,0.03608342488280599,0.0039777661904825505,38.39,1.0,2.0,2.0,True,True,True
29,300,-6,S,200,0.3567034788849807,0.03438479083251129,0.15010291586100374,0.0009192652646543997,0.033348985565372476,0.0030471625591080576,38.39,6.0,5.0,6.0,False,False,False
29,300,-6,SLTA,200,0.42420939752753967,0.015584038440513613,0.15174155959592356,0.0012250339264719117,0.03559180281777951,0.003858064758534474,38.39,4.0,3.0,3.0,False,True,True
29,300,-6,Std,200,0.48763172671483224,0.010298492491514951,0.15179911044375655,0.00118298664907022,0.0361215472090092,0.003975584402669234,38.39,2.0,1.0,1.0,True,True,True
29,300,-4,K,200,0.4520935669553555,0.018721628170318017,0.149904404321688,0.0010553460896322473,0.03468197012585413,0.0036681034731141935,40.98,4.0,6.0,5.0,False,False,False
29,300,-4,M,200,0.4522783559094833,0.026504845021640175,0.1518043600143359,0.0012053657971642883,0.0355381946102191,0.004318143300816743,40.98,3.0,3.0,4.0,True,True,False
29,300,-4,P,200,0.5247950902257753,0.003727500276181331,0.1518387738659117,0.00116007216879267,0.036004796260611184,0.004068819814087821,40.98,1.0,2.0,2.0,True,True,True
29,300,-4,S,200,0.36843413815478426,0.028744097991323717,0.15004905915543032,0.0008649912943647535,0.03318619046616483,0.0030145995807073886,40.98,6.0,5.0,6.0,False,False,False
29,300,-4,SLTA,200,0.43513808617615213,0.011900259829059085,0.15175730830766165,0.0011830368287540968,0.03568251253921562,0.003910167720048233,40.98,5.0,4.0,3.0,False,False,True
29,300,-4,Std,200,0.5013503538391323,0.006019541643508173,0.15185043957831026,0.0011561243105053045,0.03600946435150722,0.0040472809244359075,40.98,2.0,1.0,1.0,True,True,True
29,300,-2,K,200,0.4530258126437712,0.01557763251717271,0.14962403836704224,0.0010290081101758945,0.03457187832508954,0.003457477656487892,43.825,4.0,6.0,5.0,False,False,False
29,300,-2,M,200,0.4767396672717158,0.019094808248492245,0.15189729685644454,0.0011591072949928753,0.035643677550374064,0.0042449953479022215,43.825,3.0,3.0,4.0,True,True,False
29,300,-2,P,200,0.5266238515691327,0.00241268576968332,0.1519634025600365,0.0011154994904160624,0.03637112770438671,0.004004900438198086,43.825,1.0,2.0,2.0,True,True,True
29,300,-2,S,200,0.3762679380667751,0.02474549057050825,0.14992831903210507,0.0008183861310623072,0.033208437761353314,0.002939866087182657,43.825,6.0,5.0,6.0,False,False,False
29,300,-2,SLTA,200,0.4418680109718522,0.009766050296293396,0.15179444415879711,0.0011655214233009753,0.035742677242782614,0.0038277804211939268,43.825,5.0,4.0,3.0,False,False,True
29,300,-2,Std,200,0.5094671572865639,0.003570096544804199,0.15197390170119518,0.0011059041541608143,0.03641688880205667,0.003970124116421285,43.825,2.0,1.0,1.0,True,True,True
29,300,0,K,200,0.45102737301360335,0.012686740534564594,0.14925151328444775,0.0009733853884890683,0.03400404905376317,0.0031817506557609704,46.065,4.0,6.0,5.0,False,False,False
29,300,0,M,200,0.49593129838487343,0.013456228290401832,0.151991983555413,0.0011164243275963493,0.035389968116017564,0.0041702600367966155,46.065,3.0,3.0,4.0,True,True,False
29,300,0,P,200,0.5273494913223902,0.0015545313091922914,0.15204525697536647,0.0010729770191192367,0.03655855742918118,0.0041231068562498,46.065,1.0,2.0,1.0,True,True,True
29,300,0,S,200,0.3799082303258819,0.020932690715089533,0.14978755276916225,0.0007744194579766043,0.0331331211108985,0.0028001015954295188,46.065,6.0,5.0,6.0,False,False,False
29,300,0,SLTA,200,0.44627800149303637,0.008515789673846976,0.15186288300486875,0.0011518765357180535,0.03576661945435931,0.003806328865616465,46.065,5.0,4.0,3.0,False,False,True
29,300,0,Std,200,0.5143862719279775,0.002091772557055776,0.15205692268776505,0.0010641073751008502,0.03646270557066388,0.004112407421792633,46.065,2.0,1.0,2.0,True,True,True
29,300,2,K,200,0.4484824794053587,0.010530358681134756,0.14884826849253702,0.0008893440676624947,0.03436019261608321,0.0031302671360784575,48.43,5.0,6.0,5.0,False,False,False
29,300,2,M,200,0.5095108871699153,0.010249930066815774,0.15209016996810099,0.001099477949765627,0.03567215378269007,0.004217186761481662,48.43,3.0,3.0,4.0,True,True,False
29,300,2,P,200,0.5275252613671739,0.0010766256145767785,0.15213197210419588,0.0010730137016136865,0.03654815468100057,0.0040476041072278045,48.43,1.0,2.0,2.0,True,True,True
29,300,2,S,200,0.38158374049708604,0.018402485058720778,0.14958534708758697,0.0007875617822519508,0.03359895839616226,0.0029557181635698746,48.43,6.0,5.0,6.0,False,False,False
29,300,2,SLTA,200,0.4492092868510022,0.007689024241006964,0.1519354048502799,0.001134605978684727,0.03576502522424302,0.003913874378689418,48.43,4.0,4.0,3.0,False,False,True
29,300,2,Std,200,0.5172278772981549,0.0012825472687868972,0.15213974924579493,0.001069172935280889,0.03663592254304048,0.003992578736169989,48.43,2.0,1.0,1.0,True,True,True
29,300,4,K,200,0.445932063948652,0.009074456259711993,0.14847146598206304,0.0008319690430868807,0.03466089916211715,0.0031463355373052733,50.915,5.0,6.0,5.0,False,False,False
29,300,4,M,200,0.5188349581920851,0.00777675483633561,0.15220099423588745,0.0010986694119015778,0.03569323337567621,0.003997921864840924,50.915,2.0,3.0,4.0,True,True,False
29,300,4,P,200,0.5274949737529742,0.000782545346185856,0.15224376851468222,0.0010551836453010109,0.036467602311285666,0.0038257381192251427,50.915,1.0,2.0,2.0,True,True,True
29,300,4,S,200,0.3821567445662702,0.01665954814754908,0.1493255905581787,0.0007927055663662305,0.034338947569677945,0.003105026110030193,50.915,6.0,5.0,6.0,False,False,False
29,300,4,SLTA,200,0.4510125728054712,0.007111939912029047,0.15204136840456695,0.001137118515359626,0.03579564511211658,0.003808142278512589,50.915,4.0,4.0,3.0,False,False,True
29,300,4,Std,200,0.5188289480693417,0.0007935634859456213,0.15225018465650145,0.0010507926210589758,0.03650234710794068,0.0037849378524282096,50.915,3.0,1.0,1.0,True,True,True
29,300,6,K,200,0.44381619845565107,0.007655157260000354,0.14817535131567922,0.0008335213919135634,0.03518333925582118,0.0031518901153232337,53.59,5.0,6.0,5.0,False,False,False
29,300,6,M,200,0.5250894589320452,0.005912171093252494,0.15229198679259634,0.0010533209487036575,0.03560332118604266,0.003879106537596934,53.59,2.0,3.0,4.0,True,True,False
29,300,6,P,200,0.5273975507121104,0.0005649440037055559,0.1523487599262694,0.0009962655079817893,0.036610945339967504,0.0037782815100258363,53.59,1.0,2.0,2.0,True,True,True
29,300,6,S,200,0.38281694355018964,0.015423555125228446,0.1490883877394077,0.0008254105133657325,0.03508600572263179,0.003149460862516227,53.59,6.0,5.0,6.0,False,False,False
29,300,6,SLTA,200,0.452267030569282,0.006573929476511405,0.1521514149581935,0.0010976193087028705,0.035734566898555975,0.0038596064381467964,53.59,4.0,4.0,3.0,False,False,True
29,300,6,Std,200,0.5197115642343191,0.0004920529654251427,0.15235789806764827,0.0009945369389999944,0.036658811121245055,0.0037105581062296285,53.59,3.0,1.0,1.0,True,True,True
31,100,-10,K,200,0.31675609626032414,0.08877435456013937,0.24050550037266688,0.02003299353537171,0.07643068789339649,0.016759101659874508,37.805,5.0,5.0,5.0,False,False,False
31,100,-10,M,200,0.7617537934915063,0.0405760463351331,0.2649984875050937,0.0001548298844049216,0.10874860983251855,0.003444736496789686,37.805,3.0,4.0,4.0,True,False,False
31,100,-10,P,200,0.8852251751849145,0.01422627399141259,0.2650405866480531,5.746226968851091e-05,0.10921676022016659,0.0028772739001605477,37.805,1.0,2.0,2.0,True,True,True
31,100,-10,S,200,0.2745499394932085,0.09070242312356913,0.23452481916843934,0.0333782770063133,0.06584698396572075,0.022598333937561225,37.805,6.0,6.0,6.0,False,False,False
31,100,-10,SLTA,200,0.6820537388154131,0.038078478973006785,0.2650287038254436,0.00012298295248809173,0.10916339629346701,0.00318028537256043,37.805,4.0,3.0,3.0,False,True,True
31,100,-10,Std,200,0.7944158750767218,0.027736357019357203,0.2650433027217924,5.627076211053129e-05,0.10934228127406408,0.0028694336424989336,37.805,2.0,1.0,1.0,True,True,True
31,100,-8,K,200,0.3518132462364166,0.07388523266288687,0.24914397290055112,0.009716688129684037,0.0871748679710348,0.013274419224501352,42.155,5.0,6.0,5.0,False,False,False
31,100,-8,M,200,0.814925286176499,0.025629158280508726,0.2650391154414443,7.663620932211779e-05,0.109654731170378,0.0028534345944247366,42.155,3.0,4.0,4.0,True,False,False
31,100,-8,P,200,0.9002869007795045,0.0059032280048081035,0.26505450652596707,4.196116493478233e-05,0.1099269933728584,0.0025853237679857033,42.155,1.0,2.0,3.0,True,True,True
31,100,-8,S,200,0.31571905084268503,0.07484009912583776,0.24992722066512546,0.01563968702551172,0.08107393604215384,0.018243918501809904,42.155,6.0,5.0,6.0,False,False,False
31,100,-8,SLTA,200,0.714393197561999,0.02982704059673051,0.26505360116805393,4.3864063980830635e-05,0.10993397865265819,0.0026060748688296787,42.155,4.0,3.0,2.0,False,True,True
31,100,-8,Std,200,0.8318661896578057,0.01541951184517535,0.2650569962602281,4.002183808850278e-05,0.11001613243565414,0.0026085304802953954,42.155,2.0,1.0,1.0,True,True,True
31,100,-6,K,200,0.37001786110799506,0.06442275726217751,0.25191459445412845,0.006066833825107194,0.09420711644790014,0.010930651294249633,46.125,5.0,6.0,5.0,False,False,False
31,100,-6,M,200,0.8510028938983492,0.016250870146646123,0.2650562040720541,4.800795577031802e-05,0.11036543081454823,0.002365933134197382,46.125,3.0,4.0,4.0,True,False,False
31,100,-6,P,200,0.9060529807782376,0.0031790517014409947,0.265063446935359,3.3237102036868796e-05,0.11056408677741791,0.0021974408305113122,46.125,1.0,3.0,2.0,True,True,True
31,100,-6,S,200,0.3439628863129927,0.06389064646670277,0.2558464507010011,0.007970897094459861,0.09111510065162744,0.014032377623288017,46.125,6.0,5.0,6.0,False,False,False
31,100,-6,SLTA,200,0.7350411350327323,0.024988073424161567,0.2650637864445764,3.429212854734182e-05,0.11056013718031421,0.0022271959220590467,46.125,4.0,2.0,3.0,False,True,True
31,100,-6,Std,200,0.8533221239688593,0.008616355069684915,0.26506593666962003,3.168508961280867e-05,0.11063577746255612,0.002217099821284112,46.125,2.0,1.0,1.0,True,True,True
31,100,-4,K,200,0.3765818363353016,0.05784425914920755,0.2529692232531558,0.0044070468817575745,0.09795102985274046,0.008842839955911775,49.99,5.0,6.0,5.0,False,False,False
31,100,-4,M,200,0.8746689326947904,0.01046387415137385,0.2650653708209243,3.6047411736143554e-05,0.11081351092804312,0.001979058856285085,49.99,2.0,4.0,4.0,True,False,False
31,100,-4,P,200,0.9081381756650209,0.002123428761524078,0.26506808689466366,2.8591915383672404e-05,0.11109949574694668,0.0016288193000522381,49.99,1.0,3.0,3.0,True,True,True
31,100,-4,S,200,0.36413570355610353,0.05608410507040453,0.2584389430851751,0.004390703282225413,0.09777700608886329,0.010221452181285638,49.99,6.0,5.0,6.0,False,False,False
31,100,-4,SLTA,200,0.7483535216327715,0.02197831350819824,0.2650685395736202,2.8376816605127286e-05,0.11110874124254157,0.001725845049508771,49.99,4.0,2.0,2.0,False,True,True
31,100,-4,Std,200,0.865256584509099,0.0050422632801531584,0.26506967127101155,2.6373782864285876e-05,0.11114548363885224,0.0016891061398315135,49.99,3.0,1.0,1.0,True,True,True
31,100,-2,K,200,0.37585803193846906,0.05130208465636738,0.2533047715297,0.0035321760448893446,0.10116910184816197,0.007169221666900334,53.315,6.0,6.0,6.0,False,False,False
31,100,-2,M,200,0.889852751860371,0.006698414963595173,0.26507046345918556,2.7359996556216587e-05,0.11131028510428977,0.0015264390076441942,53.315,2.0,4.0,4.0,True,False,False
31,100,-2,P,200,0.9087910412945159,0.0016007838043917237,0.26507204783553345,2.382420253117938e-05,0.11151642575653492,0.0012328338128599168,53.315,1.0,2.0,2.0,True,True,True
31,100,-2,S,200,0.377986254226971,0.04937094846138247,0.2594750120469838,0.0031434148152460336,0.10197502329574853,0.007556423572543354,53.315,5.0,5.0,5.0,False,False,False
31,100,-2,SLTA,200,0.7573004209844073,0.019474536424850114,0.2650714819868378,2.5162952635997295e-05,0.11150774286232103,0.001305391783521544,53.315,4.0,3.0,3.0,False,True,True
31,100,-2,Std,200,0.8717032587959498,0.0030379957223949125,0.2650730663631857,2.2938705521498434e-05,0.11158474758624777,0.00124058122993251,53.315,3.0,1.0,1.0,True,True,True
31,100,0,K,200,0.36987013632478394,0.04574330899937298,0.2533516238017032,0.003021377030755967,0.10400498836471188,0.006404848320906282,56.74,6.0,6.0,5.0,False,False,False
31,100,0,M,200,0.899363250049675,0.004504238987649975,0.26507532975796844,2.0307583642108632e-05,0.11161462818454673,0.001159897606646416,56.74,2.0,3.5,4.0,True,False,False
31,100,0,P,200,0.9088580784091476,0.0013100673912036344,0.26507532975796844,2.0180417585909963e-05,0.11179490837700538,0.0009034379904855578,56.74,1.0,3.5,3.0,True,False,True
31,100,0,S,200,0.3869215986032867,0.04562226152809637,0.2599215798376225,0.0025700971450371562,0.1035426829828239,0.00675807564112098,56.74,5.0,5.0,6.0,False,False,False
31,100,0,SLTA,200,0.7634706741158024,0.017749315155690348,0.26507612194614244,1.9603543715070168e-05,0.11179945199676393,0.000937643424460644,56.74,4.0,1.0,2.0,False,True,True
31,100,0,Std,200,0.8750542358219847,0.001929788419101896,0.2650760087764033,1.8927060925420843e-05,0.11184382610511062,0.0008982877557626443,56.74,3.0,2.0,1.0,True,True,True
31,100,2,K,200,0.3597537696047442,0.03908478631536537,0.25330228179543895,0.0027296721943404966,0.10554365182856211,0.006024826684736244,59.98,6.0,6.0,5.0,False,False,False
31,100,2,M,200,0.9054255530979366,0.0031088181199914085,0.2650783853409252,1.4851608801809691e-05,0.11185916857082454,0.0008193007551685317,59.98,2.0,3.0,4.0,True,True,False
31,100,2,P,200,0.9087329791726934,0.001055604745454828,0.2650777063224904,1.6517553793358703e-05,0.11198214305035802,0.0006505206974719045,59.98,1.0,4.0,3.0,True,False,True
31,100,2,S,200,0.39170851896053577,0.04078057884036249,0.26020269346964137,0.002133537039532191,0.10517443626619415,0.005700843242719701,59.98,5.0,5.0,6.0,False,False,False
31,100,2,SLTA,200,0.7675434430876039,0.016541143394501644,0.2650786116804035,1.60046179939175e-05,0.11199605376464372,0.000622047140627781,59.98,4.0,2.0,2.0,False,True,True
31,100,2,Std,200,0.8766667227678299,0.0012675741754922811,0.2650789511896209,1.4806037633310703e-05,0.11202753590750086,0.0005734032343204138,59.98,3.0,1.0,1.0,True,True,True
31,100,4,K,200,0.3487369559677314,0.03274281306547425,0.25325893778534914,0.002408591871893475,0.10624160220696303,0.005597709525221241,63.245,6.0,6.0,5.0,False,False,False
31,100,4,M,200,0.9092370055308565,0.002223068515473624,0.26507917752909915,1.312096176043631e-05,0.11195357559004053,0.0006260828599212292,63.245,1.0,4.0,4.0,True,False,False
31,100,4,P,200,0.9085373334148111,0.0008613538903322377,0.26507974337779483,1.342402623633007e-05,0.11211369066940563,0.00045145466558538293,63.245,2.0,3.0,2.0,True,True,True
31,100,4,S,200,0.39463930959730975,0.037004134401711464,0.26037561683104427,0.0018093931018319828,0.10564692357147086,0.004841416134710316,63.245,5.0,5.0,6.0,False,False,False
31,100,4,SLTA,200,0.7706810139914501,0.01559462017474909,0.26508030922649056,1.292327118338663e-05,0.11211227400273897,0.00046316379854945085,63.245,4.0,2.0,3.0,False,True,True
31,100,4,Std,200,0.8773410614105402,0.000879780540316898,0.2650807619054471,1.198481717101127e-05,0.11213369066940564,0.0004078656000476694,63.245,3.0,1.0,1.0,True,True,True
31,100,6,K,200,0.3364341506551512,0.02764721118401371,0.2530818271435981,0.002444410524966166,0.10673664537916915,0.005426436777894078,66.695,6.0,6.0,5.0,False,False,False
31,100,6,M,200,0.911614346208208,0.0016423223651818551,0.2650800828870123,1.1271957701577375e-05,0.11203369662178657,0.0004919980214839671,66.695,1.0,4.0,4.0,True,False,False
31,100,6,P,200,0.9083431852810665,0.0007061851367853232,0.2650814409238819,1.133118229844698e-05,0.11219225019321516,0.000333292375829555,66.695,2.0,3.0,2.0,True,True,True
31,100,6,S,200,0.3952989082261481,0.03380139521354212,0.2604498561799188,0.001726767688118383,0.10594791002481502,0.004372987037079685,66.695,5.0,5.0,6.0,False,False,False
31,100,6,SLTA,200,0.7729164310849602,0.014764991621694588,0.2650817804330993,1.1656507976957068e-05,0.11219028590750088,0.00032490392859133303,66.695,4.0,2.0,3.0,False,True,True
31,100,6,Std,200,0.8774999817746469,0.0006193738828552806,0.26508189360283846,1.0690568545007691e-05,0.11220763114559613,0.00029556402721590185,66.695,3.0,1.0,1.0,True,True,True
31,150,-10,K,200,0.3772165440704297,0.07386254153034365,0.20799595080826858,0.004206723475570676,0.06661069095109534,0.006961378174350726,36.68,5.0,5.0,5.0,False,False,False
31,150,-10,M,200,0.5958633164317128,0.04583596129277001,0.21590906380512678,0.0008926337221843301,0.06974189289248889,0.004164565736898177,36.68,3.0,4.0,4.0,True,False,False
31,150,-10,P,200,0.7149824185874742,0.017957214897519194,0.2160468272027869,0.0008298390535513841,0.07124772198129224,0.003975337834271169,36.68,1.0,2.0,2.0,True,True,True
31,150,-10,S,200,0.23729832168415868,0.08368585661244701,0.19272422939210784,0.029872474986943256,0.05142962135069342,0.014103304676964802,36.68,6.0,6.0,6.0,False,False,False
31,150,-10,SLTA,200,0.5659480930027516,0.03037567848409548,0.21593266855562768,0.0008306389627604507,0.07073282388184267,0.004129406160348918,36.68,4.0,3.0,3.0,False,True,True
31,150,-10,Std,200,0.6411664582407636,0.029005365249244172,0.2160624256636442,0.0008256838885066274,0.07130555660785848,0.003971326130894825,36.68,2.0,1.0,1.0,True,True,True
31,150,-8,K,200,0.4125790574554021,0.06289556558144371,0.2090649285151621,0.002302762164223349,0.06903062937150266,0.0047268063904928525,41.46,5.0,5.0,5.0,False,False,False
31,150,-8,M,200,0.6454823570306507,0.030795069226008925,0.21591458538419134,0.0008372128010543152,0.06944935109196915,0.0038583667501050417,41.46,3.0,4.0,4.0,True,False,False
31,150,-8,P,200,0.7294453484383261,0.007970749044382492,0.21602957226821023,0.0007789065161843661,0.07069651374794063,0.004013692282460213,41.46,1.0,2.0,2.0,True,True,True
31,150,-8,S,200,0.28555662769881013,0.07370607760962934,0.20469735947511683,0.015098985634697321,0.06023036313238832,0.010658356987803553,41.46,6.0,6.0,6.0,False,False,False
31,150,-8,SLTA,200,0.5932058545863971,0.020651033485447196,0.2159303218845252,0.0007748716227209838,0.07035598830320562,0.003939943850257512,41.46,4.0,3.0,3.0,False,True,True
31,150,-8,Std,200,0.6751464918464236,0.015341982723077302,0.21605704212405627,0.000776845486640363,0.07078713452095846,0.003981864910510225,41.46,2.0,1.0,1.0,True,True,True
31,150,-6,K,200,0.43220349215677417,0.05197352199543438,0.20917963932022776,0.00168798934986489,0.06962127776211272,0.0045227436914639365,45.985,5.0,6.0,4.0,False,False,False
31,150,-6,M,200,0.6797624756948849,0.02087157830060887,0.2159474387796253,0.0007851502708676036,0.06949118635392941,0.0035973400062785793,45.985,3.0,4.0,5.0,True,False,False
31,150,-6,P,200,0.7344652351320073,0.004436376595504031,0.21602004754432388,0.000744672574569863,0.07060078398342409,0.0037660244893256076,45.985,1.0,2.0,2.0,True,True,True
31,150,-6,S,200,0.3222062967471315,0.06025113715188098,0.20958519930251765,0.006610741183551166,0.06540895161026436,0.007176364921949802,45.985,6.0,5.0,6.0,False,False,False
31,150,-6,SLTA,200,0.6101779024595583,0.01629825832479722,0.21595585918769872,0.0007454915281278538,0.07025858182161532,0.0037004143022867464,45.985,4.0,3.0,3.0,False,True,True
31,150,-6,Std,200,0.694286944673883,0.008263993920315283,0.2160533150581877,0.0007447380082795333,0.07071296143016037,0.0036504135264109625,45.985,2.0,1.0,1.0,True,True,True
31,150,-4,K,200,0.4393579630083725,0.04491165351426038,0.20903952925146524,0.001317685593429607,0.06970799117574158,0.004389142293065969,49.855,5.0,6.0,4.0,False,False,False
31,150,-4,M,200,0.7029032870190342,0.014111849927600912,0.21594702466119547,0.0007668601030095633,0.06942886581091033,0.0034343563577285967,49.855,3.0,3.0,5.0,True,True,False
31,150,-4,P,200,0.7360831148954275,0.0028582506983051,0.21600679575456902,0.0007373959741400356,0.0702795874675217,0.003669784202578045,49.855,1.0,2.0,2.0,True,True,True
31,150,-4,S,200,0.3462315136699047,0.05016080989375639,0.21113979988813678,0.0030082819137181617,0.06764589719722697,0.005134649901315363,49.855,6.0,5.0,6.0,False,False,False
31,150,-4,SLTA,200,0.6206468333389911,0.013390342185422871,0.21594039876631801,0.0007364437558754554,0.07016409500736748,0.0038969709137794475,49.855,4.0,4.0,3.0,False,False,True
31,150,-4,Std,200,0.7049191858916599,0.004517641708155976,0.21604227190005865,0.0007375931299189159,0.07035847636783708,0.003631726790317017,49.855,2.0,1.0,1.0,True,True,True
31,150,-2,K,200,0.43827433388811565,0.03995981992174149,0.20883467866817107,0.0011733176463404225,0.06949047487749735,0.003941081304898552,53.385,5.0,6.0,5.0,False,False,False
31,150,-2,M,200,0.7183542879462549,0.00971745340051441,0.2159517180034003,0.0007171166182184698,0.06952727179871339,0.0033811845639966144,53.385,2.0,3.0,4.0,True,True,False
31,150,-2,P,200,0.7364390860526729,0.0020002405453984017,0.21601093693886741,0.0007125273413439465,0.07022806608939003,0.003346333842534523,53.385,1.0,2.0,2.0,True,True,True
31,150,-2,S,200,0.36121965457533983,0.042994645437652364,0.2117848583623508,0.001907827059831926,0.06823639655100358,0.0042865135408301875,53.385,6.0,5.0,6.0,False,False,False
31,150,-2,SLTA,200,0.6272188909842877,0.011606782986568693,0.21593211639772122,0.0007227495077556574,0.06985702886721679,0.003680293307943462,53.385,4.0,4.0,3.0,False,False,True
31,150,-2,Std,200,0.7107190457004172,0.0025592489321310556,0.21604006326843284,0.0007120138176115254,0.07026800068135036,0.0032601127949929607,53.385,3.0,1.0,1.0,True,True,True
31,150,0,K,200,0.43248570239691164,0.035099240679427164,0.20870809646811664,0.0010386500647750576,0.06932165135787971,0.003981247169304568,56.72,5.0,6.0,5.0,False,False,False
31,150,0,M,200,0.7283090886475583,0.006945259500516701,0.21599464828062703,0.0006945459948333579,0.06950211934944697,0.0031867943391493884,56.72,2.0,3.0,4.0,True,True,False
31,150,0,P,200,0.7363624563732707,0.0014542654444143197,0.21603647424204087,0.0006850763906454637,0.06995568897222616,0.003250405798087439,56.72,1.0,2.0,2.0,True,True,True
31,150,0,S,200,0.3701453014219274,0.036703122545817896,0.21223321058239086,0.0015489656275600985,0.06796792896221981,0.0038735505757348646,56.72,6.0,5.0,6.0,False,False,False
31,150,0,SLTA,200,0.6315187890371341,0.010543252451146654,0.21594026072684142,0.0007018856130482307,0.06978702673087273,0.003343868245530714,56.72,4.0,4.0,3.0,False,False,True
31,150,0,Std,200,0.713758168625496,0.001505846939561476,0.21605718016353287,0.0006838635095061035,0.06997641964555608,0.0033338249679321225,56.72,3.0,1.0,1.0,True,True,True
31,150,2,K,200,0.4239051110445281,0.0306779487108666,0.20872245257368444,0.0009445928180017497,0.06898907155369698,0.003792023141174349,59.99,5.0,6.0,5.0,False,False,False
31,150,2,M,200,0.7345759288641415,0.005138392083121215,0.21603426561041505,0.0006649506230663387,0.0693696085603994,0.0032203256810612747,59.99,2.0,3.0,4.0,True,True,False
31,150,2,P,200,0.7361444539753553,0.001146322906056099,0.21606435821631678,0.0006629117327173086,0.06976290050538253,0.0029516278767812115,59.99,1.0,2.0,2.0,True,True,True
31,150,2,S,200,0.37503542366567966,0.032379516457247313,0.2126318685908501,0.0013719945809636462,0.06807788433487003,0.0037654864729679523,59.99,6.0,5.0,6.0,False,False,False
31,150,2,SLTA,200,0.6342630683814308,0.009815139087988435,0.21596745450373422,0.000684791200113271,0.06943124654496387,0.003210514202830658,59.99,4.0,4.0,3.0,False,False,True
31,150,2,Std,200,0.7152383713003847,0.0009081994026078814,0.21607498725601598,0.000667838116655898,0.06985268633434115,0.002996300825672178,59.99,3.0,1.0,1.0,True,True,True
31,150,4,K,200,0.4139391984201013,0.026155235114729166,0.20891612195937292,0.0008599019882911011,0.0684588740951098,0.003099298862720563,63.345,5.0,6.0,5.0,False,False,False
31,150,4,M,200,0.7385761199128501,0.003843356841522316,0.21606491037422323,0.0006416330891416287,0.06943328631116172,0.003320621825412599,63.345,1.0,3.0,3.0,True,True,True
31,150,4,P,200,0.7358873563738296,0.0008802302736752861,0.21610756457249675,0.0006308392469527002,0.06975137669953152,0.0031169750130895205,63.345,2.0,2.0,1.0,True,True,True
31,150,4,S,200,0.3779039570515764,0.028653713608343418,0.21306337999474334,0.0011398156928660195,0.06841922514234687,0.004069213924350259,63.345,6.0,5.0,6.0,False,False,False
31,150,4,SLTA,200,0.6361165871948201,0.009363616725846236,0.21600472516241984,0.0006516841076260105,0.06917299405480697,0.003259181578646429,63.345,4.0,4.0,4.0,False,False,False
31,150,4,Std,200,0.7158855731223173,0.0005536349996350501,0.21610880692778625,0.0006290065942715047,0.06972783094667327,0.0031634253299784427,63.345,3.0,1.0,2.0,True,True,True
31,150,6,K,200,0.40411572372975896,0.022119042861345396,0.20912980706917034,0.0008087988471194553,0.06807562361193284,0.0029799614319571755,67.18,5.0,6.0,6.0,False,False,False
31,150,6,M,200,0.741105287903116,0.0029028933429809402,0.2161052179013943,0.0006358672985294254,0.06940699255834591,0.0032984566598827023,67.18,1.0,3.0,3.0,True,True,True
31,150,6,P,200,0.7356344542109761,0.0006941755184522808,0.21615560231035816,0.0005947050011633447,0.06978332201891801,0.003292103582883561,67.18,2.0,1.0,1.0,True,True,True
31,150,6,S,200,0.37943916758080165,0.025898785141523984,0.213447957976588,0.0009865901229365345,0.0689054926305776,0.004183134821422205,67.18,6.0,5.0,5.0,False,False,False
31,150,6,SLTA,200,0.6376675194127821,0.00881037977606996,0.21607926647979098,0.0006081372583932214,0.06927293357321339,0.003339186960318954,67.18,4.0,4.0,4.0,False,False,False
31,150,6,Std,200,0.716085088838587,0.0003377997632860069,0.21614069404688394,0.0005975526913242917,0.0696360507179151,0.003300839779190812,67.18,3.0,2.0,2.0,True,True,True
31,200,-10,K,200,0.4202853425353104,0.06179750002499566,0.18244408923559186,0.0018502868070798518,0.051371259033659425,0.004503631062769272,36.64,5.0,5.0,5.0,False,False,False
31,200,-10,M,200,0.4658658644903759,0.05689838496145998,0.1861911720782981,0.0012297009915682908,0.05162328118381863,0.0041879503725863925,36.64,4.0,4.0,4.0,False,False,False
31,200,-10,P,200,0.602085985023784,0.02090523504828483,0.18634149442871234,0.0010978847524585995,0.053288100124567944,0.0038446030356542363,36.64,1.0,2.0,1.0,True,True,True
31,200,-10,S,200,0.2245023706056642,0.08186656270891478,0.17042927712010342,0.022063760602715476,0.0392196201940164,0.010752654938260274,36.64,6.0,6.0,6.0,False,False,False
31,200,-10,SLTA,200,0.47910529152515763,0.03143007481475367,0.18628057013219526,0.0011040607725625886,0.05261559613550145,0.004093594630281145,36.64,3.0,3.0,3.0,True,True,True
31,200,-10,Std,200,0.5400322121670472,0.02952933215652732,0.18635326570271304,0.0010932782045429284,0.05319724534046316,0.0038176850530065084,36.64,2.0,1.0,2.0,True,True,True
31,200,-8,K,200,0.4501847751410793,0.042187328465071505,0.18252123880167748,0.0011965733545179604,0.051627418569302606,0.004287629355405261,41.61,5.0,5.0,5.0,False,False,False
31,200,-8,M,200,0.518139757615182,0.03859040146953864,0.18629456840397984,0.0011101488910248525,0.05189851996861279,0.003908202085509196,41.61,3.0,4.0,4.0,True,False,False
31,200,-8,P,200,0.6208395348111581,0.008474567896328273,0.1863930335202829,0.0010157132777778802,0.05317894319816102,0.004045170381740114,41.61,1.0,2.0,1.0,True,True,True
31,200,-8,S,200,0.2704554520736361,0.06589320267190032,0.18055384533085939,0.006206824738819211,0.04560455209776321,0.006587386066855393,41.61,6.0,6.0,6.0,False,False,False
31,200,-8,SLTA,200,0.5081747731453854,0.01962080652509976,0.1863160430254676,0.001061581284009069,0.0524655222788026,0.004245461010676342,41.61,4.0,3.0,3.0,False,True,True
31,200,-8,Std,200,0.5752444582321727,0.0149543266857576,0.18640480479428362,0.0010076535580272148,0.053127296123013944,0.004146310468477977,41.61,2.0,1.0,2.0,True,True,True
31,200,-6,K,200,0.46715681803136533,0.030755791402265555,0.18230315209012413,0.0011183551181697614,0.051526952617255,0.0040542723082519555,46.35,5.0,6.0,5.0,False,False,False
31,200,-6,M,200,0.5571644656396304,0.02660165436468167,0.18633894928838785,0.0010831187141942292,0.05183553955319487,0.00392890482385209,46.35,3.0,4.0,4.0,True,False,False
31,200,-6,P,200,0.6278842526130055,0.004466966897730558,0.18643789161850177,0.0010130177294443911,0.053201054239897065,0.00404156180101337,46.35,1.0,2.0,2.0,True,True,True
31,200,-6,S,200,0.3056075133977107,0.05352816113277371,0.18264404182233332,0.0018420065290684668,0.049098755365263196,0.004471956529520896,46.35,6.0,5.0,6.0,False,False,False
31,200,-6,SLTA,200,0.5251309024369667,0.013768960290836449,0.18636567326179482,0.0010315088383421444,0.05259567321814105,0.004087752550910731,46.35,4.0,3.0,3.0,False,True,True
31,200,-6,Std,200,0.5951444485923356,0.008135737756433458,0.18645602574331363,0.001002198916679752,0.05324953854725638,0.004013050800332062,46.35,2.0,1.0,1.0,True,True,True
31,200,-4,K,200,0.4743023815224819,0.02577802662301114,0.18200139389040373,0.0011291217062104114,0.05149338904398187,0.0039830254966391745,50.7,5.0,6.0,5.0,False,False,False
31,200,-4,M,200,0.5849354855749651,0.01799719494916141,0.18637314961149798,0.001055996760977819,0.051643808215088544,0.004198374913178242,50.7,3.0,3.0,4.0,True,True,False
31,200,-4,P,200,0.6302842091413848,0.0027335128068985922,0.1864483903223402,0.00099991866030355,0.05285557170853953,0.003983415415799649,50.7,1.0,2.0,1.0,True,True,True
31,200,-4,S,200,0.3299762951646074,0.04508027590483355,0.18278386546890907,0.0011110574919275897,0.050182624138136074,0.0037861050570643633,50.7,6.0,5.0,6.0,False,False,False
31,200,-4,SLTA,200,0.5349593213155527,0.010805199212711954,0.18636630954687594,0.001022023930448111,0.05255914585661368,0.003974510697716604,50.7,4.0,4.0,3.0,False,False,True
31,200,-4,Std,200,0.6060278993448968,0.004482611427612318,0.18646970587255768,0.0009908595778207437,0.05283875478934761,0.004101038821257587,50.7,2.0,1.0,2.0,True,True,True
31,200,-2,K,200,0.47465163593571924,0.0230503727630051,0.18155376733583695,0.0011362390026011873,0.05172011882114915,0.004160263052667168,53.995,5.0,6.0,5.0,False,False,False
31,200,-2,M,200,0.6041322655347454,0.012386183006553114,0.18640846343350004,0.0010446467570372443,0.05184620744780027,0.00427826462343605,53.995,3.0,3.0,4.0,True,True,False
31,200,-2,P,200,0.6310226317750949,0.0018314450201665383,0.186464774663179,0.0010296620177590514,0.05320896670243453,0.0042899698574630826,53.995,1.0,2.0,1.0,True,True,True
31,200,-2,S,200,0.34478035462363865,0.039365581837883086,0.1827191234619053,0.0009344172925990806,0.051405032918897794,0.0039509777196367335,53.995,6.0,5.0,6.0,False,False,False
31,200,-2,SLTA,200,0.5410964415270528,0.009071882790142856,0.18639828287220214,0.0010223301794643413,0.05261077976437258,0.00422326085753485,53.995,4.0,4.0,3.0,False,False,True
31,200,-2,Std,200,0.6120147080080358,0.0025312760111090176,0.18648974885261294,0.0010188956539672544,0.05310453205374988,0.004381336819655579,53.995,2.0,1.0,2.0,True,True,True
31,200,0,K,200,0.47149566397884507,0.020224276293684028,0.18116547436508446,0.0011578649862613844,0.05162503112412395,0.0040667237253155086,56.855,5.0,6.0,6.0,False,False,False
31,200,0,M,200,0.6165866511353414,0.008988213957932065,0.18641037228874338,0.0010618493972292275,0.051912819488537314,0.004268600921890048,56.855,2.0,3.0,5.0,True,True,False
31,200,0,P,200,0.6311031528784148,0.0013210481882393826,0.18647304636923356,0.0010694188341395278,0.05346121953293736,0.004251251222839306,56.855,1.0,2.0,1.0,True,True,True
31,200,0,S,200,0.3541947882694768,0.03446270185846398,0.1826823779984707,0.0011348520089083758,0.05247174021160509,0.004163556657704704,56.855,6.0,5.0,3.0,False,False,True
31,200,0,SLTA,200,0.5447441888506528,0.007882700487459092,0.18641005414620285,0.0010200223259119283,0.052386391305609126,0.004122876615245902,56.855,4.0,4.0,4.0,False,False,False
31,200,0,Std,200,0.6151696188460894,0.0014853142102197775,0.18650072477026222,0.001062352984907002,0.05342732785517068,0.00426997470119753,56.855,3.0,1.0,2.0,True,True,True
31,200,2,K,200,0.46517551690553766,0.017611308293979264,0.18092448139061085,0.0012541516700390412,0.05197089829167861,0.004547484821806822,59.255,5.0,6.0,6.0,False,False,False
31,200,2,M,200,0.6247610966258115,0.006680488470902883,0.18644552703947517,0.0010620091886282964,0.0520926556801235,0.0044569324098702985,59.255,2.0,3.0,5.0,True,True,False
31,200,2,P,200,0.6310300308871387,0.0009726125487056818,0.18647829572115276,0.0010557613664534495,0.053431408580001415,0.004419570302514984,59.255,1.0,2.0,1.0,True,True,True
31,200,2,S,200,0.35871581737249064,0.029893773895324743,0.18273121287844651,0.001268757090715662,0.05284753855909093,0.004511727084673003,59.255,6.0,5.0,3.0,False,False,True
31,200,2,SLTA,200,0.5468163645592437,0.007154012785836833,0.18643089248260947,0.0010283604013475794,0.05238278453737735,0.004231040177899623,59.255,4.0,4.0,4.0,False,False,False
31,200,2,Std,200,0.6167859069392787,0.0008894094313894526,0.1865093146188573,0.001052145820056191,0.053401801548144376,0.004566709431178138,59.255,3.0,1.0,2.0,True,True,True
31,200,4,K,200,0.45837989070428636,0.015267116955671553,0.1809919276092094,0.001408859649444188,0.05209665950268983,0.00457460788327331,61.735,5.0,6.0,5.0,False,False,False
31,200,4,M,200,0.6296620781069956,0.005092245715353761,0.18641768956717628,0.0010686736885523146,0.05196687118683901,0.00456767004085311,61.735,2.0,4.0,6.0,True,False,False
31,200,4,P,200,0.6308674441646932,0.0007187154027207717,0.18646700166096294,0.0010430838751777105,0.053168904181622005,0.004539155788710988,61.735,1.0,2.0,2.0,True,True,True
31,200,4,S,200,0.3612492255814518,0.026633382217445194,0.18300879224508443,0.0015029504600759117,0.05272392066309805,0.004757668547523901,61.735,6.0,5.0,3.0,False,False,True
31,200,4,SLTA,200,0.5478670472393664,0.0067403851797946755,0.18643852790358287,0.001017132257900549,0.05236202665636948,0.0041874840766858365,61.735,4.0,3.0,4.0,False,True,False
31,200,4,Std,200,0.6175372599484824,0.0005412751945246497,0.18649881591501885,0.0010341467351205884,0.05318954068400851,0.00462806923156834,61.735,3.0,1.0,1.0,True,True,True
31,200,6,K,200,0.45198505507860914,0.013294052054804061,0.18125073656595428,0.0015224879834465825,0.052075181473774296,0.004471294235670498,64.335,5.0,6.0,5.0,False,False,False
31,200,6,M,200,0.6327720743861798,0.003907220798285902,0.1864207119213116,0.0010477314614600586,0.05198603774250556,0.004556603538828067,64.335,1.0,4.0,6.0,True,False,False
31,200,6,P,200,0.6307242936068242,0.0005437347111372102,0.18647368265431466,0.0010274151893436931,0.052937004844847674,0.004450601610052574,64.335,2.0,2.0,2.0,True,True,True
31,200,6,S,200,0.36248941119563205,0.024115043437693027,0.18335668111318593,0.0016193271729180191,0.05254007721692004,0.0047844576031332835,64.335,6.0,5.0,3.0,False,False,True
31,200,6,SLTA,200,0.548507209231214,0.006464144509292153,0.1864429818991507,0.0010021752161256201,0.05209805357389639,0.004185803357047443,64.335,4.0,3.0,4.0,False,True,False
31,200,6,Std,200,0.6178542757001223,0.0003353431828521719,0.18650136105534332,0.0010329583997874463,0.05305150066846849,0.004453237623136904,64.335,3.0,1.0,1.0,True,True,True
31,250,-10,K,200,0.42182637723234073,0.050273534947594886,0.15874239056391046,0.0015464798528666908,0.03925292038198232,0.004080340341894301,36.075,3.0,5.0,4.0,True,False,False
31,250,-10,M,200,0.3606343875383924,0.05669697030936631,0.16045866132352007,0.0019936574190130394,0.03852648826227192,0.004483767858175132,36.075,5.0,4.0,5.0,False,False,False
31,250,-10,P,200,0.5080332454576892,0.024035982970215218,0.1607748454215717,0.0013874385051531662,0.040177982874299606,0.004213188182861928,36.075,1.0,2.0,1.0,True,True,True
31,250,-10,S,200,0.27104443516876575,0.07884705293035205,0.1546694111848326,0.01411983497921773,0.03421693128064856,0.006288659997810667,36.075,6.0,6.0,6.0,False,False,False
31,250,-10,SLTA,200,0.4065761674503075,0.030074078842888763,0.160706069878202,0.0014305760942561494,0.03985621047727797,0.0040956690083199946,36.075,4.0,3.0,3.0,False,True,True
31,250,-10,Std,200,0.45669636931822827,0.028427940476980353,0.16078456569836796,0.0013867978345603138,0.0401153928670846,0.004191227806920054,36.075,2.0,1.0,2.0,True,True,True
31,250,-8,K,200,0.4420897514874727,0.03321838286175818,0.15866664576547929,0.00143555722230098,0.039221561989005845,0.003745700556479937,40.45,3.0,5.0,4.0,True,False,False
31,250,-8,M,200,0.40705176774160934,0.046390526086188585,0.16072000838832495,0.0014541466542887232,0.038694376216058465,0.004045221219246523,40.45,5.0,4.0,5.0,False,False,False
31,250,-8,P,200,0.5285626876487296,0.011425450212312999,0.160823080002655,0.0013695624216561533,0.039935149222442345,0.00417818465319606,40.45,1.0,2.0,2.0,True,True,True
31,250,-8,S,200,0.3114730261534192,0.059262701762080885,0.15830846273560992,0.003981919345259327,0.0362447316558399,0.004036673178212859,40.45,6.0,6.0,6.0,False,False,False
31,250,-8,SLTA,200,0.43318287445461573,0.01921833963482154,0.16075613847377515,0.0014024166218494498,0.03960978116740227,0.004046502490509751,40.45,4.0,3.0,3.0,False,True,True
31,250,-8,Std,200,0.4897996543083053,0.016430196760786712,0.16082509741859383,0.0013703850738401575,0.03996908338550151,0.004218880666906272,40.45,2.0,1.0,1.0,True,True,True
31,250,-6,K,200,0.4484274590957418,0.023041857419646136,0.15844179558902263,0.001312830984380476,0.0387904692378028,0.003799381857084596,43.61,4.0,6.0,4.0,False,False,False
31,250,-6,M,200,0.4473948093008412,0.034134397598705145,0.1607887839316946,0.001413206173122191,0.03878240260792425,0.003881708212754644,43.61,5.0,3.0,5.0,False,True,False
31,250,-6,P,200,0.5373206773995303,0.005781778079720633,0.1608808514590855,0.0013536111600459396,0.039903154038296425,0.004016573939352806,43.61,1.0,2.0,2.0,True,True,True
31,250,-6,S,200,0.33328397287075195,0.04238896533615304,0.1587959437870143,0.001073401993619147,0.036552816018749594,0.0031961891622126104,43.61,6.0,5.0,6.0,False,False,False
31,250,-6,SLTA,200,0.4485652033155847,0.013035429784256106,0.1607816312751842,0.0013676957944650464,0.03958582373431248,0.004013265204576982,43.61,3.0,4.0,3.0,True,False,True
31,250,-6,Std,200,0.5091472204788778,0.008903730332371972,0.16088947132718787,0.0013502408028849965,0.0399258219190268,0.003996098904822559,43.61,2.0,1.0,1.0,True,True,True
31,250,-4,K,200,0.44898442914816966,0.019062987826317386,0.1580951668504394,0.0012015513506855643,0.038770882312365834,0.003676600129016343,46.435,5.0,6.0,5.0,False,False,False
31,250,-4,M,200,0.47845615118213336,0.02545650632899766,0.16084270395769645,0.0013722093163694295,0.039010843796637495,0.0039806944123368234,46.435,3.0,3.0,4.0,True,True,False
31,250,-4,P,200,0.5407789959332849,0.003440854181511961,0.1609173483474337,0.0013160075489106538,0.03985200746447551,0.004154910180092937,46.435,1.0,2.0,1.0,True,True,True
31,250,-4,S,200,0.34563162629959554,0.03453280400868231,0.158696723603113,0.0008143181879850846,0.0366516855427397,0.0030450621156523556,46.435,6.0,5.0,6.0,False,False,False
31,250,-4,SLTA,200,0.4574256926495257,0.00993725170275257,0.16082601442583877,0.001308182643729607,0.039509997126086695,0.0040439478743147465,46.435,4.0,4.0,3.0,False,False,True
31,250,-4,Std,200,0.5201633102693094,0.004988762015666244,0.16092725202567895,0.001313108640712747,0.03981789779636584,0.00414332448963591,46.435,2.0,1.0,2.0,True,True,True
31,250,-2,K,200,0.4463678114501727,0.016387395814523708,0.15765298595693447,0.0011125859589228887,0.038850295301144346,0.003442059038556198,48.845,5.0,6.0,5.0,False,False,False
31,250,-2,M,200,0.5020539770403314,0.018342968989052987,0.1609188155590256,0.0013593762116143153,0.03909539867865349,0.0039192639825652185,48.845,3.0,3.0,4.0,True,True,False
31,250,-2,P,200,0.5421229061721794,0.002279531123786078,0.16100758186033473,0.0013291481599312799,0.040148112099520544,0.004132838839556494,48.845,1.0,2.0,1.0,True,True,True
31,250,-2,S,200,0.35195051135611777,0.029872782886383186,0.15848709574692216,0.0007718049025608872,0.037013034589139626,0.0029386553893002826,48.845,6.0,5.0,6.0,False,False,False
31,250,-2,SLTA,200,0.462921632039712,0.008066901658390253,0.16089460656775945,0.001284973997310635,0.039548004899659865,0.004216211363777203,48.845,4.0,4.0,3.0,False,False,True
31,250,-2,Std,200,0.5265082327610533,0.0028105874034378897,0.16102170377190667,0.0013269225416885114,0.0400714511383412,0.004170983243595052,48.845,2.0,1.0,2.0,True,True,True
31,250,0,K,200,0.4424326323090261,0.01377494654088255,0.15719283172142895,0.001005025527486393,0.03901544744322741,0.0034252720008769253,51.11,5.0,6.0,5.0,False,False,False
31,250,0,M,200,0.5186504592168144,0.01347481061167677,0.1609765870154561,0.001360795253517645,0.03916696148929486,0.0038209303015561574,51.11,3.0,3.0,4.0,True,True,False
31,250,0,P,200,0.5425641242453233,0.0015331301030085793,0.16107415658631663,0.001332260255722682,0.04029351514378021,0.004181687363484256,51.11,1.0,2.0,1.0,True,True,True
31,250,0,S,200,0.355382186620518,0.025277450721216108,0.15821437779228018,0.0007646769660599996,0.03740774538170104,0.0030694314277727452,51.11,6.0,5.0,6.0,False,False,False
31,250,0,SLTA,200,0.46620727801294776,0.007066699573537032,0.16094577557202652,0.0013039773091417584,0.039628142275656766,0.0042283043602264914,51.11,4.0,4.0,3.0,False,False,True
31,250,0,Std,200,0.530056732908743,0.0016375682856398116,0.16109212992831723,0.0013211077194818781,0.04019382224487485,0.004234581006543644,51.11,2.0,1.0,2.0,True,True,True
31,250,2,K,200,0.4383397090458949,0.011504167062410975,0.1567592706960264,0.0009602493877855005,0.03920284790782989,0.0036134943669857192,53.325,5.0,6.0,5.0,False,False,False
31,250,2,M,200,0.5297199687585475,0.010080886661617997,0.16103215765449885,0.0013482395153356446,0.0393043283737434,0.00398193212072883,53.325,3.0,4.0,4.0,True,False,False
31,250,2,P,200,0.542644501158129,0.001064563025075806,0.16112165756160393,0.001329601412402324,0.04046877049487477,0.0040233852941059115,53.325,1.0,2.0,1.0,True,True,True
31,250,2,S,200,0.35692613069834705,0.021696049706966543,0.1579005779130654,0.0007786290086808371,0.03810974336922264,0.0034189675577715323,53.325,6.0,5.0,6.0,False,False,False
31,250,2,SLTA,200,0.46825192668452714,0.006421486155010557,0.16103472527478466,0.001309791875935175,0.0399598388118562,0.004154762317768555,53.325,4.0,3.0,3.0,False,True,True
31,250,2,Std,200,0.5320022906100416,0.0009879370815094174,0.16114091471374745,0.0013252770242581848,0.040364890246339324,0.0040334437816774244,53.325,2.0,1.0,2.0,True,True,True
31,250,4,K,200,0.4345909095364822,0.009681570132181525,0.15642658046756608,0.0009031228599292014,0.03927253060149071,0.0037764088011873103,55.755,5.0,6.0,5.0,False,False,False
31,250,4,M,200,0.537091112757515,0.00748997350510667,0.16112202436450193,0.0013217462915909315,0.03951780783148466,0.004106935565915757,55.755,2.0,4.0,4.0,True,False,False
31,250,4,P,200,0.5425940160125828,0.000722738448090414,0.16119776916293307,0.0012931273582240917,0.04031711549277762,0.004080352200752132,55.755,1.0,2.0,1.0,True,True,True
31,250,4,S,200,0.3576897394468749,0.01924487398954749,0.15769003304962964,0.0008304593854927286,0.039084409051192884,0.003519171449787904,55.755,6.0,5.0,6.0,False,False,False
31,250,4,SLTA,200,0.46952747878928747,0.005994477915615485,0.1611326616485431,0.0012766616648983244,0.0400461461452392,0.004023493653338429,55.755,4.0,3.0,3.0,False,True,True
31,250,4,Std,200,0.5330463486992644,0.0006004160474642928,0.16121886032956645,0.0012902846088861707,0.040225831010103436,0.004057208704939629,55.755,3.0,1.0,2.0,True,True,True
31,250,6,K,200,0.4311971946646313,0.008305737650794662,0.1561916432114152,0.0009920245953635534,0.039644654015464936,0.004138397174447961,58.255,5.0,6.0,4.0,False,False,False
31,250,6,M,200,0.5419094391250293,0.00576774106042442,0.1612102404614641,0.00130104967358048,0.03940208561516899,0.004119160823177297,58.255,2.0,3.0,5.0,True,True,False
31,250,6,P,200,0.5425124087448796,0.0005160344407011226,0.1612924043106098,0.001236768787960454,0.040364931311955864,0.004085788829955967,58.255,1.0,2.0,1.0,True,True,True
31,250,6,S,200,0.35794915187675286,0.01759011821883973,0.1576021837555654,0.0009281456849142157,0.039278447145967045,0.003904015612904933,58.255,6.0,5.0,6.0,False,False,False
31,250,6,SLTA,200,0.4704106784392378,0.005694831428132553,0.16120620562958643,0.001246815379992799,0.04003679441464694,0.004059542158548865,58.255,4.0,4.0,3.0,False,False,True
31,250,6,Std,200,0.5335706914583807,0.00037109276303144283,0.16131312867434516,0.0012345080384425261,0.040304692600095816,0.004083730287763124,58.255,3.0,1.0,2.0,True,True,True
31,300,-10,K,200,0.41793495593198055,0.03971608915308294,0.15001600630363435,0.0014392243069556528,0.034835080302163035,0.0037312452143622335,32.245,3.0,5.0,4.0,True,False,False
31,300,-10,M,200,0.3252637572266501,0.05665709753106407,0.1509939818597149,0.0025847183129463747,0.03422936511555953,0.004558503963758455,32.245,5.0,4.0,5.0,False,False,False
31,300,-10,P,200,0.4682869176180052,0.024729957899401928,0.15136767351354924,0.0014614382466549935,0.03535443118781848,0.0038528747122991472,32.245,1.0,2.0,2.0,True,True,True
31,300,-10,S,200,0.30619868889084245,0.05227776200838687,0.14982449419175775,0.001487074226955075,0.03271881782512337,0.0037667819048073183,32.245,6.0,6.0,6.0,False,False,False
31,300,-10,SLTA,200,0.37300956831132853,0.02968856149372586,0.15132431594913454,0.0014694526899021508,0.03512006011670264,0.0034784615594359155,32.245,4.0,3.0,3.0,False,True,True
31,300,-10,Std,200,0.41816821315860203,0.028980921357086905,0.1513707843701889,0.0014553698968182698,0.03535935022047572,0.0038797935213726424,32.245,2.0,1.0,1.0,True,True,True
31,300,-8,K,200,0.43455100907637295,0.027915300900158747,0.14991529231992667,0.00134052164149084,0.03473815083416371,0.0037679927823524376,35.52,3.0,5.0,4.0,True,False,False
31,300,-8,M,200,0.3689118652225496,0.04570050843915227,0.15133053766241378,0.0015336440705960895,0.03445561191710905,0.004325398205557835,35.52,5.0,4.0,5.0,False,False,False
31,300,-8,P,200,0.4912615772064811,0.011703942528671983,0.15145166664281898,0.0013607266871114205,0.035362345303072,0.004009737770006348,35.52,1.0,1.0,1.0,True,True,True
31,300,-8,S,200,0.33952130856970486,0.039563009910308894,0.14991140374912715,0.001217101465117798,0.032999490474700334,0.0032790646185703615,35.52,6.0,6.0,6.0,False,False,False
31,300,-8,SLTA,200,0.39816609923611535,0.020205711351767717,0.1513869219390069,0.0013670685963797595,0.03481083844619479,0.0037852984516346774,35.52,4.0,3.0,3.0,False,True,True
31,300,-8,Std,200,0.4513144789316976,0.016624297959458686,0.15145127778573902,0.001355868582996257,0.03535906161168169,0.004023407974018163,35.52,2.0,2.0,2.0,True,True,True
31,300,-6,K,200,0.44233635378631264,0.021099976367507805,0.14980777333731982,0.001280789264333086,0.034584231908490144,0.003764171353576129,38.39,3.0,6.0,5.0,True,False,False
31,300,-6,M,200,0.40521608246389335,0.03588972446009312,0.15138769965316679,0.0014270726980413397,0.034652193599426485,0.004152333047996944,38.39,5.0,4.0,4.0,False,False,False
31,300,-6,P,200,0.5017088400142664,0.006493605866561952,0.15145108335719906,0.0013838981571308326,0.03546291588006981,0.004042445790876462,38.39,1.0,2.0,1.0,True,True,True
31,300,-6,S,200,0.3586764319702238,0.032581761707780946,0.1498544361869141,0.0011166067158956906,0.03283830309895258,0.003409738569507144,38.39,6.0,5.0,6.0,False,False,False
31,300,-6,SLTA,200,0.4138432411839773,0.015176426175177482,0.1513983932228655,0.0013377253849807989,0.03496624117723567,0.0038367621625607427,38.39,4.0,3.0,3.0,False,True,True
31,300,-6,Std,200,0.47218087788359187,0.010002258386437705,0.15146197135543774,0.0013759786417249416,0.03541207502484661,0.003993084599096083,38.39,2.0,1.0,2.0,True,True,True
31,300,-4,K,200,0.4448680401075083,0.016801672775585252,0.14965106393409894,0.0012279981946700773,0.03429410913422708,0.0035295538155288553,40.98,3.0,6.0,5.0,True,False,False
31,300,-4,M,200,0.4358272255513048,0.02661988028703921,0.15146819306871698,0.001375175915705637,0.03469611424983301,0.004160780124992266,40.98,4.0,3.0,4.0,False,True,False
31,300,-4,P,200,0.5063466342367398,0.003804285258505451,0.15148530278023487,0.0013615585111121707,0.03578340714697285,0.004060059323338084,40.98,1.0,2.0,1.0,True,True,True
31,300,-4,S,200,0.36951418002406894,0.027038562413669778,0.14977919234194328,0.0010205670026350198,0.03281180917090351,0.003185914940930889,40.98,6.0,5.0,6.0,False,False,False
31,300,-4,SLTA,200,0.4242064682871601,0.011440216569979485,0.15142425221868233,0.0013255050530041716,0.035182211306371246,0.0038058251829309266,40.98,5.0,4.0,3.0,False,False,True
31,300,-4,Std,200,0.4850782079377882,0.005842036455181832,0.15149638520701353,0.0013538522816497589,0.035781769134250276,0.004013856803034555,40.98,2.0,1.0,2.0,True,True,True
31,300,-2,K,200,0.44514632665145193,0.014006542244675894,0.14939091854761072,0.0011832073274319252,0.0341356295439644,0.0036221891805608367,43.825,4.0,6.0,5.0,False,False,False
31,300,-2,M,200,0.45948611344897633,0.019415749400744257,0.1515554914831663,0.0013154814622845078,0.03503037451089976,0.00414303579424886,43.825,3.0,3.0,4.0,True,True,False
31,300,-2,P,200,0.5082063710652347,0.0024559935890935587,0.15158698890664246,0.00130784551785672,0.035671698035092306,0.0039130672855212925,43.825,1.0,2.0,1.0,True,True,True
31,300,-2,S,200,0.37656217128141484,0.02320732121190897,0.14968586664275468,0.0009567166132095072,0.03271521972227594,0.002902028847122381,43.825,6.0,5.0,6.0,False,False,False
31,300,-2,SLTA,200,0.4305761463171817,0.009209928694780338,0.1514981350638733,0.0013275826097553752,0.03530158755911747,0.0039060068545145603,43.825,5.0,4.0,3.0,False,False,True
31,300,-2,Std,200,0.4926680288152426,0.0034749188192137862,0.1515972936192612,0.0013019885923318854,0.03563817409448613,0.003871096110827757,43.825,2.0,1.0,2.0,True,True,True
31,300,0,K,200,0.4428521334582276,0.01139903574625139,0.14902772603493508,0.0010995415808876619,0.03344234667957647,0.0030866922514402855,46.065,4.0,6.0,5.0,False,False,False
31,300,0,M,200,0.47808895576544935,0.013920478214472223,0.15163598489871646,0.0012703642864777343,0.034848810540341606,0.0041565610252869796,46.065,3.0,3.0,4.0,True,True,False
31,300,0,P,200,0.5089637196702891,0.0015763348951641771,0.1517059791731079,0.0012559342873876393,0.03577408518389121,0.004022459707196684,46.065,1.0,2.0,1.0,True,True,True
31,300,0,S,200,0.3796168583070811,0.019544691000892914,0.14955657166367048,0.0008790554107012845,0.03234361520720896,0.0030582728148609802,46.065,6.0,5.0,6.0,False,False,False
31,300,0,SLTA,200,0.4347184194488143,0.007888018367224752,0.15157726747964365,0.0013015221054196837,0.035197191058043725,0.0038011488775221407,46.065,5.0,4.0,3.0,False,False,True
31,300,0,Std,200,0.4972432906354821,0.0020393819966801558,0.15171764488550651,0.001254658285528153,0.035762373042382056,0.003947616203672795,46.065,2.0,1.0,2.0,True,True,True
31,300,2,K,200,0.44010794379124973,0.009400690203593793,0.1486511179530011,0.0010252212770815623,0.03366290706861983,0.0032914628273738654,48.43,4.0,6.0,5.0,False,False,False
31,300,2,M,200,0.4912211552389423,0.010705702643706955,0.15173144931184482,0.0012674814027058398,0.034917555714693405,0.003951786507586721,48.43,3.0,3.0,4.0,True,True,False
31,300,2,P,200,0.5091676300583027,0.0010777808907751337,0.15179561073003697,0.0012536396249610128,0.0361021195296624,0.004067220491416681,48.43,1.0,2.0,2.0,True,True,True
31,300,2,S,200,0.3808584530094587,0.017086908441203138,0.149380419406452,0.0008828999441989104,0.03267326946246094,0.0031097200478329766,48.43,6.0,5.0,6.0,False,False,False
31,300,2,SLTA,200,0.43743045225733856,0.0070143800279860785,0.15168128674853093,0.001303192132012211,0.035479788110909155,0.003927875667775843,48.43,5.0,4.0,3.0,False,False,True
31,300,2,Std,200,0.4998705862854789,0.0012463613982271811,0.151803582300176,0.0012497499918702915,0.03615205223584511,0.0040218334257719444,48.43,2.0,1.0,1.0,True,True,True
31,300,4,K,200,0.4373423293427717,0.007974188356281954,0.14826770487216792,0.0009458906722648163,0.03393268401035285,0.0033437503957849586,50.915,5.0,6.0,5.0,False,False,False
31,300,4,M,200,0.5002427985151688,0.008165339491856624,0.1518372184375919,0.0012669316667469936,0.03510280620878136,0.003666660959477588,50.915,3.0,3.0,4.0,True,True,False
31,300,4,P,200,0.5091630380378264,0.0007707087846618271,0.15190215756994396,0.0012405780756293155,0.036042728353737355,0.003759864386731967,50.915,1.0,2.0,1.0,True,True,True
31,300,4,S,200,0.38107043256794376,0.015383985510455346,0.14912552359054315,0.0008807455090004533,0.033038694047314514,0.003256745729238956,50.915,6.0,5.0,6.0,False,False,False
31,300,4,SLTA,200,0.4390733088475533,0.006449457545234549,0.15178005644683887,0.0012962103263630211,0.03551208791780591,0.0041696101620347795,50.915,4.0,4.0,3.0,False,False,True
31,300,4,Std,200,0.5013440539610841,0.0007710844975024305,0.15190721271198332,0.0012324762357286507,0.03600601739312935,0.003798164544781206,50.915,2.0,1.0,2.0,True,True,True
31,300,6,K,200,0.4350068257704016,0.006613475175521257,0.1479463144955872,0.0009492002246234576,0.03411794447297244,0.0034704553102080323,53.59,5.0,6.0,5.0,False,False,False
31,300,6,M,200,0.5062924174027246,0.006209159961764011,0.15193443270758,0.0012265080350028724,0.034981200764389146,0.003556772168255995,53.59,2.0,3.0,4.0,True,True,False
31,300,6,P,200,0.5090862381619481,0.000549121822461267,0.1520302859777883,0.0011581521639791848,0.03592894037752369,0.0036709108725448414,53.59,1.0,2.0,1.0,True,True,True
31,300,6,S,200,0.38138161916136015,0.014168692330470665,0.14884826849253702,0.0009362925656665892,0.03382551479145686,0.0034571370786483442,53.59,6.0,5.0,6.0,False,False,False
31,300,6,SLTA,200,0.4401930489421422,0.0059316972344513165,0.15187921500222676,0.0012747766414505646,0.035534946502934234,0.003817668497737998,53.59,4.0,4.0,3.0,False,False,True
31,300,6,Std,200,0.5021513406900779,0.0004767170535954504,0.1520345634056678,0.0011504836928031145,0.035916553612843585,0.003685957319705671,53.59,3.0,1.0,2.0,True,True,True
33,100,-10,K,200,0.33116330849496534,0.08937908581919726,0.2433913287206867,0.01719578709008279,0.08338554393214352,0.015436764645919091,37.805,5.0,5.0,5.0,False,False,False
33,100,-10,M,200,0.7468450367169399,0.04076801716865076,0.2649392997315245,0.0002526622184117136,0.10880499927570375,0.003846572644656876,37.805,3.0,4.0,4.0,True,False,False
33,100,-10,P,200,0.8645147489609052,0.014180110800465828,0.26504013396909654,0.00010255489154939237,0.11052124441439064,0.0025599724868935344,37.805,1.0,2.0,2.0,True,True,True
33,100,-10,S,200,0.2770851222921423,0.09399190035993031,0.23509949510378225,0.033681816207415394,0.06811178386372956,0.022016126626262227,37.805,6.0,6.0,6.0,False,False,False
33,100,-10,SLTA,200,0.6780344126505546,0.035776907172411866,0.2650275721280522,0.0001308765847073898,0.11037397023661284,0.0026561155698575484,37.805,4.0,3.0,3.0,False,True,True
33,100,-10,Std,200,0.7777003974948642,0.026576290638922348,0.26504228419414017,9.815413144670741e-05,0.1105797031333018,0.00236614329646933,37.805,2.0,1.0,1.0,True,True,True
33,100,-8,K,200,0.36597451131893594,0.07396884590004509,0.2503431194564577,0.007876014399236752,0.09353523949665789,0.011066563145641025,42.155,5.0,5.0,5.0,False,False,False
33,100,-8,M,200,0.7980462918159685,0.025986407551990783,0.2650133127409208,0.00014311867500689412,0.10980237027056715,0.0029782085404680024,42.155,3.0,4.0,4.0,True,False,False
33,100,-8,P,200,0.8782640692528025,0.006226268597183164,0.26506695519727225,4.7993877564131504e-05,0.11110515640283648,0.001838130129813463,42.155,1.0,2.0,2.0,True,True,True
33,100,-8,S,200,0.31957672240860774,0.07716314087861031,0.2501919246849693,0.015205959923112458,0.08323418951968677,0.016975186894224482,42.155,6.0,6.0,6.0,False,False,False
33,100,-8,SLTA,200,0.7081141519862745,0.02765049533971299,0.2650641259537938,5.322370660521971e-05,0.11110729958607561,0.0018756028146454027,42.155,4.0,3.0,1.0,False,True,True
33,100,-8,Std,200,0.8125178240453061,0.01465532075914447,0.26506808689466366,4.9180719302319585e-05,0.1111016675044663,0.0017168668967670199,42.155,2.0,1.0,3.0,True,True,True
33,100,-6,K,200,0.3832517288613104,0.06434717214814444,0.2523712343515504,0.004775458454003431,0.09866758886264494,0.00832819355518189,46.125,5.0,6.0,5.0,False,False,False
33,100,-6,M,200,0.8327424661325499,0.016672879213017754,0.2650474900021405,8.920197974562808e-05,0.11055237294528208,0.0023311923700214416,46.125,2.0,4.0,4.0,True,False,False
33,100,-6,P,200,0.883231986699239,0.003665600027947111,0.2650758956066641,2.1706162390866425e-05,0.1113479413746248,0.0014615964189041496,46.125,1.0,2.0,1.0,True,True,True
33,100,-6,S,200,0.34850115770794027,0.0655168508869529,0.25564512173507453,0.007566767671196718,0.09301651683872895,0.012677254554953811,46.125,6.0,5.0,6.0,False,False,False
33,100,-6,SLTA,200,0.7269251935870931,0.022769320063212414,0.26507521658822936,2.0919833947362807e-05,0.11133250746490803,0.0014413049840364203,46.125,4.0,3.0,2.0,False,True,True
33,100,-6,Std,200,0.8321579285361261,0.008143068569543952,0.265076574625099,2.198076330415207e-05,0.11130290618360249,0.0014097703100128753,46.125,3.0,1.0,3.0,True,True,True
33,100,-4,K,200,0.38894404689349493,0.05754700988048682,0.2529796348691564,0.0034599994693357396,0.1019556303603783,0.006752567110776098,49.99,5.0,6.0,5.0,False,False,False
33,100,-4,M,200,0.8554750682749951,0.0108642513549121,0.26506491814196775,4.930723074496993e-05,0.11098685768845411,0.0018204993452538704,49.99,2.0,4.0,4.0,True,False,False
33,100,-4,P,200,0.8847890835504474,0.0025980836656160863,0.2650787248501426,1.4826887547013633e-05,0.1113750036571976,0.0012049213715965607,49.99,1.0,2.0,1.0,True,True,True
33,100,-4,S,200,0.36907531303511265,0.05718988665199023,0.2579880748444492,0.004140530890470956,0.098925534039593,0.00920255696114398,49.99,6.0,5.0,6.0,False,False,False
33,100,-4,SLTA,200,0.7388525748001353,0.019831792744344125,0.2650780458317078,1.650936935790552e-05,0.11136841913344299,0.0012308542306047685,49.99,4.0,3.0,2.0,False,True,True
33,100,-4,Std,200,0.8428956521777816,0.004733377656971394,0.26507917752909915,1.3120961760438418e-05,0.11133411275251012,0.0011213348600707664,49.99,3.0,1.0,3.0,True,True,True
33,100,-2,K,200,0.38733676366800923,0.05087890946192542,0.25304289675333463,0.002762044763598763,0.10456152793599684,0.005148231954776737,53.315,5.0,6.0,5.0,False,False,False
33,100,-2,M,200,0.8700515643581691,0.00703770094840424,0.26507351904214227,2.750521812201952e-05,0.11120907342179814,0.001519315453387802,53.315,2.0,4.0,4.0,True,False,False
33,100,-2,P,200,0.885080287622917,0.002030210428043709,0.26507985654753397,1.1547226668896172e-05,0.11130645916780998,0.0010466300586059597,53.315,1.0,2.0,2.0,True,True,True
33,100,-2,S,200,0.38303348780323887,0.050085769910260564,0.2589908719029513,0.002786913456771774,0.10254240211690428,0.006834811764746183,53.315,6.0,5.0,6.0,False,False,False
33,100,-2,SLTA,200,0.7467562783096474,0.017474064013474157,0.26507963020805575,1.2027700632732007e-05,0.11131959346463426,0.0010453922264663463,53.315,4.0,3.0,1.0,False,True,True
33,100,-2,Std,200,0.8485788449900731,0.002805195334158006,0.26508030922649056,1.0985110064116913e-05,0.11121230105156188,0.0008776488718686021,53.315,3.0,1.0,3.0,True,True,True
33,100,0,K,200,0.38073317557968595,0.045084274920556396,0.2529487395303718,0.0022985906657239513,0.10643299746357687,0.004538505427513566,56.74,6.0,6.0,5.0,False,False,False
33,100,0,M,200,0.8791641760452131,0.0047891086233060026,0.2650772536435338,1.7129634586754633e-05,0.11128493029520602,0.001330777609815708,56.74,2.0,4.0,1.0,True,False,True
33,100,0,P,200,0.8848735858312787,0.0016858156379594964,0.26508053556596883,1.0924009395200627e-05,0.11123094618463546,0.0008140415534947058,56.74,1.0,3.0,3.0,True,True,True
33,100,0,S,200,0.39192773404669895,0.0459742245744793,0.25935493895375833,0.002287976780435598,0.10409938565903276,0.0053842708658701196,56.74,5.0,5.0,6.0,False,False,False
33,100,0,SLTA,200,0.7521001349574463,0.01584762312208823,0.26508064873570797,1.0891557973650437e-05,0.11124027721074636,0.0008034618321122266,56.74,4.0,1.5,2.0,False,True,True
33,100,0,Std,200,0.8514260994867872,0.0017347033591437742,0.26508064873570797,1.0891557973642086e-05,0.11116820290104146,0.000662540500677485,56.74,3.0,1.5,4.0,True,True,False
33,100,2,K,200,0.3700450417755479,0.038295926094861356,0.25284756578358236,0.002080942770880532,0.10758828001283352,0.0038372722376482805,59.98,6.0,6.0,5.0,False,False,False
33,100,2,M,200,0.8849718823185558,0.0033401782372973875,0.2650787248501426,1.2571881364929653e-05,0.1112916521808087,0.0011636824916668518,59.98,1.0,4.0,1.0,True,False,True
33,100,2,P,200,0.8845586950004651,0.001353743743824607,0.2650809882449254,1.0786460753709886e-05,0.11115523845372406,0.000585604928759467,59.98,2.0,3.0,2.0,True,True,True
33,100,2,S,200,0.39653914199323415,0.04087304161300618,0.259603120191688,0.001842743080476934,0.1050661630278594,0.00414432217808631,59.98,5.0,5.0,6.0,False,False,False
33,100,2,SLTA,200,0.7555664586571318,0.014752900059535699,0.2650811014146645,1.0748805302430462e-05,0.11114002609562723,0.0005731680147823938,59.98,4.0,2.0,3.0,False,True,True
33,100,2,Std,200,0.8527119530961823,0.0010936906734029335,0.26508121458440365,1.07098156739765e-05,0.11109443599383184,0.0004311841629166319,59.98,3.0,1.0,4.0,True,True,False
33,100,4,K,200,0.35860045254928297,0.03188795731161349,0.2527482027526192,0.001858874085760307,0.10806056128463844,0.0036309418146369594,63.245,6.0,6.0,5.0,False,False,False
33,100,4,M,200,0.8886180253091251,0.002410891347628348,0.26507917752909915,1.1885598044691769e-05,0.1112425182639951,0.0010702152717380362,63.245,1.0,4.0,1.0,True,False,True
33,100,4,P,200,0.8842165217200544,0.001095695099841349,0.2650820067725776,1.0398206010468985e-05,0.11108106866022693,0.00036912079541410775,63.245,2.0,1.5,2.0,True,True,True
33,100,4,S,200,0.3992769467894014,0.036871804774238834,0.25973111516665315,0.0015575863900531162,0.10544473682756797,0.003213412572009817,63.245,5.0,5.0,6.0,False,False,False
33,100,4,SLTA,200,0.758202535250347,0.013938787733173013,0.26508189360283846,1.0446987909224877e-05,0.11107576517132454,0.0003500078821931967,63.245,4.0,3.0,3.0,False,True,True
33,100,4,Std,200,0.8531603984492289,0.0007213835321127789,0.2650820067725776,1.0398206010474666e-05,0.11103827357649511,0.00020514996749853456,63.245,3.0,1.5,4.0,True,True,False
33,100,6,K,200,0.34593036846055747,0.026737651529223118,0.25255196642495387,0.0018978708477196376,0.10801651390196491,0.003556931585232547,66.695,6.0,6.0,5.0,False,False,False
33,100,6,M,200,0.8908779055230965,0.001796954659622503,0.26508053556596883,1.092400939520979e-05,0.11119495258199329,0.000948284476112268,66.695,1.0,4.0,1.0,True,False,True
33,100,6,P,200,0.8839032952357476,0.0008890563615746011,0.2650825726212733,1.0131741956904988e-05,0.11104663538659987,0.0002088587794334897,66.695,2.0,3.0,3.0,True,True,True
33,100,6,S,200,0.39971689060750654,0.033471833882728244,0.25976880068978614,0.0015339284797347495,0.105380031718916,0.003153030679233328,66.695,5.0,5.0,6.0,False,False,False
33,100,6,SLTA,200,0.7600428182484623,0.013225814001015829,0.2650829121304907,9.952938120077522e-06,0.11105191177051978,0.00020425945918717294,66.695,4.0,2.0,2.0,False,True,True
33,100,6,Std,200,0.8531592042565458,0.00048224253975107876,0.26508302530022987,9.890016057015259e-06,0.111035245432724,0.00011142343428627261,66.695,3.0,1.0,4.0,True,True,False
33,150,-10,K,200,0.3902227221807908,0.07019024038531739,0.2081599417064852,0.0034410223774591175,0.06707592463964424,0.0058236682120028985,36.68,5.0,5.0,5.0,False,False,False
33,150,-10,M,200,0.5762569559271276,0.0455628253103731,0.21552931720496357,0.00109645985220365,0.06884321919894387,0.004325793783077815,36.68,3.0,4.0,4.0,True,False,False
33,150,-10,P,200,0.6909613794093558,0.017471294296591403,0.21566514804995104,0.001032466806491798,0.07049328507302077,0.0043490033950947995,36.68,1.0,2.0,2.0,True,True,True
33,150,-10,S,200,0.2432588772480649,0.08382194570945803,0.19399322630061402,0.028412917057059294,0.05241328630622009,0.013538866742607196,36.68,6.0,6.0,6.0,False,False,False
33,150,-10,SLTA,200,0.5540343741072834,0.029342328562637576,0.21554450154739102,0.0011048246728830953,0.07046966007995828,0.00416547595559806,36.68,4.0,3.0,3.0,False,True,True
33,150,-10,Std,200,0.6230676852604696,0.027828792972205862,0.21568461161615354,0.0010346468311424775,0.0705500452809501,0.004419335946818999,36.68,2.0,1.0,1.0,True,True,True
33,150,-8,K,200,0.4228038300044043,0.05906867568564593,0.208736532600299,0.0022054983653823227,0.06860189830537665,0.004682508922592481,41.46,5.0,5.0,5.0,False,False,False
33,150,-8,M,200,0.6241014282599362,0.0308274312659833,0.21552393366537564,0.0010628896370707198,0.06916877592489765,0.004131020646610501,41.46,3.0,3.0,4.0,True,True,False
33,150,-8,P,200,0.7049000367077646,0.007851805310646774,0.2156434758521228,0.0009945779538831569,0.07040563572767658,0.004269665928993482,41.46,1.0,2.0,2.0,True,True,True
33,150,-8,S,200,0.2916210737566225,0.07351650546268616,0.20502824010055892,0.013740575279121207,0.06082115210476406,0.00962151010373796,41.46,6.0,6.0,6.0,False,False,False
33,150,-8,SLTA,200,0.5797697838501218,0.01964826210412435,0.21549508341476348,0.0010368810990281027,0.07006955532237927,0.004189458869458908,41.46,4.0,4.0,3.0,False,False,True
33,150,-8,Std,200,0.655171355905046,0.014667868058276658,0.21567053158953897,0.0009939874186681644,0.07055889529123394,0.004261654447709291,41.46,2.0,1.0,1.0,True,True,True
33,150,-6,K,200,0.4402459235684952,0.048540165257764285,0.20868918505982062,0.0016450299554314268,0.0689645511341655,0.004442168569204895,45.985,5.0,6.0,5.0,False,False,False
33,150,-6,M,200,0.6571855149799304,0.02115624975457227,0.21555830549505234,0.0010103448377766836,0.06902042861167167,0.004137811977540065,45.985,3.0,3.0,4.0,True,True,False
33,150,-6,P,200,0.7097653864249708,0.004441999391826302,0.2156325707334703,0.0009798065506401359,0.07044107016007424,0.004158434917487048,45.985,1.0,2.0,2.0,True,True,True
33,150,-6,S,200,0.32814587042922466,0.06000994032082386,0.20918792168882455,0.006104612630381424,0.06547153511611663,0.006950566295188654,45.985,6.0,5.0,6.0,False,False,False
33,150,-6,SLTA,200,0.5956069236674061,0.015391241482343098,0.2155163414941619,0.001020931828838117,0.06998514342545266,0.004426976554527083,45.985,4.0,4.0,3.0,False,False,True
33,150,-6,Std,200,0.673099274186045,0.007905094826344876,0.21566086882617605,0.0009829394969952168,0.07060549208822779,0.0042466428324812065,45.985,2.0,1.0,1.0,True,True,True
33,150,-4,K,200,0.44590917100133415,0.04186581752322549,0.20843450222546905,0.0013610194929581398,0.06920961144762655,0.004385619901371503,49.855,5.0,6.0,4.0,False,False,False
33,150,-4,M,200,0.6794311953011638,0.014478628031348481,0.21556672590312576,0.00099746594674825,0.06889386870915588,0.003980707890648398,49.855,3.0,3.0,5.0,True,True,False
33,150,-4,P,200,0.7113326854470923,0.00287180953964175,0.21563091425975095,0.0009802447373204665,0.07034000009615124,0.00433243024157299,49.855,1.0,2.0,2.0,True,True,True
33,150,-4,S,200,0.35190340668080355,0.04977903788857933,0.21049446533496954,0.002800571141994089,0.06726963049946628,0.0052287491596892405,49.855,6.0,5.0,6.0,False,False,False
33,150,-4,SLTA,200,0.6052498845272979,0.01244977179520315,0.2155139948230595,0.00099071335056978,0.06975334085180082,0.004162725862017485,49.855,4.0,4.0,3.0,False,False,True
33,150,-4,Std,200,0.6829776121125071,0.0043245325641034565,0.21566984139215592,0.0009698185976680866,0.0704719403393231,0.004355289305308272,49.855,2.0,1.0,1.0,True,True,True
33,150,-2,K,200,0.4439495340625171,0.03731041179649494,0.20817457389100621,0.0012421595062144227,0.06890773731481492,0.004382291651402929,53.385,5.0,6.0,5.0,False,False,False
33,150,-2,M,200,0.6941977251212629,0.010093476329917127,0.215571281205854,0.0009644840652719848,0.06903891133238232,0.003893406452260763,53.385,2.0,3.0,4.0,True,True,False
33,150,-2,P,200,0.7116727431360951,0.0019835352777370094,0.21563726407567518,0.000940106043591676,0.07026464585276392,0.003876263931689888,53.385,1.0,2.0,1.0,True,True,True
33,150,-2,S,200,0.36655957598340927,0.042532452573241515,0.21104786559671232,0.001851133256056018,0.06745917394191331,0.00450516640986058,53.385,6.0,5.0,6.0,False,False,False
33,150,-2,SLTA,200,0.6112370641623769,0.010677714408283134,0.21551123403352723,0.0009709143412527819,0.06979088595212533,0.004227077503228035,53.385,4.0,4.0,3.0,False,False,True
33,150,-2,Std,200,0.6883172986481887,0.002451275584466287,0.21566997943163252,0.0009399382043154096,0.07025451552149387,0.0040173312259780625,53.385,3.0,1.0,2.0,True,True,True
33,150,0,K,200,0.4375806706686203,0.03285289024898283,0.20798987707129757,0.0011743787361035024,0.06858211518286192,0.004503943780824393,56.72,5.0,6.0,5.0,False,False,False
33,150,0,M,200,0.7036748104567656,0.007288712196634759,0.21560579107500732,0.0009323244851372005,0.06917208449949301,0.0037523738258939477,56.72,2.0,3.0,4.0,True,True,False
33,150,0,P,200,0.7115989572566782,0.0014108147001992374,0.2156481691943276,0.0009110348901653991,0.07003150137020399,0.0039064993974956734,56.72,1.0,2.0,2.0,True,True,True
33,150,0,S,200,0.37517345878221064,0.03626151542755491,0.21144652360517158,0.0015276265663069768,0.06696871899694,0.004176773760650626,56.72,6.0,5.0,6.0,False,False,False
33,150,0,SLTA,200,0.6151048553733984,0.009657709542260504,0.21553000740234662,0.0009413390801570874,0.06944352218354098,0.004293409445527923,56.72,4.0,4.0,3.0,False,False,True
33,150,0,Std,200,0.6910915536154022,0.0014447199091680832,0.21568212690557448,0.0009114126811056886,0.07025841043826012,0.0038903049720154844,56.72,3.0,1.0,1.0,True,True,True
33,150,2,K,200,0.42864987406577093,0.028835639479210168,0.20800630376901455,0.0011362995472879761,0.06814571139384047,0.004669083295577006,59.99,5.0,6.0,5.0,False,False,False
33,150,2,M,200,0.7096118441608777,0.00543058014497669,0.2156427856547397,0.000887571185016405,0.06895461333054756,0.0038747265752614355,59.99,2.0,3.0,4.0,True,True,False
33,150,2,P,200,0.7113936981025277,0.0010879182417771157,0.21566790883948334,0.000876050400754717,0.06970271476057179,0.0036506633977048224,59.99,1.0,2.0,2.0,True,True,True
33,150,2,S,200,0.37973266091684654,0.03200815332873738,0.21185015103478888,0.0014730781559016842,0.06734309322197966,0.004073770397708449,59.99,6.0,5.0,6.0,False,False,False
33,150,2,SLTA,200,0.6175560975689838,0.008958069504611171,0.21555154156069828,0.0009212463060962356,0.06900161771913284,0.004120370832704798,59.99,4.0,4.0,3.0,False,False,True
33,150,2,Std,200,0.692427551510542,0.0008725020036676569,0.2156905473136479,0.0008829627865210248,0.06994757658542994,0.003602442832767459,59.99,3.0,1.0,1.0,True,True,True
33,150,4,K,200,0.418408443274596,0.02469513347431212,0.2082395904844911,0.0010909775667222676,0.06750786643569405,0.004120337707993044,63.345,5.0,6.0,5.0,False,False,False
33,150,4,M,200,0.7133657729339172,0.004085728252030629,0.21564941154961714,0.0008570622792359239,0.06868734390103916,0.003937766350097271,63.345,1.0,3.0,3.0,True,True,True
33,150,4,P,200,0.71115078734981,0.0008194543690362229,0.21568668220830275,0.0008269873188229713,0.06953251286442871,0.003767607609535875,63.345,2.0,2.0,2.0,True,True,True
33,150,4,S,200,0.38234036581242087,0.028260910754012193,0.2123136875972564,0.0014430374139378123,0.06711984856141147,0.004065861795343931,63.345,6.0,5.0,6.0,False,False,False
33,150,4,SLTA,200,0.6191721780891508,0.008512984673696437,0.21557611258753545,0.0008805779204601141,0.06860761791868818,0.0037368383820372826,63.345,4.0,4.0,4.0,False,False,False
33,150,4,Std,200,0.6929992112773694,0.0005330360171050193,0.21569813948486163,0.0008256142465365085,0.06956266358095076,0.0038530393430865686,63.345,3.0,1.0,1.0,True,True,True
33,150,6,K,200,0.4083966190230693,0.020840225278138256,0.208537341635546,0.0010476380706188212,0.06698934314974797,0.003732746345659906,67.18,5.0,6.0,6.0,False,False,False
33,150,6,M,200,0.7157393761439222,0.003102183691557815,0.21567246414221156,0.0008350230635713277,0.06844845634945676,0.0037319230634441252,67.18,1.0,3.0,4.0,True,True,False
33,150,6,P,200,0.7109165031418848,0.000641894904254291,0.2157309928802956,0.0007801546989478017,0.06939156449906858,0.0034065020346572654,67.18,2.0,1.0,1.0,True,True,True
33,150,6,S,200,0.38365330630716954,0.025456559455326017,0.21278633476518038,0.001285707400676163,0.06733541514923541,0.004348064118314069,67.18,6.0,5.0,5.0,False,False,False
33,150,6,SLTA,200,0.6205218584064841,0.007996477555786325,0.2156513441022897,0.0008335019726769637,0.06865625721566572,0.0036937992931018807,67.18,4.0,4.0,3.0,False,False,True
33,150,6,Std,200,0.693166055220376,0.0003260058222815203,0.21573002660395932,0.0007865846795841918,0.06930990993671918,0.003399689930485064,67.18,3.0,2.0,2.0,True,True,True
33,200,-10,K,200,0.4249846356693746,0.05753224179271828,0.1823098330834759,0.0018189747337077197,0.05105474926265887,0.004456793284429023,36.64,5.0,5.0,5.0,False,False,False
33,200,-10,M,200,0.4498655544864371,0.05669265687413874,0.18573081982210893,0.0014949159298545884,0.05112456036517076,0.004476841893413488,36.64,4.0,4.0,4.0,False,False,False
33,200,-10,P,200,0.5817968558667473,0.020710004084477714,0.18589641301447,0.0012548480428860663,0.05275024650862765,0.00462118203759527,36.64,1.0,2.0,1.0,True,True,True
33,200,-10,S,200,0.2304129348816465,0.0826786541790377,0.1714915550630306,0.021278657135197235,0.040131459857173375,0.009455418952969927,36.64,6.0,6.0,6.0,False,False,False
33,200,-10,SLTA,200,0.46835623116343283,0.03080629239409487,0.18583771571573685,0.001301217385026841,0.0520173256588376,0.00465274538062513,36.64,3.0,3.0,3.0,True,True,True
33,200,-10,Std,200,0.524845341011879,0.028631434716339586,0.18590945685863292,0.0012485311421189934,0.052730568831321295,0.0046209640078308176,36.64,2.0,1.0,2.0,True,True,True
33,200,-8,K,200,0.4519329988328946,0.03871148767824222,0.18226847455320316,0.0013040720365313143,0.05113680392240409,0.004432202207444577,41.61,5.0,5.0,5.0,False,False,False
33,200,-8,M,200,0.5004942471028262,0.03852779430158827,0.18589832186971336,0.0012742247068264938,0.05114392387883657,0.00411371826913479,41.61,3.0,3.0,4.0,True,True,False
33,200,-8,P,200,0.6000486551385255,0.008538036147167201,0.1859629048054469,0.0011577673431918448,0.052448236061042895,0.0043723740975295565,41.61,1.0,2.0,1.0,True,True,True
33,200,-8,S,200,0.27690087258769314,0.06555605900727257,0.18086689759076965,0.005528336160794154,0.04547040621303191,0.005533982626379474,41.61,6.0,6.0,6.0,False,False,False
33,200,-8,SLTA,200,0.49617552116196206,0.019077429948019302,0.18587748353330674,0.0012627009585262088,0.051659562323725,0.004629912911762366,41.61,4.0,4.0,3.0,False,False,True
33,200,-8,Std,200,0.5583290339586131,0.014378690956365259,0.18598040264517762,0.0011500230202358202,0.05243296136759908,0.004262797928707589,41.61,2.0,1.0,2.0,True,True,True
33,200,-6,K,200,0.46661518845245553,0.027791496764457888,0.18205850047643413,0.0012680850717322401,0.050779857471795885,0.004405813328802692,46.35,5.0,6.0,5.0,False,False,False
33,200,-6,M,200,0.5383048768455226,0.02670673830907693,0.18594779303477033,0.0012610121760516873,0.05126818945558007,0.004309515707016033,46.35,3.0,3.0,4.0,True,True,False
33,200,-6,P,200,0.6069428071410445,0.004567066407221652,0.1860338505919916,0.0011460101474785951,0.05234367161802547,0.0042765706121236065,46.35,1.0,2.0,2.0,True,True,True
33,200,-6,S,200,0.3118248358133756,0.05256564170169341,0.182514716879596,0.001544079714478345,0.048144757004845766,0.004219782252443146,46.35,6.0,5.0,6.0,False,False,False
33,200,-6,SLTA,200,0.5122097064177145,0.013336184277956955,0.18592170534644445,0.0012588691851979233,0.05144035750566724,0.004429985787262387,46.35,4.0,4.0,3.0,False,False,True
33,200,-6,Std,200,0.577071516995238,0.007815197210804422,0.18605230285934402,0.0011354670235053663,0.0523912785458199,0.0042290634730929805,46.35,2.0,1.0,1.0,True,True,True
33,200,-4,K,200,0.47229158770903473,0.023148923015768694,0.18172365545249555,0.001221089519933267,0.05071441777587089,0.004547208865294455,50.7,5.0,6.0,5.0,False,False,False
33,200,-4,M,200,0.5651407141999785,0.018169339548732212,0.1859603596651224,0.0012357977598764175,0.05096776093271405,0.004182382900027313,50.7,3.0,3.0,4.0,True,True,False
33,200,-4,P,200,0.6093105791882292,0.0028011763936766233,0.18605357542950623,0.0011571426983555358,0.05234829863194293,0.0041882325809423455,50.7,1.0,2.0,1.0,True,True,True
33,200,-4,S,200,0.3355649951473882,0.04386643793565421,0.18250294560559532,0.0010440771481832535,0.04889823679886716,0.003761639875105863,50.7,6.0,5.0,6.0,False,False,False
33,200,-4,SLTA,200,0.5213799847445326,0.010228558452734201,0.1859229779166067,0.0012708242865231275,0.051488711446252805,0.004412645420576598,50.7,4.0,4.0,3.0,False,False,True
33,200,-4,Std,200,0.5872340148986218,0.004304583587250115,0.1860766407636968,0.001156973625949818,0.05227610520037449,0.004227667952697632,50.7,2.0,1.0,2.0,True,True,True
33,200,-2,K,200,0.47183795311651666,0.020590915803086047,0.18122162652349313,0.0012104688843410786,0.050906788640107274,0.0044257473405264315,53.995,5.0,6.0,5.0,False,False,False
33,200,-2,M,200,0.5836820689700296,0.012553315543372242,0.18598262964296153,0.001199017508405552,0.05102371841273403,0.004261022723870947,53.995,3.0,3.0,4.0,True,True,False
33,200,-2,P,200,0.6100558320340334,0.0018461423479029999,0.1860726639819398,0.0011832499048284116,0.052538394713557396,0.004196487549020121,53.995,1.0,2.0,1.0,True,True,True
33,200,-2,S,200,0.3496396238070879,0.03799208526139239,0.18230696980061084,0.0009794492394381614,0.05007825990729468,0.003875324672749351,53.995,6.0,5.0,6.0,False,False,False
33,200,-2,SLTA,200,0.527055827382689,0.008438642333045553,0.1859557465982843,0.0012541528765384437,0.05172004973214991,0.0044974100126869065,53.995,4.0,4.0,3.0,False,False,True
33,200,-2,Std,200,0.5927916145293888,0.002427849275000773,0.18608904832277862,0.0011770603281108366,0.052518663398304015,0.0042885149225059815,53.995,2.0,1.0,2.0,True,True,True
33,200,0,K,200,0.4682122970946167,0.018022284074734538,0.18073979964581624,0.0012253458260349755,0.050962683707243446,0.004104165546451736,56.855,5.0,6.0,6.0,False,False,False
33,200,0,M,200,0.5957523279386728,0.009070812813017467,0.18599710512855702,0.001215615072531086,0.051193298027563644,0.004227814484243562,56.855,2.0,3.0,4.0,True,True,False
33,200,0,P,200,0.610163086150463,0.0013021544206826539,0.1860904799642111,0.0012176366295128486,0.05256387944206418,0.004467769831414074,56.855,1.0,2.0,2.0,True,True,True
33,200,0,S,200,0.35832193047037536,0.0330946083000657,0.18216476008498086,0.0011465478252356263,0.05108515093293571,0.004102956930737048,56.855,6.0,5.0,5.0,False,False,False
33,200,0,SLTA,200,0.5304106731960815,0.007237531383903505,0.18596067780766298,0.0012620511649022409,0.051681674625230684,0.0046662718299592355,56.855,4.0,4.0,3.0,False,False,True
33,200,0,Std,200,0.5957053112920605,0.0014227810143234865,0.18611274994205027,0.001208689032145882,0.05267278540619809,0.0043876734719447965,56.855,3.0,1.0,1.0,True,True,True
33,200,2,K,200,0.46165699393831633,0.0157014549730957,0.18040606812076962,0.0013378910757222964,0.05147202746356881,0.004359489705775975,59.255,5.0,6.0,6.0,False,False,False
33,200,2,M,200,0.6036966690740504,0.006723807216780639,0.18605039400410067,0.0012263099368587306,0.05155534601715575,0.004299956069942532,59.255,2.0,3.0,5.0,True,True,False
33,200,2,P,200,0.6101116930016796,0.0009418745992965276,0.18611068201553663,0.0012137860304429452,0.05236369374989687,0.004515840455829438,59.255,1.0,2.0,2.0,True,True,True
33,200,2,S,200,0.36217894846606385,0.02860544511017555,0.18212133362819455,0.0013249987000082024,0.05172648433472053,0.004589284194442591,59.255,6.0,5.0,4.0,False,False,False
33,200,2,SLTA,200,0.5323186376327687,0.0065132017566739515,0.1859937646318811,0.001277238773450685,0.05181445610559672,0.004723563649571255,59.255,4.0,4.0,3.0,False,False,True
33,200,2,Std,200,0.5971898838443132,0.0008513819903982544,0.18613533806243,0.0012131347307228106,0.052402427046420605,0.0044437313341026945,59.255,3.0,1.0,1.0,True,True,True
33,200,4,K,200,0.4546863596707874,0.01368484069589077,0.1803508703899826,0.0015271984645981672,0.05169364633652593,0.004489188544089125,61.735,5.0,6.0,5.0,False,False,False
33,200,4,M,200,0.6084526778695163,0.005141715859885133,0.18604259951185698,0.001242701269136132,0.05129873149483167,0.004517997738712146,61.735,2.0,3.0,6.0,True,True,False
33,200,4,P,200,0.6099660403897404,0.0006884264454916947,0.18610097866804956,0.001214561046537066,0.05209550781981388,0.00464965178158195,61.735,1.0,2.0,3.0,True,True,True
33,200,4,S,200,0.36414867136637874,0.02542516769246296,0.1823214452862063,0.001618584616634955,0.05221258060446386,0.004960300584270284,61.735,6.0,5.0,1.0,False,False,True
33,200,4,SLTA,200,0.533274697799128,0.006103062930950859,0.18598326592804265,0.0012765574438646792,0.05171127294765989,0.004727022978680873,61.735,4.0,4.0,4.0,False,False,False
33,200,4,Std,200,0.5978704233764724,0.0005180782623088543,0.18613820134529502,0.001211283425977408,0.05219863716065278,0.004621955526521357,61.735,3.0,1.0,2.0,True,True,True
33,200,6,K,200,0.4481524611515419,0.011865088351939323,0.1805996578566999,0.0017046111881200096,0.05142075076600168,0.004542121042983487,64.335,5.0,6.0,5.0,False,False,False
33,200,6,M,200,0.6114493703327247,0.003939865692857708,0.18604991679028982,0.0012173539650828795,0.05116417928927579,0.004599925399087638,64.335,1.0,3.0,6.0,True,True,False
33,200,6,P,200,0.6098334910708652,0.0005147923719704304,0.18611115922934748,0.0011866337653407204,0.051758849731986675,0.004819404620362989,64.335,2.0,2.0,3.0,True,True,True
33,200,6,S,200,0.3649942369490964,0.022978819259430457,0.18267267465098364,0.0017962538955167042,0.051912185679127774,0.004992965320663075,64.335,6.0,5.0,2.0,False,False,True
33,200,6,SLTA,200,0.5338672318483397,0.005832407459364648,0.18598867435123217,0.0012434497143878316,0.051515633695164015,0.004838685686568221,64.335,4.0,4.0,4.0,False,False,False
33,200,6,Std,200,0.5981498332558015,0.0003207188717163811,0.18614567769499815,0.0011928239162638575,0.05206652888412539,0.004797195551711892,64.335,3.0,1.0,1.0,True,True,True
33,250,-10,K,200,0.4194232124270558,0.04626334099732958,0.15844161218757366,0.0017301995961638082,0.039429190803459704,0.004063558949613858,36.075,3.0,5.0,4.0,True,False,False
33,250,-10,M,200,0.34905145593407494,0.05684577747367502,0.16007883692267036,0.0023576438447659507,0.03850813884925848,0.004586553872248518,36.075,5.0,4.0,5.0,False,False,False
33,250,-10,P,200,0.49127626617263004,0.023883197703236752,0.16047315003798995,0.00158594645597063,0.04009029877870393,0.004381389758090899,36.075,1.0,2.0,2.0,True,True,True
33,250,-10,S,200,0.2746907302310353,0.0779396643864452,0.15470645827752774,0.01361823877421435,0.03437183347221214,0.006041365449540926,36.075,6.0,6.0,6.0,False,False,False
33,250,-10,SLTA,200,0.39841827968030563,0.028911399603340167,0.16043573614239687,0.0015634336990410843,0.03963187827469385,0.004332397165742135,36.075,4.0,3.0,3.0,False,True,True
33,250,-10,Std,200,0.44413317776931655,0.027807682399847797,0.1604740670452349,0.0015869282068571107,0.04013645373823099,0.00439225987792829,36.075,2.0,1.0,1.0,True,True,True
33,250,-8,K,200,0.43745350525638216,0.03038735414584859,0.15835504670365233,0.0016244514299863253,0.03931784835400712,0.003828312625813049,40.45,3.0,5.0,4.0,True,False,False
33,250,-8,M,200,0.39383109468947786,0.046613684348247815,0.1603845671381298,0.001661605104045266,0.03832584751430356,0.0042853356864900926,40.45,5.0,4.0,5.0,False,False,False
33,250,-8,P,200,0.5111026155494068,0.011534356256784478,0.16051203114517495,0.0015547391319075431,0.03991141559652664,0.00415914321277732,40.45,1.0,2.0,2.0,True,True,True
33,250,-8,S,200,0.3147646737427631,0.05779204179091103,0.15805756955339728,0.003723223318708476,0.036003370281175534,0.004093271411286191,40.45,6.0,6.0,6.0,False,False,False
33,250,-8,SLTA,200,0.4234859950484655,0.01850169010868701,0.16044784063802994,0.00153664343962681,0.03945658810010665,0.004562521410534273,40.45,4.0,3.0,3.0,False,True,True
33,250,-8,Std,200,0.4756015141189184,0.016037927645793464,0.16051478216690973,0.0015558207552804945,0.039993616277789815,0.004114356953010057,40.45,2.0,1.0,1.0,True,True,True
33,250,-6,K,200,0.44272791659834254,0.020879024185855275,0.15814175081848178,0.0015011735707438458,0.03899539375654601,0.0040741412382043875,43.61,3.0,6.0,4.0,True,False,False
33,250,-6,M,200,0.43268067112853514,0.03433986893517813,0.16048543793507203,0.0015706555456843892,0.03845174328045262,0.004121849375843511,43.61,5.0,4.0,5.0,False,False,False
33,250,-6,P,200,0.5195995201825518,0.005869799134019242,0.1605828241044835,0.0015047889415254433,0.03990070510328751,0.0040074218872193645,43.61,1.0,1.0,1.0,True,True,True
33,250,-6,S,200,0.33610265848414544,0.040795383701291585,0.15844583042090032,0.0012428363956988359,0.036302789029745465,0.003399363858227825,43.61,6.0,5.0,6.0,False,False,False
33,250,-6,SLTA,200,0.437965796202299,0.012402820663488611,0.16049992664954188,0.0015006059814618984,0.03956801578471564,0.004890013834304122,43.61,4.0,3.0,3.0,False,True,True
33,250,-6,Std,200,0.4938480408352462,0.008646527549594513,0.1605793394769528,0.0015028750186846169,0.03984993465823977,0.00406062017233735,43.61,2.0,2.0,2.0,True,True,True
33,250,-4,K,200,0.44272176739329816,0.01717306736130307,0.1577925544596127,0.0013727230559693613,0.03858805718848731,0.004085763263468004,46.435,5.0,6.0,5.0,False,False,False
33,250,-4,M,200,0.4625497868083153,0.02558004234594379,0.16052321863356311,0.001520526793764023,0.038638025873568994,0.00399945897202784,46.435,3.0,4.0,4.0,True,False,False
33,250,-4,P,200,0.5229717862646599,0.0034585340765006627,0.16060024724213715,0.0014669192263775754,0.03974028397097125,0.003975170628490693,46.435,1.0,2.0,1.0,True,True,True
33,250,-4,S,200,0.3478355750943781,0.032981177530087336,0.15836751800218338,0.001005963620345037,0.036085419295313226,0.0030929517612411327,46.435,6.0,5.0,6.0,False,False,False
33,250,-4,SLTA,200,0.4461718913815276,0.00925290124664459,0.16055971552191128,0.0014650231394139248,0.039526847917258884,0.004825217029484212,46.435,4.0,3.0,3.0,False,True,True
33,250,-4,Std,200,0.5041608512229956,0.00481951022649472,0.16060153105228006,0.0014654492228741813,0.03972457940214826,0.003999300881621691,46.435,2.0,1.0,2.0,True,True,True
33,250,-2,K,200,0.4398242921864082,0.014794867750309674,0.15736211125884292,0.0012743139824568336,0.0384124097657561,0.004018943741601605,48.845,5.0,6.0,5.0,False,False,False
33,250,-2,M,200,0.4852632381803724,0.01843000328345827,0.16057457103927913,0.0015106573251889945,0.038655853628115786,0.004150231361210057,48.845,3.0,4.0,4.0,True,False,False
33,250,-2,P,200,0.5242875833001132,0.00227296058645296,0.160667555573915,0.0014801190755047797,0.039870117011597636,0.004126205611061207,48.845,1.0,2.0,1.0,True,True,True
33,250,-2,S,200,0.35359517307956495,0.028472712640902606,0.1581947538372387,0.0009410198089142465,0.0360639444419717,0.0030373101699760893,48.845,6.0,5.0,6.0,False,False,False
33,250,-2,SLTA,200,0.45120663492797086,0.0073264745962908885,0.1606073998986476,0.0014606531770890374,0.039393006896953076,0.0046810406282465,48.845,4.0,3.0,3.0,False,True,True
33,250,-2,Std,200,0.5100687095797012,0.002711321106660155,0.1606734244202825,0.0014804641851566681,0.03974511985341955,0.004116217795888584,48.845,2.0,1.0,2.0,True,True,True
33,250,0,K,200,0.4356960191248453,0.012364330266288758,0.15691571213201136,0.0011374219651135759,0.03861253456622224,0.0036786030181288837,51.11,5.0,6.0,5.0,False,False,False
33,250,0,M,200,0.5013049813664643,0.01349211146316955,0.1606180371826888,0.0015093920830416398,0.038888802478693314,0.004128746403411614,51.11,3.0,4.0,4.0,True,False,False
33,250,0,P,200,0.5247338827870824,0.001508318591477699,0.16073669792018264,0.0014906908089496538,0.040107665473648996,0.004080947549588768,51.11,1.0,2.0,2.0,True,True,True
33,250,0,S,200,0.35651709041113677,0.023994261327690086,0.15794917929704663,0.0008788580380117045,0.03655186627087379,0.00314235758302212,51.11,6.0,5.0,6.0,False,False,False
33,250,0,SLTA,200,0.4542246343408161,0.006326306362322272,0.16065655148697583,0.0014480191220946435,0.03940839709058727,0.0044177296374252,51.11,4.0,3.0,3.0,False,True,True
33,250,0,Std,200,0.5133588840407483,0.0015782720425273485,0.1607473352042238,0.0014852463890393972,0.04011833350618835,0.004085326018966162,51.11,2.0,1.0,1.0,True,True,True
33,250,2,K,200,0.43148560667580277,0.010245962858307233,0.156479400084874,0.0010948087032101126,0.03892064151919675,0.0036466257954932807,53.325,5.0,6.0,4.0,False,False,False
33,250,2,M,200,0.5119955215826543,0.010093076736485143,0.16067140700434368,0.001483747848216142,0.03878459176010334,0.004109261629899722,53.325,3.0,4.0,5.0,True,False,False
33,250,2,P,200,0.5248239375157925,0.001039902330876804,0.16078841712879666,0.0014629012709021889,0.039844898228231014,0.00414323188401529,53.325,1.0,2.0,2.0,True,True,True
33,250,2,S,200,0.3576672361480615,0.02050998141024151,0.1576163056671373,0.0008853348234283404,0.037161253362497336,0.003243350607019877,53.325,6.0,5.0,6.0,False,False,False
33,250,2,SLTA,200,0.45608815762895405,0.0057000009268776955,0.16075210364189743,0.0014297392498397795,0.03941839167718403,0.004446912658608975,53.325,4.0,3.0,3.0,False,True,True
33,250,2,Std,200,0.5151539989992208,0.0009512448116062327,0.16080730747804217,0.001458596556607649,0.03984747316176842,0.004071102775835269,53.325,2.0,1.0,1.0,True,True,True
33,250,4,K,200,0.4276377492674585,0.00850006239765362,0.1560790347217379,0.0010387293839211305,0.03884895817950266,0.003733351810175797,55.755,5.0,6.0,4.0,False,False,False
33,250,4,M,200,0.5191121214398219,0.00751125239536189,0.16075448786073426,0.0014318081265555494,0.038713821851778095,0.004033289859076963,55.755,2.0,4.0,5.0,True,False,False
33,250,4,P,200,0.5247842938088323,0.0006990230186374719,0.1608641619272278,0.00143057590521276,0.04000693416277721,0.00426366497429383,55.755,1.0,2.0,1.0,True,True,True
33,250,4,S,200,0.3580648876224013,0.018118392862605637,0.15731461028355556,0.0009471228723204754,0.0379755500027336,0.003559698103476204,55.755,6.0,5.0,6.0,False,False,False
33,250,4,SLTA,200,0.4572579763873539,0.005294243256824905,0.1608238136084509,0.0014080512853368388,0.03966948249353142,0.004490712363184219,55.755,4.0,3.0,3.0,False,True,True
33,250,4,Std,200,0.5161117474359994,0.0005781456026336203,0.16088451948806523,0.0014182938342745506,0.03998043028103803,0.004276734837107508,55.755,3.0,1.0,2.0,True,True,True
33,250,6,K,200,0.4241626170392593,0.007251865777491876,0.15573937523821607,0.0010937655452805742,0.03932919958223477,0.0038886863293444438,58.255,5.0,6.0,4.0,False,False,False
33,250,6,M,200,0.5237764709356287,0.005781603119821748,0.16086856356200346,0.00140190737356958,0.038772776267975935,0.004143619576293351,58.255,2.0,4.0,6.0,True,False,False
33,250,6,P,200,0.524712165682862,0.0004927489498134978,0.16099401015310977,0.0013814445889644008,0.040214595940241224,0.004336021521445767,58.255,1.0,2.0,2.0,True,True,True
33,250,6,S,200,0.3579992567504087,0.01654440365918205,0.1571046156244668,0.0010114421984845669,0.038792650418442765,0.003937537888185967,58.255,6.0,5.0,5.0,False,False,False
33,250,6,SLTA,200,0.4580412636557118,0.005010462495432365,0.16090267623151483,0.0013979869911175345,0.03992065005595266,0.004361314959580002,58.255,4.0,3.0,3.0,False,True,True
33,250,6,Std,200,0.5165884928555348,0.00035773697005031416,0.16101271710090637,0.0013767247135915484,0.04028334320022668,0.004259807226389291,58.255,3.0,1.0,1.0,True,True,True
33,300,-10,K,200,0.4143822450417979,0.03667668441033884,0.14977549819968375,0.001596405294980722,0.03481324374889731,0.003581223867770492,32.245,2.0,5.0,3.0,True,False,True
33,300,-10,M,200,0.3136345397969026,0.05616212738608646,0.15052871436355175,0.0028689215922413362,0.033392047378846615,0.00451133969270432,32.245,5.0,4.0,5.0,False,False,False
33,300,-10,P,200,0.45238089162687056,0.024228729589988517,0.15099203757431512,0.0015971967992306675,0.03496646414294591,0.0040299341171767976,32.245,1.0,2.0,1.0,True,True,True
33,300,-10,S,200,0.3088894996083912,0.05044740404725836,0.1496578689329981,0.0015460913699693797,0.03245446277899131,0.0035695048126664934,32.245,6.0,6.0,6.0,False,False,False
33,300,-10,SLTA,200,0.36494969537659566,0.02932918003218464,0.15098562143249591,0.0016620359258972353,0.03445955566655388,0.0036688550738827874,32.245,4.0,3.0,4.0,False,True,False
33,300,-10,Std,200,0.4064102835800394,0.02819484290388305,0.15099495400241478,0.001592906474466936,0.034938635482850415,0.003990264848732113,32.245,3.0,1.0,2.0,True,True,True
33,300,-8,K,200,0.42878325565317627,0.02563925305256911,0.14966311850357747,0.0015066488587681998,0.034310420527462665,0.003638356887837265,35.52,3.0,6.0,4.0,True,False,False
33,300,-8,M,200,0.3560991957017041,0.04561728812712067,0.1509644287216385,0.0016320279986661648,0.03412843603585377,0.004035752444307847,35.52,5.0,4.0,5.0,False,False,False
33,300,-8,P,200,0.474815845879701,0.011637869177153625,0.15108536327350375,0.0015351761003757028,0.034923954774117805,0.0038975858408035555,35.52,1.0,1.0,1.0,True,True,True
33,300,-8,S,200,0.3411787306391482,0.03757250586205198,0.14966836807415684,0.0013529925679264222,0.03241979261480515,0.003544749456900786,35.52,6.0,5.0,6.0,False,False,False
33,300,-8,SLTA,200,0.3894027454556702,0.019774888067281733,0.15103870042390943,0.0015742642622657813,0.03450676847995532,0.003910505885727328,35.52,4.0,3.0,3.0,False,True,True
33,300,-8,Std,200,0.43823678937364,0.016139485342187298,0.15108458555934384,0.0015290632703242474,0.03490566904106001,0.0038356699414056838,35.52,2.0,2.0,2.0,True,True,True
33,300,-6,K,200,0.43529138479775403,0.019241191920517674,0.14955696052075043,0.0014511372785675413,0.03433070473689583,0.003521151173011243,38.39,3.0,6.0,4.0,True,False,False
33,300,-6,M,200,0.39123965989274345,0.03587136057961222,0.15102625699735095,0.0015767896840144504,0.03426669355530342,0.004091226884613545,38.39,5.0,4.0,5.0,False,False,False
33,300,-6,P,200,0.48502934450666196,0.006578675524962913,0.15110577827020125,0.0015556451926581646,0.03510145119523084,0.003972404536807162,38.39,1.0,2.0,1.0,True,True,True
33,300,-6,S,200,0.35926722826810153,0.030614342436278273,0.1496030400847248,0.0012761818179053217,0.03262411996187123,0.0033255455469154357,38.39,6.0,5.0,6.0,False,False,False
33,300,-6,SLTA,200,0.40436585960121035,0.014649601920499437,0.15105308813586768,0.001553633656756218,0.034975463527941376,0.0038987569421766047,38.39,4.0,3.0,3.0,False,True,True
33,300,-6,Std,200,0.45805421570443094,0.009736464304976919,0.15111005569808073,0.001546057249698583,0.03505536498049097,0.003968199169415476,38.39,2.0,1.0,2.0,True,True,True
33,300,-4,K,200,0.43708009745892035,0.015143158356654213,0.14943991453968475,0.0013903825631085649,0.03411300841230109,0.003568025564205327,40.98,3.0,6.0,5.0,True,False,False
33,300,-4,M,200,0.4208878026581774,0.026725005290751263,0.1510972234144423,0.001538798029508562,0.03432626439947697,0.004036068941778101,40.98,4.0,3.0,4.0,False,True,False
33,300,-4,P,200,0.48962183616276644,0.003908546359160648,0.1511396088361571,0.0015364064081910898,0.035385389481266516,0.0040040442553162595,40.98,1.0,2.0,1.0,True,True,True
33,300,-4,S,200,0.3692682562944769,0.025198721969651804,0.14953732323821284,0.001181146289846391,0.03242412245988921,0.0031540193796936082,40.98,6.0,5.0,6.0,False,False,False
33,300,-4,SLTA,200,0.41410462217717886,0.010900291925384938,0.1510684479905258,0.001529273596942376,0.03500340179481185,0.004058941170569308,40.98,5.0,4.0,3.0,False,False,True
33,300,-4,Std,200,0.47023341894850973,0.0056923947829040315,0.15115088569147572,0.001529055555355111,0.035318687580527086,0.003986472874764396,40.98,2.0,1.0,2.0,True,True,True
33,300,-2,K,200,0.4369084139744636,0.012641726119869695,0.14918404658107598,0.0013268696075226644,0.033598433414027955,0.0034922144470992053,43.825,4.0,6.0,5.0,False,False,False
33,300,-2,M,200,0.44381506052872505,0.01977648080504157,0.15118666054283136,0.0014963411001490245,0.034446358017546204,0.004031774957598309,43.825,3.0,3.0,4.0,True,True,False
33,300,-2,P,200,0.4915040685420095,0.0025229235999211503,0.15122962925016611,0.0014787485092017808,0.03516015913051992,0.003929646040842264,43.825,1.0,2.0,1.0,True,True,True
33,300,-2,S,200,0.37562673296580473,0.021619508012936602,0.1494385535399049,0.0010934444777998217,0.03211999520958103,0.003157363181431329,43.825,6.0,5.0,6.0,False,False,False
33,300,-2,SLTA,200,0.42006482519602345,0.008601428931090378,0.1511265821239787,0.0014910254721256,0.03506720337130982,0.004056819269161511,43.825,5.0,4.0,3.0,False,False,True
33,300,-2,Std,200,0.4773618349418374,0.003396602598224329,0.15123798967738508,0.001467982470460492,0.03514171634158371,0.0038652398740137367,43.825,2.0,1.0,2.0,True,True,True
33,300,0,K,200,0.43446431723181844,0.010319750214287764,0.1488393247796981,0.0012561924776153545,0.03315529895792677,0.003521296406646371,46.065,4.0,6.0,5.0,False,False,False
33,300,0,M,200,0.461873499050572,0.014429093751694986,0.15129631823937795,0.0014365502950168358,0.034157810401226334,0.0040026630353022655,46.065,3.0,3.0,4.0,True,True,False
33,300,0,P,200,0.49229106469652323,0.0016200160940818375,0.1513492028022515,0.0014353109838210298,0.03557276249548571,0.003941873217746262,46.065,1.0,2.0,2.0,True,True,True
33,300,0,S,200,0.3781830143264208,0.01816297582610326,0.14932889584335832,0.0009996230375855788,0.032009665318432454,0.0032026723939332946,46.065,6.0,5.0,6.0,False,False,False
33,300,0,SLTA,200,0.42388962328842633,0.007256543823366211,0.1512002705406297,0.001453794116532756,0.035193303609801135,0.004070728685471254,46.065,5.0,4.0,3.0,False,False,True
33,300,0,Std,200,0.48163861772327754,0.0019988527844013583,0.15135756322947047,0.001426923137616274,0.0355878725940215,0.0038578296750944275,46.065,2.0,1.0,1.0,True,True,True
33,300,2,K,200,0.4316305343490186,0.008504019309776352,0.14849907483473967,0.0011473811598234458,0.03301588457389319,0.003193416325461402,48.43,4.0,6.0,5.0,False,False,False
33,300,2,M,200,0.47461138292475363,0.011147497144773533,0.1513958656518458,0.001428033451346683,0.034066546637728054,0.003950673831567633,48.43,3.0,3.0,4.0,True,True,False
33,300,2,P,200,0.49252312413437876,0.0010918157988990531,0.151426974218242,0.0014437933187868251,0.03548205520026545,0.0039026101635040093,48.43,1.0,2.0,1.0,True,True,True
33,300,2,S,200,0.3790776644024338,0.015811351050720773,0.14919337915099484,0.000967817566038489,0.03166983638276974,0.002907314929842029,48.43,6.0,5.0,6.0,False,False,False
33,300,2,SLTA,200,0.4263795368304661,0.006395280520263917,0.15130117895287737,0.0014312939278721313,0.03509882389043209,0.003910078127224376,48.43,5.0,4.0,3.0,False,False,True
33,300,2,Std,200,0.4840831810786041,0.0012166907986650185,0.15144194521582016,0.0014334131269878193,0.0354631493024352,0.0039017873944388265,48.43,2.0,1.0,2.0,True,True,True
33,300,4,K,200,0.4287620154101508,0.00713990105270239,0.14811313418288682,0.0010744198626854299,0.03298204833245669,0.0032279023174754972,50.915,4.0,6.0,5.0,False,False,False
33,300,4,M,200,0.4833683115807698,0.008523353335120132,0.1514975517782534,0.0014173624048420942,0.034225227755200184,0.0037818857064602475,50.915,3.0,3.0,4.0,True,True,False
33,300,4,P,200,0.4925438164102106,0.0007662827309408672,0.1515556859117063,0.0014160535415863144,0.03541156091898343,0.0037263933701243263,50.915,1.0,2.0,1.0,True,True,True
33,300,4,S,200,0.37901515118258916,0.014159641220215438,0.14894276076296548,0.0009674275403043645,0.03203097985881217,0.0030765685297187003,50.915,6.0,5.0,6.0,False,False,False
33,300,4,SLTA,200,0.4278699955541837,0.005828094321545382,0.15141103107796394,0.0013895450681228317,0.034791743644840306,0.0038902789406750574,50.915,5.0,4.0,3.0,False,False,True
33,300,4,Std,200,0.4854490705643569,0.0007509388844326977,0.15156404633892526,0.0014073871993862098,0.03536108362645313,0.003727178525997472,50.915,2.0,1.0,2.0,True,True,True
33,300,6,K,200,0.4262949870944276,0.005829537626961295,0.14773477624409304,0.0010631029169770945,0.033271031258686204,0.0031004011603051767,53.59,5.0,6.0,5.0,False,False,False
33,300,6,M,200,0.48924684551369146,0.006490186558843467,0.15158796104934236,0.0014017178306390168,0.03431096583115073,0.0035748775201643887,53.59,2.0,3.0,4.0,True,True,False
33,300,6,P,200,0.49248795690803226,0.0005395730928446945,0.1516783703204313,0.0013406089305266833,0.035449378659922995,0.0037315571879727744,53.59,1.0,2.0,2.0,True,True,True
33,300,6,S,200,0.3790537873762663,0.012962636802165587,0.14863089738484356,0.001020288433878243,0.03267610000807725,0.0034787271464574877,53.59,6.0,5.0,6.0,False,False,False
33,300,6,SLTA,200,0.42887496379227413,0.00534073812124565,0.15154499234200758,0.001367032203374045,0.03484392075245492,0.0036970482615338576,53.59,4.0,4.0,3.0,False,False,True
33,300,6,Std,200,0.4861937398301574,0.00046316509116115445,0.15168828617597008,0.0013266290674954695,0.0354917528587376,0.0037441438208559094,53.59,3.0,1.0,1.0,True,True,True
35,100,-10,K,200,0.34816192371545157,0.08935829860079607,0.24548938251456667,0.014632165639517096,0.08652220674340746,0.013239676088630843,37.805,5.0,5.0,5.0,False,False,False
35,100,-10,M,200,0.7286339781251838,0.04091935117119157,0.2647660368609042,0.0004083277723199785,0.10653690983743415,0.003991961967051978,37.805,3.0,4.0,4.0,True,False,False
35,100,-10,P,200,0.8407057795299262,0.014083566989554017,0.26491496823760985,0.00023169862617464384,0.10813427214697033,0.002372111276669011,37.805,1.0,2.0,1.0,True,True,True
35,100,-10,S,200,0.28177167805693676,0.09655679343412396,0.2359664884753187,0.03366876793126936,0.06916256897232541,0.02111205661229959,37.805,6.0,6.0,6.0,False,False,False
35,100,-10,SLTA,200,0.6689693824263452,0.033753014952478635,0.26488995772526036,0.0002710084256872149,0.10776683804290489,0.0026632473436516953,37.805,4.0,3.0,3.0,False,True,True
35,100,-10,Std,200,0.7590335450597511,0.02556894333349551,0.264915081407349,0.0002297816158044821,0.10797242815129132,0.0023002114941482405,37.805,2.0,1.0,2.0,True,True,True
35,100,-8,K,200,0.3823980189564138,0.07320320804673373,0.25122482489408215,0.006199651546148203,0.09563327585717228,0.008355180956532163,42.155,5.0,5.0,5.0,False,False,False
35,100,-8,M,200,0.7777551878444442,0.026350139647042737,0.26486008091412794,0.00028771111814133315,0.10756346042713494,0.003109974954667683,42.155,3.0,4.0,4.0,True,False,False
35,100,-8,P,200,0.8533993715534646,0.006433043512589918,0.2649717794466572,0.00017411521662004452,0.10848636142705896,0.001691417864114331,42.155,1.0,1.0,1.0,True,True,True
35,100,-8,S,200,0.32553367014778756,0.07881800389148974,0.2505257754154265,0.014763854234610232,0.08342959281781342,0.015822640651926862,42.155,6.0,6.0,6.0,False,False,False
35,100,-8,SLTA,200,0.6969759249504921,0.025765136385080892,0.2649551434950039,0.0001903941186179389,0.10828516599520753,0.0017720190725101783,42.155,4.0,3.0,2.0,False,True,True
35,100,-8,Std,200,0.7915844593305604,0.014032053622865073,0.26497132676770063,0.00017541560889838966,0.10818829643253411,0.0016678562592987159,42.155,2.0,2.0,3.0,True,True,True
35,100,-6,K,200,0.3985243917081501,0.06350423310338757,0.252631637921307,0.003800690054178265,0.09989391071344246,0.0058522670242593154,46.125,5.0,6.0,5.0,False,False,False
35,100,-6,M,200,0.8110794491706693,0.017122444709139567,0.2649284354365673,0.00021499739064728956,0.10827476268382348,0.0023462441937442294,46.125,2.0,4.0,3.0,True,False,True
35,100,-6,P,200,0.8578422570973572,0.003914793816524653,0.26501263372248596,0.000128762285201819,0.10852513665233939,0.0014323020196909397,46.125,1.0,2.0,1.0,True,True,True
35,100,-6,S,200,0.3549953141861235,0.0665185259644195,0.255792242395954,0.006955250467654098,0.09193815205156623,0.010916442418286714,46.125,6.0,5.0,6.0,False,False,False
35,100,-6,SLTA,200,0.714196096829459,0.020871844412706793,0.2650004113906591,0.00014425314826463533,0.10841086963545496,0.0014010919208461078,46.125,4.0,3.0,2.0,False,True,True
35,100,-6,Std,200,0.8097608400250594,0.007779016377402655,0.2650135390803991,0.0001284371878059169,0.10824137848936038,0.0014077533137904607,46.125,3.0,1.0,4.0,True,True,False
35,100,-4,K,200,0.40316283749006837,0.056614953817564505,0.25283409858462497,0.0027667515062236576,0.1015546337682079,0.004733304505839784,49.99,5.0,6.0,5.0,False,False,False
35,100,-4,M,200,0.832932087097067,0.011306258797512387,0.2649787959704837,0.0001610729723611841,0.10882297717743233,0.0017867331277371095,49.99,2.0,4.0,1.0,True,False,True
35,100,-4,P,200,0.859116158508611,0.002795500732160265,0.2650480558508362,8.696803710045141e-05,0.10848944047468029,0.0013501889967153483,49.99,1.0,2.0,2.0,True,True,True
35,100,-4,S,200,0.37580874436565564,0.057694745240570555,0.2579426937790549,0.003626625019620682,0.09688292156907327,0.007508266539251702,49.99,6.0,5.0,6.0,False,False,False
35,100,-4,SLTA,200,0.7250099397935935,0.01802484820853195,0.26503300427553084,0.00011244809962171534,0.10837562691779196,0.0012857219594254394,49.99,4.0,3.0,3.0,False,True,True
35,100,-4,Std,200,0.8195904599884573,0.004517469921914553,0.26504862169953186,8.638702474513175e-05,0.10814507651958055,0.0012861491603525764,49.99,3.0,1.0,4.0,True,True,False
35,100,-2,K,200,0.40049473585290196,0.04991743271612276,0.2527419784169666,0.002146142747717413,0.10319839384721018,0.004049504339223586,53.315,5.0,6.0,5.0,False,False,False
35,100,-2,M,200,0.8469716598599668,0.007434305094396842,0.26501772636074716,0.0001214546410932274,0.10919964621202821,0.0014061236680942126,53.315,2.0,4.0,1.0,True,False,True
35,100,-2,P,200,0.8592447612509868,0.0021883071993726152,0.2650708029684029,5.135821113780121e-05,0.1083231364204173,0.00116818046410059,53.315,1.0,2.0,2.0,True,True,True
35,100,-2,S,200,0.3897238603537436,0.050283699597234,0.2587925985199815,0.0024784936958386983,0.09971964118589566,0.005060948281404144,53.315,6.0,5.0,6.0,False,False,False
35,100,-2,SLTA,200,0.7321023809122451,0.015791878632860693,0.26506095720109796,7.123990823149132e-05,0.10825876223213791,0.0012002765062652052,53.315,4.0,3.0,3.0,False,True,True
35,100,-2,Std,200,0.8247400836587816,0.002665054338761488,0.26507114247762037,5.023630676538403e-05,0.10798468540947694,0.0011711772573723101,53.315,3.0,1.0,4.0,True,True,False
35,100,0,K,200,0.39311806226276774,0.044110740735553836,0.2525449499011273,0.001798336153582315,0.10437550296028547,0.003251173356738529,56.74,6.0,6.0,5.0,False,False,False
35,100,0,M,200,0.8557525250921456,0.005128100390671081,0.2650457924560534,8.667152059765076e-05,0.10945045929686349,0.0012579878906916375,56.74,2.0,4.0,1.0,True,False,True
35,100,0,P,200,0.8589295919414175,0.0018116395716294051,0.26507951703831656,1.2873874124278518e-05,0.10815492251967196,0.0010829203777332089,56.74,1.0,2.0,2.0,True,True,True
35,100,0,S,200,0.39843714369336025,0.04592128206257186,0.2591460276153095,0.0020040279122601422,0.1005967089520583,0.004069637882191947,56.74,5.0,5.0,6.0,False,False,False
35,100,0,SLTA,200,0.73681816074408,0.01423260987856785,0.2650756692671859,3.1470681979337886e-05,0.10813192175253629,0.0011368193209968394,56.74,4.0,3.0,3.0,False,True,True
35,100,0,Std,200,0.827268871811318,0.00163457262122722,0.26507985654753397,1.261276896411246e-05,0.1078119677484921,0.0011206165118396835,56.74,3.0,1.0,4.0,True,True,False
35,100,2,K,200,0.38176910050509094,0.03741591454264529,0.2523891151703342,0.001584685345118774,0.1045056838380557,0.002586016459345597,59.98,6.0,6.0,5.0,False,False,False
35,100,2,M,200,0.8613500550982474,0.0036226284183040114,0.265066728857794,4.6248922404030925e-05,0.10971107389046039,0.001000663883904316,59.98,1.0,4.0,1.0,True,False,True
35,100,2,P,200,0.8585443051882968,0.001444079748949981,0.26508064873570797,1.1125409409702764e-05,0.10791525267689189,0.0011173417268704733,59.98,2.0,1.5,3.0,True,True,True
35,100,2,S,200,0.4028081944443709,0.040655315880837685,0.2594020175652398,0.0016292441353355446,0.1009382509963364,0.003182415147903557,59.98,5.0,5.0,6.0,False,False,False
35,100,2,SLTA,200,0.7398237912517024,0.013226320754826784,0.26508053556596883,1.1385577725610173e-05,0.10792815357120351,0.0010905265556665222,59.98,4.0,3.0,2.0,False,True,True
35,100,2,Std,200,0.8283689446106961,0.0010181132354123012,0.26508064873570797,1.1125409409693252e-05,0.10763489921333769,0.0011292063548434333,59.98,3.0,1.5,4.0,True,True,False
35,100,4,K,200,0.36977005060922663,0.031141633788014482,0.2522745873943265,0.0014323752315306428,0.10464292340677188,0.002299518756772318,63.245,6.0,6.0,5.0,False,False,False
35,100,4,M,200,0.864869309231872,0.0026485861668539847,0.26507499024875103,2.5245940340102977e-05,0.10994079240771679,0.0008082466824554196,63.245,1.0,4.0,1.0,True,False,True
35,100,4,P,200,0.8581518246660219,0.0011557799737498366,0.2650825726212733,1.0131741956905206e-05,0.10773140709549643,0.0011189478570833484,63.245,2.0,1.5,3.0,True,True,True
35,100,4,S,200,0.4052822442483715,0.03649808694382833,0.25955072260246714,0.0013411089981165687,0.10112515247382853,0.0023232051673989225,63.245,5.0,5.0,6.0,False,False,False
35,100,4,SLTA,200,0.7420849392324694,0.01250399154628394,0.2650820067725776,1.0398206010470404e-05,0.10774100309080024,0.0011080704028216426,63.245,4.0,3.0,2.0,False,True,True
35,100,4,Std,200,0.8287037919491944,0.0006582723677824281,0.2650825726212733,1.0131741956896655e-05,0.10744144290078646,0.0011270578404798158,63.245,3.0,1.5,4.0,True,True,False
35,100,6,K,200,0.3565723947588007,0.02604725622071979,0.25206997650596497,0.001496984683214458,0.10462212044738943,0.0023177404893244113,66.695,6.0,6.0,5.0,False,False,False
35,100,6,M,200,0.867050076257641,0.0019884583149694744,0.2650783853409252,1.3772366803252527e-05,0.11014945062990154,0.0005665719574364814,66.695,1.0,4.0,1.0,True,False,True
35,100,6,P,200,0.857805542684521,0.0009290342274573231,0.26508268579101246,1.0073771188533428e-05,0.10753625421621196,0.0010962791751001047,66.695,2.0,2.0,3.0,True,True,True
35,100,6,S,200,0.4054057276828719,0.03297232988609526,0.25956634002646817,0.0013634627086402248,0.10102658732810842,0.00263170715267517,66.695,5.0,5.0,6.0,False,False,False
35,100,6,SLTA,200,0.7436488892060729,0.011869981197957659,0.2650825726212733,1.013174195691824e-05,0.1075752274303111,0.0010872546590135128,66.695,4.0,3.0,2.0,False,True,True
35,100,6,Std,200,0.8286355697976522,0.00043147369620128405,0.2650827989607516,1.0014179613888327e-05,0.10723987996508337,0.001066494284218193,66.695,3.0,1.0,4.0,True,True,False
35,150,-10,K,200,0.40103852241601684,0.06648314579930789,0.2081141126002496,0.003059386634520285,0.06660165807495588,0.0055001101529303705,36.68,5.0,5.0,5.0,False,False,False
35,150,-10,M,200,0.5581066604150986,0.04532311319198862,0.21510456973542438,0.001301166600034959,0.06771392851046568,0.0047500048088516735,36.68,3.0,4.0,4.0,True,False,False
35,150,-10,P,200,0.6689942284216167,0.01700413919993252,0.21526372925195955,0.0012338736660435145,0.0696905338752806,0.004644305159433763,36.68,1.0,2.0,1.0,True,True,True
35,150,-10,S,200,0.2493828027739544,0.08396444097040827,0.1952691251829509,0.02674718583176722,0.05240075218061536,0.013150328809378133,36.68,6.0,6.0,6.0,False,False,False
35,150,-10,SLTA,200,0.5429730851154865,0.02858083657643346,0.21513811332824143,0.001325197212989983,0.0691878672204485,0.004417170928787856,36.68,4.0,3.0,3.0,False,True,True
35,150,-10,Std,200,0.606329441111174,0.02677157086784782,0.21527739516014427,0.0012313355151686576,0.06966624867722702,0.0046699805135376185,36.68,2.0,1.0,2.0,True,True,True
35,150,-8,K,200,0.4309343132312708,0.05513051426568256,0.20838853507975685,0.002112442588195423,0.06751075379710714,0.0047058247405271795,41.46,5.0,5.0,5.0,False,False,False
35,150,-8,M,200,0.6044053618467279,0.0308868171600249,0.21511713132779622,0.0012547053109319662,0.0679443604253645,0.004498658334953834,41.46,3.0,4.0,4.0,True,False,False
35,150,-8,P,200,0.6825072485019328,0.007728518067147947,0.21523501704082398,0.0012044279763920437,0.06946612237093527,0.004356159396861114,41.46,1.0,2.0,1.0,True,True,True
35,150,-8,S,200,0.29763835014813955,0.07314801395706226,0.2053397951992752,0.012414248790702593,0.06068181536910447,0.00948086806782008,41.46,6.0,6.0,6.0,False,False,False
35,150,-8,SLTA,200,0.5672861298623298,0.01888864334513767,0.215121134472618,0.0012728024645181312,0.06913704597347653,0.004767610833275475,41.46,4.0,3.0,3.0,False,True,True
35,150,-8,Std,200,0.6367807299624393,0.014069204234600128,0.2152559990412692,0.001199846235907315,0.06943850268792222,0.004502756760352972,41.46,2.0,1.0,2.0,True,True,True
35,150,-6,K,200,0.44635637988904564,0.04500666441050694,0.20819886883889016,0.0016840808414155597,0.06817928858707208,0.0049632043262381196,45.985,5.0,6.0,4.0,False,False,False
35,150,-6,M,200,0.6364657961501691,0.021434089114669375,0.21516820593414313,0.0012462050579047253,0.06807931194239324,0.004626605567874565,45.985,3.0,4.0,5.0,True,False,False
35,150,-6,P,200,0.6872640278102611,0.0044318216213525795,0.21525668923865227,0.0011940189183324529,0.0696119035538047,0.0045312605547592815,45.985,1.0,2.0,1.0,True,True,True
35,150,-6,S,200,0.3337897018150837,0.05951223147783159,0.2087987884042516,0.0055801756156124635,0.06469870721671152,0.006733463629859494,45.985,6.0,5.0,6.0,False,False,False
35,150,-6,SLTA,200,0.5819941836582581,0.0146427747177662,0.21517041456576894,0.0012443806838911354,0.06931687011298082,0.004650403098682488,45.985,4.0,3.0,3.0,False,True,True
35,150,-6,Std,200,0.6536530279399453,0.007594155889095983,0.21527946575229348,0.001179300197061238,0.06959360653260695,0.004702359740232394,45.985,2.0,1.0,2.0,True,True,True
35,150,-4,K,200,0.4506435697182755,0.03878074965208072,0.2078591536869448,0.0014725647054144187,0.06840100682838961,0.005073997415784098,49.855,5.0,6.0,4.0,False,False,False
35,150,-4,M,200,0.6580015927527698,0.014785018008049591,0.21519029225040126,0.0012428806995611994,0.06823886830147533,0.004475516900707758,49.855,3.0,4.0,5.0,True,False,False
35,150,-4,P,200,0.6888152522539986,0.0028671059634841453,0.21526207277824017,0.0011869525493107796,0.06973839689787892,0.004952504290800742,49.855,1.0,2.0,2.0,True,True,True
35,150,-4,S,200,0.3570406198159673,0.04918736959242035,0.2098844688878153,0.0024017781007020325,0.06638127772125267,0.005021983196124139,49.855,6.0,5.0,6.0,False,False,False
35,150,-4,SLTA,200,0.5908650352694033,0.011689471727492426,0.21519236284255047,0.001213981274719512,0.06928330769092575,0.004571877844310657,49.855,4.0,3.0,3.0,False,True,True
35,150,-4,Std,200,0.6628851349688653,0.004159194643953689,0.2152913371472822,0.0011831944066052842,0.06987140538081756,0.004989705692286889,49.855,2.0,1.0,1.0,True,True,True
35,150,-2,K,200,0.44788740374171093,0.034661906123533766,0.20752785894307282,0.0013733107365594404,0.06812517056906069,0.004913653286766363,53.385,5.0,6.0,4.0,False,False,False
35,150,-2,M,200,0.672226342256525,0.010389041628622345,0.21520782326393115,0.0012071218212679927,0.0680713440361165,0.0046533805400114,53.385,2.0,4.0,5.0,True,False,False
35,150,-2,P,200,0.689157354620098,0.001964747116560923,0.21526662808096841,0.0011742736732475246,0.06952735911417571,0.004670805952499063,53.385,1.0,2.0,2.0,True,True,True
35,150,-2,S,200,0.3712026873601531,0.041897876720261046,0.21029734496236574,0.0017661824181359376,0.06686390369977901,0.004848240591334142,53.385,6.0,5.0,6.0,False,False,False
35,150,-2,SLTA,200,0.596303886730399,0.009896398747052223,0.21522314564583525,0.0011625849645597963,0.06916079270182988,0.004544106462400407,53.385,4.0,3.0,3.0,False,True,True
35,150,-2,Std,200,0.6678342222250828,0.0023608566788969857,0.21530955835819515,0.001169426770968425,0.06965312701498404,0.004737005064800512,53.385,3.0,1.0,1.0,True,True,True
35,150,0,K,200,0.4409981371274679,0.0306550426395907,0.2072691729638995,0.001343306768648223,0.06818338664914073,0.0051632396299528425,56.72,5.0,6.0,4.0,False,False,False
35,150,0,M,200,0.6813197683068717,0.007536863188662855,0.2152448178436635,0.0011600698870706065,0.0680507434965417,0.00456189262021161,56.72,2.0,3.0,5.0,True,True,False
35,150,0,P,200,0.68909216342496,0.0013752412398942968,0.21529810108163627,0.0011336242381567842,0.06926268289986713,0.004608510892801212,56.72,1.0,2.0,2.0,True,True,True
35,150,0,S,200,0.37936624221217646,0.03569072887633169,0.21062201381136025,0.0015419981042752717,0.06687842121936068,0.004539556833125923,56.72,6.0,5.0,6.0,False,False,False
35,150,0,SLTA,200,0.5997825682297189,0.008897131391256046,0.21523059977757236,0.0011323819762298192,0.06915858985443218,0.004406380198898244,56.72,4.0,4.0,3.0,False,False,True
35,150,0,Std,200,0.6703844923356697,0.0013945014957157803,0.21533012624021056,0.0011329680477521582,0.06938399549903268,0.004523212510512792,56.72,3.0,1.0,1.0,True,True,True
35,150,2,K,200,0.4317525575597959,0.027035637481049403,0.2072405987922405,0.0013160940805208915,0.06781815726781944,0.005260446718276366,59.99,5.0,6.0,5.0,False,False,False
35,150,2,M,200,0.6869829450284954,0.0056347373560728855,0.2152779473180507,0.0011216504169628432,0.0679412655063946,0.004455952313532285,59.99,2.0,3.0,4.0,True,True,False
35,150,2,P,200,0.6888989484954477,0.0010401132210438614,0.2152965826473935,0.0010981503303664412,0.06912945931258839,0.004455082057761186,59.99,1.0,2.0,2.0,True,True,True
35,150,2,S,200,0.3835004570410058,0.03152877786514281,0.210988370582292,0.0015960751777785564,0.06663384657075506,0.004621446858696092,59.99,6.0,5.0,6.0,False,False,False
35,150,2,SLTA,200,0.601963113409829,0.008216007654659331,0.2152529621727837,0.0011115223418020695,0.06905992558895908,0.004254241621797728,59.99,4.0,4.0,3.0,False,False,True
35,150,2,Std,200,0.6715970561760223,0.0008432448391584453,0.21533205879288314,0.0010995107329463234,0.06920023110125725,0.004370272056469132,59.99,3.0,1.0,1.0,True,True,True
35,150,4,K,200,0.42129976006472275,0.023250117947049856,0.20749472946868563,0.0013279577699217466,0.06713828866909789,0.004593402335844958,63.345,5.0,6.0,5.0,False,False,False
35,150,4,M,200,0.690519396536713,0.00425207183616144,0.21526455748881923,0.0010826927025112119,0.06787281862851756,0.004348542807566309,63.345,1.0,4.0,4.0,True,False,False
35,150,4,P,200,0.6886671243389703,0.0007700403642380009,0.21530320854227095,0.0010396852217228142,0.06910630951222536,0.0042319395890689105,63.345,2.0,2.0,2.0,True,True,True
35,150,4,S,200,0.38576624674675075,0.02777733908769362,0.21145549617115145,0.001661196030991757,0.0665063821761885,0.0044978724428681345,63.345,6.0,5.0,6.0,False,False,False
35,150,4,SLTA,200,0.6033667940174295,0.007773167129515636,0.21526938887050068,0.0010798024754869562,0.06877408640975594,0.0039845194756214074,63.345,4.0,3.0,3.0,False,True,True
35,150,4,Std,200,0.6721026134399349,0.0005160943535445534,0.21532929800335088,0.001052357739576632,0.069162611633715,0.004112834740690932,63.345,3.0,1.0,1.0,True,True,True
35,150,6,K,200,0.41115262328213525,0.019633656095801016,0.20785791133165524,0.0013102314703503236,0.06635587041741495,0.004207584735757751,67.18,5.0,6.0,5.0,False,False,False
35,150,6,M,200,0.6927514843324782,0.0032505294006933178,0.21528043202862976,0.0010572169214328236,0.06788008650320825,0.0044301873240540105,67.18,1.0,4.0,4.0,True,False,False
35,150,6,P,200,0.6884475930205498,0.0005989002375044786,0.21534020312200333,0.0009929309475157386,0.0693518897665299,0.00431854318164111,67.18,2.0,2.0,2.0,True,True,True
35,150,6,S,200,0.38681317477765736,0.024935803236522676,0.21199274581413047,0.0015335777545050795,0.06601513289023625,0.0046673709612413275,67.18,6.0,5.0,6.0,False,False,False
35,150,6,SLTA,200,0.6045398616944171,0.007291125438408093,0.2153152179767363,0.0010212101128974599,0.06850346693201145,0.004147099782935069,67.18,4.0,3.0,3.0,False,True,True
35,150,6,Std,200,0.6722401635243952,0.0003168832508279576,0.2153523505959453,0.0010102122987409256,0.06946372483709658,0.004198868786449929,67.18,3.0,1.0,1.0,True,True,True
35,200,-10,K,200,0.42755347986380504,0.053613681570215135,0.1821294462629788,0.0018862689553254552,0.05096279612524844,0.004510933345882889,36.64,5.0,5.0,4.0,False,False,False
35,200,-10,M,200,0.435291202531386,0.056802795357480555,0.18525058365713484,0.0018985733436652798,0.05054998593504303,0.004814302760725902,36.64,4.0,4.0,5.0,False,False,False
35,200,-10,P,200,0.5633398769584952,0.02057777943981526,0.18544767296101125,0.0014950571189747803,0.052529462752351236,0.004725037118608089,36.64,1.0,2.0,1.0,True,True,True
35,200,-10,S,200,0.23560926369084306,0.08339766843877272,0.17215647297279932,0.020747861053816086,0.03938906928405969,0.009249404372008614,36.64,6.0,6.0,6.0,False,False,False
35,200,-10,SLTA,200,0.4580911808173371,0.029774185075863702,0.18531643916303056,0.001512757698053432,0.05133029091633982,0.004622466915569145,36.64,3.0,3.0,3.0,True,True,True
35,200,-10,Std,200,0.5108021480132234,0.02790309842263227,0.1854592851637417,0.001483961881239267,0.052488364183951974,0.004705266315508673,36.64,2.0,1.0,2.0,True,True,True
35,200,-8,K,200,0.45180421404732407,0.035583076124042844,0.18204497941846035,0.0014992310501055275,0.051214975438001506,0.004105616852386611,41.61,5.0,5.0,3.0,False,False,True
35,200,-8,M,200,0.4843967718891156,0.03878246455445861,0.1854379696135242,0.0015012419720683528,0.050798706090518925,0.0044889071084981535,41.61,4.0,3.0,5.0,False,True,False
35,200,-8,P,200,0.5811216380091496,0.008641182766460627,0.1855418431530168,0.0013908725882067342,0.05225555764256165,0.00441709722357242,41.61,1.0,2.0,1.0,True,True,True
35,200,-8,S,200,0.28246983543785675,0.06524236720104351,0.18105651054494293,0.005080082427761679,0.044780155990035944,0.005080021686411873,41.61,6.0,6.0,6.0,False,False,False
35,200,-8,SLTA,200,0.4847299619326592,0.018115438239614923,0.18538993008989976,0.0015041343089033667,0.05109015503199282,0.004794873770689648,41.61,3.0,4.0,4.0,True,False,False
35,200,-8,Std,200,0.5427378770292262,0.01391563034649039,0.1855502739303416,0.0013848794020543326,0.05220220466628956,0.0044432101055690496,41.61,2.0,1.0,2.0,True,True,True
35,200,-6,K,200,0.464514382511523,0.025261304424783793,0.18183357370025877,0.0014267283045439523,0.05052849997025031,0.0042050414638889885,46.35,5.0,6.0,5.0,False,False,False
35,200,-6,M,200,0.5211238652639839,0.026999794136968718,0.18549332641558147,0.0014865895875550224,0.050618099656318444,0.0046526872277995665,46.35,3.0,3.0,4.0,True,True,False
35,200,-6,P,200,0.5878795154889156,0.00467821337710763,0.18559449574347933,0.0013796263404497956,0.0524321841140434,0.004425309969372307,46.35,1.0,2.0,1.0,True,True,True
35,200,-6,S,200,0.31712238096251905,0.05153957521232575,0.18234307897896432,0.0014146313613350254,0.04673512801635859,0.0038308357567508385,46.35,6.0,5.0,6.0,False,False,False
35,200,-6,SLTA,200,0.49995480541443016,0.012530264801035957,0.18545833073611998,0.001483692975564996,0.051049625502891896,0.004717606991085764,46.35,4.0,4.0,3.0,False,False,True
35,200,-6,Std,200,0.5604664828999592,0.0075498695971620905,0.18562074250307548,0.0013709041873112664,0.05236018082280847,0.004426859356890611,46.35,2.0,1.0,2.0,True,True,True
35,200,-4,K,200,0.46899013074233437,0.020910335482861066,0.18149268396804957,0.001354523756865211,0.04990689364090712,0.004320699424044978,50.7,5.0,6.0,5.0,False,False,False
35,200,-4,M,200,0.5471361831220808,0.018453033765291293,0.18552927652266468,0.001445358484786994,0.050546482777797934,0.004553165331570288,50.7,3.0,3.0,4.0,True,True,False
35,200,-4,P,200,0.5902223356869178,0.002877179788732398,0.18562376485721077,0.0013920912823351444,0.05206162173992799,0.004359139413219243,50.7,1.0,2.0,2.0,True,True,True
35,200,-4,S,200,0.34021415834419544,0.04252815476744189,0.1822606800609595,0.0009994968431188268,0.047433254808527774,0.0035532299450752466,50.7,6.0,5.0,6.0,False,False,False
35,200,-4,SLTA,200,0.5085820224756418,0.009447817626632118,0.1854739197206074,0.0014301218551368113,0.05068873838480702,0.004370903704849319,50.7,4.0,4.0,3.0,False,False,True
35,200,-4,Std,200,0.5700057134224666,0.004154401819108908,0.18564508040742822,0.001384439202816847,0.052177517753937204,0.004393294179312323,50.7,2.0,1.0,1.0,True,True,True
35,200,-2,K,200,0.4679482788578953,0.018521120390031072,0.1809162096845563,0.0013019862580041484,0.05003257551890616,0.004400972486406255,53.995,5.0,6.0,5.0,False,False,False
35,200,-2,M,200,0.5650842801825626,0.012762323075798136,0.18554359293698985,0.001395931050469274,0.05066929964973748,0.004498017162271385,53.995,3.0,3.0,4.0,True,True,False
35,200,-2,P,200,0.5909704310785167,0.001872744022117374,0.18563792220026568,0.001392143920788107,0.052121656364509626,0.0044573649273448685,53.995,1.0,2.0,2.0,True,True,True
35,200,-2,S,200,0.3535651500996822,0.036522692286122566,0.1819916905429167,0.0009832006634215979,0.0482941098346506,0.003511943852714227,53.995,6.0,5.0,6.0,False,False,False
35,200,-2,SLTA,200,0.5138589599841257,0.007690705546115806,0.1854833049255539,0.0014010863109314169,0.050728940692496755,0.004390367714773333,53.995,4.0,4.0,3.0,False,False,True
35,200,-2,Std,200,0.5751922518833579,0.002340065960666114,0.18566528245875374,0.0013811163607967848,0.05217178187094764,0.004462154887194184,53.995,2.0,1.0,1.0,True,True,True
35,200,0,K,200,0.4640219074718565,0.016190547479837145,0.18038173021641687,0.0012704919056909809,0.05017767474870972,0.0044134991205052945,56.855,5.0,6.0,5.0,False,False,False
35,200,0,M,200,0.5768036682751653,0.009157805689845703,0.1855588637789367,0.0014080996928980986,0.05062713632959099,0.004420351779549973,56.855,3.0,3.0,4.0,True,True,False
35,200,0,P,200,0.5910978553626077,0.0012904442978315055,0.18566766852780794,0.00139531442318707,0.051941371102171355,0.004503262184468132,56.855,1.0,2.0,2.0,True,True,True
35,200,0,S,200,0.36153261277350135,0.03168508635959883,0.18176660469547104,0.0011164904377738013,0.04932315644655693,0.003836082648447317,56.855,6.0,5.0,6.0,False,False,False
35,200,0,SLTA,200,0.5169597066306042,0.0065616796471282945,0.18549793948241963,0.0014087572534483732,0.05092940952105382,0.004523739559095342,56.855,4.0,4.0,3.0,False,False,True
35,200,0,Std,200,0.5778991720168681,0.0013684749197425006,0.18569200643216072,0.0013872517232530728,0.05196434914444642,0.0046021015220530075,56.855,2.0,1.0,1.0,True,True,True
35,200,2,K,200,0.45736568852236253,0.014093555888891137,0.17998277947055563,0.001366854301223855,0.05059963138697169,0.00423651324788431,59.255,5.0,6.0,4.0,False,False,False
35,200,2,M,200,0.584519695859445,0.006748495055331173,0.18561724293512932,0.0014043583447971946,0.05054052099862853,0.004542092894958935,59.255,2.0,3.0,5.0,True,True,False
35,200,2,P,200,0.5910642529956301,0.0009151687027795351,0.1857133219823782,0.0014011688582917948,0.05179293870123896,0.0045057706693441245,59.255,1.0,2.0,1.0,True,True,True
35,200,2,S,200,0.364753694112133,0.027299349390243585,0.18162312240967884,0.0013022323420860244,0.05033955010449857,0.004222120378417139,59.255,6.0,5.0,6.0,False,False,False
35,200,2,SLTA,200,0.5187226789595092,0.005878250291568419,0.1855128921818259,0.0014317531155540089,0.05092538850163206,0.004615530749811027,59.255,4.0,4.0,3.0,False,False,True
35,200,2,Std,200,0.5792717327856185,0.0008179215087993663,0.1857435455237313,0.0013959100907079192,0.05175632948610768,0.004412589722234165,59.255,3.0,1.0,2.0,True,True,True
35,200,4,K,200,0.45030710546404457,0.012315187449960968,0.1798232309864652,0.001571231083229516,0.05069462323245851,0.0042527159531472345,61.735,5.0,6.0,5.0,False,False,False
35,200,4,M,200,0.5891377283562508,0.005152656147748398,0.18562630999753524,0.001418872608184954,0.050662609876576344,0.00480596076845861,61.735,2.0,3.0,6.0,True,True,False
35,200,4,P,200,0.5909350996936695,0.0006615812268562222,0.18571220848348624,0.0014285554100130142,0.05175245616090347,0.004699070984984712,61.735,1.0,2.0,2.0,True,True,True
35,200,4,S,200,0.36617072386590993,0.02419421962777138,0.1817180879580358,0.0016265112992210015,0.05084846597693884,0.004383186720497981,61.735,6.0,5.0,4.0,False,False,False
35,200,4,SLTA,200,0.5196071222120898,0.005495118609960415,0.1855275267386916,0.0014122934535710913,0.05101147024170141,0.004633761837259887,61.735,4.0,4.0,3.0,False,False,True
35,200,4,Std,200,0.5798941861030243,0.0004974868835416218,0.1857491130181911,0.0014255828386956068,0.052003781529978844,0.0047052682038914734,61.735,3.0,1.0,1.0,True,True,True
35,200,6,K,200,0.4437141329976918,0.010663796771275122,0.17998405204071788,0.0017887365383234528,0.0503677864893083,0.0046152799135914255,64.335,5.0,6.0,6.0,False,False,False
35,200,6,M,200,0.5920492401219556,0.003932145197281602,0.18564587576377964,0.0013842005224521316,0.05062628097598777,0.004803923460742548,64.335,1.0,3.0,4.0,True,True,False
35,200,6,P,200,0.5908137923428225,0.000489294573245222,0.18571284476856736,0.001414664438622023,0.051959452134078044,0.004498076444399613,64.335,2.0,2.0,2.0,True,True,True
35,200,6,S,200,0.3666151587686282,0.021831360324089614,0.1820220731555401,0.0018664256404327187,0.05062276571345103,0.004915036012342994,64.335,6.0,5.0,5.0,False,False,False
35,200,6,SLTA,200,0.5201619319961425,0.0052392712514469615,0.18553738915744894,0.001403033263964899,0.0509226414422329,0.004489583899001021,64.335,4.0,4.0,3.0,False,False,True
35,200,6,Std,200,0.5801442366787836,0.0003080081360589547,0.18574163666848797,0.001418514769977224,0.0520691895694368,0.004578391530178908,64.335,3.0,1.0,1.0,True,True,True
35,250,-10,K,200,0.41591640798548646,0.042581085279549354,0.15812176006054232,0.0018525025070518875,0.0386463958595706,0.004101571220040145,36.075,3.0,5.0,4.0,True,False,False
35,250,-10,M,200,0.33859220802353923,0.05687639000632215,0.15970047973341256,0.002662481543935421,0.03777051138547582,0.004913188906877427,36.075,5.0,4.0,5.0,False,False,False
35,250,-10,P,200,0.4760313601356211,0.023696103981147115,0.16013954280228468,0.001764151652536292,0.03978309525330011,0.004153642115073701,36.075,1.0,3.0,1.0,True,True,True
35,250,-10,S,200,0.277512978995746,0.07685400720729918,0.15466574315585288,0.013027829432280017,0.03404047422698865,0.00571661988768456,36.075,6.0,6.0,6.0,False,False,False
35,250,-10,SLTA,200,0.39048818612633535,0.027940135774143462,0.16014981328342792,0.0017314889936131817,0.039208484693107726,0.00411529933243973,36.075,4.0,1.0,3.0,False,True,True
35,250,-10,Std,200,0.43257568861861734,0.027224759401233575,0.1601448614443053,0.001764389698703344,0.03976662730502573,0.004248865514028704,36.075,2.0,2.0,2.0,True,True,True
35,250,-8,K,200,0.4319638177587123,0.027885237521473795,0.1580364783867639,0.0017611625588478683,0.0388034553234051,0.004176325880041951,40.45,3.0,5.0,4.0,True,False,False
35,250,-8,M,200,0.38188665645062264,0.046639355120488606,0.16004417404881205,0.001842316631916009,0.03841703849263587,0.00458479872489551,40.45,5.0,4.0,5.0,False,False,False
35,250,-8,P,200,0.4952140516893415,0.011573804488261787,0.1601808081283065,0.0016992786345646988,0.03960649765151249,0.004325399371397319,40.45,1.0,3.0,1.0,True,True,True
35,250,-8,S,200,0.31707506267138913,0.05618727838758304,0.15781162821030725,0.0036161575486255895,0.03579233244100449,0.004271666633005009,40.45,6.0,6.0,6.0,False,False,False
35,250,-8,SLTA,200,0.4142754624696315,0.017878848117291027,0.1601822753398984,0.0016919709667194201,0.0391680495378422,0.0042578975597166255,40.45,4.0,2.0,3.0,False,True,True
35,250,-8,Std,200,0.46257161187201695,0.015643868813581787,0.16018465955873523,0.001703852242331214,0.03957188285710068,0.004319815709171441,40.45,2.0,1.0,2.0,True,True,True
35,250,-6,K,200,0.4364014272378519,0.019117426080676077,0.15785637816385978,0.0016383754738096474,0.03858650226909246,0.0042044395091175675,43.61,3.0,6.0,4.0,True,False,False
35,250,-6,M,200,0.41934839129461005,0.03440750294210244,0.1601754894862859,0.0017166695430490566,0.03853377584536885,0.0044623869829621115,43.61,5.0,4.0,5.0,False,False,False
35,250,-6,P,200,0.5034589037516131,0.005917959581100449,0.16025178448906402,0.0016464915927381658,0.03964045261789973,0.00437147563266899,43.61,1.0,2.0,1.0,True,True,True
35,250,-6,S,200,0.33787248931773556,0.03919034923743282,0.15814193421993075,0.0013889045113605015,0.036154557731030414,0.00374182352080894,43.61,6.0,5.0,6.0,False,False,False
35,250,-6,SLTA,200,0.4279597587314764,0.011799739024337388,0.16024518203690052,0.0016304871955963717,0.03906434810639723,0.004457550207265522,43.61,4.0,3.0,3.0,False,True,True
35,250,-6,Std,200,0.47982464121794244,0.008389074880852488,0.16025838694122754,0.00165249263940285,0.03957197622025832,0.004369177587657784,43.61,2.0,1.0,2.0,True,True,True
35,250,-4,K,200,0.43602497041590277,0.01568037555262638,0.15754991434260443,0.0015029414634036712,0.03847048836822518,0.00394999763897573,46.435,4.0,6.0,4.0,False,False,False
35,250,-4,M,200,0.4481442038851459,0.025604960028603282,0.16019346282828653,0.0016687980838715072,0.038365005475180645,0.004240159269005936,46.435,3.0,4.0,5.0,True,False,False
35,250,-4,P,200,0.5067493311723245,0.0034641765416621854,0.1602732424585954,0.001594390886330967,0.039477901899540264,0.004446949649942669,46.435,1.0,2.0,2.0,True,True,True
35,250,-4,S,200,0.34900353733336614,0.031485963388383394,0.15807205826786716,0.0011850811485463147,0.03575123910173231,0.003594066631573831,46.435,6.0,5.0,6.0,False,False,False
35,250,-4,SLTA,200,0.43561513672920227,0.008653984876966352,0.16026975783106465,0.0015836129707274482,0.038952739590128495,0.004431236329911099,46.435,5.0,3.0,3.0,False,True,True
35,250,-4,Std,200,0.4895102641928879,0.004655673824488915,0.160278561100616,0.00159863597081494,0.03951901815092192,0.004415000100755839,46.435,2.0,1.0,1.0,True,True,True
35,250,-2,K,200,0.43300336421048913,0.013539621912597062,0.15711085127373228,0.0014359244013167885,0.038202248709421134,0.004111442469215266,48.845,5.0,6.0,4.0,False,False,False
35,250,-2,M,200,0.47004424255338423,0.018403730967445596,0.16023381114706342,0.0016186085795276478,0.03809303973402802,0.004442379040278809,48.845,3.0,4.0,5.0,True,False,False
35,250,-2,P,200,0.5080380285135235,0.002253620964815484,0.1603234944556175,0.0016037936208754947,0.039106905461537785,0.004452229742569265,48.845,1.0,2.0,2.0,True,True,True
35,250,-2,S,200,0.3542754088633477,0.02715819015223852,0.15792680432027034,0.0011088459773089792,0.035604305831205954,0.003545166820136248,48.845,6.0,5.0,6.0,False,False,False
35,250,-2,SLTA,200,0.4402621202597683,0.006714125251689272,0.16031505798896414,0.0015915005670639332,0.038864852314628794,0.004198040399601952,48.845,4.0,3.0,3.0,False,True,True
35,250,-2,Std,200,0.49503113587216757,0.002609136096403569,0.16033046371067897,0.0016062564484728662,0.0391341633275183,0.0044794550060028695,48.845,2.0,1.0,1.0,True,True,True
35,250,0,K,200,0.4288147412348384,0.011278011294197853,0.1566727052121051,0.001284911382705905,0.0379578607918906,0.0038450747432278664,51.11,5.0,6.0,5.0,False,False,False
35,250,0,M,200,0.48555504874985905,0.013417714209821288,0.16028387974263655,0.0016189602810072169,0.03824934831695696,0.004742924928066895,51.11,3.0,4.0,4.0,True,False,False
35,250,0,P,200,0.5084869048418066,0.0014787085319775334,0.16037411325553758,0.001610440984499998,0.03941092781500132,0.004399778901110865,51.11,1.0,2.0,2.0,True,True,True
35,250,0,S,200,0.3567701402414467,0.02281832060643089,0.1576966355017931,0.0010223645824303245,0.03589939047227008,0.0035666018891054854,51.11,6.0,5.0,6.0,False,False,False
35,250,0,SLTA,200,0.44303051446875713,0.00569434463428767,0.16034788684833262,0.0015850710991112138,0.038593888248215934,0.0041721406827767964,51.11,4.0,3.0,3.0,False,True,True
35,250,0,Std,200,0.49809280803145156,0.0015125678992611946,0.16038585094827268,0.0016126477486388634,0.039453554958390265,0.0044354708553979655,51.11,2.0,1.0,1.0,True,True,True
35,250,2,K,200,0.4245676702148836,0.009297848933557624,0.15624831425915184,0.0011917186036291083,0.03803801145461591,0.0036812592860437183,53.325,5.0,6.0,5.0,False,False,False
35,250,2,M,200,0.4958921607459553,0.010022418855832934,0.16033339813386274,0.001585710348787678,0.038261242496772076,0.004631940855709513,53.325,3.0,4.0,4.0,True,False,False
35,250,2,P,200,0.508585641081487,0.0010116539302377282,0.16043573614239684,0.001591638627794267,0.03933156192033956,0.004393554407726637,53.325,1.0,3.0,2.0,True,True,True
35,250,2,S,200,0.3575997267442647,0.019408177231816797,0.15738705385590498,0.0009922342824087427,0.03603580698824465,0.003726959211426302,53.325,6.0,5.0,6.0,False,False,False
35,250,2,SLTA,200,0.44472803890003115,0.00509072068210525,0.16044600662354008,0.0015510470890893733,0.038936463426534604,0.004216506156410118,53.325,4.0,2.0,3.0,False,True,True
35,250,2,Std,200,0.499755610498923,0.0009077149155652241,0.16045242567425458,0.001589861412642584,0.03936624298029269,0.0043824173702196965,53.325,2.0,1.0,1.0,True,True,True
35,250,4,K,200,0.42068474149599594,0.007609375991110984,0.15583401038589278,0.0011420675318285498,0.03797521468419936,0.003775936605210393,55.755,5.0,6.0,5.0,False,False,False
35,250,4,M,200,0.5027621345975821,0.007469731250279891,0.16041611218735535,0.001529892869733331,0.038166984986501985,0.004372828610306359,55.755,2.0,4.0,4.0,True,False,False
35,250,4,P,200,0.508554582584551,0.0006758656746220782,0.1605298210857266,0.0015505670991678264,0.03940293353584567,0.0042607386164632425,55.755,1.0,2.0,2.0,True,True,True
35,250,4,S,200,0.3577026280628587,0.017033302902221742,0.15702428578981098,0.0010289474529994124,0.036660754460048475,0.0036558698069907246,55.755,6.0,5.0,6.0,False,False,False
35,250,4,SLTA,200,0.44579425147443025,0.004715937164752399,0.16052890407848167,0.0015513397251397866,0.0390920757963844,0.004299297128577324,55.755,4.0,3.0,3.0,False,True,True
35,250,4,Std,200,0.5006372166397309,0.0005495959245266877,0.16053807415093097,0.0015507599783874983,0.03942871344854991,0.004261731293804514,55.755,3.0,1.0,1.0,True,True,True
35,250,6,K,200,0.4171668001950878,0.006454011821443257,0.15541933970973576,0.0011708000911687321,0.038321849535724435,0.003943392150505134,58.255,5.0,6.0,5.0,False,False,False
35,250,6,M,200,0.507260282559913,0.005751124888475968,0.16053734054513502,0.0015010806989946234,0.03843370720747846,0.004295239865412188,58.255,2.0,4.0,4.0,True,False,False
35,250,6,P,200,0.5084899677455893,0.00047189432444362235,0.16064664780873059,0.001495130786518085,0.039488616263571155,0.004303185782459791,58.255,1.0,2.0,1.0,True,True,True
35,250,6,S,200,0.3573589517902525,0.015504102302665763,0.1567191057786985,0.0010968178128290239,0.03764078466956204,0.003854328452905742,58.255,6.0,5.0,6.0,False,False,False
35,250,6,SLTA,200,0.44648468428579485,0.004457059760347818,0.16062335582470935,0.0015242432171419411,0.03908927073083591,0.004376111732993938,58.255,4.0,3.0,3.0,False,True,True
35,250,6,Std,200,0.5010718904717284,0.00033904684842853925,0.16066938958840482,0.0015033139740358024,0.03943791264050433,0.0043186578917460035,58.255,3.0,1.0,2.0,True,True,True
35,300,-10,K,200,0.40989574931906203,0.03409385676545967,0.14952799066829398,0.0017233160403349443,0.034516777222744065,0.004050696250076168,32.245,2.0,5.0,3.0,True,False,True
35,300,-10,M,200,0.30328184908687184,0.05560907120435453,0.150059947153669,0.0030734633192467335,0.03308552404364707,0.004718335735273409,32.245,6.0,4.0,5.0,False,False,False
35,300,-10,P,200,0.4379939397667155,0.023765907963287265,0.15061795706340084,0.001722226573910585,0.034754299454766754,0.004121587014312246,32.245,1.0,2.5,2.0,True,True,True
35,300,-10,S,200,0.31071798500590797,0.04852287879442094,0.14939052969053077,0.0016234462888849363,0.03196921445056295,0.003447375040488939,32.245,5.0,6.0,6.0,False,False,False
35,300,-10,SLTA,200,0.3572440550035501,0.028913977454351817,0.15063176148973914,0.0018305582475698673,0.03405936770072359,0.003753843539626841,32.245,4.0,1.0,4.0,False,True,False
35,300,-10,Std,200,0.39563291037029963,0.02747904337716681,0.15061795706340084,0.0017154673439818996,0.03477245717569986,0.004097983508632984,32.245,3.0,2.5,1.0,True,True,True
35,300,-8,K,200,0.4224384184142174,0.02383302765519533,0.14936214312369425,0.0016715204785691068,0.03420612906056669,0.003899923502665243,35.52,3.0,5.0,4.0,True,False,False
35,300,-8,M,200,0.34462040362425805,0.04550373254240661,0.15058645963992467,0.0018140128378205946,0.03363597865781592,0.004230055748522079,35.52,5.0,4.0,5.0,False,False,False
35,300,-8,P,200,0.4598986869914347,0.011606391033917984,0.15075814004072371,0.0016985189064597122,0.03492066225301213,0.004129106319918982,35.52,1.0,2.0,1.0,True,True,True
35,300,-8,S,200,0.3419061526181547,0.03557361939095479,0.14934911641151583,0.00148513108474007,0.03203668692522544,0.0033376887361860007,35.52,6.0,6.0,6.0,False,False,False
35,300,-8,SLTA,200,0.38094816814493027,0.019438318390814162,0.1506992281931109,0.0017657477766053918,0.03423196227937896,0.003832850577240174,35.52,4.0,3.0,3.0,False,True,True
35,300,-8,Std,200,0.4262504900390403,0.015724204295857882,0.15076552832524281,0.0016924871865901241,0.03490009138476789,0.004149933942604123,35.52,2.0,1.0,2.0,True,True,True
35,300,-6,K,200,0.42792506274047976,0.017755662228872714,0.14928087199398415,0.0016367010816130362,0.03395345498318993,0.003765435939229922,38.39,3.0,6.0,4.0,True,False,False
35,300,-6,M,200,0.37869262507443596,0.03587957019728592,0.15066753634109478,0.0017497393411027111,0.033703460614415766,0.0040479676618234706,38.39,5.0,4.0,5.0,False,False,False
35,300,-6,P,200,0.46987963962338564,0.006669470092810462,0.15077019461020222,0.0017062726464292424,0.03477106871611163,0.0041716359510408476,38.39,1.0,2.0,1.0,True,True,True
35,300,-6,S,200,0.35896586442541767,0.028680532672565647,0.14929253770638273,0.0014181800837797442,0.03200566009631072,0.0032512176641126705,38.39,6.0,5.0,6.0,False,False,False
35,300,-6,SLTA,200,0.39532502661192703,0.014159760440177374,0.15072975347388717,0.0017118566317034073,0.034360988221468686,0.0039813326937459086,38.39,4.0,3.0,3.0,False,True,True
35,300,-6,Std,200,0.4451228635359069,0.009510489949714717,0.15077738846618136,0.001704964098338184,0.034760680964458404,0.004185884673872267,38.39,2.0,1.0,2.0,True,True,True
35,300,-4,K,200,0.4291362203907655,0.013793512519442266,0.14919221257975498,0.001570376232955009,0.03375489011841597,0.0034689532387358513,40.98,3.0,6.0,5.0,True,False,False
35,300,-4,M,200,0.4074061869533277,0.0268925643794464,0.15070914404864968,0.0017149554398461768,0.03380795842722705,0.004080078503518875,40.98,4.0,4.0,4.0,False,False,False
35,300,-4,P,200,0.4744061342368308,0.004019244075522693,0.15078574889340032,0.001674895003585441,0.03482926655633359,0.00418959969961224,40.98,1.0,2.0,1.0,True,True,True
35,300,-4,S,200,0.36815647983629546,0.02338409110878251,0.14923595900124964,0.0013175451238632487,0.03183130018698237,0.0031369304280033077,40.98,6.0,5.0,6.0,False,False,False
35,300,-4,SLTA,200,0.40450711533704026,0.010473776720795741,0.15073169775928694,0.0016844657579549263,0.03440099781532769,0.003951071787764961,40.98,5.0,3.0,3.0,False,True,True
35,300,-4,Std,200,0.4566519119620079,0.005573574025136504,0.1507909984639797,0.0016715332182693477,0.0347614430384697,0.004095636061053002,40.98,2.0,1.0,2.0,True,True,True
35,300,-2,K,200,0.4286039979408151,0.011503410877418187,0.14893284490742667,0.001492156222201824,0.0332749898125667,0.003569276381869113,43.825,4.0,6.0,5.0,False,False,False
35,300,-2,M,200,0.4296023309689844,0.02023611535425718,0.15081763517395644,0.0016799851504229338,0.03399634833967435,0.004298296569981278,43.825,3.0,3.0,4.0,True,True,False
35,300,-2,P,200,0.4762890020509776,0.0026048711953977656,0.1508679921658103,0.0016423819919905184,0.03514449543059494,0.004130425817746734,43.825,1.0,2.0,1.0,True,True,True
35,300,-2,S,200,0.37383664343962086,0.020042256810803138,0.1491356338746219,0.0012102833216716899,0.031589527155254045,0.0031812230762254096,43.825,6.0,5.0,6.0,False,False,False
35,300,-2,SLTA,200,0.4100901741109808,0.008184433822338136,0.15077836060888122,0.0016420848395733228,0.034173670098760975,0.003995272882250277,43.825,5.0,4.0,3.0,False,False,True
35,300,-2,Std,200,0.46336170465803084,0.0033403724863780094,0.1508767414501092,0.0016347738414206803,0.03506593418823187,0.004120362277788578,43.825,2.0,1.0,2.0,True,True,True
35,300,0,K,200,0.42604395607223156,0.009420250732661431,0.14857043010891094,0.0013923322122488405,0.032854528978394075,0.0035486929743736378,46.065,4.0,6.0,5.0,False,False,False
35,300,0,M,200,0.44713063509261197,0.014977694879273695,0.15093798644020173,0.0016277535417513925,0.03379834395083245,0.004330341852426185,46.065,3.0,3.0,4.0,True,True,False
35,300,0,P,200,0.4770941414835864,0.001673735039279441,0.15097376129155737,0.0016103731711555056,0.03518055746463727,0.004318084412215821,46.065,1.0,2.0,2.0,True,True,True
35,300,0,S,200,0.3759032365708302,0.01682336804088121,0.14900420018159796,0.0011165275882133042,0.03146185585812039,0.003123829311586469,46.065,6.0,5.0,6.0,False,False,False
35,300,0,SLTA,200,0.4136473228606776,0.006790697589403719,0.1508399944560537,0.0016103478800031273,0.03437841522422711,0.00403827826623138,46.065,5.0,4.0,3.0,False,False,True
35,300,0,Std,200,0.46737026720473623,0.0019697090743282515,0.15098445486125606,0.001606108818609885,0.03526290357496083,0.004314209949406421,46.065,2.0,1.0,1.0,True,True,True
35,300,2,K,200,0.4231551974962273,0.007796167946415684,0.14824826201817032,0.001266064079223247,0.032470179817922815,0.003418087795879044,48.43,4.0,6.0,5.0,False,False,False
35,300,2,M,200,0.4595105481892285,0.011562633577468631,0.15102878456837066,0.0016079544525853375,0.03389268593450668,0.0041284622657648306,48.43,3.0,3.0,4.0,True,True,False
35,300,2,P,200,0.4773492514719402,0.001112075359963256,0.15106592041950612,0.0016055687918258411,0.03536390057966115,0.00427874389747991,48.43,1.0,2.0,1.0,True,True,True
35,300,2,S,200,0.376482794384255,0.014612527649598478,0.14891962376670828,0.0010594775483793466,0.03119504449612274,0.00287498748874218,48.43,6.0,5.0,6.0,False,False,False
35,300,2,SLTA,200,0.41593796715976716,0.005919265503035947,0.1509455691532608,0.0015904820352276383,0.03445190105337567,0.004087938543071739,48.43,5.0,4.0,3.0,False,False,True
35,300,2,Std,200,0.46965297407718687,0.001194276723034053,0.15107875270314453,0.0015962169050142588,0.035351068798508,0.004294050104369795,48.43,2.0,1.0,2.0,True,True,True
35,300,4,K,200,0.42025471042395773,0.006504052600496374,0.14790742878759194,0.0011795643336344618,0.032330127254266816,0.0032345754839322913,50.915,4.0,6.0,5.0,False,False,False
35,300,4,M,200,0.46803020686769997,0.008819073012782244,0.1511232768387991,0.0015950101749660816,0.03386963790343894,0.003999047598266366,50.915,3.0,3.0,4.0,True,True,False
35,300,4,P,200,0.47739183863213464,0.0007655112801409545,0.15118491068597156,0.0015592804161012467,0.0352439665705276,0.004281316074013401,50.915,1.0,2.0,1.0,True,True,True
35,300,4,S,200,0.3762026240588056,0.013018268428965266,0.14871236294309362,0.0010270420689418923,0.03130175626584989,0.0030576399822401868,50.915,6.0,5.0,6.0,False,False,False
35,300,4,SLTA,200,0.41731190652428657,0.005320519241814959,0.15106067084892674,0.0015390969430299328,0.03444002660134104,0.0039822991049015466,50.915,5.0,4.0,3.0,False,False,True
35,300,4,Std,200,0.4709241069409482,0.0007348003132764271,0.15118996582801095,0.0015540287817141462,0.03523359595123685,0.004286563232846205,50.915,2.0,1.0,2.0,True,True,True
35,300,6,K,200,0.4177328527986599,0.005238106518567076,0.14750457285276117,0.0011417138189920358,0.03230948919475225,0.0033118272877369825,53.59,5.0,6.0,5.0,False,False,False
35,300,6,M,200,0.47376274704190613,0.006702559353237654,0.15123760082030513,0.0015539003648985066,0.03386138088198808,0.0036977830428943296,53.59,2.0,3.0,4.0,True,True,False
35,300,6,P,200,0.47735449015171516,0.0005326022759926578,0.1513342318046733,0.001479361656783645,0.03520331018692377,0.004323790238776077,53.59,1.0,2.0,2.0,True,True,True
35,300,6,S,200,0.37603117659780944,0.011856853718793026,0.14839058370943292,0.001085021311947304,0.0318134992743871,0.0034173760741533625,53.59,6.0,5.0,6.0,False,False,False
35,300,6,SLTA,200,0.41822819925122223,0.004842676658369836,0.15119307668465057,0.0015075399608937368,0.03442124728950127,0.0040867862956792305,53.59,4.0,4.0,3.0,False,False,True
35,300,6,Std,200,0.4716138846753583,0.0004523689916607851,0.15135017494495137,0.0014752265281569776,0.035240470916888686,0.004332496011504291,53.59,3.0,1.0,1.0,True,True,True
