frequency_hz,snr_db,repeat,feature,window_size,sta_size,lta_size,label_onset,label_end,label_width_samples,retained_scale_count,snr_definition,pearson_abs
100,-10,0,M,21,30,150,213,237,25,109,full_trace_mean_square,0.5868574510097845
100,-10,0,P,21,30,150,213,237,25,109,full_trace_mean_square,0.7529315537059071
100,-10,0,SLTA,21,30,150,213,237,25,109,full_trace_mean_square,0.6132450269193017
100,-10,0,Std,21,30,150,213,237,25,109,full_trace_mean_square,0.6461162438548707
100,-10,0,S,21,30,150,213,237,25,109,full_trace_mean_square,0.06683430974238513
100,-10,0,K,21,30,150,213,237,25,109,full_trace_mean_square,0.20126751166553025
100,-10,1,M,21,30,150,213,237,25,140,full_trace_mean_square,0.7700805188528393
100,-10,1,P,21,30,150,213,237,25,140,full_trace_mean_square,0.904699251562507
100,-10,1,SLTA,21,30,150,213,237,25,140,full_trace_mean_square,0.7815783612701741
100,-10,1,Std,21,30,150,213,237,25,140,full_trace_mean_square,0.822773187022262
100,-10,1,S,21,30,150,213,237,25,140,full_trace_mean_square,0.34928796152762087
100,-10,1,K,21,30,150,213,237,25,140,full_trace_mean_square,0.392189656311057
100,-10,2,M,21,30,150,213,237,25,119,full_trace_mean_square,0.7432505808945926
100,-10,2,P,21,30,150,213,237,25,119,full_trace_mean_square,0.8855975577122861
100,-10,2,SLTA,21,30,150,213,237,25,119,full_trace_mean_square,0.7508603654367981
100,-10,2,Std,21,30,150,213,237,25,119,full_trace_mean_square,0.7960761810022292
100,-10,2,S,21,30,150,213,237,25,119,full_trace_mean_square,0.3516257270780794
100,-10,2,K,21,30,150,213,237,25,119,full_trace_mean_square,0.4136377218656675
100,-10,3,M,21,30,150,213,237,25,113,full_trace_mean_square,0.8224297536943534
100,-10,3,P,21,30,150,213,237,25,113,full_trace_mean_square,0.9119372225383977
100,-10,3,SLTA,21,30,150,213,237,25,113,full_trace_mean_square,0.7941040179050628
100,-10,3,Std,21,30,150,213,237,25,113,full_trace_mean_square,0.8571610725369534
100,-10,3,S,21,30,150,213,237,25,113,full_trace_mean_square,0.41641729726970833
100,-10,3,K,21,30,150,213,237,25,113,full_trace_mean_square,0.37737117890376315
100,-10,4,M,21,30,150,213,237,25,111,full_trace_mean_square,0.7298558926138287
100,-10,4,P,21,30,150,213,237,25,111,full_trace_mean_square,0.8743778903010159
100,-10,4,SLTA,21,30,150,213,237,25,111,full_trace_mean_square,0.7643710875792522
100,-10,4,Std,21,30,150,213,237,25,111,full_trace_mean_square,0.7763226032026614
100,-10,4,S,21,30,150,213,237,25,111,full_trace_mean_square,0.41798384415468837
100,-10,4,K,21,30,150,213,237,25,111,full_trace_mean_square,0.4441453818629734
100,-10,5,M,21,30,150,213,237,25,127,full_trace_mean_square,0.7984076705076362
100,-10,5,P,21,30,150,213,237,25,127,full_trace_mean_square,0.9168551034521764
100,-10,5,SLTA,21,30,150,213,237,25,127,full_trace_mean_square,0.750409467814013
100,-10,5,Std,21,30,150,213,237,25,127,full_trace_mean_square,0.8558799272060337
100,-10,5,S,21,30,150,213,237,25,127,full_trace_mean_square,0.2465944528375507
100,-10,5,K,21,30,150,213,237,25,127,full_trace_mean_square,0.3898118032444682
100,-10,6,M,21,30,150,213,237,25,112,full_trace_mean_square,0.729274981180332
100,-10,6,P,21,30,150,213,237,25,112,full_trace_mean_square,0.8484400378110212
100,-10,6,SLTA,21,30,150,213,237,25,112,full_trace_mean_square,0.7025027717011751
100,-10,6,Std,21,30,150,213,237,25,112,full_trace_mean_square,0.7319902847930233
100,-10,6,S,21,30,150,213,237,25,112,full_trace_mean_square,0.24873299048107791
100,-10,6,K,21,30,150,213,237,25,112,full_trace_mean_square,0.08051867864307477
100,-10,7,M,21,30,150,213,237,25,111,full_trace_mean_square,0.8133019749040019
100,-10,7,P,21,30,150,213,237,25,111,full_trace_mean_square,0.9117818659457445
100,-10,7,SLTA,21,30,150,213,237,25,111,full_trace_mean_square,0.738410815124277
100,-10,7,Std,21,30,150,213,237,25,111,full_trace_mean_square,0.8372416802953669
100,-10,7,S,21,30,150,213,237,25,111,full_trace_mean_square,0.09774168068915538
100,-10,7,K,21,30,150,213,237,25,111,full_trace_mean_square,0.036010484800154036
100,-10,8,M,21,30,150,213,237,25,124,full_trace_mean_square,0.6818007251274223
100,-10,8,P,21,30,150,213,237,25,124,full_trace_mean_square,0.8714745503725133
100,-10,8,SLTA,21,30,150,213,237,25,124,full_trace_mean_square,0.7089891984647739
100,-10,8,Std,21,30,150,213,237,25,124,full_trace_mean_square,0.7780778691259134
100,-10,8,S,21,30,150,213,237,25,124,full_trace_mean_square,0.32458948554205835
100,-10,8,K,21,30,150,213,237,25,124,full_trace_mean_square,0.4561036143805443
100,-10,9,M,21,30,150,213,237,25,145,full_trace_mean_square,0.7630176550333155
100,-10,9,P,21,30,150,213,237,25,145,full_trace_mean_square,0.8900873649315203
100,-10,9,SLTA,21,30,150,213,237,25,145,full_trace_mean_square,0.739224533083022
100,-10,9,Std,21,30,150,213,237,25,145,full_trace_mean_square,0.8219641326766394
100,-10,9,S,21,30,150,213,237,25,145,full_trace_mean_square,0.1511262711033538
100,-10,9,K,21,30,150,213,237,25,145,full_trace_mean_square,0.254378881190281
100,-10,10,M,21,30,150,213,237,25,107,full_trace_mean_square,0.8118150679558293
100,-10,10,P,21,30,150,213,237,25,107,full_trace_mean_square,0.904143484103668
100,-10,10,SLTA,21,30,150,213,237,25,107,full_trace_mean_square,0.7448903690525835
100,-10,10,Std,21,30,150,213,237,25,107,full_trace_mean_square,0.8381457967359222
100,-10,10,S,21,30,150,213,237,25,107,full_trace_mean_square,0.11870626320083116
100,-10,10,K,21,30,150,213,237,25,107,full_trace_mean_square,0.20040936939833415
100,-10,11,M,21,30,150,213,237,25,164,full_trace_mean_square,0.7658083268966547
100,-10,11,P,21,30,150,213,237,25,164,full_trace_mean_square,0.9040038494460442
100,-10,11,SLTA,21,30,150,213,237,25,164,full_trace_mean_square,0.7501600782731074
100,-10,11,Std,21,30,150,213,237,25,164,full_trace_mean_square,0.828539755997951
100,-10,11,S,21,30,150,213,237,25,164,full_trace_mean_square,0.47397711607049764
100,-10,11,K,21,30,150,213,237,25,164,full_trace_mean_square,0.5225075418343194
100,-10,12,M,21,30,150,213,237,25,120,full_trace_mean_square,0.8546744780500691
100,-10,12,P,21,30,150,213,237,25,120,full_trace_mean_square,0.9328348174261506
100,-10,12,SLTA,21,30,150,213,237,25,120,full_trace_mean_square,0.7693581342306416
100,-10,12,Std,21,30,150,213,237,25,120,full_trace_mean_square,0.8995568787332032
100,-10,12,S,21,30,150,213,237,25,120,full_trace_mean_square,0.31433142479428017
100,-10,12,K,21,30,150,213,237,25,120,full_trace_mean_square,0.536174858733873
100,-10,13,M,21,30,150,213,237,25,81,full_trace_mean_square,0.6037099792377383
100,-10,13,P,21,30,150,213,237,25,81,full_trace_mean_square,0.7038371477474746
100,-10,13,SLTA,21,30,150,213,237,25,81,full_trace_mean_square,0.4701559562832004
100,-10,13,Std,21,30,150,213,237,25,81,full_trace_mean_square,0.6320590691402937
100,-10,13,S,21,30,150,213,237,25,81,full_trace_mean_square,0.015831251657802754
100,-10,13,K,21,30,150,213,237,25,81,full_trace_mean_square,0.044574316439169925
100,-10,14,M,21,30,150,213,237,25,113,full_trace_mean_square,0.6933306163948141
100,-10,14,P,21,30,150,213,237,25,113,full_trace_mean_square,0.8490009638764904
100,-10,14,SLTA,21,30,150,213,237,25,113,full_trace_mean_square,0.6597282093193773
100,-10,14,Std,21,30,150,213,237,25,113,full_trace_mean_square,0.7414398758953901
100,-10,14,S,21,30,150,213,237,25,113,full_trace_mean_square,0.318186721086401
100,-10,14,K,21,30,150,213,237,25,113,full_trace_mean_square,0.33285014790364065
100,-10,15,M,21,30,150,213,237,25,85,full_trace_mean_square,0.7695210375049127
100,-10,15,P,21,30,150,213,237,25,85,full_trace_mean_square,0.9053810065559957
100,-10,15,SLTA,21,30,150,213,237,25,85,full_trace_mean_square,0.7887543940088969
100,-10,15,Std,21,30,150,213,237,25,85,full_trace_mean_square,0.8115915709889715
100,-10,15,S,21,30,150,213,237,25,85,full_trace_mean_square,0.14114290037988422
100,-10,15,K,21,30,150,213,237,25,85,full_trace_mean_square,0.24010724221336946
100,-10,16,M,21,30,150,213,237,25,122,full_trace_mean_square,0.762433667146465
100,-10,16,P,21,30,150,213,237,25,122,full_trace_mean_square,0.9045088098667119
100,-10,16,SLTA,21,30,150,213,237,25,122,full_trace_mean_square,0.7076589863660031
100,-10,16,Std,21,30,150,213,237,25,122,full_trace_mean_square,0.8285715409346693
100,-10,16,S,21,30,150,213,237,25,122,full_trace_mean_square,0.28659527800059387
100,-10,16,K,21,30,150,213,237,25,122,full_trace_mean_square,0.3665298639427514
100,-10,17,M,21,30,150,213,237,25,107,full_trace_mean_square,0.8092257042415139
100,-10,17,P,21,30,150,213,237,25,107,full_trace_mean_square,0.9101352160330496
100,-10,17,SLTA,21,30,150,213,237,25,107,full_trace_mean_square,0.7324287323890138
100,-10,17,Std,21,30,150,213,237,25,107,full_trace_mean_square,0.8169112844543505
100,-10,17,S,21,30,150,213,237,25,107,full_trace_mean_square,0.17972162200535574
100,-10,17,K,21,30,150,213,237,25,107,full_trace_mean_square,0.05781264495665003
100,-10,18,M,21,30,150,213,237,25,93,full_trace_mean_square,0.7196732586919827
100,-10,18,P,21,30,150,213,237,25,93,full_trace_mean_square,0.8908212767905667
100,-10,18,SLTA,21,30,150,213,237,25,93,full_trace_mean_square,0.7084534314545484
100,-10,18,Std,21,30,150,213,237,25,93,full_trace_mean_square,0.777734471967372
100,-10,18,S,21,30,150,213,237,25,93,full_trace_mean_square,0.26402530763336185
100,-10,18,K,21,30,150,213,237,25,93,full_trace_mean_square,0.4102468702833423
100,-10,19,M,21,30,150,213,237,25,119,full_trace_mean_square,0.6909177495813814
100,-10,19,P,21,30,150,213,237,25,119,full_trace_mean_square,0.8644696425463794
100,-10,19,SLTA,21,30,150,213,237,25,119,full_trace_mean_square,0.6555472347062746
100,-10,19,Std,21,30,150,213,237,25,119,full_trace_mean_square,0.7551047717767613
100,-10,19,S,21,30,150,213,237,25,119,full_trace_mean_square,0.23638203614033068
100,-10,19,K,21,30,150,213,237,25,119,full_trace_mean_square,0.24041133086361716
100,-10,20,M,21,30,150,213,237,25,132,full_trace_mean_square,0.735984050757371
100,-10,20,P,21,30,150,213,237,25,132,full_trace_mean_square,0.902799964904895
100,-10,20,SLTA,21,30,150,213,237,25,132,full_trace_mean_square,0.7498681284348826
100,-10,20,Std,21,30,150,213,237,25,132,full_trace_mean_square,0.8133612582255167
100,-10,20,S,21,30,150,213,237,25,132,full_trace_mean_square,0.3405373840573735
100,-10,20,K,21,30,150,213,237,25,132,full_trace_mean_square,0.30486971402848784
100,-10,21,M,21,30,150,213,237,25,118,full_trace_mean_square,0.7980553704867862
100,-10,21,P,21,30,150,213,237,25,118,full_trace_mean_square,0.889806112702375
100,-10,21,SLTA,21,30,150,213,237,25,118,full_trace_mean_square,0.7424449068452452
100,-10,21,Std,21,30,150,213,237,25,118,full_trace_mean_square,0.7974560397592941
100,-10,21,S,21,30,150,213,237,25,118,full_trace_mean_square,0.21790910006708938
100,-10,21,K,21,30,150,213,237,25,118,full_trace_mean_square,0.17533326847407696
100,-10,22,M,21,30,150,213,237,25,152,full_trace_mean_square,0.7443872699461732
100,-10,22,P,21,30,150,213,237,25,152,full_trace_mean_square,0.8693509122577386
100,-10,22,SLTA,21,30,150,213,237,25,152,full_trace_mean_square,0.7419412756557738
100,-10,22,Std,21,30,150,213,237,25,152,full_trace_mean_square,0.7806236811543993
100,-10,22,S,21,30,150,213,237,25,152,full_trace_mean_square,0.3674513967007617
100,-10,22,K,21,30,150,213,237,25,152,full_trace_mean_square,0.4266787698245358
100,-10,23,M,21,30,150,213,237,25,142,full_trace_mean_square,0.8409057696413439
100,-10,23,P,21,30,150,213,237,25,142,full_trace_mean_square,0.9261763064339541
100,-10,23,SLTA,21,30,150,213,237,25,142,full_trace_mean_square,0.7895768793984409
100,-10,23,Std,21,30,150,213,237,25,142,full_trace_mean_square,0.8678280095227885
100,-10,23,S,21,30,150,213,237,25,142,full_trace_mean_square,0.33935497649918933
100,-10,23,K,21,30,150,213,237,25,142,full_trace_mean_square,0.422332023077428
100,-10,24,M,21,30,150,213,237,25,128,full_trace_mean_square,0.7022351979597551
100,-10,24,P,21,30,150,213,237,25,128,full_trace_mean_square,0.8651910665163105
100,-10,24,SLTA,21,30,150,213,237,25,128,full_trace_mean_square,0.7746776781824383
100,-10,24,Std,21,30,150,213,237,25,128,full_trace_mean_square,0.7935882583970426
100,-10,24,S,21,30,150,213,237,25,128,full_trace_mean_square,0.2832091838363386
100,-10,24,K,21,30,150,213,237,25,128,full_trace_mean_square,0.38733109559434076
100,-10,25,M,21,30,150,213,237,25,95,full_trace_mean_square,0.7157034410753338
100,-10,25,P,21,30,150,213,237,25,95,full_trace_mean_square,0.8499244390492439
100,-10,25,SLTA,21,30,150,213,237,25,95,full_trace_mean_square,0.6762146412090448
100,-10,25,Std,21,30,150,213,237,25,95,full_trace_mean_square,0.7594398469735089
100,-10,25,S,21,30,150,213,237,25,95,full_trace_mean_square,0.12332150549943764
100,-10,25,K,21,30,150,213,237,25,95,full_trace_mean_square,0.2172204219298229
100,-10,26,M,21,30,150,213,237,25,106,full_trace_mean_square,0.8111547526897682
100,-10,26,P,21,30,150,213,237,25,106,full_trace_mean_square,0.8908306062523388
100,-10,26,SLTA,21,30,150,213,237,25,106,full_trace_mean_square,0.6920754312314835
100,-10,26,Std,21,30,150,213,237,25,106,full_trace_mean_square,0.8118831480943647
100,-10,26,S,21,30,150,213,237,25,106,full_trace_mean_square,0.15289154695136023
100,-10,26,K,21,30,150,213,237,25,106,full_trace_mean_square,0.037068167457735106
100,-10,27,M,21,30,150,213,237,25,121,full_trace_mean_square,0.833517367780089
100,-10,27,P,21,30,150,213,237,25,121,full_trace_mean_square,0.9164821458906075
100,-10,27,SLTA,21,30,150,213,237,25,121,full_trace_mean_square,0.7352938262234543
100,-10,27,Std,21,30,150,213,237,25,121,full_trace_mean_square,0.8413968150089374
100,-10,27,S,21,30,150,213,237,25,121,full_trace_mean_square,0.19027718610148797
100,-10,27,K,21,30,150,213,237,25,121,full_trace_mean_square,0.14697231361116567
100,-10,28,M,21,30,150,213,237,25,146,full_trace_mean_square,0.8040505566631576
100,-10,28,P,21,30,150,213,237,25,146,full_trace_mean_square,0.9102600331688995
100,-10,28,SLTA,21,30,150,213,237,25,146,full_trace_mean_square,0.7578253990941072
100,-10,28,Std,21,30,150,213,237,25,146,full_trace_mean_square,0.8365081569780758
100,-10,28,S,21,30,150,213,237,25,146,full_trace_mean_square,0.4403267632047319
100,-10,28,K,21,30,150,213,237,25,146,full_trace_mean_square,0.5746287216863095
100,-10,29,M,21,30,150,213,237,25,82,full_trace_mean_square,0.730354238056204
100,-10,29,P,21,30,150,213,237,25,82,full_trace_mean_square,0.8793029654826663
100,-10,29,SLTA,21,30,150,213,237,25,82,full_trace_mean_square,0.7364990170335022
100,-10,29,Std,21,30,150,213,237,25,82,full_trace_mean_square,0.7801346747960562
100,-10,29,S,21,30,150,213,237,25,82,full_trace_mean_square,0.2762304918703767
100,-10,29,K,21,30,150,213,237,25,82,full_trace_mean_square,0.2246466360036483
100,-10,30,M,21,30,150,213,237,25,120,full_trace_mean_square,0.8589765401959158
100,-10,30,P,21,30,150,213,237,25,120,full_trace_mean_square,0.9315397757203006
100,-10,30,SLTA,21,30,150,213,237,25,120,full_trace_mean_square,0.7621766877441312
100,-10,30,Std,21,30,150,213,237,25,120,full_trace_mean_square,0.8741612240431895
100,-10,30,S,21,30,150,213,237,25,120,full_trace_mean_square,0.09423834485417576
100,-10,30,K,21,30,150,213,237,25,120,full_trace_mean_square,0.10667664306701528
100,-10,31,M,21,30,150,213,237,25,130,full_trace_mean_square,0.8343767670663707
100,-10,31,P,21,30,150,213,237,25,130,full_trace_mean_square,0.9074746772393403
100,-10,31,SLTA,21,30,150,213,237,25,130,full_trace_mean_square,0.7475540229163194
100,-10,31,Std,21,30,150,213,237,25,130,full_trace_mean_square,0.8437344126817511
100,-10,31,S,21,30,150,213,237,25,130,full_trace_mean_square,0.10828109831517319
100,-10,31,K,21,30,150,213,237,25,130,full_trace_mean_square,0.09727568687161849
100,-10,32,M,21,30,150,213,237,25,134,full_trace_mean_square,0.8896110538978613
100,-10,32,P,21,30,150,213,237,25,134,full_trace_mean_square,0.9396371033048825
100,-10,32,SLTA,21,30,150,213,237,25,134,full_trace_mean_square,0.7825933237866887
100,-10,32,Std,21,30,150,213,237,25,134,full_trace_mean_square,0.9066829300489415
100,-10,32,S,21,30,150,213,237,25,134,full_trace_mean_square,0.3752600378769872
100,-10,32,K,21,30,150,213,237,25,134,full_trace_mean_square,0.4516030390531021
100,-10,33,M,21,30,150,213,237,25,125,full_trace_mean_square,0.682489325399466
100,-10,33,P,21,30,150,213,237,25,125,full_trace_mean_square,0.8602290295072301
100,-10,33,SLTA,21,30,150,213,237,25,125,full_trace_mean_square,0.6231660774596522
100,-10,33,Std,21,30,150,213,237,25,125,full_trace_mean_square,0.7628464289026493
100,-10,33,S,21,30,150,213,237,25,125,full_trace_mean_square,0.397453251057126
100,-10,33,K,21,30,150,213,237,25,125,full_trace_mean_square,0.4065777557190304
100,-10,34,M,21,30,150,213,237,25,128,full_trace_mean_square,0.7563687619489343
100,-10,34,P,21,30,150,213,237,25,128,full_trace_mean_square,0.8964318447289781
100,-10,34,SLTA,21,30,150,213,237,25,128,full_trace_mean_square,0.7470375671503978
100,-10,34,Std,21,30,150,213,237,25,128,full_trace_mean_square,0.8199468627641342
100,-10,34,S,21,30,150,213,237,25,128,full_trace_mean_square,0.3066589667663635
100,-10,34,K,21,30,150,213,237,25,128,full_trace_mean_square,0.3959821972182662
100,-10,35,M,21,30,150,213,237,25,71,full_trace_mean_square,0.6643990276966889
100,-10,35,P,21,30,150,213,237,25,71,full_trace_mean_square,0.7557389360206703
100,-10,35,SLTA,21,30,150,213,237,25,71,full_trace_mean_square,0.6262719517246393
100,-10,35,Std,21,30,150,213,237,25,71,full_trace_mean_square,0.6465641209243363
100,-10,35,S,21,30,150,213,237,25,71,full_trace_mean_square,0.013814636828358168
100,-10,35,K,21,30,150,213,237,25,71,full_trace_mean_square,0.015039521787867452
100,-10,36,M,21,30,150,213,237,25,153,full_trace_mean_square,0.806202002631349
100,-10,36,P,21,30,150,213,237,25,153,full_trace_mean_square,0.9125103579480892
100,-10,36,SLTA,21,30,150,213,237,25,153,full_trace_mean_square,0.7990786579043535
100,-10,36,Std,21,30,150,213,237,25,153,full_trace_mean_square,0.8517880933465053
100,-10,36,S,21,30,150,213,237,25,153,full_trace_mean_square,0.2909127542899071
100,-10,36,K,21,30,150,213,237,25,153,full_trace_mean_square,0.3009929116845188
100,-10,37,M,21,30,150,213,237,25,116,full_trace_mean_square,0.8376398384806573
100,-10,37,P,21,30,150,213,237,25,116,full_trace_mean_square,0.9213757993631989
100,-10,37,SLTA,21,30,150,213,237,25,116,full_trace_mean_square,0.7738021297788629
100,-10,37,Std,21,30,150,213,237,25,116,full_trace_mean_square,0.871368546716994
100,-10,37,S,21,30,150,213,237,25,116,full_trace_mean_square,0.3509147756592583
100,-10,37,K,21,30,150,213,237,25,116,full_trace_mean_square,0.36522235820852805
100,-10,38,M,21,30,150,213,237,25,124,full_trace_mean_square,0.7595590161386566
100,-10,38,P,21,30,150,213,237,25,124,full_trace_mean_square,0.8981126324017278
100,-10,38,SLTA,21,30,150,213,237,25,124,full_trace_mean_square,0.7641858628061855
100,-10,38,Std,21,30,150,213,237,25,124,full_trace_mean_square,0.8288575003508347
100,-10,38,S,21,30,150,213,237,25,124,full_trace_mean_square,0.4338600732294699
100,-10,38,K,21,30,150,213,237,25,124,full_trace_mean_square,0.4968777737972245
100,-10,39,M,21,30,150,213,237,25,105,full_trace_mean_square,0.7020138721039715
100,-10,39,P,21,30,150,213,237,25,105,full_trace_mean_square,0.8881044714447941
100,-10,39,SLTA,21,30,150,213,237,25,105,full_trace_mean_square,0.6837908102826337
100,-10,39,Std,21,30,150,213,237,25,105,full_trace_mean_square,0.8045143445754565
100,-10,39,S,21,30,150,213,237,25,105,full_trace_mean_square,0.3753265840298445
100,-10,39,K,21,30,150,213,237,25,105,full_trace_mean_square,0.47597360050194887
100,-10,40,M,21,30,150,213,237,25,139,full_trace_mean_square,0.747187128496003
100,-10,40,P,21,30,150,213,237,25,139,full_trace_mean_square,0.8879738789211763
100,-10,40,SLTA,21,30,150,213,237,25,139,full_trace_mean_square,0.7880640151901015
100,-10,40,Std,21,30,150,213,237,25,139,full_trace_mean_square,0.819422091156471
100,-10,40,S,21,30,150,213,237,25,139,full_trace_mean_square,0.31747485400128983
100,-10,40,K,21,30,150,213,237,25,139,full_trace_mean_square,0.444873826138647
100,-10,41,M,21,30,150,213,237,25,141,full_trace_mean_square,0.8482785054514506
100,-10,41,P,21,30,150,213,237,25,141,full_trace_mean_square,0.9265356332132262
100,-10,41,SLTA,21,30,150,213,237,25,141,full_trace_mean_square,0.7903159851957272
100,-10,41,Std,21,30,150,213,237,25,141,full_trace_mean_square,0.8784178601428996
100,-10,41,S,21,30,150,213,237,25,141,full_trace_mean_square,0.44525958016108197
100,-10,41,K,21,30,150,213,237,25,141,full_trace_mean_square,0.4647222884483956
100,-10,42,M,21,30,150,213,237,25,138,full_trace_mean_square,0.5630238197910606
100,-10,42,P,21,30,150,213,237,25,138,full_trace_mean_square,0.8443895041252901
100,-10,42,SLTA,21,30,150,213,237,25,138,full_trace_mean_square,0.654445738804221
100,-10,42,Std,21,30,150,213,237,25,138,full_trace_mean_square,0.7340707586821452
100,-10,42,S,21,30,150,213,237,25,138,full_trace_mean_square,0.24617179507978765
100,-10,42,K,21,30,150,213,237,25,138,full_trace_mean_square,0.5783635383508099
100,-10,43,M,21,30,150,213,237,25,134,full_trace_mean_square,0.6693672266068715
100,-10,43,P,21,30,150,213,237,25,134,full_trace_mean_square,0.7581934492667711
100,-10,43,SLTA,21,30,150,213,237,25,134,full_trace_mean_square,0.7045432945396677
100,-10,43,Std,21,30,150,213,237,25,134,full_trace_mean_square,0.6817378849669776
100,-10,43,S,21,30,150,213,237,25,134,full_trace_mean_square,0.1769187466875248
100,-10,43,K,21,30,150,213,237,25,134,full_trace_mean_square,0.07157155519113655
100,-10,44,M,21,30,150,213,237,25,103,full_trace_mean_square,0.6304375568073125
100,-10,44,P,21,30,150,213,237,25,103,full_trace_mean_square,0.7756750956665132
100,-10,44,SLTA,21,30,150,213,237,25,103,full_trace_mean_square,0.6440454698003353
100,-10,44,Std,21,30,150,213,237,25,103,full_trace_mean_square,0.6894377741556247
100,-10,44,S,21,30,150,213,237,25,103,full_trace_mean_square,0.10861972381321533
100,-10,44,K,21,30,150,213,237,25,103,full_trace_mean_square,0.4143034136427016
100,-10,45,M,21,30,150,213,237,25,122,full_trace_mean_square,0.7581552376428261
100,-10,45,P,21,30,150,213,237,25,122,full_trace_mean_square,0.8924290623360438
100,-10,45,SLTA,21,30,150,213,237,25,122,full_trace_mean_square,0.7468419969202462
100,-10,45,Std,21,30,150,213,237,25,122,full_trace_mean_square,0.8104617523308705
100,-10,45,S,21,30,150,213,237,25,122,full_trace_mean_square,0.24713280839588805
100,-10,45,K,21,30,150,213,237,25,122,full_trace_mean_square,0.43448960131265163
100,-10,46,M,21,30,150,213,237,25,98,full_trace_mean_square,0.7090791076188816
100,-10,46,P,21,30,150,213,237,25,98,full_trace_mean_square,0.8820301953914023
100,-10,46,SLTA,21,30,150,213,237,25,98,full_trace_mean_square,0.6745252806183982
100,-10,46,Std,21,30,150,213,237,25,98,full_trace_mean_square,0.7854558663665956
100,-10,46,S,21,30,150,213,237,25,98,full_trace_mean_square,0.09709487260840462
100,-10,46,K,21,30,150,213,237,25,98,full_trace_mean_square,0.340291566427896
100,-10,47,M,21,30,150,213,237,25,116,full_trace_mean_square,0.7926629905247365
100,-10,47,P,21,30,150,213,237,25,116,full_trace_mean_square,0.9057961754989448
100,-10,47,SLTA,21,30,150,213,237,25,116,full_trace_mean_square,0.7515214531606907
100,-10,47,Std,21,30,150,213,237,25,116,full_trace_mean_square,0.8442325636900297
100,-10,47,S,21,30,150,213,237,25,116,full_trace_mean_square,0.3026491033648153
100,-10,47,K,21,30,150,213,237,25,116,full_trace_mean_square,0.45784392870105045
100,-10,48,M,21,30,150,213,237,25,84,full_trace_mean_square,0.8245459976643038
100,-10,48,P,21,30,150,213,237,25,84,full_trace_mean_square,0.9077757428222721
100,-10,48,SLTA,21,30,150,213,237,25,84,full_trace_mean_square,0.7320544030173739
100,-10,48,Std,21,30,150,213,237,25,84,full_trace_mean_square,0.8248514670305369
100,-10,48,S,21,30,150,213,237,25,84,full_trace_mean_square,0.12232825928549268
100,-10,48,K,21,30,150,213,237,25,84,full_trace_mean_square,0.08575767062290453
100,-10,49,M,21,30,150,213,237,25,107,full_trace_mean_square,0.5890637463813065
100,-10,49,P,21,30,150,213,237,25,107,full_trace_mean_square,0.805607463160844
100,-10,49,SLTA,21,30,150,213,237,25,107,full_trace_mean_square,0.6702881401511871
100,-10,49,Std,21,30,150,213,237,25,107,full_trace_mean_square,0.6682524444696752
100,-10,49,S,21,30,150,213,237,25,107,full_trace_mean_square,0.1850888648635715
100,-10,49,K,21,30,150,213,237,25,107,full_trace_mean_square,0.3282158359027462
100,-10,50,M,21,30,150,213,237,25,123,full_trace_mean_square,0.6167113550735779
100,-10,50,P,21,30,150,213,237,25,123,full_trace_mean_square,0.8655166377845329
100,-10,50,SLTA,21,30,150,213,237,25,123,full_trace_mean_square,0.6567562861888686
100,-10,50,Std,21,30,150,213,237,25,123,full_trace_mean_square,0.7518540364515776
100,-10,50,S,21,30,150,213,237,25,123,full_trace_mean_square,0.2814657039673987
100,-10,50,K,21,30,150,213,237,25,123,full_trace_mean_square,0.4135062250486869
100,-10,51,M,21,30,150,213,237,25,99,full_trace_mean_square,0.8130512619612248
100,-10,51,P,21,30,150,213,237,25,99,full_trace_mean_square,0.9216587262827027
100,-10,51,SLTA,21,30,150,213,237,25,99,full_trace_mean_square,0.7701283658045132
100,-10,51,Std,21,30,150,213,237,25,99,full_trace_mean_square,0.8483422982962486
100,-10,51,S,21,30,150,213,237,25,99,full_trace_mean_square,0.22196131084854676
100,-10,51,K,21,30,150,213,237,25,99,full_trace_mean_square,0.2689220824995552
100,-10,52,M,21,30,150,213,237,25,111,full_trace_mean_square,0.7322111342969243
100,-10,52,P,21,30,150,213,237,25,111,full_trace_mean_square,0.8727027908190269
100,-10,52,SLTA,21,30,150,213,237,25,111,full_trace_mean_square,0.7659824070411965
100,-10,52,Std,21,30,150,213,237,25,111,full_trace_mean_square,0.7933810462185258
100,-10,52,S,21,30,150,213,237,25,111,full_trace_mean_square,0.24504936590364693
100,-10,52,K,21,30,150,213,237,25,111,full_trace_mean_square,0.301107121347889
100,-10,53,M,21,30,150,213,237,25,111,full_trace_mean_square,0.6730151022333632
100,-10,53,P,21,30,150,213,237,25,111,full_trace_mean_square,0.8315600153899885
100,-10,53,SLTA,21,30,150,213,237,25,111,full_trace_mean_square,0.7428672570276222
100,-10,53,Std,21,30,150,213,237,25,111,full_trace_mean_square,0.7370455749782716
100,-10,53,S,21,30,150,213,237,25,111,full_trace_mean_square,0.17881513319807044
100,-10,53,K,21,30,150,213,237,25,111,full_trace_mean_square,0.1925159788948215
100,-10,54,M,21,30,150,213,237,25,88,full_trace_mean_square,0.8299367086986948
100,-10,54,P,21,30,150,213,237,25,88,full_trace_mean_square,0.9161222380814429
100,-10,54,SLTA,21,30,150,213,237,25,88,full_trace_mean_square,0.800350078663645
100,-10,54,Std,21,30,150,213,237,25,88,full_trace_mean_square,0.8554126881585986
100,-10,54,S,21,30,150,213,237,25,88,full_trace_mean_square,0.16547835801580962
100,-10,54,K,21,30,150,213,237,25,88,full_trace_mean_square,0.13971230150898256
100,-10,55,M,21,30,150,213,237,25,113,full_trace_mean_square,0.7924552692517652
100,-10,55,P,21,30,150,213,237,25,113,full_trace_mean_square,0.9034037116069749
100,-10,55,SLTA,21,30,150,213,237,25,113,full_trace_mean_square,0.7495377666593579
100,-10,55,Std,21,30,150,213,237,25,113,full_trace_mean_square,0.8268818346087644
100,-10,55,S,21,30,150,213,237,25,113,full_trace_mean_square,0.3054744281316814
100,-10,55,K,21,30,150,213,237,25,113,full_trace_mean_square,0.15537515483739456
100,-10,56,M,21,30,150,213,237,25,134,full_trace_mean_square,0.8827160639864562
100,-10,56,P,21,30,150,213,237,25,134,full_trace_mean_square,0.9370949324510068
100,-10,56,SLTA,21,30,150,213,237,25,134,full_trace_mean_square,0.8017038060932247
100,-10,56,Std,21,30,150,213,237,25,134,full_trace_mean_square,0.9005589191251249
100,-10,56,S,21,30,150,213,237,25,134,full_trace_mean_square,0.0973539901031233
100,-10,56,K,21,30,150,213,237,25,134,full_trace_mean_square,0.1696984660550341
100,-10,57,M,21,30,150,213,237,25,138,full_trace_mean_square,0.7349686185588263
100,-10,57,P,21,30,150,213,237,25,138,full_trace_mean_square,0.9012220153376577
100,-10,57,SLTA,21,30,150,213,237,25,138,full_trace_mean_square,0.7582707565859357
100,-10,57,Std,21,30,150,213,237,25,138,full_trace_mean_square,0.8196586545627007
100,-10,57,S,21,30,150,213,237,25,138,full_trace_mean_square,0.42840259756567417
100,-10,57,K,21,30,150,213,237,25,138,full_trace_mean_square,0.4705580983678856
100,-10,58,M,21,30,150,213,237,25,108,full_trace_mean_square,0.7438254407005895
100,-10,58,P,21,30,150,213,237,25,108,full_trace_mean_square,0.9006747111075616
100,-10,58,SLTA,21,30,150,213,237,25,108,full_trace_mean_square,0.7264882073454265
100,-10,58,Std,21,30,150,213,237,25,108,full_trace_mean_square,0.8187039788950605
100,-10,58,S,21,30,150,213,237,25,108,full_trace_mean_square,0.4281231347500808
100,-10,58,K,21,30,150,213,237,25,108,full_trace_mean_square,0.5266262379517134
100,-10,59,M,21,30,150,213,237,25,96,full_trace_mean_square,0.7641465029601731
100,-10,59,P,21,30,150,213,237,25,96,full_trace_mean_square,0.89684995698979
100,-10,59,SLTA,21,30,150,213,237,25,96,full_trace_mean_square,0.7079202701891935
100,-10,59,Std,21,30,150,213,237,25,96,full_trace_mean_square,0.7970615714138608
100,-10,59,S,21,30,150,213,237,25,96,full_trace_mean_square,0.098427916801936
100,-10,59,K,21,30,150,213,237,25,96,full_trace_mean_square,0.1730565263290232
100,-10,60,M,21,30,150,213,237,25,109,full_trace_mean_square,0.8230073509236789
100,-10,60,P,21,30,150,213,237,25,109,full_trace_mean_square,0.898662389165989
100,-10,60,SLTA,21,30,150,213,237,25,109,full_trace_mean_square,0.7513149679517624
100,-10,60,Std,21,30,150,213,237,25,109,full_trace_mean_square,0.8130296547351186
100,-10,60,S,21,30,150,213,237,25,109,full_trace_mean_square,0.13966429020923324
100,-10,60,K,21,30,150,213,237,25,109,full_trace_mean_square,0.00021622335950467937
100,-10,61,M,21,30,150,213,237,25,166,full_trace_mean_square,0.7656712323725137
100,-10,61,P,21,30,150,213,237,25,166,full_trace_mean_square,0.8913536772875316
100,-10,61,SLTA,21,30,150,213,237,25,166,full_trace_mean_square,0.7304675171242306
100,-10,61,Std,21,30,150,213,237,25,166,full_trace_mean_square,0.8169996301682024
100,-10,61,S,21,30,150,213,237,25,166,full_trace_mean_square,0.4231241977336292
100,-10,61,K,21,30,150,213,237,25,166,full_trace_mean_square,0.47349761318219946
100,-10,62,M,21,30,150,213,237,25,132,full_trace_mean_square,0.8745989643520639
100,-10,62,P,21,30,150,213,237,25,132,full_trace_mean_square,0.9361037505282047
100,-10,62,SLTA,21,30,150,213,237,25,132,full_trace_mean_square,0.8281817912745385
100,-10,62,Std,21,30,150,213,237,25,132,full_trace_mean_square,0.907292238571366
100,-10,62,S,21,30,150,213,237,25,132,full_trace_mean_square,0.3816883756114356
100,-10,62,K,21,30,150,213,237,25,132,full_trace_mean_square,0.40982265357048536
100,-10,63,M,21,30,150,213,237,25,74,full_trace_mean_square,0.5195943432422477
100,-10,63,P,21,30,150,213,237,25,74,full_trace_mean_square,0.7203017747123598
100,-10,63,SLTA,21,30,150,213,237,25,74,full_trace_mean_square,0.5778914931748208
100,-10,63,Std,21,30,150,213,237,25,74,full_trace_mean_square,0.5756818103880984
100,-10,63,S,21,30,150,213,237,25,74,full_trace_mean_square,0.5071330552795222
100,-10,63,K,21,30,150,213,237,25,74,full_trace_mean_square,0.22620242514016514
100,-10,64,M,21,30,150,213,237,25,146,full_trace_mean_square,0.8570966235537869
100,-10,64,P,21,30,150,213,237,25,146,full_trace_mean_square,0.922566419106019
100,-10,64,SLTA,21,30,150,213,237,25,146,full_trace_mean_square,0.7981940030952891
100,-10,64,Std,21,30,150,213,237,25,146,full_trace_mean_square,0.8864663544208741
100,-10,64,S,21,30,150,213,237,25,146,full_trace_mean_square,0.16201739426772988
100,-10,64,K,21,30,150,213,237,25,146,full_trace_mean_square,0.3175333216622131
100,-10,65,M,21,30,150,213,237,25,87,full_trace_mean_square,0.6683856437592253
100,-10,65,P,21,30,150,213,237,25,87,full_trace_mean_square,0.8014746159117475
100,-10,65,SLTA,21,30,150,213,237,25,87,full_trace_mean_square,0.6834240528553518
100,-10,65,Std,21,30,150,213,237,25,87,full_trace_mean_square,0.6780069628656832
100,-10,65,S,21,30,150,213,237,25,87,full_trace_mean_square,0.09792867312269793
100,-10,65,K,21,30,150,213,237,25,87,full_trace_mean_square,0.015495141380201829
100,-10,66,M,21,30,150,213,237,25,127,full_trace_mean_square,0.6556037751496561
100,-10,66,P,21,30,150,213,237,25,127,full_trace_mean_square,0.8612288672074122
100,-10,66,SLTA,21,30,150,213,237,25,127,full_trace_mean_square,0.677278648427421
100,-10,66,Std,21,30,150,213,237,25,127,full_trace_mean_square,0.7563549273593921
100,-10,66,S,21,30,150,213,237,25,127,full_trace_mean_square,0.17690857912564084
100,-10,66,K,21,30,150,213,237,25,127,full_trace_mean_square,0.3400696346932285
100,-10,67,M,21,30,150,213,237,25,116,full_trace_mean_square,0.5917332848597987
100,-10,67,P,21,30,150,213,237,25,116,full_trace_mean_square,0.7868355200253597
100,-10,67,SLTA,21,30,150,213,237,25,116,full_trace_mean_square,0.6157368533624012
100,-10,67,Std,21,30,150,213,237,25,116,full_trace_mean_square,0.6828282296378676
100,-10,67,S,21,30,150,213,237,25,116,full_trace_mean_square,0.08481733891721377
100,-10,67,K,21,30,150,213,237,25,116,full_trace_mean_square,0.17749057397283535
100,-10,68,M,21,30,150,213,237,25,103,full_trace_mean_square,0.8500728949609817
100,-10,68,P,21,30,150,213,237,25,103,full_trace_mean_square,0.8862927494267798
100,-10,68,SLTA,21,30,150,213,237,25,103,full_trace_mean_square,0.7564751592072573
100,-10,68,Std,21,30,150,213,237,25,103,full_trace_mean_square,0.84848119240882
100,-10,68,S,21,30,150,213,237,25,103,full_trace_mean_square,0.16034688907061917
100,-10,68,K,21,30,150,213,237,25,103,full_trace_mean_square,0.06364906411840554
100,-10,69,M,21,30,150,213,237,25,109,full_trace_mean_square,0.6798041502103895
100,-10,69,P,21,30,150,213,237,25,109,full_trace_mean_square,0.8580731035037116
100,-10,69,SLTA,21,30,150,213,237,25,109,full_trace_mean_square,0.6992720436766365
100,-10,69,Std,21,30,150,213,237,25,109,full_trace_mean_square,0.7409164169166661
100,-10,69,S,21,30,150,213,237,25,109,full_trace_mean_square,0.15511894082909142
100,-10,69,K,21,30,150,213,237,25,109,full_trace_mean_square,0.29157416092322574
100,-10,70,M,21,30,150,213,237,25,100,full_trace_mean_square,0.7845619796032068
100,-10,70,P,21,30,150,213,237,25,100,full_trace_mean_square,0.8967663402478024
100,-10,70,SLTA,21,30,150,213,237,25,100,full_trace_mean_square,0.6779769110411057
100,-10,70,Std,21,30,150,213,237,25,100,full_trace_mean_square,0.8221124047629771
100,-10,70,S,21,30,150,213,237,25,100,full_trace_mean_square,0.047221689354632404
100,-10,70,K,21,30,150,213,237,25,100,full_trace_mean_square,0.44916192295110274
100,-10,71,M,21,30,150,213,237,25,108,full_trace_mean_square,0.6078348164328032
100,-10,71,P,21,30,150,213,237,25,108,full_trace_mean_square,0.8029087526252322
100,-10,71,SLTA,21,30,150,213,237,25,108,full_trace_mean_square,0.6501266560620383
100,-10,71,Std,21,30,150,213,237,25,108,full_trace_mean_square,0.7234313998775797
100,-10,71,S,21,30,150,213,237,25,108,full_trace_mean_square,0.311176574254937
100,-10,71,K,21,30,150,213,237,25,108,full_trace_mean_square,0.45690416926328836
100,-10,72,M,21,30,150,213,237,25,138,full_trace_mean_square,0.7143065423552126
100,-10,72,P,21,30,150,213,237,25,138,full_trace_mean_square,0.8632951586540963
100,-10,72,SLTA,21,30,150,213,237,25,138,full_trace_mean_square,0.7162281078487308
100,-10,72,Std,21,30,150,213,237,25,138,full_trace_mean_square,0.786230798028802
100,-10,72,S,21,30,150,213,237,25,138,full_trace_mean_square,0.16075037942798695
100,-10,72,K,21,30,150,213,237,25,138,full_trace_mean_square,0.20388223940162498
100,-10,73,M,21,30,150,213,237,25,129,full_trace_mean_square,0.7149674223185242
100,-10,73,P,21,30,150,213,237,25,129,full_trace_mean_square,0.8795523330869623
100,-10,73,SLTA,21,30,150,213,237,25,129,full_trace_mean_square,0.6792206287362339
100,-10,73,Std,21,30,150,213,237,25,129,full_trace_mean_square,0.7792115190765583
100,-10,73,S,21,30,150,213,237,25,129,full_trace_mean_square,0.4274394217416923
100,-10,73,K,21,30,150,213,237,25,129,full_trace_mean_square,0.549287303244234
100,-10,74,M,21,30,150,213,237,25,139,full_trace_mean_square,0.8352064989696023
100,-10,74,P,21,30,150,213,237,25,139,full_trace_mean_square,0.9251504819055747
100,-10,74,SLTA,21,30,150,213,237,25,139,full_trace_mean_square,0.8143379874236183
100,-10,74,Std,21,30,150,213,237,25,139,full_trace_mean_square,0.8803922950904743
100,-10,74,S,21,30,150,213,237,25,139,full_trace_mean_square,0.2643603154466411
100,-10,74,K,21,30,150,213,237,25,139,full_trace_mean_square,0.2673255651444226
100,-10,75,M,21,30,150,213,237,25,119,full_trace_mean_square,0.8447785307260369
100,-10,75,P,21,30,150,213,237,25,119,full_trace_mean_square,0.9335545067762601
100,-10,75,SLTA,21,30,150,213,237,25,119,full_trace_mean_square,0.7956126327671939
100,-10,75,Std,21,30,150,213,237,25,119,full_trace_mean_square,0.8891957927305336
100,-10,75,S,21,30,150,213,237,25,119,full_trace_mean_square,0.3436980482748544
100,-10,75,K,21,30,150,213,237,25,119,full_trace_mean_square,0.4257700041131283
100,-10,76,M,21,30,150,213,237,25,108,full_trace_mean_square,0.8343103628801952
100,-10,76,P,21,30,150,213,237,25,108,full_trace_mean_square,0.9168951507400631
100,-10,76,SLTA,21,30,150,213,237,25,108,full_trace_mean_square,0.670703479567367
100,-10,76,Std,21,30,150,213,237,25,108,full_trace_mean_square,0.833843127526497
100,-10,76,S,21,30,150,213,237,25,108,full_trace_mean_square,0.037521958074455526
100,-10,76,K,21,30,150,213,237,25,108,full_trace_mean_square,0.014381103292980122
100,-10,77,M,21,30,150,213,237,25,121,full_trace_mean_square,0.770819133137227
100,-10,77,P,21,30,150,213,237,25,121,full_trace_mean_square,0.9112098375141982
100,-10,77,SLTA,21,30,150,213,237,25,121,full_trace_mean_square,0.7257375383036953
100,-10,77,Std,21,30,150,213,237,25,121,full_trace_mean_square,0.8398403675687269
100,-10,77,S,21,30,150,213,237,25,121,full_trace_mean_square,0.25675676114017393
100,-10,77,K,21,30,150,213,237,25,121,full_trace_mean_square,0.4159782630422491
100,-10,78,M,21,30,150,213,237,25,144,full_trace_mean_square,0.834761026187632
100,-10,78,P,21,30,150,213,237,25,144,full_trace_mean_square,0.9249617500554957
100,-10,78,SLTA,21,30,150,213,237,25,144,full_trace_mean_square,0.8036395403907775
100,-10,78,Std,21,30,150,213,237,25,144,full_trace_mean_square,0.8589879720773985
100,-10,78,S,21,30,150,213,237,25,144,full_trace_mean_square,0.08200268947652307
100,-10,78,K,21,30,150,213,237,25,144,full_trace_mean_square,0.22059257541333066
100,-10,79,M,21,30,150,213,237,25,136,full_trace_mean_square,0.5793620670279053
100,-10,79,P,21,30,150,213,237,25,136,full_trace_mean_square,0.7731078170565878
100,-10,79,SLTA,21,30,150,213,237,25,136,full_trace_mean_square,0.6350264093655411
100,-10,79,Std,21,30,150,213,237,25,136,full_trace_mean_square,0.6543858997524155
100,-10,79,S,21,30,150,213,237,25,136,full_trace_mean_square,0.31805762403983867
100,-10,79,K,21,30,150,213,237,25,136,full_trace_mean_square,0.1948579202798144
100,-10,80,M,21,30,150,213,237,25,140,full_trace_mean_square,0.7771279100043628
100,-10,80,P,21,30,150,213,237,25,140,full_trace_mean_square,0.9035810907239872
100,-10,80,SLTA,21,30,150,213,237,25,140,full_trace_mean_square,0.7737394968830387
100,-10,80,Std,21,30,150,213,237,25,140,full_trace_mean_square,0.8268109317819793
100,-10,80,S,21,30,150,213,237,25,140,full_trace_mean_square,0.22888286079970357
100,-10,80,K,21,30,150,213,237,25,140,full_trace_mean_square,0.24116249763732245
100,-10,81,M,21,30,150,213,237,25,149,full_trace_mean_square,0.6868663366314777
100,-10,81,P,21,30,150,213,237,25,149,full_trace_mean_square,0.8574992201222758
100,-10,81,SLTA,21,30,150,213,237,25,149,full_trace_mean_square,0.725172554653926
100,-10,81,Std,21,30,150,213,237,25,149,full_trace_mean_square,0.7470191682346925
100,-10,81,S,21,30,150,213,237,25,149,full_trace_mean_square,0.3681033853919515
100,-10,81,K,21,30,150,213,237,25,149,full_trace_mean_square,0.38009975874146196
100,-10,82,M,21,30,150,213,237,25,134,full_trace_mean_square,0.8499873412322302
100,-10,82,P,21,30,150,213,237,25,134,full_trace_mean_square,0.9281647897080562
100,-10,82,SLTA,21,30,150,213,237,25,134,full_trace_mean_square,0.793857275453471
100,-10,82,Std,21,30,150,213,237,25,134,full_trace_mean_square,0.889685918151995
100,-10,82,S,21,30,150,213,237,25,134,full_trace_mean_square,0.5271426086806433
100,-10,82,K,21,30,150,213,237,25,134,full_trace_mean_square,0.5030144807619114
100,-10,83,M,21,30,150,213,237,25,108,full_trace_mean_square,0.8161800188161211
100,-10,83,P,21,30,150,213,237,25,108,full_trace_mean_square,0.9119450531522432
100,-10,83,SLTA,21,30,150,213,237,25,108,full_trace_mean_square,0.7716880891335339
100,-10,83,Std,21,30,150,213,237,25,108,full_trace_mean_square,0.8555133563672
100,-10,83,S,21,30,150,213,237,25,108,full_trace_mean_square,0.08484991046002283
100,-10,83,K,21,30,150,213,237,25,108,full_trace_mean_square,0.23419775690383432
100,-10,84,M,21,30,150,213,237,25,147,full_trace_mean_square,0.7346457928826479
100,-10,84,P,21,30,150,213,237,25,147,full_trace_mean_square,0.8614596657926202
100,-10,84,SLTA,21,30,150,213,237,25,147,full_trace_mean_square,0.7052465171662663
100,-10,84,Std,21,30,150,213,237,25,147,full_trace_mean_square,0.7529319783891019
100,-10,84,S,21,30,150,213,237,25,147,full_trace_mean_square,0.33647527264977944
100,-10,84,K,21,30,150,213,237,25,147,full_trace_mean_square,0.30605801471206406
100,-10,85,M,21,30,150,213,237,25,125,full_trace_mean_square,0.8126512489698327
100,-10,85,P,21,30,150,213,237,25,125,full_trace_mean_square,0.9211327173702202
100,-10,85,SLTA,21,30,150,213,237,25,125,full_trace_mean_square,0.7307877821555969
100,-10,85,Std,21,30,150,213,237,25,125,full_trace_mean_square,0.848589913130275
100,-10,85,S,21,30,150,213,237,25,125,full_trace_mean_square,0.28962159500818574
100,-10,85,K,21,30,150,213,237,25,125,full_trace_mean_square,0.33777850155230155
100,-10,86,M,21,30,150,213,237,25,166,full_trace_mean_square,0.7856550175734267
100,-10,86,P,21,30,150,213,237,25,166,full_trace_mean_square,0.9091456518507683
100,-10,86,SLTA,21,30,150,213,237,25,166,full_trace_mean_square,0.7598669973768445
100,-10,86,Std,21,30,150,213,237,25,166,full_trace_mean_square,0.8478154925639391
100,-10,86,S,21,30,150,213,237,25,166,full_trace_mean_square,0.33204128944661637
100,-10,86,K,21,30,150,213,237,25,166,full_trace_mean_square,0.3851357454900688
100,-10,87,M,21,30,150,213,237,25,133,full_trace_mean_square,0.7345119447596431
100,-10,87,P,21,30,150,213,237,25,133,full_trace_mean_square,0.8574529317478834
100,-10,87,SLTA,21,30,150,213,237,25,133,full_trace_mean_square,0.6647996150757387
100,-10,87,Std,21,30,150,213,237,25,133,full_trace_mean_square,0.7484658323616278
100,-10,87,S,21,30,150,213,237,25,133,full_trace_mean_square,0.35998083526869895
100,-10,87,K,21,30,150,213,237,25,133,full_trace_mean_square,0.33850419986852726
100,-10,88,M,21,30,150,213,237,25,117,full_trace_mean_square,0.7636554230543368
100,-10,88,P,21,30,150,213,237,25,117,full_trace_mean_square,0.8609960573774905
100,-10,88,SLTA,21,30,150,213,237,25,117,full_trace_mean_square,0.7112268077253672
100,-10,88,Std,21,30,150,213,237,25,117,full_trace_mean_square,0.774841042799744
100,-10,88,S,21,30,150,213,237,25,117,full_trace_mean_square,0.2714387144465243
100,-10,88,K,21,30,150,213,237,25,117,full_trace_mean_square,0.35490954948997433
100,-10,89,M,21,30,150,213,237,25,123,full_trace_mean_square,0.57867029691108
100,-10,89,P,21,30,150,213,237,25,123,full_trace_mean_square,0.8097344498072383
100,-10,89,SLTA,21,30,150,213,237,25,123,full_trace_mean_square,0.6116450113696413
100,-10,89,Std,21,30,150,213,237,25,123,full_trace_mean_square,0.7040555807186615
100,-10,89,S,21,30,150,213,237,25,123,full_trace_mean_square,0.2187557075189317
100,-10,89,K,21,30,150,213,237,25,123,full_trace_mean_square,0.6398191357681778
100,-10,90,M,21,30,150,213,237,25,121,full_trace_mean_square,0.7880542567322075
100,-10,90,P,21,30,150,213,237,25,121,full_trace_mean_square,0.9121032941441454
100,-10,90,SLTA,21,30,150,213,237,25,121,full_trace_mean_square,0.7549716583223561
100,-10,90,Std,21,30,150,213,237,25,121,full_trace_mean_square,0.8287355569071964
100,-10,90,S,21,30,150,213,237,25,121,full_trace_mean_square,0.32604152011551146
100,-10,90,K,21,30,150,213,237,25,121,full_trace_mean_square,0.3619173221980454
100,-10,91,M,21,30,150,213,237,25,124,full_trace_mean_square,0.7412111552129913
100,-10,91,P,21,30,150,213,237,25,124,full_trace_mean_square,0.8860499762727017
100,-10,91,SLTA,21,30,150,213,237,25,124,full_trace_mean_square,0.7515158000942695
100,-10,91,Std,21,30,150,213,237,25,124,full_trace_mean_square,0.8085899544264163
100,-10,91,S,21,30,150,213,237,25,124,full_trace_mean_square,0.27071796463843784
100,-10,91,K,21,30,150,213,237,25,124,full_trace_mean_square,0.3245337153430062
100,-10,92,M,21,30,150,213,237,25,139,full_trace_mean_square,0.848302770208572
100,-10,92,P,21,30,150,213,237,25,139,full_trace_mean_square,0.9246561144213153
100,-10,92,SLTA,21,30,150,213,237,25,139,full_trace_mean_square,0.761521828702448
100,-10,92,Std,21,30,150,213,237,25,139,full_trace_mean_square,0.8722494795043876
100,-10,92,S,21,30,150,213,237,25,139,full_trace_mean_square,0.23760899977250766
100,-10,92,K,21,30,150,213,237,25,139,full_trace_mean_square,0.33793171513188386
100,-10,93,M,21,30,150,213,237,25,119,full_trace_mean_square,0.7490788091282349
100,-10,93,P,21,30,150,213,237,25,119,full_trace_mean_square,0.8749012670520663
100,-10,93,SLTA,21,30,150,213,237,25,119,full_trace_mean_square,0.7228467186311404
100,-10,93,Std,21,30,150,213,237,25,119,full_trace_mean_square,0.7828310711783261
100,-10,93,S,21,30,150,213,237,25,119,full_trace_mean_square,0.3558690814293903
100,-10,93,K,21,30,150,213,237,25,119,full_trace_mean_square,0.3223868910142555
100,-10,94,M,21,30,150,213,237,25,115,full_trace_mean_square,0.77763062573589
100,-10,94,P,21,30,150,213,237,25,115,full_trace_mean_square,0.9002710393610283
100,-10,94,SLTA,21,30,150,213,237,25,115,full_trace_mean_square,0.769327216366393
100,-10,94,Std,21,30,150,213,237,25,115,full_trace_mean_square,0.8320233352895561
100,-10,94,S,21,30,150,213,237,25,115,full_trace_mean_square,0.19765295753441497
100,-10,94,K,21,30,150,213,237,25,115,full_trace_mean_square,0.33743545430443317
100,-10,95,M,21,30,150,213,237,25,90,full_trace_mean_square,0.7593348468687904
100,-10,95,P,21,30,150,213,237,25,90,full_trace_mean_square,0.903219777675723
100,-10,95,SLTA,21,30,150,213,237,25,90,full_trace_mean_square,0.7488253036820226
100,-10,95,Std,21,30,150,213,237,25,90,full_trace_mean_square,0.8151121551500208
100,-10,95,S,21,30,150,213,237,25,90,full_trace_mean_square,0.2341755816743877
100,-10,95,K,21,30,150,213,237,25,90,full_trace_mean_square,0.406584447597606
100,-10,96,M,21,30,150,213,237,25,127,full_trace_mean_square,0.8217221833305873
100,-10,96,P,21,30,150,213,237,25,127,full_trace_mean_square,0.9156049111660876
100,-10,96,SLTA,21,30,150,213,237,25,127,full_trace_mean_square,0.7918093839737353
100,-10,96,Std,21,30,150,213,237,25,127,full_trace_mean_square,0.8680998235286634
100,-10,96,S,21,30,150,213,237,25,127,full_trace_mean_square,0.25796677532086454
100,-10,96,K,21,30,150,213,237,25,127,full_trace_mean_square,0.28679139095265915
100,-10,97,M,21,30,150,213,237,25,102,full_trace_mean_square,0.7262642635094864
100,-10,97,P,21,30,150,213,237,25,102,full_trace_mean_square,0.8875839410145399
100,-10,97,SLTA,21,30,150,213,237,25,102,full_trace_mean_square,0.7594036970124474
100,-10,97,Std,21,30,150,213,237,25,102,full_trace_mean_square,0.7917163740795884
100,-10,97,S,21,30,150,213,237,25,102,full_trace_mean_square,0.09340922264048424
100,-10,97,K,21,30,150,213,237,25,102,full_trace_mean_square,0.2907637201668683
100,-10,98,M,21,30,150,213,237,25,133,full_trace_mean_square,0.8332343151905357
100,-10,98,P,21,30,150,213,237,25,133,full_trace_mean_square,0.9186687658884526
100,-10,98,SLTA,21,30,150,213,237,25,133,full_trace_mean_square,0.7947722283523557
100,-10,98,Std,21,30,150,213,237,25,133,full_trace_mean_square,0.8523560818990863
100,-10,98,S,21,30,150,213,237,25,133,full_trace_mean_square,0.09205478529868719
100,-10,98,K,21,30,150,213,237,25,133,full_trace_mean_square,0.08025306510535768
100,-10,99,M,21,30,150,213,237,25,129,full_trace_mean_square,0.8470350600468971
100,-10,99,P,21,30,150,213,237,25,129,full_trace_mean_square,0.9308170629188293
100,-10,99,SLTA,21,30,150,213,237,25,129,full_trace_mean_square,0.8049284226274516
100,-10,99,Std,21,30,150,213,237,25,129,full_trace_mean_square,0.884290561440412
100,-10,99,S,21,30,150,213,237,25,129,full_trace_mean_square,0.29317728030349377
100,-10,99,K,21,30,150,213,237,25,129,full_trace_mean_square,0.3583487347191419
100,-10,100,M,21,30,150,213,237,25,131,full_trace_mean_square,0.6832566110465967
100,-10,100,P,21,30,150,213,237,25,131,full_trace_mean_square,0.8381549115076503
100,-10,100,SLTA,21,30,150,213,237,25,131,full_trace_mean_square,0.73249454630064
100,-10,100,Std,21,30,150,213,237,25,131,full_trace_mean_square,0.7271933161431331
100,-10,100,S,21,30,150,213,237,25,131,full_trace_mean_square,0.376088648877161
100,-10,100,K,21,30,150,213,237,25,131,full_trace_mean_square,0.35362277388796
100,-10,101,M,21,30,150,213,237,25,114,full_trace_mean_square,0.8251671788075021
100,-10,101,P,21,30,150,213,237,25,114,full_trace_mean_square,0.9248036413528788
100,-10,101,SLTA,21,30,150,213,237,25,114,full_trace_mean_square,0.7469315389645603
100,-10,101,Std,21,30,150,213,237,25,114,full_trace_mean_square,0.8574382788175783
100,-10,101,S,21,30,150,213,237,25,114,full_trace_mean_square,0.10989983613995992
100,-10,101,K,21,30,150,213,237,25,114,full_trace_mean_square,0.18012548408495146
100,-10,102,M,21,30,150,213,237,25,122,full_trace_mean_square,0.7830496881585765
100,-10,102,P,21,30,150,213,237,25,122,full_trace_mean_square,0.8982893331785997
100,-10,102,SLTA,21,30,150,213,237,25,122,full_trace_mean_square,0.7530642501887681
100,-10,102,Std,21,30,150,213,237,25,122,full_trace_mean_square,0.8066625890036844
100,-10,102,S,21,30,150,213,237,25,122,full_trace_mean_square,0.2537300747805751
100,-10,102,K,21,30,150,213,237,25,122,full_trace_mean_square,0.1646013524720459
100,-10,103,M,21,30,150,213,237,25,91,full_trace_mean_square,0.6421115296871367
100,-10,103,P,21,30,150,213,237,25,91,full_trace_mean_square,0.7606823891468603
100,-10,103,SLTA,21,30,150,213,237,25,91,full_trace_mean_square,0.695495704926803
100,-10,103,Std,21,30,150,213,237,25,91,full_trace_mean_square,0.6636668795958122
100,-10,103,S,21,30,150,213,237,25,91,full_trace_mean_square,0.010097012823279659
100,-10,103,K,21,30,150,213,237,25,91,full_trace_mean_square,0.056373694618002235
100,-10,104,M,21,30,150,213,237,25,122,full_trace_mean_square,0.6430918708074728
100,-10,104,P,21,30,150,213,237,25,122,full_trace_mean_square,0.7670694742901615
100,-10,104,SLTA,21,30,150,213,237,25,122,full_trace_mean_square,0.49639580621956997
100,-10,104,Std,21,30,150,213,237,25,122,full_trace_mean_square,0.6717337715782808
100,-10,104,S,21,30,150,213,237,25,122,full_trace_mean_square,0.16311584119232345
100,-10,104,K,21,30,150,213,237,25,122,full_trace_mean_square,0.07060454583006767
100,-10,105,M,21,30,150,213,237,25,102,full_trace_mean_square,0.8212465212690907
100,-10,105,P,21,30,150,213,237,25,102,full_trace_mean_square,0.9260320647579292
100,-10,105,SLTA,21,30,150,213,237,25,102,full_trace_mean_square,0.7477503972418876
100,-10,105,Std,21,30,150,213,237,25,102,full_trace_mean_square,0.8501728660187767
100,-10,105,S,21,30,150,213,237,25,102,full_trace_mean_square,0.035718688386849336
100,-10,105,K,21,30,150,213,237,25,102,full_trace_mean_square,0.00932139747354011
100,-10,106,M,21,30,150,213,237,25,143,full_trace_mean_square,0.7986833438742844
100,-10,106,P,21,30,150,213,237,25,143,full_trace_mean_square,0.9151236236251032
100,-10,106,SLTA,21,30,150,213,237,25,143,full_trace_mean_square,0.7987642236152042
100,-10,106,Std,21,30,150,213,237,25,143,full_trace_mean_square,0.8645920831339109
100,-10,106,S,21,30,150,213,237,25,143,full_trace_mean_square,0.39944438531664556
100,-10,106,K,21,30,150,213,237,25,143,full_trace_mean_square,0.36834523881290987
100,-10,107,M,21,30,150,213,237,25,110,full_trace_mean_square,0.7939231152856131
100,-10,107,P,21,30,150,213,237,25,110,full_trace_mean_square,0.9110631601859929
100,-10,107,SLTA,21,30,150,213,237,25,110,full_trace_mean_square,0.7642067826411598
100,-10,107,Std,21,30,150,213,237,25,110,full_trace_mean_square,0.8475347360521476
100,-10,107,S,21,30,150,213,237,25,110,full_trace_mean_square,0.07634482359631674
100,-10,107,K,21,30,150,213,237,25,110,full_trace_mean_square,0.21327026707094326
100,-10,108,M,21,30,150,213,237,25,135,full_trace_mean_square,0.7992334668297993
100,-10,108,P,21,30,150,213,237,25,135,full_trace_mean_square,0.8940079878485969
100,-10,108,SLTA,21,30,150,213,237,25,135,full_trace_mean_square,0.7517716096000836
100,-10,108,Std,21,30,150,213,237,25,135,full_trace_mean_square,0.8222908647905449
100,-10,108,S,21,30,150,213,237,25,135,full_trace_mean_square,0.32293713505654376
100,-10,108,K,21,30,150,213,237,25,135,full_trace_mean_square,0.35026375387716013
100,-10,109,M,21,30,150,213,237,25,115,full_trace_mean_square,0.6014901687397
100,-10,109,P,21,30,150,213,237,25,115,full_trace_mean_square,0.7727345025980638
100,-10,109,SLTA,21,30,150,213,237,25,115,full_trace_mean_square,0.6079980041962828
100,-10,109,Std,21,30,150,213,237,25,115,full_trace_mean_square,0.6715176001221317
100,-10,109,S,21,30,150,213,237,25,115,full_trace_mean_square,0.1238603071760468
100,-10,109,K,21,30,150,213,237,25,115,full_trace_mean_square,0.1379325881450354
100,-10,110,M,21,30,150,213,237,25,96,full_trace_mean_square,0.28850371902546196
100,-10,110,P,21,30,150,213,237,25,96,full_trace_mean_square,0.37120277605243646
100,-10,110,SLTA,21,30,150,213,237,25,96,full_trace_mean_square,0.3823824765648946
100,-10,110,Std,21,30,150,213,237,25,96,full_trace_mean_square,0.33328549785584693
100,-10,110,S,21,30,150,213,237,25,96,full_trace_mean_square,0.1107940707952568
100,-10,110,K,21,30,150,213,237,25,96,full_trace_mean_square,0.11961797664282785
100,-10,111,M,21,30,150,213,237,25,86,full_trace_mean_square,0.6929716350860519
100,-10,111,P,21,30,150,213,237,25,86,full_trace_mean_square,0.8481997577212075
100,-10,111,SLTA,21,30,150,213,237,25,86,full_trace_mean_square,0.6976693444117825
100,-10,111,Std,21,30,150,213,237,25,86,full_trace_mean_square,0.7169349472799349
100,-10,111,S,21,30,150,213,237,25,86,full_trace_mean_square,0.11139205666178295
100,-10,111,K,21,30,150,213,237,25,86,full_trace_mean_square,0.054936390295792864
100,-10,112,M,21,30,150,213,237,25,124,full_trace_mean_square,0.7269743662644929
100,-10,112,P,21,30,150,213,237,25,124,full_trace_mean_square,0.8708969684141563
100,-10,112,SLTA,21,30,150,213,237,25,124,full_trace_mean_square,0.7249518819373832
100,-10,112,Std,21,30,150,213,237,25,124,full_trace_mean_square,0.7784077969226358
100,-10,112,S,21,30,150,213,237,25,124,full_trace_mean_square,0.4303925326581883
100,-10,112,K,21,30,150,213,237,25,124,full_trace_mean_square,0.3488029434773384
100,-10,113,M,21,30,150,213,237,25,129,full_trace_mean_square,0.8081389714086947
100,-10,113,P,21,30,150,213,237,25,129,full_trace_mean_square,0.898868075402648
100,-10,113,SLTA,21,30,150,213,237,25,129,full_trace_mean_square,0.7723839027571231
100,-10,113,Std,21,30,150,213,237,25,129,full_trace_mean_square,0.8266608306179158
100,-10,113,S,21,30,150,213,237,25,129,full_trace_mean_square,0.1120235627792873
100,-10,113,K,21,30,150,213,237,25,129,full_trace_mean_square,0.053658622115210566
100,-10,114,M,21,30,150,213,237,25,121,full_trace_mean_square,0.829496467344992
100,-10,114,P,21,30,150,213,237,25,121,full_trace_mean_square,0.9142294126525354
100,-10,114,SLTA,21,30,150,213,237,25,121,full_trace_mean_square,0.7965534679022169
100,-10,114,Std,21,30,150,213,237,25,121,full_trace_mean_square,0.8644994382248924
100,-10,114,S,21,30,150,213,237,25,121,full_trace_mean_square,0.2423388642792082
100,-10,114,K,21,30,150,213,237,25,121,full_trace_mean_square,0.18293945350851037
100,-10,115,M,21,30,150,213,237,25,130,full_trace_mean_square,0.5694609085179081
100,-10,115,P,21,30,150,213,237,25,130,full_trace_mean_square,0.7368591987908657
100,-10,115,SLTA,21,30,150,213,237,25,130,full_trace_mean_square,0.558203494995742
100,-10,115,Std,21,30,150,213,237,25,130,full_trace_mean_square,0.6580717117022203
100,-10,115,S,21,30,150,213,237,25,130,full_trace_mean_square,0.427580132340123
100,-10,115,K,21,30,150,213,237,25,130,full_trace_mean_square,0.2893096812124902
100,-10,116,M,21,30,150,213,237,25,83,full_trace_mean_square,0.7776024411361621
100,-10,116,P,21,30,150,213,237,25,83,full_trace_mean_square,0.8988615265001365
100,-10,116,SLTA,21,30,150,213,237,25,83,full_trace_mean_square,0.7462882840536935
100,-10,116,Std,21,30,150,213,237,25,83,full_trace_mean_square,0.8335143228258111
100,-10,116,S,21,30,150,213,237,25,83,full_trace_mean_square,0.14105319212536338
100,-10,116,K,21,30,150,213,237,25,83,full_trace_mean_square,0.3378389016257916
100,-10,117,M,21,30,150,213,237,25,114,full_trace_mean_square,0.6512505717908548
100,-10,117,P,21,30,150,213,237,25,114,full_trace_mean_square,0.8443975696936546
100,-10,117,SLTA,21,30,150,213,237,25,114,full_trace_mean_square,0.6903135257716737
100,-10,117,Std,21,30,150,213,237,25,114,full_trace_mean_square,0.7345562281867997
100,-10,117,S,21,30,150,213,237,25,114,full_trace_mean_square,0.23485308155148896
100,-10,117,K,21,30,150,213,237,25,114,full_trace_mean_square,0.3034209346699738
100,-10,118,M,21,30,150,213,237,25,134,full_trace_mean_square,0.7820717030652155
100,-10,118,P,21,30,150,213,237,25,134,full_trace_mean_square,0.895572719433046
100,-10,118,SLTA,21,30,150,213,237,25,134,full_trace_mean_square,0.6882731878783208
100,-10,118,Std,21,30,150,213,237,25,134,full_trace_mean_square,0.8039358494575014
100,-10,118,S,21,30,150,213,237,25,134,full_trace_mean_square,0.22253220019512246
100,-10,118,K,21,30,150,213,237,25,134,full_trace_mean_square,0.27050459951362293
100,-10,119,M,21,30,150,213,237,25,106,full_trace_mean_square,0.7186475129069613
100,-10,119,P,21,30,150,213,237,25,106,full_trace_mean_square,0.8846530583651724
100,-10,119,SLTA,21,30,150,213,237,25,106,full_trace_mean_square,0.8056775176389886
100,-10,119,Std,21,30,150,213,237,25,106,full_trace_mean_square,0.7900413363666859
100,-10,119,S,21,30,150,213,237,25,106,full_trace_mean_square,0.277000060977198
100,-10,119,K,21,30,150,213,237,25,106,full_trace_mean_square,0.26994188409711267
100,-10,120,M,21,30,150,213,237,25,137,full_trace_mean_square,0.7789120724121501
100,-10,120,P,21,30,150,213,237,25,137,full_trace_mean_square,0.911095466703757
100,-10,120,SLTA,21,30,150,213,237,25,137,full_trace_mean_square,0.6932252608387159
100,-10,120,Std,21,30,150,213,237,25,137,full_trace_mean_square,0.8242937131219964
100,-10,120,S,21,30,150,213,237,25,137,full_trace_mean_square,0.38973749268678376
100,-10,120,K,21,30,150,213,237,25,137,full_trace_mean_square,0.3734565669823254
100,-10,121,M,21,30,150,213,237,25,126,full_trace_mean_square,0.7849423560948712
100,-10,121,P,21,30,150,213,237,25,126,full_trace_mean_square,0.9086915674798344
100,-10,121,SLTA,21,30,150,213,237,25,126,full_trace_mean_square,0.7596726344914586
100,-10,121,Std,21,30,150,213,237,25,126,full_trace_mean_square,0.8517124921593159
100,-10,121,S,21,30,150,213,237,25,126,full_trace_mean_square,0.4156770237888537
100,-10,121,K,21,30,150,213,237,25,126,full_trace_mean_square,0.49744808807299473
100,-10,122,M,21,30,150,213,237,25,118,full_trace_mean_square,0.7273392986480398
100,-10,122,P,21,30,150,213,237,25,118,full_trace_mean_square,0.8618336936299543
100,-10,122,SLTA,21,30,150,213,237,25,118,full_trace_mean_square,0.7390778645110586
100,-10,122,Std,21,30,150,213,237,25,118,full_trace_mean_square,0.7809693653579173
100,-10,122,S,21,30,150,213,237,25,118,full_trace_mean_square,0.15978288393704443
100,-10,122,K,21,30,150,213,237,25,118,full_trace_mean_square,0.1732719500134977
100,-10,123,M,21,30,150,213,237,25,118,full_trace_mean_square,0.8132386558566639
100,-10,123,P,21,30,150,213,237,25,118,full_trace_mean_square,0.9121044528585303
100,-10,123,SLTA,21,30,150,213,237,25,118,full_trace_mean_square,0.7894726375255814
100,-10,123,Std,21,30,150,213,237,25,118,full_trace_mean_square,0.8540967280535149
100,-10,123,S,21,30,150,213,237,25,118,full_trace_mean_square,0.3750034499143795
100,-10,123,K,21,30,150,213,237,25,118,full_trace_mean_square,0.2228964191196141
100,-10,124,M,21,30,150,213,237,25,114,full_trace_mean_square,0.8574250620863016
100,-10,124,P,21,30,150,213,237,25,114,full_trace_mean_square,0.9285214521702283
100,-10,124,SLTA,21,30,150,213,237,25,114,full_trace_mean_square,0.7979592607289808
100,-10,124,Std,21,30,150,213,237,25,114,full_trace_mean_square,0.8957772884855555
100,-10,124,S,21,30,150,213,237,25,114,full_trace_mean_square,0.23185374742184442
100,-10,124,K,21,30,150,213,237,25,114,full_trace_mean_square,0.4101845780719717
100,-10,125,M,21,30,150,213,237,25,148,full_trace_mean_square,0.8039754408589103
100,-10,125,P,21,30,150,213,237,25,148,full_trace_mean_square,0.8958211948945017
100,-10,125,SLTA,21,30,150,213,237,25,148,full_trace_mean_square,0.7525174462761524
100,-10,125,Std,21,30,150,213,237,25,148,full_trace_mean_square,0.8279772841113691
100,-10,125,S,21,30,150,213,237,25,148,full_trace_mean_square,0.367431124895881
100,-10,125,K,21,30,150,213,237,25,148,full_trace_mean_square,0.3568257075928051
100,-10,126,M,21,30,150,213,237,25,117,full_trace_mean_square,0.7572241686561549
100,-10,126,P,21,30,150,213,237,25,117,full_trace_mean_square,0.9047916347994083
100,-10,126,SLTA,21,30,150,213,237,25,117,full_trace_mean_square,0.7370371241701147
100,-10,126,Std,21,30,150,213,237,25,117,full_trace_mean_square,0.8167079418765242
100,-10,126,S,21,30,150,213,237,25,117,full_trace_mean_square,0.285992746395598
100,-10,126,K,21,30,150,213,237,25,117,full_trace_mean_square,0.3233304832084639
100,-10,127,M,21,30,150,213,237,25,94,full_trace_mean_square,0.6394232255981789
100,-10,127,P,21,30,150,213,237,25,94,full_trace_mean_square,0.7696227210851948
100,-10,127,SLTA,21,30,150,213,237,25,94,full_trace_mean_square,0.6705229510746804
100,-10,127,Std,21,30,150,213,237,25,94,full_trace_mean_square,0.6914569754396037
100,-10,127,S,21,30,150,213,237,25,94,full_trace_mean_square,0.33637516458475136
100,-10,127,K,21,30,150,213,237,25,94,full_trace_mean_square,0.3621669246445119
100,-10,128,M,21,30,150,213,237,25,88,full_trace_mean_square,0.7466647388114881
100,-10,128,P,21,30,150,213,237,25,88,full_trace_mean_square,0.8582140732414588
100,-10,128,SLTA,21,30,150,213,237,25,88,full_trace_mean_square,0.6465344216293691
100,-10,128,Std,21,30,150,213,237,25,88,full_trace_mean_square,0.7590587653375857
100,-10,128,S,21,30,150,213,237,25,88,full_trace_mean_square,0.013434318609702076
100,-10,128,K,21,30,150,213,237,25,88,full_trace_mean_square,0.02166374657199644
100,-10,129,M,21,30,150,213,237,25,120,full_trace_mean_square,0.814246425269009
100,-10,129,P,21,30,150,213,237,25,120,full_trace_mean_square,0.9194790541574396
100,-10,129,SLTA,21,30,150,213,237,25,120,full_trace_mean_square,0.7855459565713812
100,-10,129,Std,21,30,150,213,237,25,120,full_trace_mean_square,0.8512478664926069
100,-10,129,S,21,30,150,213,237,25,120,full_trace_mean_square,0.25558122263737804
100,-10,129,K,21,30,150,213,237,25,120,full_trace_mean_square,0.34893932593195665
100,-10,130,M,21,30,150,213,237,25,134,full_trace_mean_square,0.7484250057486239
100,-10,130,P,21,30,150,213,237,25,134,full_trace_mean_square,0.8882459615877063
100,-10,130,SLTA,21,30,150,213,237,25,134,full_trace_mean_square,0.6646044132266993
100,-10,130,Std,21,30,150,213,237,25,134,full_trace_mean_square,0.8013974225526465
100,-10,130,S,21,30,150,213,237,25,134,full_trace_mean_square,0.22583367427898618
100,-10,130,K,21,30,150,213,237,25,134,full_trace_mean_square,0.3113801386986285
100,-10,131,M,21,30,150,213,237,25,126,full_trace_mean_square,0.830792450743164
100,-10,131,P,21,30,150,213,237,25,126,full_trace_mean_square,0.9174132361457769
100,-10,131,SLTA,21,30,150,213,237,25,126,full_trace_mean_square,0.7724408730238277
100,-10,131,Std,21,30,150,213,237,25,126,full_trace_mean_square,0.856872058044264
100,-10,131,S,21,30,150,213,237,25,126,full_trace_mean_square,0.25554322640993715
100,-10,131,K,21,30,150,213,237,25,126,full_trace_mean_square,0.2986036636659325
100,-10,132,M,21,30,150,213,237,25,136,full_trace_mean_square,0.8511494638308892
100,-10,132,P,21,30,150,213,237,25,136,full_trace_mean_square,0.9250115814462444
100,-10,132,SLTA,21,30,150,213,237,25,136,full_trace_mean_square,0.7489922288962739
100,-10,132,Std,21,30,150,213,237,25,136,full_trace_mean_square,0.8723319569404768
100,-10,132,S,21,30,150,213,237,25,136,full_trace_mean_square,0.2690269688351702
100,-10,132,K,21,30,150,213,237,25,136,full_trace_mean_square,0.21495671139954217
100,-10,133,M,21,30,150,213,237,25,150,full_trace_mean_square,0.7044208701555144
100,-10,133,P,21,30,150,213,237,25,150,full_trace_mean_square,0.882818333331161
100,-10,133,SLTA,21,30,150,213,237,25,150,full_trace_mean_square,0.7376441090577387
100,-10,133,Std,21,30,150,213,237,25,150,full_trace_mean_square,0.8042405908023798
100,-10,133,S,21,30,150,213,237,25,150,full_trace_mean_square,0.4120309598636889
100,-10,133,K,21,30,150,213,237,25,150,full_trace_mean_square,0.5049119164849751
100,-10,134,M,21,30,150,213,237,25,120,full_trace_mean_square,0.5946166581518865
100,-10,134,P,21,30,150,213,237,25,120,full_trace_mean_square,0.7661180762562021
100,-10,134,SLTA,21,30,150,213,237,25,120,full_trace_mean_square,0.6245992815346273
100,-10,134,Std,21,30,150,213,237,25,120,full_trace_mean_square,0.6569578333364922
100,-10,134,S,21,30,150,213,237,25,120,full_trace_mean_square,0.32597111906006515
100,-10,134,K,21,30,150,213,237,25,120,full_trace_mean_square,0.30497150168314885
100,-10,135,M,21,30,150,213,237,25,152,full_trace_mean_square,0.7345896667627478
100,-10,135,P,21,30,150,213,237,25,152,full_trace_mean_square,0.8956275477031443
100,-10,135,SLTA,21,30,150,213,237,25,152,full_trace_mean_square,0.6414747921073614
100,-10,135,Std,21,30,150,213,237,25,152,full_trace_mean_square,0.8018215422550372
100,-10,135,S,21,30,150,213,237,25,152,full_trace_mean_square,0.1998986209020623
100,-10,135,K,21,30,150,213,237,25,152,full_trace_mean_square,0.363890993268001
100,-10,136,M,21,30,150,213,237,25,103,full_trace_mean_square,0.7697068879974089
100,-10,136,P,21,30,150,213,237,25,103,full_trace_mean_square,0.8924564895162979
100,-10,136,SLTA,21,30,150,213,237,25,103,full_trace_mean_square,0.7348393220007305
100,-10,136,Std,21,30,150,213,237,25,103,full_trace_mean_square,0.8094918470204071
100,-10,136,S,21,30,150,213,237,25,103,full_trace_mean_square,0.13102095578671027
100,-10,136,K,21,30,150,213,237,25,103,full_trace_mean_square,0.2897454691515801
100,-10,137,M,21,30,150,213,237,25,136,full_trace_mean_square,0.8560327523292435
100,-10,137,P,21,30,150,213,237,25,136,full_trace_mean_square,0.9342692704429177
100,-10,137,SLTA,21,30,150,213,237,25,136,full_trace_mean_square,0.8105327418935251
100,-10,137,Std,21,30,150,213,237,25,136,full_trace_mean_square,0.8926262282779679
100,-10,137,S,21,30,150,213,237,25,136,full_trace_mean_square,0.19685200184405258
100,-10,137,K,21,30,150,213,237,25,136,full_trace_mean_square,0.32982166065097074
100,-10,138,M,21,30,150,213,237,25,122,full_trace_mean_square,0.8033788714700495
100,-10,138,P,21,30,150,213,237,25,122,full_trace_mean_square,0.9074938635649245
100,-10,138,SLTA,21,30,150,213,237,25,122,full_trace_mean_square,0.7593054513724221
100,-10,138,Std,21,30,150,213,237,25,122,full_trace_mean_square,0.8339755411705014
100,-10,138,S,21,30,150,213,237,25,122,full_trace_mean_square,0.2044474231210146
100,-10,138,K,21,30,150,213,237,25,122,full_trace_mean_square,0.160584884271423
100,-10,139,M,21,30,150,213,237,25,108,full_trace_mean_square,0.6900133961714293
100,-10,139,P,21,30,150,213,237,25,108,full_trace_mean_square,0.8636695014047181
100,-10,139,SLTA,21,30,150,213,237,25,108,full_trace_mean_square,0.6024398109417188
100,-10,139,Std,21,30,150,213,237,25,108,full_trace_mean_square,0.7517350695479709
100,-10,139,S,21,30,150,213,237,25,108,full_trace_mean_square,0.29130284772311343
100,-10,139,K,21,30,150,213,237,25,108,full_trace_mean_square,0.338192507689004
100,-10,140,M,21,30,150,213,237,25,119,full_trace_mean_square,0.81609503199187
100,-10,140,P,21,30,150,213,237,25,119,full_trace_mean_square,0.9163189149286347
100,-10,140,SLTA,21,30,150,213,237,25,119,full_trace_mean_square,0.7689028259856866
100,-10,140,Std,21,30,150,213,237,25,119,full_trace_mean_square,0.8379936129953279
100,-10,140,S,21,30,150,213,237,25,119,full_trace_mean_square,0.17496153453497632
100,-10,140,K,21,30,150,213,237,25,119,full_trace_mean_square,0.14445565420000603
100,-10,141,M,21,30,150,213,237,25,104,full_trace_mean_square,0.70854432111246
100,-10,141,P,21,30,150,213,237,25,104,full_trace_mean_square,0.882515461118615
100,-10,141,SLTA,21,30,150,213,237,25,104,full_trace_mean_square,0.7414727888657845
100,-10,141,Std,21,30,150,213,237,25,104,full_trace_mean_square,0.7786355859472586
100,-10,141,S,21,30,150,213,237,25,104,full_trace_mean_square,0.14758130314725798
100,-10,141,K,21,30,150,213,237,25,104,full_trace_mean_square,0.26335894428851764
100,-10,142,M,21,30,150,213,237,25,125,full_trace_mean_square,0.8290240482231344
100,-10,142,P,21,30,150,213,237,25,125,full_trace_mean_square,0.9294757107814767
100,-10,142,SLTA,21,30,150,213,237,25,125,full_trace_mean_square,0.8146874800195405
100,-10,142,Std,21,30,150,213,237,25,125,full_trace_mean_square,0.8782916858770893
100,-10,142,S,21,30,150,213,237,25,125,full_trace_mean_square,0.4236020637219864
100,-10,142,K,21,30,150,213,237,25,125,full_trace_mean_square,0.36752010756197984
100,-10,143,M,21,30,150,213,237,25,93,full_trace_mean_square,0.7738075668859812
100,-10,143,P,21,30,150,213,237,25,93,full_trace_mean_square,0.9059004280072172
100,-10,143,SLTA,21,30,150,213,237,25,93,full_trace_mean_square,0.719471331511131
100,-10,143,Std,21,30,150,213,237,25,93,full_trace_mean_square,0.8327692044248363
100,-10,143,S,21,30,150,213,237,25,93,full_trace_mean_square,0.2421729948674619
100,-10,143,K,21,30,150,213,237,25,93,full_trace_mean_square,0.24356957939921053
100,-10,144,M,21,30,150,213,237,25,125,full_trace_mean_square,0.8614624136662472
100,-10,144,P,21,30,150,213,237,25,125,full_trace_mean_square,0.9352223745644094
100,-10,144,SLTA,21,30,150,213,237,25,125,full_trace_mean_square,0.7927547059516598
100,-10,144,Std,21,30,150,213,237,25,125,full_trace_mean_square,0.9014099475263019
100,-10,144,S,21,30,150,213,237,25,125,full_trace_mean_square,0.35126422858248885
100,-10,144,K,21,30,150,213,237,25,125,full_trace_mean_square,0.42543667857513545
100,-10,145,M,21,30,150,213,237,25,114,full_trace_mean_square,0.844911572293655
100,-10,145,P,21,30,150,213,237,25,114,full_trace_mean_square,0.9232025272887747
100,-10,145,SLTA,21,30,150,213,237,25,114,full_trace_mean_square,0.7743243741893393
100,-10,145,Std,21,30,150,213,237,25,114,full_trace_mean_square,0.8689008342695024
100,-10,145,S,21,30,150,213,237,25,114,full_trace_mean_square,0.33863363109740596
100,-10,145,K,21,30,150,213,237,25,114,full_trace_mean_square,0.26878417416448624
100,-10,146,M,21,30,150,213,237,25,130,full_trace_mean_square,0.8595480058822372
100,-10,146,P,21,30,150,213,237,25,130,full_trace_mean_square,0.9301191441821446
100,-10,146,SLTA,21,30,150,213,237,25,130,full_trace_mean_square,0.7849315381164508
100,-10,146,Std,21,30,150,213,237,25,130,full_trace_mean_square,0.8947515568504134
100,-10,146,S,21,30,150,213,237,25,130,full_trace_mean_square,0.3301026500242008
100,-10,146,K,21,30,150,213,237,25,130,full_trace_mean_square,0.4207783288095784
100,-10,147,M,21,30,150,213,237,25,121,full_trace_mean_square,0.7998506129442082
100,-10,147,P,21,30,150,213,237,25,121,full_trace_mean_square,0.9180287772627629
100,-10,147,SLTA,21,30,150,213,237,25,121,full_trace_mean_square,0.752236139783377
100,-10,147,Std,21,30,150,213,237,25,121,full_trace_mean_square,0.8624918645764165
100,-10,147,S,21,30,150,213,237,25,121,full_trace_mean_square,0.4172724892172026
100,-10,147,K,21,30,150,213,237,25,121,full_trace_mean_square,0.45887708676815564
100,-10,148,M,21,30,150,213,237,25,117,full_trace_mean_square,0.6952108602587571
100,-10,148,P,21,30,150,213,237,25,117,full_trace_mean_square,0.8890115163993725
100,-10,148,SLTA,21,30,150,213,237,25,117,full_trace_mean_square,0.7783105819753143
100,-10,148,Std,21,30,150,213,237,25,117,full_trace_mean_square,0.809805594097844
100,-10,148,S,21,30,150,213,237,25,117,full_trace_mean_square,0.1403899122667459
100,-10,148,K,21,30,150,213,237,25,117,full_trace_mean_square,0.30214850096091017
100,-10,149,M,21,30,150,213,237,25,154,full_trace_mean_square,0.8125281322579274
100,-10,149,P,21,30,150,213,237,25,154,full_trace_mean_square,0.909721916020788
100,-10,149,SLTA,21,30,150,213,237,25,154,full_trace_mean_square,0.8104178243994304
100,-10,149,Std,21,30,150,213,237,25,154,full_trace_mean_square,0.8542327148680195
100,-10,149,S,21,30,150,213,237,25,154,full_trace_mean_square,0.2216208806519581
100,-10,149,K,21,30,150,213,237,25,154,full_trace_mean_square,0.36766743627048
100,-10,150,M,21,30,150,213,237,25,102,full_trace_mean_square,0.833527260860483
100,-10,150,P,21,30,150,213,237,25,102,full_trace_mean_square,0.9222832370962727
100,-10,150,SLTA,21,30,150,213,237,25,102,full_trace_mean_square,0.7865114406940171
100,-10,150,Std,21,30,150,213,237,25,102,full_trace_mean_square,0.8577697050618874
100,-10,150,S,21,30,150,213,237,25,102,full_trace_mean_square,0.0719671343291206
100,-10,150,K,21,30,150,213,237,25,102,full_trace_mean_square,0.00615704430780562
100,-10,151,M,21,30,150,213,237,25,87,full_trace_mean_square,0.6751150164515806
100,-10,151,P,21,30,150,213,237,25,87,full_trace_mean_square,0.8483871092807859
100,-10,151,SLTA,21,30,150,213,237,25,87,full_trace_mean_square,0.7295733072205931
100,-10,151,Std,21,30,150,213,237,25,87,full_trace_mean_square,0.7314277138414825
100,-10,151,S,21,30,150,213,237,25,87,full_trace_mean_square,0.1177851634738051
100,-10,151,K,21,30,150,213,237,25,87,full_trace_mean_square,0.24940701081884578
100,-10,152,M,21,30,150,213,237,25,93,full_trace_mean_square,0.6707524042186972
100,-10,152,P,21,30,150,213,237,25,93,full_trace_mean_square,0.7896216116960592
100,-10,152,SLTA,21,30,150,213,237,25,93,full_trace_mean_square,0.6701318808531715
100,-10,152,Std,21,30,150,213,237,25,93,full_trace_mean_square,0.6852201960147296
100,-10,152,S,21,30,150,213,237,25,93,full_trace_mean_square,0.060432967306270007
100,-10,152,K,21,30,150,213,237,25,93,full_trace_mean_square,0.0013165341767344112
100,-10,153,M,21,30,150,213,237,25,117,full_trace_mean_square,0.6837592835203565
100,-10,153,P,21,30,150,213,237,25,117,full_trace_mean_square,0.8458062605757578
100,-10,153,SLTA,21,30,150,213,237,25,117,full_trace_mean_square,0.6338753234050585
100,-10,153,Std,21,30,150,213,237,25,117,full_trace_mean_square,0.7117809832513413
100,-10,153,S,21,30,150,213,237,25,117,full_trace_mean_square,0.20673643402166628
100,-10,153,K,21,30,150,213,237,25,117,full_trace_mean_square,0.2567535305103369
100,-10,154,M,21,30,150,213,237,25,105,full_trace_mean_square,0.8476904844192104
100,-10,154,P,21,30,150,213,237,25,105,full_trace_mean_square,0.9268144230584139
100,-10,154,SLTA,21,30,150,213,237,25,105,full_trace_mean_square,0.7648065292467683
100,-10,154,Std,21,30,150,213,237,25,105,full_trace_mean_square,0.8562430191345456
100,-10,154,S,21,30,150,213,237,25,105,full_trace_mean_square,0.1288728150417886
100,-10,154,K,21,30,150,213,237,25,105,full_trace_mean_square,0.07157450951381714
100,-10,155,M,21,30,150,213,237,25,156,full_trace_mean_square,0.7031084296661649
100,-10,155,P,21,30,150,213,237,25,156,full_trace_mean_square,0.8595745528716976
100,-10,155,SLTA,21,30,150,213,237,25,156,full_trace_mean_square,0.7195179587047696
100,-10,155,Std,21,30,150,213,237,25,156,full_trace_mean_square,0.7689886431093956
100,-10,155,S,21,30,150,213,237,25,156,full_trace_mean_square,0.31164061572155416
100,-10,155,K,21,30,150,213,237,25,156,full_trace_mean_square,0.4416763543148628
100,-10,156,M,21,30,150,213,237,25,128,full_trace_mean_square,0.7290211722282885
100,-10,156,P,21,30,150,213,237,25,128,full_trace_mean_square,0.8729436791409525
100,-10,156,SLTA,21,30,150,213,237,25,128,full_trace_mean_square,0.6795637081025341
100,-10,156,Std,21,30,150,213,237,25,128,full_trace_mean_square,0.7870577972111262
100,-10,156,S,21,30,150,213,237,25,128,full_trace_mean_square,0.3440844366824885
100,-10,156,K,21,30,150,213,237,25,128,full_trace_mean_square,0.2686981838242686
100,-10,157,M,21,30,150,213,237,25,106,full_trace_mean_square,0.7449661864353649
100,-10,157,P,21,30,150,213,237,25,106,full_trace_mean_square,0.8663196010310339
100,-10,157,SLTA,21,30,150,213,237,25,106,full_trace_mean_square,0.6770023329770035
100,-10,157,Std,21,30,150,213,237,25,106,full_trace_mean_square,0.7936082690473515
100,-10,157,S,21,30,150,213,237,25,106,full_trace_mean_square,0.4018054893760584
100,-10,157,K,21,30,150,213,237,25,106,full_trace_mean_square,0.2512576639787559
100,-10,158,M,21,30,150,213,237,25,115,full_trace_mean_square,0.8385941068817202
100,-10,158,P,21,30,150,213,237,25,115,full_trace_mean_square,0.9302136028938901
100,-10,158,SLTA,21,30,150,213,237,25,115,full_trace_mean_square,0.8218705057982896
100,-10,158,Std,21,30,150,213,237,25,115,full_trace_mean_square,0.9000430214517326
100,-10,158,S,21,30,150,213,237,25,115,full_trace_mean_square,0.21861775257604338
100,-10,158,K,21,30,150,213,237,25,115,full_trace_mean_square,0.4321743872747036
100,-10,159,M,21,30,150,213,237,25,120,full_trace_mean_square,0.8123301244646235
100,-10,159,P,21,30,150,213,237,25,120,full_trace_mean_square,0.9063014413858573
100,-10,159,SLTA,21,30,150,213,237,25,120,full_trace_mean_square,0.7872643747789465
100,-10,159,Std,21,30,150,213,237,25,120,full_trace_mean_square,0.8441796630943711
100,-10,159,S,21,30,150,213,237,25,120,full_trace_mean_square,0.28521884608497555
100,-10,159,K,21,30,150,213,237,25,120,full_trace_mean_square,0.20549165205405914
100,-10,160,M,21,30,150,213,237,25,83,full_trace_mean_square,0.6764247588391319
100,-10,160,P,21,30,150,213,237,25,83,full_trace_mean_square,0.8002194448727068
100,-10,160,SLTA,21,30,150,213,237,25,83,full_trace_mean_square,0.615771290687912
100,-10,160,Std,21,30,150,213,237,25,83,full_trace_mean_square,0.7278884708881994
100,-10,160,S,21,30,150,213,237,25,83,full_trace_mean_square,0.18347323764986015
100,-10,160,K,21,30,150,213,237,25,83,full_trace_mean_square,0.005290461461722539
100,-10,161,M,21,30,150,213,237,25,121,full_trace_mean_square,0.7760858297031935
100,-10,161,P,21,30,150,213,237,25,121,full_trace_mean_square,0.901601367257609
100,-10,161,SLTA,21,30,150,213,237,25,121,full_trace_mean_square,0.7922077761590482
100,-10,161,Std,21,30,150,213,237,25,121,full_trace_mean_square,0.8253359113938168
100,-10,161,S,21,30,150,213,237,25,121,full_trace_mean_square,0.284139276901612
100,-10,161,K,21,30,150,213,237,25,121,full_trace_mean_square,0.321802508857089
100,-10,162,M,21,30,150,213,237,25,127,full_trace_mean_square,0.5935415346060061
100,-10,162,P,21,30,150,213,237,25,127,full_trace_mean_square,0.8207641542584531
100,-10,162,SLTA,21,30,150,213,237,25,127,full_trace_mean_square,0.6948197161925841
100,-10,162,Std,21,30,150,213,237,25,127,full_trace_mean_square,0.7257790574136306
100,-10,162,S,21,30,150,213,237,25,127,full_trace_mean_square,0.45811022682607094
100,-10,162,K,21,30,150,213,237,25,127,full_trace_mean_square,0.6547825287795735
100,-10,163,M,21,30,150,213,237,25,74,full_trace_mean_square,0.6256148989745887
100,-10,163,P,21,30,150,213,237,25,74,full_trace_mean_square,0.7921510002883709
100,-10,163,SLTA,21,30,150,213,237,25,74,full_trace_mean_square,0.6348548403155138
100,-10,163,Std,21,30,150,213,237,25,74,full_trace_mean_square,0.6679232267865741
100,-10,163,S,21,30,150,213,237,25,74,full_trace_mean_square,0.11395753661242597
100,-10,163,K,21,30,150,213,237,25,74,full_trace_mean_square,0.09020724906264439
100,-10,164,M,21,30,150,213,237,25,90,full_trace_mean_square,0.7292698658548382
100,-10,164,P,21,30,150,213,237,25,90,full_trace_mean_square,0.8860192736080001
100,-10,164,SLTA,21,30,150,213,237,25,90,full_trace_mean_square,0.688770224925152
100,-10,164,Std,21,30,150,213,237,25,90,full_trace_mean_square,0.7865739631265617
100,-10,164,S,21,30,150,213,237,25,90,full_trace_mean_square,0.21600839988560133
100,-10,164,K,21,30,150,213,237,25,90,full_trace_mean_square,0.4161806175369984
100,-10,165,M,21,30,150,213,237,25,144,full_trace_mean_square,0.7222570660908452
100,-10,165,P,21,30,150,213,237,25,144,full_trace_mean_square,0.8666251108266738
100,-10,165,SLTA,21,30,150,213,237,25,144,full_trace_mean_square,0.6812755693690608
100,-10,165,Std,21,30,150,213,237,25,144,full_trace_mean_square,0.7731699890750144
100,-10,165,S,21,30,150,213,237,25,144,full_trace_mean_square,0.4467030770648533
100,-10,165,K,21,30,150,213,237,25,144,full_trace_mean_square,0.573735906729921
100,-10,166,M,21,30,150,213,237,25,108,full_trace_mean_square,0.6540710085479606
100,-10,166,P,21,30,150,213,237,25,108,full_trace_mean_square,0.8043182842357492
100,-10,166,SLTA,21,30,150,213,237,25,108,full_trace_mean_square,0.5970426731767862
100,-10,166,Std,21,30,150,213,237,25,108,full_trace_mean_square,0.7138008705781592
100,-10,166,S,21,30,150,213,237,25,108,full_trace_mean_square,0.17759941986129085
100,-10,166,K,21,30,150,213,237,25,108,full_trace_mean_square,0.08438005095868892
100,-10,167,M,21,30,150,213,237,25,146,full_trace_mean_square,0.5412709742418
100,-10,167,P,21,30,150,213,237,25,146,full_trace_mean_square,0.7716876442068141
100,-10,167,SLTA,21,30,150,213,237,25,146,full_trace_mean_square,0.6118234568181109
100,-10,167,Std,21,30,150,213,237,25,146,full_trace_mean_square,0.6501160223053106
100,-10,167,S,21,30,150,213,237,25,146,full_trace_mean_square,0.09119775364217897
100,-10,167,K,21,30,150,213,237,25,146,full_trace_mean_square,0.29302060702175764
100,-10,168,M,21,30,150,213,237,25,132,full_trace_mean_square,0.7395641628667668
100,-10,168,P,21,30,150,213,237,25,132,full_trace_mean_square,0.8609481342477161
100,-10,168,SLTA,21,30,150,213,237,25,132,full_trace_mean_square,0.6380248120438198
100,-10,168,Std,21,30,150,213,237,25,132,full_trace_mean_square,0.7561275784108331
100,-10,168,S,21,30,150,213,237,25,132,full_trace_mean_square,0.17883349891910158
100,-10,168,K,21,30,150,213,237,25,132,full_trace_mean_square,0.19896583070084753
100,-10,169,M,21,30,150,213,237,25,87,full_trace_mean_square,0.4742615930826299
100,-10,169,P,21,30,150,213,237,25,87,full_trace_mean_square,0.5983252060002828
100,-10,169,SLTA,21,30,150,213,237,25,87,full_trace_mean_square,0.4843656782357599
100,-10,169,Std,21,30,150,213,237,25,87,full_trace_mean_square,0.4913414539452493
100,-10,169,S,21,30,150,213,237,25,87,full_trace_mean_square,0.12204907940214418
100,-10,169,K,21,30,150,213,237,25,87,full_trace_mean_square,0.3598669941816857
100,-10,170,M,21,30,150,213,237,25,138,full_trace_mean_square,0.7188380106887312
100,-10,170,P,21,30,150,213,237,25,138,full_trace_mean_square,0.8771888159059222
100,-10,170,SLTA,21,30,150,213,237,25,138,full_trace_mean_square,0.7508840480671203
100,-10,170,Std,21,30,150,213,237,25,138,full_trace_mean_square,0.794300167751843
100,-10,170,S,21,30,150,213,237,25,138,full_trace_mean_square,0.4893376016911992
100,-10,170,K,21,30,150,213,237,25,138,full_trace_mean_square,0.5083771137433755
100,-10,171,M,21,30,150,213,237,25,135,full_trace_mean_square,0.8598061060845003
100,-10,171,P,21,30,150,213,237,25,135,full_trace_mean_square,0.931515424048378
100,-10,171,SLTA,21,30,150,213,237,25,135,full_trace_mean_square,0.8062213627873669
100,-10,171,Std,21,30,150,213,237,25,135,full_trace_mean_square,0.8968810367123473
100,-10,171,S,21,30,150,213,237,25,135,full_trace_mean_square,0.1811244043936363
100,-10,171,K,21,30,150,213,237,25,135,full_trace_mean_square,0.34882121806051714
100,-10,172,M,21,30,150,213,237,25,146,full_trace_mean_square,0.7901513922348175
100,-10,172,P,21,30,150,213,237,25,146,full_trace_mean_square,0.9203752087475972
100,-10,172,SLTA,21,30,150,213,237,25,146,full_trace_mean_square,0.8098799402002679
100,-10,172,Std,21,30,150,213,237,25,146,full_trace_mean_square,0.8751620579563797
100,-10,172,S,21,30,150,213,237,25,146,full_trace_mean_square,0.297321067350572
100,-10,172,K,21,30,150,213,237,25,146,full_trace_mean_square,0.5793654734805953
100,-10,173,M,21,30,150,213,237,25,137,full_trace_mean_square,0.8671252892230492
100,-10,173,P,21,30,150,213,237,25,137,full_trace_mean_square,0.9340118786530222
100,-10,173,SLTA,21,30,150,213,237,25,137,full_trace_mean_square,0.7660005490497521
100,-10,173,Std,21,30,150,213,237,25,137,full_trace_mean_square,0.8979398076329657
100,-10,173,S,21,30,150,213,237,25,137,full_trace_mean_square,0.26702707189471525
100,-10,173,K,21,30,150,213,237,25,137,full_trace_mean_square,0.34102766771950116
100,-10,174,M,21,30,150,213,237,25,123,full_trace_mean_square,0.7474472220342975
100,-10,174,P,21,30,150,213,237,25,123,full_trace_mean_square,0.8939850429272855
100,-10,174,SLTA,21,30,150,213,237,25,123,full_trace_mean_square,0.7411554658335742
100,-10,174,Std,21,30,150,213,237,25,123,full_trace_mean_square,0.7847722144281242
100,-10,174,S,21,30,150,213,237,25,123,full_trace_mean_square,0.2774531594867573
100,-10,174,K,21,30,150,213,237,25,123,full_trace_mean_square,0.22822540601639915
100,-10,175,M,21,30,150,213,237,25,121,full_trace_mean_square,0.6938309803353696
100,-10,175,P,21,30,150,213,237,25,121,full_trace_mean_square,0.8628118621676623
100,-10,175,SLTA,21,30,150,213,237,25,121,full_trace_mean_square,0.7541542032293864
100,-10,175,Std,21,30,150,213,237,25,121,full_trace_mean_square,0.7693863064322742
100,-10,175,S,21,30,150,213,237,25,121,full_trace_mean_square,0.12145002094264451
100,-10,175,K,21,30,150,213,237,25,121,full_trace_mean_square,0.20450957856198865
100,-10,176,M,21,30,150,213,237,25,107,full_trace_mean_square,0.7719852014617333
100,-10,176,P,21,30,150,213,237,25,107,full_trace_mean_square,0.9036486173596227
100,-10,176,SLTA,21,30,150,213,237,25,107,full_trace_mean_square,0.736394577763266
100,-10,176,Std,21,30,150,213,237,25,107,full_trace_mean_square,0.8256935202387413
100,-10,176,S,21,30,150,213,237,25,107,full_trace_mean_square,0.23750773597685618
100,-10,176,K,21,30,150,213,237,25,107,full_trace_mean_square,0.23489172411235773
100,-10,177,M,21,30,150,213,237,25,94,full_trace_mean_square,0.7279901679552487
100,-10,177,P,21,30,150,213,237,25,94,full_trace_mean_square,0.8567755567501337
100,-10,177,SLTA,21,30,150,213,237,25,94,full_trace_mean_square,0.7279515141368927
100,-10,177,Std,21,30,150,213,237,25,94,full_trace_mean_square,0.7562935708212593
100,-10,177,S,21,30,150,213,237,25,94,full_trace_mean_square,0.1715294313725604
100,-10,177,K,21,30,150,213,237,25,94,full_trace_mean_square,0.16062742563978127
100,-10,178,M,21,30,150,213,237,25,82,full_trace_mean_square,0.6318558287891533
100,-10,178,P,21,30,150,213,237,25,82,full_trace_mean_square,0.7897850024233234
100,-10,178,SLTA,21,30,150,213,237,25,82,full_trace_mean_square,0.6253525709490102
100,-10,178,Std,21,30,150,213,237,25,82,full_trace_mean_square,0.6711629915872667
100,-10,178,S,21,30,150,213,237,25,82,full_trace_mean_square,0.10321963456523223
100,-10,178,K,21,30,150,213,237,25,82,full_trace_mean_square,0.07444296388302409
100,-10,179,M,21,30,150,213,237,25,93,full_trace_mean_square,0.7647033518273023
100,-10,179,P,21,30,150,213,237,25,93,full_trace_mean_square,0.88218550753844
100,-10,179,SLTA,21,30,150,213,237,25,93,full_trace_mean_square,0.6558332654992965
100,-10,179,Std,21,30,150,213,237,25,93,full_trace_mean_square,0.7977534715647787
100,-10,179,S,21,30,150,213,237,25,93,full_trace_mean_square,0.13950414371133366
100,-10,179,K,21,30,150,213,237,25,93,full_trace_mean_square,0.18258834468129012
100,-10,180,M,21,30,150,213,237,25,89,full_trace_mean_square,0.33995813136544234
100,-10,180,P,21,30,150,213,237,25,89,full_trace_mean_square,0.5554433247331533
100,-10,180,SLTA,21,30,150,213,237,25,89,full_trace_mean_square,0.3266511647655343
100,-10,180,Std,21,30,150,213,237,25,89,full_trace_mean_square,0.49451136080079633
100,-10,180,S,21,30,150,213,237,25,89,full_trace_mean_square,0.3188726509780965
100,-10,180,K,21,30,150,213,237,25,89,full_trace_mean_square,0.46577814853174754
100,-10,181,M,21,30,150,213,237,25,87,full_trace_mean_square,0.7451538520410912
100,-10,181,P,21,30,150,213,237,25,87,full_trace_mean_square,0.8594379096982833
100,-10,181,SLTA,21,30,150,213,237,25,87,full_trace_mean_square,0.6474796701264325
100,-10,181,Std,21,30,150,213,237,25,87,full_trace_mean_square,0.7678013393047841
100,-10,181,S,21,30,150,213,237,25,87,full_trace_mean_square,0.22407049861716832
100,-10,181,K,21,30,150,213,237,25,87,full_trace_mean_square,0.07499445287658951
100,-10,182,M,21,30,150,213,237,25,98,full_trace_mean_square,0.7444048110188709
100,-10,182,P,21,30,150,213,237,25,98,full_trace_mean_square,0.8231884581966245
100,-10,182,SLTA,21,30,150,213,237,25,98,full_trace_mean_square,0.7006814390009561
100,-10,182,Std,21,30,150,213,237,25,98,full_trace_mean_square,0.7443796879457288
100,-10,182,S,21,30,150,213,237,25,98,full_trace_mean_square,5.750954876154485e-05
100,-10,182,K,21,30,150,213,237,25,98,full_trace_mean_square,0.08007867640742863
100,-10,183,M,21,30,150,213,237,25,120,full_trace_mean_square,0.8254405312071414
100,-10,183,P,21,30,150,213,237,25,120,full_trace_mean_square,0.9252806605470757
100,-10,183,SLTA,21,30,150,213,237,25,120,full_trace_mean_square,0.7825405945728924
100,-10,183,Std,21,30,150,213,237,25,120,full_trace_mean_square,0.8783504330862677
100,-10,183,S,21,30,150,213,237,25,120,full_trace_mean_square,0.3682450881338973
100,-10,183,K,21,30,150,213,237,25,120,full_trace_mean_square,0.3863943713458852
100,-10,184,M,21,30,150,213,237,25,109,full_trace_mean_square,0.5720743970586999
100,-10,184,P,21,30,150,213,237,25,109,full_trace_mean_square,0.8199359931551213
100,-10,184,SLTA,21,30,150,213,237,25,109,full_trace_mean_square,0.6459847212296876
100,-10,184,Std,21,30,150,213,237,25,109,full_trace_mean_square,0.6946577166728622
100,-10,184,S,21,30,150,213,237,25,109,full_trace_mean_square,0.11644892641515968
100,-10,184,K,21,30,150,213,237,25,109,full_trace_mean_square,0.2087024914710786
100,-10,185,M,21,30,150,213,237,25,101,full_trace_mean_square,0.7739317915004741
100,-10,185,P,21,30,150,213,237,25,101,full_trace_mean_square,0.9003246186504948
100,-10,185,SLTA,21,30,150,213,237,25,101,full_trace_mean_square,0.7260962175635348
100,-10,185,Std,21,30,150,213,237,25,101,full_trace_mean_square,0.81838781307798
100,-10,185,S,21,30,150,213,237,25,101,full_trace_mean_square,0.3773580297108649
100,-10,185,K,21,30,150,213,237,25,101,full_trace_mean_square,0.3036400248525334
100,-10,186,M,21,30,150,213,237,25,141,full_trace_mean_square,0.8435339662255288
100,-10,186,P,21,30,150,213,237,25,141,full_trace_mean_square,0.9149846536720697
100,-10,186,SLTA,21,30,150,213,237,25,141,full_trace_mean_square,0.7892118955801277
100,-10,186,Std,21,30,150,213,237,25,141,full_trace_mean_square,0.8526941457819022
100,-10,186,S,21,30,150,213,237,25,141,full_trace_mean_square,0.23249587925169
100,-10,186,K,21,30,150,213,237,25,141,full_trace_mean_square,0.22179474841072308
100,-10,187,M,21,30,150,213,237,25,110,full_trace_mean_square,0.7654395049217174
100,-10,187,P,21,30,150,213,237,25,110,full_trace_mean_square,0.9146434261129717
100,-10,187,SLTA,21,30,150,213,237,25,110,full_trace_mean_square,0.7674288384940834
100,-10,187,Std,21,30,150,213,237,25,110,full_trace_mean_square,0.8447621559020074
100,-10,187,S,21,30,150,213,237,25,110,full_trace_mean_square,0.43140316450326843
100,-10,187,K,21,30,150,213,237,25,110,full_trace_mean_square,0.4671423105982779
100,-10,188,M,21,30,150,213,237,25,136,full_trace_mean_square,0.7969913560218581
100,-10,188,P,21,30,150,213,237,25,136,full_trace_mean_square,0.8934808381081444
100,-10,188,SLTA,21,30,150,213,237,25,136,full_trace_mean_square,0.7500384485467898
100,-10,188,Std,21,30,150,213,237,25,136,full_trace_mean_square,0.809027389384871
100,-10,188,S,21,30,150,213,237,25,136,full_trace_mean_square,0.16514019415691036
100,-10,188,K,21,30,150,213,237,25,136,full_trace_mean_square,0.3137497391818685
100,-10,189,M,21,30,150,213,237,25,146,full_trace_mean_square,0.7343674008896509
100,-10,189,P,21,30,150,213,237,25,146,full_trace_mean_square,0.8734127047034317
100,-10,189,SLTA,21,30,150,213,237,25,146,full_trace_mean_square,0.7446613272554469
100,-10,189,Std,21,30,150,213,237,25,146,full_trace_mean_square,0.7822641746680974
100,-10,189,S,21,30,150,213,237,25,146,full_trace_mean_square,0.3436472966215868
100,-10,189,K,21,30,150,213,237,25,146,full_trace_mean_square,0.3690811690874986
100,-10,190,M,21,30,150,213,237,25,126,full_trace_mean_square,0.6224770929615134
100,-10,190,P,21,30,150,213,237,25,126,full_trace_mean_square,0.8261354256472792
100,-10,190,SLTA,21,30,150,213,237,25,126,full_trace_mean_square,0.6647350197060404
100,-10,190,Std,21,30,150,213,237,25,126,full_trace_mean_square,0.6968076785527038
100,-10,190,S,21,30,150,213,237,25,126,full_trace_mean_square,0.2875121448692226
100,-10,190,K,21,30,150,213,237,25,126,full_trace_mean_square,0.3262257363953797
100,-10,191,M,21,30,150,213,237,25,118,full_trace_mean_square,0.7760953835289978
100,-10,191,P,21,30,150,213,237,25,118,full_trace_mean_square,0.9112623768158505
100,-10,191,SLTA,21,30,150,213,237,25,118,full_trace_mean_square,0.7684233213281304
100,-10,191,Std,21,30,150,213,237,25,118,full_trace_mean_square,0.8404038463041159
100,-10,191,S,21,30,150,213,237,25,118,full_trace_mean_square,0.2353357861944679
100,-10,191,K,21,30,150,213,237,25,118,full_trace_mean_square,0.28777458802512357
100,-10,192,M,21,30,150,213,237,25,101,full_trace_mean_square,0.7389342266619817
100,-10,192,P,21,30,150,213,237,25,101,full_trace_mean_square,0.8603414260724006
100,-10,192,SLTA,21,30,150,213,237,25,101,full_trace_mean_square,0.7064030053728395
100,-10,192,Std,21,30,150,213,237,25,101,full_trace_mean_square,0.7678891303392891
100,-10,192,S,21,30,150,213,237,25,101,full_trace_mean_square,0.20808821178631254
100,-10,192,K,21,30,150,213,237,25,101,full_trace_mean_square,0.014577831452766046
100,-10,193,M,21,30,150,213,237,25,114,full_trace_mean_square,0.6480547481578443
100,-10,193,P,21,30,150,213,237,25,114,full_trace_mean_square,0.7570958152074933
100,-10,193,SLTA,21,30,150,213,237,25,114,full_trace_mean_square,0.5733178755492334
100,-10,193,Std,21,30,150,213,237,25,114,full_trace_mean_square,0.6674376261550299
100,-10,193,S,21,30,150,213,237,25,114,full_trace_mean_square,0.1550930659218814
100,-10,193,K,21,30,150,213,237,25,114,full_trace_mean_square,0.033453110732012764
100,-10,194,M,21,30,150,213,237,25,107,full_trace_mean_square,0.723956874008771
100,-10,194,P,21,30,150,213,237,25,107,full_trace_mean_square,0.8938707087583034
100,-10,194,SLTA,21,30,150,213,237,25,107,full_trace_mean_square,0.7558798612188085
100,-10,194,Std,21,30,150,213,237,25,107,full_trace_mean_square,0.8120032342187135
100,-10,194,S,21,30,150,213,237,25,107,full_trace_mean_square,0.28440030691887896
100,-10,194,K,21,30,150,213,237,25,107,full_trace_mean_square,0.3030644771220758
100,-10,195,M,21,30,150,213,237,25,124,full_trace_mean_square,0.7935070728965551
100,-10,195,P,21,30,150,213,237,25,124,full_trace_mean_square,0.8782560438988165
100,-10,195,SLTA,21,30,150,213,237,25,124,full_trace_mean_square,0.7447799647318886
100,-10,195,Std,21,30,150,213,237,25,124,full_trace_mean_square,0.797980235544066
100,-10,195,S,21,30,150,213,237,25,124,full_trace_mean_square,0.2675720009348961
100,-10,195,K,21,30,150,213,237,25,124,full_trace_mean_square,0.037695847184532456
100,-10,196,M,21,30,150,213,237,25,127,full_trace_mean_square,0.6927533281632746
100,-10,196,P,21,30,150,213,237,25,127,full_trace_mean_square,0.836311049125339
100,-10,196,SLTA,21,30,150,213,237,25,127,full_trace_mean_square,0.6235145230528878
100,-10,196,Std,21,30,150,213,237,25,127,full_trace_mean_square,0.7166773079688347
100,-10,196,S,21,30,150,213,237,25,127,full_trace_mean_square,0.2509036782295978
100,-10,196,K,21,30,150,213,237,25,127,full_trace_mean_square,0.33507560543420745
100,-10,197,M,21,30,150,213,237,25,109,full_trace_mean_square,0.6832221234944111
100,-10,197,P,21,30,150,213,237,25,109,full_trace_mean_square,0.8579855402955521
100,-10,197,SLTA,21,30,150,213,237,25,109,full_trace_mean_square,0.6686215562569859
100,-10,197,Std,21,30,150,213,237,25,109,full_trace_mean_square,0.7532153596476799
100,-10,197,S,21,30,150,213,237,25,109,full_trace_mean_square,0.2185998251334671
100,-10,197,K,21,30,150,213,237,25,109,full_trace_mean_square,0.3467366564609889
100,-10,198,M,21,30,150,213,237,25,123,full_trace_mean_square,0.651104242325514
100,-10,198,P,21,30,150,213,237,25,123,full_trace_mean_square,0.7941559590277907
100,-10,198,SLTA,21,30,150,213,237,25,123,full_trace_mean_square,0.7477676675644125
100,-10,198,Std,21,30,150,213,237,25,123,full_trace_mean_square,0.7024340241976543
100,-10,198,S,21,30,150,213,237,25,123,full_trace_mean_square,0.21229738546219337
100,-10,198,K,21,30,150,213,237,25,123,full_trace_mean_square,0.2272271027822465
100,-10,199,M,21,30,150,213,237,25,160,full_trace_mean_square,0.7001260321017206
100,-10,199,P,21,30,150,213,237,25,160,full_trace_mean_square,0.8839964024446816
100,-10,199,SLTA,21,30,150,213,237,25,160,full_trace_mean_square,0.7577103154708692
100,-10,199,Std,21,30,150,213,237,25,160,full_trace_mean_square,0.7896650920355793
100,-10,199,S,21,30,150,213,237,25,160,full_trace_mean_square,0.408887815049902
100,-10,199,K,21,30,150,213,237,25,160,full_trace_mean_square,0.369108025105245
100,-8,0,M,21,30,150,213,237,25,150,full_trace_mean_square,0.8151338470830567
100,-8,0,P,21,30,150,213,237,25,150,full_trace_mean_square,0.9179146262688692
100,-8,0,SLTA,21,30,150,213,237,25,150,full_trace_mean_square,0.7933305474233179
100,-8,0,Std,21,30,150,213,237,25,150,full_trace_mean_square,0.8749561310448785
100,-8,0,S,21,30,150,213,237,25,150,full_trace_mean_square,0.37759573495947596
100,-8,0,K,21,30,150,213,237,25,150,full_trace_mean_square,0.5158637023060441
100,-8,1,M,21,30,150,213,237,25,123,full_trace_mean_square,0.8765170516211392
100,-8,1,P,21,30,150,213,237,25,123,full_trace_mean_square,0.9353243536662701
100,-8,1,SLTA,21,30,150,213,237,25,123,full_trace_mean_square,0.8095293313173897
100,-8,1,Std,21,30,150,213,237,25,123,full_trace_mean_square,0.8967270122053543
100,-8,1,S,21,30,150,213,237,25,123,full_trace_mean_square,0.19613761016348943
100,-8,1,K,21,30,150,213,237,25,123,full_trace_mean_square,0.32420500274075487
100,-8,2,M,21,30,150,213,237,25,125,full_trace_mean_square,0.7816704016330518
100,-8,2,P,21,30,150,213,237,25,125,full_trace_mean_square,0.9020322742145681
100,-8,2,SLTA,21,30,150,213,237,25,125,full_trace_mean_square,0.7315495295087179
100,-8,2,Std,21,30,150,213,237,25,125,full_trace_mean_square,0.8369979560334315
100,-8,2,S,21,30,150,213,237,25,125,full_trace_mean_square,0.20703001592508538
100,-8,2,K,21,30,150,213,237,25,125,full_trace_mean_square,0.2718696463916304
100,-8,3,M,21,30,150,213,237,25,139,full_trace_mean_square,0.7904699235236283
100,-8,3,P,21,30,150,213,237,25,139,full_trace_mean_square,0.9112316860334246
100,-8,3,SLTA,21,30,150,213,237,25,139,full_trace_mean_square,0.6952996376047946
100,-8,3,Std,21,30,150,213,237,25,139,full_trace_mean_square,0.8438450586970848
100,-8,3,S,21,30,150,213,237,25,139,full_trace_mean_square,0.4012814459035339
100,-8,3,K,21,30,150,213,237,25,139,full_trace_mean_square,0.43025384776249037
100,-8,4,M,21,30,150,213,237,25,111,full_trace_mean_square,0.833858996427933
100,-8,4,P,21,30,150,213,237,25,111,full_trace_mean_square,0.9116461551816198
100,-8,4,SLTA,21,30,150,213,237,25,111,full_trace_mean_square,0.7337566704187172
100,-8,4,Std,21,30,150,213,237,25,111,full_trace_mean_square,0.8541115858168098
100,-8,4,S,21,30,150,213,237,25,111,full_trace_mean_square,0.3687576860645856
100,-8,4,K,21,30,150,213,237,25,111,full_trace_mean_square,0.41239069519375554
100,-8,5,M,21,30,150,213,237,25,155,full_trace_mean_square,0.8365068379754425
100,-8,5,P,21,30,150,213,237,25,155,full_trace_mean_square,0.9216975331625612
100,-8,5,SLTA,21,30,150,213,237,25,155,full_trace_mean_square,0.77505972505681
100,-8,5,Std,21,30,150,213,237,25,155,full_trace_mean_square,0.8843039259452865
100,-8,5,S,21,30,150,213,237,25,155,full_trace_mean_square,0.4117448173163845
100,-8,5,K,21,30,150,213,237,25,155,full_trace_mean_square,0.4603869150207293
100,-8,6,M,21,30,150,213,237,25,120,full_trace_mean_square,0.7916857727184441
100,-8,6,P,21,30,150,213,237,25,120,full_trace_mean_square,0.9171574945426534
100,-8,6,SLTA,21,30,150,213,237,25,120,full_trace_mean_square,0.7864402871322721
100,-8,6,Std,21,30,150,213,237,25,120,full_trace_mean_square,0.8570449727892023
100,-8,6,S,21,30,150,213,237,25,120,full_trace_mean_square,0.38820216737334534
100,-8,6,K,21,30,150,213,237,25,120,full_trace_mean_square,0.4453648138797901
100,-8,7,M,21,30,150,213,237,25,147,full_trace_mean_square,0.8823580582389627
100,-8,7,P,21,30,150,213,237,25,147,full_trace_mean_square,0.9389852183414072
100,-8,7,SLTA,21,30,150,213,237,25,147,full_trace_mean_square,0.8283799566978589
100,-8,7,Std,21,30,150,213,237,25,147,full_trace_mean_square,0.9158083567172313
100,-8,7,S,21,30,150,213,237,25,147,full_trace_mean_square,0.5587933855419336
100,-8,7,K,21,30,150,213,237,25,147,full_trace_mean_square,0.667990001742958
100,-8,8,M,21,30,150,213,237,25,119,full_trace_mean_square,0.8173856913967993
100,-8,8,P,21,30,150,213,237,25,119,full_trace_mean_square,0.9177964339182616
100,-8,8,SLTA,21,30,150,213,237,25,119,full_trace_mean_square,0.7823224977949544
100,-8,8,Std,21,30,150,213,237,25,119,full_trace_mean_square,0.862437083560235
100,-8,8,S,21,30,150,213,237,25,119,full_trace_mean_square,0.29096417952483977
100,-8,8,K,21,30,150,213,237,25,119,full_trace_mean_square,0.26112667748850554
100,-8,9,M,21,30,150,213,237,25,111,full_trace_mean_square,0.817958612866743
100,-8,9,P,21,30,150,213,237,25,111,full_trace_mean_square,0.9064826828490651
100,-8,9,SLTA,21,30,150,213,237,25,111,full_trace_mean_square,0.7287604805697928
100,-8,9,Std,21,30,150,213,237,25,111,full_trace_mean_square,0.8342436342088492
100,-8,9,S,21,30,150,213,237,25,111,full_trace_mean_square,0.0710428761468865
100,-8,9,K,21,30,150,213,237,25,111,full_trace_mean_square,0.10066473571807122
100,-8,10,M,21,30,150,213,237,25,148,full_trace_mean_square,0.8137828058258426
100,-8,10,P,21,30,150,213,237,25,148,full_trace_mean_square,0.9184404455688334
100,-8,10,SLTA,21,30,150,213,237,25,148,full_trace_mean_square,0.7896161591753975
100,-8,10,Std,21,30,150,213,237,25,148,full_trace_mean_square,0.852985679254757
100,-8,10,S,21,30,150,213,237,25,148,full_trace_mean_square,0.4869056029450491
100,-8,10,K,21,30,150,213,237,25,148,full_trace_mean_square,0.4805193935017264
100,-8,11,M,21,30,150,213,237,25,117,full_trace_mean_square,0.8457625766358404
100,-8,11,P,21,30,150,213,237,25,117,full_trace_mean_square,0.9286791512746496
100,-8,11,SLTA,21,30,150,213,237,25,117,full_trace_mean_square,0.7999329699851792
100,-8,11,Std,21,30,150,213,237,25,117,full_trace_mean_square,0.883313521287473
100,-8,11,S,21,30,150,213,237,25,117,full_trace_mean_square,0.323948579040717
100,-8,11,K,21,30,150,213,237,25,117,full_trace_mean_square,0.28914262747960867
100,-8,12,M,21,30,150,213,237,25,108,full_trace_mean_square,0.8610899708696532
100,-8,12,P,21,30,150,213,237,25,108,full_trace_mean_square,0.9387172312174505
100,-8,12,SLTA,21,30,150,213,237,25,108,full_trace_mean_square,0.7721190424647302
100,-8,12,Std,21,30,150,213,237,25,108,full_trace_mean_square,0.8913115632688081
100,-8,12,S,21,30,150,213,237,25,108,full_trace_mean_square,0.23422353733497303
100,-8,12,K,21,30,150,213,237,25,108,full_trace_mean_square,0.300807547381672
100,-8,13,M,21,30,150,213,237,25,116,full_trace_mean_square,0.6837707686698735
100,-8,13,P,21,30,150,213,237,25,116,full_trace_mean_square,0.8606934094952395
100,-8,13,SLTA,21,30,150,213,237,25,116,full_trace_mean_square,0.6860724440395477
100,-8,13,Std,21,30,150,213,237,25,116,full_trace_mean_square,0.7411015999639055
100,-8,13,S,21,30,150,213,237,25,116,full_trace_mean_square,0.14926586534083233
100,-8,13,K,21,30,150,213,237,25,116,full_trace_mean_square,0.3398258126977399
100,-8,14,M,21,30,150,213,237,25,138,full_trace_mean_square,0.8355350366205737
100,-8,14,P,21,30,150,213,237,25,138,full_trace_mean_square,0.9225481963204679
100,-8,14,SLTA,21,30,150,213,237,25,138,full_trace_mean_square,0.8069895410538009
100,-8,14,Std,21,30,150,213,237,25,138,full_trace_mean_square,0.882771896543708
100,-8,14,S,21,30,150,213,237,25,138,full_trace_mean_square,0.33233712442046215
100,-8,14,K,21,30,150,213,237,25,138,full_trace_mean_square,0.4005583654169695
100,-8,15,M,21,30,150,213,237,25,139,full_trace_mean_square,0.8786460782463457
100,-8,15,P,21,30,150,213,237,25,139,full_trace_mean_square,0.9373266948405975
100,-8,15,SLTA,21,30,150,213,237,25,139,full_trace_mean_square,0.8179024552265932
100,-8,15,Std,21,30,150,213,237,25,139,full_trace_mean_square,0.9145815867947702
100,-8,15,S,21,30,150,213,237,25,139,full_trace_mean_square,0.30006845909926905
100,-8,15,K,21,30,150,213,237,25,139,full_trace_mean_square,0.4433490555686366
100,-8,16,M,21,30,150,213,237,25,119,full_trace_mean_square,0.7774656070653878
100,-8,16,P,21,30,150,213,237,25,119,full_trace_mean_square,0.9009492120778081
100,-8,16,SLTA,21,30,150,213,237,25,119,full_trace_mean_square,0.7229274600512862
100,-8,16,Std,21,30,150,213,237,25,119,full_trace_mean_square,0.822735726388511
100,-8,16,S,21,30,150,213,237,25,119,full_trace_mean_square,0.24005110441481214
100,-8,16,K,21,30,150,213,237,25,119,full_trace_mean_square,0.26564150868960856
100,-8,17,M,21,30,150,213,237,25,121,full_trace_mean_square,0.8814428816194506
100,-8,17,P,21,30,150,213,237,25,121,full_trace_mean_square,0.9347707082699559
100,-8,17,SLTA,21,30,150,213,237,25,121,full_trace_mean_square,0.808613680252355
100,-8,17,Std,21,30,150,213,237,25,121,full_trace_mean_square,0.9031123284322218
100,-8,17,S,21,30,150,213,237,25,121,full_trace_mean_square,0.3789159741298488
100,-8,17,K,21,30,150,213,237,25,121,full_trace_mean_square,0.32075046199448315
100,-8,18,M,21,30,150,213,237,25,113,full_trace_mean_square,0.8207582418236042
100,-8,18,P,21,30,150,213,237,25,113,full_trace_mean_square,0.924610182704583
100,-8,18,SLTA,21,30,150,213,237,25,113,full_trace_mean_square,0.7906171190933373
100,-8,18,Std,21,30,150,213,237,25,113,full_trace_mean_square,0.8724615523019673
100,-8,18,S,21,30,150,213,237,25,113,full_trace_mean_square,0.3738087615860029
100,-8,18,K,21,30,150,213,237,25,113,full_trace_mean_square,0.5016872836448409
100,-8,19,M,21,30,150,213,237,25,157,full_trace_mean_square,0.8494509676677224
100,-8,19,P,21,30,150,213,237,25,157,full_trace_mean_square,0.92955200022034
100,-8,19,SLTA,21,30,150,213,237,25,157,full_trace_mean_square,0.7890636291571574
100,-8,19,Std,21,30,150,213,237,25,157,full_trace_mean_square,0.8678913175176056
100,-8,19,S,21,30,150,213,237,25,157,full_trace_mean_square,0.17999840612284182
100,-8,19,K,21,30,150,213,237,25,157,full_trace_mean_square,0.2594158950654297
100,-8,20,M,21,30,150,213,237,25,126,full_trace_mean_square,0.8607712584430564
100,-8,20,P,21,30,150,213,237,25,126,full_trace_mean_square,0.9316292229144063
100,-8,20,SLTA,21,30,150,213,237,25,126,full_trace_mean_square,0.8211059999445275
100,-8,20,Std,21,30,150,213,237,25,126,full_trace_mean_square,0.8774601923861328
100,-8,20,S,21,30,150,213,237,25,126,full_trace_mean_square,0.20372952014817458
100,-8,20,K,21,30,150,213,237,25,126,full_trace_mean_square,0.14481208890206326
100,-8,21,M,21,30,150,213,237,25,117,full_trace_mean_square,0.7508259873163555
100,-8,21,P,21,30,150,213,237,25,117,full_trace_mean_square,0.9031737273017112
100,-8,21,SLTA,21,30,150,213,237,25,117,full_trace_mean_square,0.7244492235257092
100,-8,21,Std,21,30,150,213,237,25,117,full_trace_mean_square,0.8146849222084602
100,-8,21,S,21,30,150,213,237,25,117,full_trace_mean_square,0.27158900548930687
100,-8,21,K,21,30,150,213,237,25,117,full_trace_mean_square,0.26218523734545
100,-8,22,M,21,30,150,213,237,25,121,full_trace_mean_square,0.8786268551204284
100,-8,22,P,21,30,150,213,237,25,121,full_trace_mean_square,0.9386699005943216
100,-8,22,SLTA,21,30,150,213,237,25,121,full_trace_mean_square,0.8242408760146018
100,-8,22,Std,21,30,150,213,237,25,121,full_trace_mean_square,0.9024321233260352
100,-8,22,S,21,30,150,213,237,25,121,full_trace_mean_square,0.08747525124893489
100,-8,22,K,21,30,150,213,237,25,121,full_trace_mean_square,0.17347461243672654
100,-8,23,M,21,30,150,213,237,25,98,full_trace_mean_square,0.849749435617628
100,-8,23,P,21,30,150,213,237,25,98,full_trace_mean_square,0.9352268168804379
100,-8,23,SLTA,21,30,150,213,237,25,98,full_trace_mean_square,0.7967910282166751
100,-8,23,Std,21,30,150,213,237,25,98,full_trace_mean_square,0.8862845020446255
100,-8,23,S,21,30,150,213,237,25,98,full_trace_mean_square,0.1858919724448319
100,-8,23,K,21,30,150,213,237,25,98,full_trace_mean_square,0.19456230805704952
100,-8,24,M,21,30,150,213,237,25,131,full_trace_mean_square,0.8851085335254779
100,-8,24,P,21,30,150,213,237,25,131,full_trace_mean_square,0.935192822853248
100,-8,24,SLTA,21,30,150,213,237,25,131,full_trace_mean_square,0.8012707525074206
100,-8,24,Std,21,30,150,213,237,25,131,full_trace_mean_square,0.9021374626914678
100,-8,24,S,21,30,150,213,237,25,131,full_trace_mean_square,0.38035707410877806
100,-8,24,K,21,30,150,213,237,25,131,full_trace_mean_square,0.26189039934713576
100,-8,25,M,21,30,150,213,237,25,138,full_trace_mean_square,0.9037057079076657
100,-8,25,P,21,30,150,213,237,25,138,full_trace_mean_square,0.9419880603124571
100,-8,25,SLTA,21,30,150,213,237,25,138,full_trace_mean_square,0.8248891797439777
100,-8,25,Std,21,30,150,213,237,25,138,full_trace_mean_square,0.9182982676269483
100,-8,25,S,21,30,150,213,237,25,138,full_trace_mean_square,0.3853509852355587
100,-8,25,K,21,30,150,213,237,25,138,full_trace_mean_square,0.3127495576931383
100,-8,26,M,21,30,150,213,237,25,130,full_trace_mean_square,0.8450306462679049
100,-8,26,P,21,30,150,213,237,25,130,full_trace_mean_square,0.9282495294890134
100,-8,26,SLTA,21,30,150,213,237,25,130,full_trace_mean_square,0.7524461963784591
100,-8,26,Std,21,30,150,213,237,25,130,full_trace_mean_square,0.8705534467990883
100,-8,26,S,21,30,150,213,237,25,130,full_trace_mean_square,0.0686641170557253
100,-8,26,K,21,30,150,213,237,25,130,full_trace_mean_square,0.19722147466774156
100,-8,27,M,21,30,150,213,237,25,154,full_trace_mean_square,0.8793685537959677
100,-8,27,P,21,30,150,213,237,25,154,full_trace_mean_square,0.9396374629388043
100,-8,27,SLTA,21,30,150,213,237,25,154,full_trace_mean_square,0.8148837641709271
100,-8,27,Std,21,30,150,213,237,25,154,full_trace_mean_square,0.9054451669222195
100,-8,27,S,21,30,150,213,237,25,154,full_trace_mean_square,0.17782620457110193
100,-8,27,K,21,30,150,213,237,25,154,full_trace_mean_square,0.3500580116352371
100,-8,28,M,21,30,150,213,237,25,140,full_trace_mean_square,0.7910727074666851
100,-8,28,P,21,30,150,213,237,25,140,full_trace_mean_square,0.9108733810361422
100,-8,28,SLTA,21,30,150,213,237,25,140,full_trace_mean_square,0.7940781399340818
100,-8,28,Std,21,30,150,213,237,25,140,full_trace_mean_square,0.8547924665676743
100,-8,28,S,21,30,150,213,237,25,140,full_trace_mean_square,0.14037889857493802
100,-8,28,K,21,30,150,213,237,25,140,full_trace_mean_square,0.305346573180604
100,-8,29,M,21,30,150,213,237,25,155,full_trace_mean_square,0.8519818434344524
100,-8,29,P,21,30,150,213,237,25,155,full_trace_mean_square,0.9297456573251957
100,-8,29,SLTA,21,30,150,213,237,25,155,full_trace_mean_square,0.8162889283054888
100,-8,29,Std,21,30,150,213,237,25,155,full_trace_mean_square,0.8978518130152502
100,-8,29,S,21,30,150,213,237,25,155,full_trace_mean_square,0.3526733343680743
100,-8,29,K,21,30,150,213,237,25,155,full_trace_mean_square,0.4418915590362241
100,-8,30,M,21,30,150,213,237,25,117,full_trace_mean_square,0.7606978047643533
100,-8,30,P,21,30,150,213,237,25,117,full_trace_mean_square,0.9001050377590563
100,-8,30,SLTA,21,30,150,213,237,25,117,full_trace_mean_square,0.7910084944502465
100,-8,30,Std,21,30,150,213,237,25,117,full_trace_mean_square,0.8311970021431069
100,-8,30,S,21,30,150,213,237,25,117,full_trace_mean_square,0.08559970232603221
100,-8,30,K,21,30,150,213,237,25,117,full_trace_mean_square,0.4058961282458922
100,-8,31,M,21,30,150,213,237,25,131,full_trace_mean_square,0.8609155528185508
100,-8,31,P,21,30,150,213,237,25,131,full_trace_mean_square,0.9297461745245824
100,-8,31,SLTA,21,30,150,213,237,25,131,full_trace_mean_square,0.7896057071559235
100,-8,31,Std,21,30,150,213,237,25,131,full_trace_mean_square,0.8725380623207105
100,-8,31,S,21,30,150,213,237,25,131,full_trace_mean_square,0.01639138888140927
100,-8,31,K,21,30,150,213,237,25,131,full_trace_mean_square,0.06972967341714134
100,-8,32,M,21,30,150,213,237,25,103,full_trace_mean_square,0.7805226057186828
100,-8,32,P,21,30,150,213,237,25,103,full_trace_mean_square,0.9182529546778117
100,-8,32,SLTA,21,30,150,213,237,25,103,full_trace_mean_square,0.791737994315244
100,-8,32,Std,21,30,150,213,237,25,103,full_trace_mean_square,0.8489966479354008
100,-8,32,S,21,30,150,213,237,25,103,full_trace_mean_square,0.18107218902198172
100,-8,32,K,21,30,150,213,237,25,103,full_trace_mean_square,0.3566818233340538
100,-8,33,M,21,30,150,213,237,25,130,full_trace_mean_square,0.8030332554093474
100,-8,33,P,21,30,150,213,237,25,130,full_trace_mean_square,0.908581878841977
100,-8,33,SLTA,21,30,150,213,237,25,130,full_trace_mean_square,0.7674149351373185
100,-8,33,Std,21,30,150,213,237,25,130,full_trace_mean_square,0.8492371308926072
100,-8,33,S,21,30,150,213,237,25,130,full_trace_mean_square,0.4328730485485345
100,-8,33,K,21,30,150,213,237,25,130,full_trace_mean_square,0.4688374101210728
100,-8,34,M,21,30,150,213,237,25,114,full_trace_mean_square,0.8344875108535816
100,-8,34,P,21,30,150,213,237,25,114,full_trace_mean_square,0.9253739338927852
100,-8,34,SLTA,21,30,150,213,237,25,114,full_trace_mean_square,0.7956350485246431
100,-8,34,Std,21,30,150,213,237,25,114,full_trace_mean_square,0.872076287687252
100,-8,34,S,21,30,150,213,237,25,114,full_trace_mean_square,0.26691681585160637
100,-8,34,K,21,30,150,213,237,25,114,full_trace_mean_square,0.24429514765432347
100,-8,35,M,21,30,150,213,237,25,100,full_trace_mean_square,0.8791173915966132
100,-8,35,P,21,30,150,213,237,25,100,full_trace_mean_square,0.9376550447372285
100,-8,35,SLTA,21,30,150,213,237,25,100,full_trace_mean_square,0.8195952451632675
100,-8,35,Std,21,30,150,213,237,25,100,full_trace_mean_square,0.905616033018212
100,-8,35,S,21,30,150,213,237,25,100,full_trace_mean_square,0.217496629825282
100,-8,35,K,21,30,150,213,237,25,100,full_trace_mean_square,0.23100481768747808
100,-8,36,M,21,30,150,213,237,25,148,full_trace_mean_square,0.888668508307533
100,-8,36,P,21,30,150,213,237,25,148,full_trace_mean_square,0.9377517220164562
100,-8,36,SLTA,21,30,150,213,237,25,148,full_trace_mean_square,0.8180621495280939
100,-8,36,Std,21,30,150,213,237,25,148,full_trace_mean_square,0.917380750762514
100,-8,36,S,21,30,150,213,237,25,148,full_trace_mean_square,0.39002087444614925
100,-8,36,K,21,30,150,213,237,25,148,full_trace_mean_square,0.36137979529916864
100,-8,37,M,21,30,150,213,237,25,133,full_trace_mean_square,0.7910916391358073
100,-8,37,P,21,30,150,213,237,25,133,full_trace_mean_square,0.9182570792315942
100,-8,37,SLTA,21,30,150,213,237,25,133,full_trace_mean_square,0.7777978685900289
100,-8,37,Std,21,30,150,213,237,25,133,full_trace_mean_square,0.8590456096056409
100,-8,37,S,21,30,150,213,237,25,133,full_trace_mean_square,0.2960734574429342
100,-8,37,K,21,30,150,213,237,25,133,full_trace_mean_square,0.43447604340777357
100,-8,38,M,21,30,150,213,237,25,120,full_trace_mean_square,0.7833436660985137
100,-8,38,P,21,30,150,213,237,25,120,full_trace_mean_square,0.9148540232567768
100,-8,38,SLTA,21,30,150,213,237,25,120,full_trace_mean_square,0.7656880077630728
100,-8,38,Std,21,30,150,213,237,25,120,full_trace_mean_square,0.8480857280982416
100,-8,38,S,21,30,150,213,237,25,120,full_trace_mean_square,0.4439947242147412
100,-8,38,K,21,30,150,213,237,25,120,full_trace_mean_square,0.47960317420728804
100,-8,39,M,21,30,150,213,237,25,116,full_trace_mean_square,0.8585036383636059
100,-8,39,P,21,30,150,213,237,25,116,full_trace_mean_square,0.9284738571365947
100,-8,39,SLTA,21,30,150,213,237,25,116,full_trace_mean_square,0.7979804756446672
100,-8,39,Std,21,30,150,213,237,25,116,full_trace_mean_square,0.8870048822945005
100,-8,39,S,21,30,150,213,237,25,116,full_trace_mean_square,0.08219003549039429
100,-8,39,K,21,30,150,213,237,25,116,full_trace_mean_square,0.12658073488924781
100,-8,40,M,21,30,150,213,237,25,125,full_trace_mean_square,0.8366230499706122
100,-8,40,P,21,30,150,213,237,25,125,full_trace_mean_square,0.9255117054139725
100,-8,40,SLTA,21,30,150,213,237,25,125,full_trace_mean_square,0.7875382461410618
100,-8,40,Std,21,30,150,213,237,25,125,full_trace_mean_square,0.8757012079257572
100,-8,40,S,21,30,150,213,237,25,125,full_trace_mean_square,0.3228600702891463
100,-8,40,K,21,30,150,213,237,25,125,full_trace_mean_square,0.2267963054343127
100,-8,41,M,21,30,150,213,237,25,140,full_trace_mean_square,0.7946229755807123
100,-8,41,P,21,30,150,213,237,25,140,full_trace_mean_square,0.9207868538463224
100,-8,41,SLTA,21,30,150,213,237,25,140,full_trace_mean_square,0.748800781627982
100,-8,41,Std,21,30,150,213,237,25,140,full_trace_mean_square,0.8553571737598371
100,-8,41,S,21,30,150,213,237,25,140,full_trace_mean_square,0.32267438660774334
100,-8,41,K,21,30,150,213,237,25,140,full_trace_mean_square,0.3726312462325921
100,-8,42,M,21,30,150,213,237,25,133,full_trace_mean_square,0.8354979060650733
100,-8,42,P,21,30,150,213,237,25,133,full_trace_mean_square,0.9248432241730244
100,-8,42,SLTA,21,30,150,213,237,25,133,full_trace_mean_square,0.7878867852752004
100,-8,42,Std,21,30,150,213,237,25,133,full_trace_mean_square,0.87431705838805
100,-8,42,S,21,30,150,213,237,25,133,full_trace_mean_square,0.3775260195116201
100,-8,42,K,21,30,150,213,237,25,133,full_trace_mean_square,0.4126251153139364
100,-8,43,M,21,30,150,213,237,25,110,full_trace_mean_square,0.7944176764623814
100,-8,43,P,21,30,150,213,237,25,110,full_trace_mean_square,0.9188622637930327
100,-8,43,SLTA,21,30,150,213,237,25,110,full_trace_mean_square,0.7612063567773888
100,-8,43,Std,21,30,150,213,237,25,110,full_trace_mean_square,0.8344392361908554
100,-8,43,S,21,30,150,213,237,25,110,full_trace_mean_square,0.2572190775079846
100,-8,43,K,21,30,150,213,237,25,110,full_trace_mean_square,0.21147574550488454
100,-8,44,M,21,30,150,213,237,25,110,full_trace_mean_square,0.8507370664707615
100,-8,44,P,21,30,150,213,237,25,110,full_trace_mean_square,0.9244541505736252
100,-8,44,SLTA,21,30,150,213,237,25,110,full_trace_mean_square,0.7273706369299402
100,-8,44,Std,21,30,150,213,237,25,110,full_trace_mean_square,0.8655472954442893
100,-8,44,S,21,30,150,213,237,25,110,full_trace_mean_square,0.32873887664586016
100,-8,44,K,21,30,150,213,237,25,110,full_trace_mean_square,0.22818453758841498
100,-8,45,M,21,30,150,213,237,25,105,full_trace_mean_square,0.8217357299645262
100,-8,45,P,21,30,150,213,237,25,105,full_trace_mean_square,0.9185144768073343
100,-8,45,SLTA,21,30,150,213,237,25,105,full_trace_mean_square,0.7857557208663931
100,-8,45,Std,21,30,150,213,237,25,105,full_trace_mean_square,0.8683459374065281
100,-8,45,S,21,30,150,213,237,25,105,full_trace_mean_square,0.3043732131222948
100,-8,45,K,21,30,150,213,237,25,105,full_trace_mean_square,0.4157686780937418
100,-8,46,M,21,30,150,213,237,25,149,full_trace_mean_square,0.8173963118745031
100,-8,46,P,21,30,150,213,237,25,149,full_trace_mean_square,0.9120139470201634
100,-8,46,SLTA,21,30,150,213,237,25,149,full_trace_mean_square,0.7698999796716044
100,-8,46,Std,21,30,150,213,237,25,149,full_trace_mean_square,0.8489631668028781
100,-8,46,S,21,30,150,213,237,25,149,full_trace_mean_square,0.5842908902585411
100,-8,46,K,21,30,150,213,237,25,149,full_trace_mean_square,0.5772611412561035
100,-8,47,M,21,30,150,213,237,25,135,full_trace_mean_square,0.7423340754745031
100,-8,47,P,21,30,150,213,237,25,135,full_trace_mean_square,0.8980875577466012
100,-8,47,SLTA,21,30,150,213,237,25,135,full_trace_mean_square,0.7628949715532052
100,-8,47,Std,21,30,150,213,237,25,135,full_trace_mean_square,0.82568984167426
100,-8,47,S,21,30,150,213,237,25,135,full_trace_mean_square,0.2926273606656572
100,-8,47,K,21,30,150,213,237,25,135,full_trace_mean_square,0.452627805788709
100,-8,48,M,21,30,150,213,237,25,130,full_trace_mean_square,0.8671812852375802
100,-8,48,P,21,30,150,213,237,25,130,full_trace_mean_square,0.9370387058920113
100,-8,48,SLTA,21,30,150,213,237,25,130,full_trace_mean_square,0.8074541217173233
100,-8,48,Std,21,30,150,213,237,25,130,full_trace_mean_square,0.9045179364872764
100,-8,48,S,21,30,150,213,237,25,130,full_trace_mean_square,0.3046944556826673
100,-8,48,K,21,30,150,213,237,25,130,full_trace_mean_square,0.566861289425042
100,-8,49,M,21,30,150,213,237,25,144,full_trace_mean_square,0.8851208519227421
100,-8,49,P,21,30,150,213,237,25,144,full_trace_mean_square,0.9404568443109917
100,-8,49,SLTA,21,30,150,213,237,25,144,full_trace_mean_square,0.818899919478711
100,-8,49,Std,21,30,150,213,237,25,144,full_trace_mean_square,0.9222242139129061
100,-8,49,S,21,30,150,213,237,25,144,full_trace_mean_square,0.42893717438291956
100,-8,49,K,21,30,150,213,237,25,144,full_trace_mean_square,0.4969486309242393
100,-8,50,M,21,30,150,213,237,25,171,full_trace_mean_square,0.8139412090455085
100,-8,50,P,21,30,150,213,237,25,171,full_trace_mean_square,0.9246836342117286
100,-8,50,SLTA,21,30,150,213,237,25,171,full_trace_mean_square,0.7838023054823146
100,-8,50,Std,21,30,150,213,237,25,171,full_trace_mean_square,0.8607731548394592
100,-8,50,S,21,30,150,213,237,25,171,full_trace_mean_square,0.37883488577908897
100,-8,50,K,21,30,150,213,237,25,171,full_trace_mean_square,0.37081370260071644
100,-8,51,M,21,30,150,213,237,25,153,full_trace_mean_square,0.8072602997521251
100,-8,51,P,21,30,150,213,237,25,153,full_trace_mean_square,0.908062573708405
100,-8,51,SLTA,21,30,150,213,237,25,153,full_trace_mean_square,0.777379405947355
100,-8,51,Std,21,30,150,213,237,25,153,full_trace_mean_square,0.8568414502927714
100,-8,51,S,21,30,150,213,237,25,153,full_trace_mean_square,0.4528623880825784
100,-8,51,K,21,30,150,213,237,25,153,full_trace_mean_square,0.48525419947202597
100,-8,52,M,21,30,150,213,237,25,97,full_trace_mean_square,0.8846911495566031
100,-8,52,P,21,30,150,213,237,25,97,full_trace_mean_square,0.9368327804843587
100,-8,52,SLTA,21,30,150,213,237,25,97,full_trace_mean_square,0.8032000918482507
100,-8,52,Std,21,30,150,213,237,25,97,full_trace_mean_square,0.9028165605354183
100,-8,52,S,21,30,150,213,237,25,97,full_trace_mean_square,0.18273808978599684
100,-8,52,K,21,30,150,213,237,25,97,full_trace_mean_square,0.21289102930185913
100,-8,53,M,21,30,150,213,237,25,105,full_trace_mean_square,0.8353331289611513
100,-8,53,P,21,30,150,213,237,25,105,full_trace_mean_square,0.932175459000367
100,-8,53,SLTA,21,30,150,213,237,25,105,full_trace_mean_square,0.7900063464219106
100,-8,53,Std,21,30,150,213,237,25,105,full_trace_mean_square,0.8694518365403124
100,-8,53,S,21,30,150,213,237,25,105,full_trace_mean_square,0.2816916877545603
100,-8,53,K,21,30,150,213,237,25,105,full_trace_mean_square,0.292073539143465
100,-8,54,M,21,30,150,213,237,25,124,full_trace_mean_square,0.916132975175469
100,-8,54,P,21,30,150,213,237,25,124,full_trace_mean_square,0.9411324025231291
100,-8,54,SLTA,21,30,150,213,237,25,124,full_trace_mean_square,0.8265004617166648
100,-8,54,Std,21,30,150,213,237,25,124,full_trace_mean_square,0.9237641115503034
100,-8,54,S,21,30,150,213,237,25,124,full_trace_mean_square,0.08304571426864736
100,-8,54,K,21,30,150,213,237,25,124,full_trace_mean_square,0.13916654769490658
100,-8,55,M,21,30,150,213,237,25,112,full_trace_mean_square,0.870687791807821
100,-8,55,P,21,30,150,213,237,25,112,full_trace_mean_square,0.9372102090353374
100,-8,55,SLTA,21,30,150,213,237,25,112,full_trace_mean_square,0.7520762334681562
100,-8,55,Std,21,30,150,213,237,25,112,full_trace_mean_square,0.9041202489355807
100,-8,55,S,21,30,150,213,237,25,112,full_trace_mean_square,0.003772326197929096
100,-8,55,K,21,30,150,213,237,25,112,full_trace_mean_square,0.2144299251812977
100,-8,56,M,21,30,150,213,237,25,159,full_trace_mean_square,0.576993134530428
100,-8,56,P,21,30,150,213,237,25,159,full_trace_mean_square,0.8381267168916854
100,-8,56,SLTA,21,30,150,213,237,25,159,full_trace_mean_square,0.6574745774701166
100,-8,56,Std,21,30,150,213,237,25,159,full_trace_mean_square,0.7284508940773106
100,-8,56,S,21,30,150,213,237,25,159,full_trace_mean_square,0.3704787595747095
100,-8,56,K,21,30,150,213,237,25,159,full_trace_mean_square,0.5690430523134623
100,-8,57,M,21,30,150,213,237,25,143,full_trace_mean_square,0.8493955433602083
100,-8,57,P,21,30,150,213,237,25,143,full_trace_mean_square,0.924613238172638
100,-8,57,SLTA,21,30,150,213,237,25,143,full_trace_mean_square,0.7678517491743229
100,-8,57,Std,21,30,150,213,237,25,143,full_trace_mean_square,0.8722945358117683
100,-8,57,S,21,30,150,213,237,25,143,full_trace_mean_square,0.32427735814705577
100,-8,57,K,21,30,150,213,237,25,143,full_trace_mean_square,0.3225866917297435
100,-8,58,M,21,30,150,213,237,25,129,full_trace_mean_square,0.7730800830806954
100,-8,58,P,21,30,150,213,237,25,129,full_trace_mean_square,0.8924925853227494
100,-8,58,SLTA,21,30,150,213,237,25,129,full_trace_mean_square,0.7424199970690278
100,-8,58,Std,21,30,150,213,237,25,129,full_trace_mean_square,0.8310752153084267
100,-8,58,S,21,30,150,213,237,25,129,full_trace_mean_square,0.3622026640494206
100,-8,58,K,21,30,150,213,237,25,129,full_trace_mean_square,0.4881317217421662
100,-8,59,M,21,30,150,213,237,25,134,full_trace_mean_square,0.8483641487169715
100,-8,59,P,21,30,150,213,237,25,134,full_trace_mean_square,0.9311143455745315
100,-8,59,SLTA,21,30,150,213,237,25,134,full_trace_mean_square,0.8171145755118235
100,-8,59,Std,21,30,150,213,237,25,134,full_trace_mean_square,0.8818820753030827
100,-8,59,S,21,30,150,213,237,25,134,full_trace_mean_square,0.3631673434947642
100,-8,59,K,21,30,150,213,237,25,134,full_trace_mean_square,0.2977319512444042
100,-8,60,M,21,30,150,213,237,25,125,full_trace_mean_square,0.8660069588477256
100,-8,60,P,21,30,150,213,237,25,125,full_trace_mean_square,0.9340453905827709
100,-8,60,SLTA,21,30,150,213,237,25,125,full_trace_mean_square,0.8067275404592279
100,-8,60,Std,21,30,150,213,237,25,125,full_trace_mean_square,0.9069595197225802
100,-8,60,S,21,30,150,213,237,25,125,full_trace_mean_square,0.3067647139111252
100,-8,60,K,21,30,150,213,237,25,125,full_trace_mean_square,0.3796344507595176
100,-8,61,M,21,30,150,213,237,25,96,full_trace_mean_square,0.8425194229777134
100,-8,61,P,21,30,150,213,237,25,96,full_trace_mean_square,0.9261169906935887
100,-8,61,SLTA,21,30,150,213,237,25,96,full_trace_mean_square,0.7566537288775897
100,-8,61,Std,21,30,150,213,237,25,96,full_trace_mean_square,0.8648891827682739
100,-8,61,S,21,30,150,213,237,25,96,full_trace_mean_square,0.0429872022623309
100,-8,61,K,21,30,150,213,237,25,96,full_trace_mean_square,0.07896538532526211
100,-8,62,M,21,30,150,213,237,25,124,full_trace_mean_square,0.7251310655836721
100,-8,62,P,21,30,150,213,237,25,124,full_trace_mean_square,0.8828802042387026
100,-8,62,SLTA,21,30,150,213,237,25,124,full_trace_mean_square,0.7255242831089376
100,-8,62,Std,21,30,150,213,237,25,124,full_trace_mean_square,0.7994996861528701
100,-8,62,S,21,30,150,213,237,25,124,full_trace_mean_square,0.3568986598141293
100,-8,62,K,21,30,150,213,237,25,124,full_trace_mean_square,0.5079147711120712
100,-8,63,M,21,30,150,213,237,25,132,full_trace_mean_square,0.7869005955179494
100,-8,63,P,21,30,150,213,237,25,132,full_trace_mean_square,0.9160507827877798
100,-8,63,SLTA,21,30,150,213,237,25,132,full_trace_mean_square,0.7315624217328869
100,-8,63,Std,21,30,150,213,237,25,132,full_trace_mean_square,0.8436265423822215
100,-8,63,S,21,30,150,213,237,25,132,full_trace_mean_square,0.1757297508899887
100,-8,63,K,21,30,150,213,237,25,132,full_trace_mean_square,0.33331301311664047
100,-8,64,M,21,30,150,213,237,25,111,full_trace_mean_square,0.8564519023823781
100,-8,64,P,21,30,150,213,237,25,111,full_trace_mean_square,0.9187262382602891
100,-8,64,SLTA,21,30,150,213,237,25,111,full_trace_mean_square,0.7983786592142214
100,-8,64,Std,21,30,150,213,237,25,111,full_trace_mean_square,0.8844241762530902
100,-8,64,S,21,30,150,213,237,25,111,full_trace_mean_square,0.07636973570598773
100,-8,64,K,21,30,150,213,237,25,111,full_trace_mean_square,0.24804307965711017
100,-8,65,M,21,30,150,213,237,25,132,full_trace_mean_square,0.8699593422730002
100,-8,65,P,21,30,150,213,237,25,132,full_trace_mean_square,0.9333183425973454
100,-8,65,SLTA,21,30,150,213,237,25,132,full_trace_mean_square,0.8143226913142285
100,-8,65,Std,21,30,150,213,237,25,132,full_trace_mean_square,0.8930507699478253
100,-8,65,S,21,30,150,213,237,25,132,full_trace_mean_square,0.14771482665688285
100,-8,65,K,21,30,150,213,237,25,132,full_trace_mean_square,0.2626141763551698
100,-8,66,M,21,30,150,213,237,25,151,full_trace_mean_square,0.875358747888778
100,-8,66,P,21,30,150,213,237,25,151,full_trace_mean_square,0.9360416184559097
100,-8,66,SLTA,21,30,150,213,237,25,151,full_trace_mean_square,0.8188101261238462
100,-8,66,Std,21,30,150,213,237,25,151,full_trace_mean_square,0.9112731964647766
100,-8,66,S,21,30,150,213,237,25,151,full_trace_mean_square,0.46689378114036334
100,-8,66,K,21,30,150,213,237,25,151,full_trace_mean_square,0.6405907686183562
100,-8,67,M,21,30,150,213,237,25,117,full_trace_mean_square,0.8418045485893613
100,-8,67,P,21,30,150,213,237,25,117,full_trace_mean_square,0.9295022294862718
100,-8,67,SLTA,21,30,150,213,237,25,117,full_trace_mean_square,0.7920270803782218
100,-8,67,Std,21,30,150,213,237,25,117,full_trace_mean_square,0.8862129917232614
100,-8,67,S,21,30,150,213,237,25,117,full_trace_mean_square,0.2867100978473745
100,-8,67,K,21,30,150,213,237,25,117,full_trace_mean_square,0.445236975377684
100,-8,68,M,21,30,150,213,237,25,115,full_trace_mean_square,0.8784069318250508
100,-8,68,P,21,30,150,213,237,25,115,full_trace_mean_square,0.9363105991466885
100,-8,68,SLTA,21,30,150,213,237,25,115,full_trace_mean_square,0.8394056705670707
100,-8,68,Std,21,30,150,213,237,25,115,full_trace_mean_square,0.8994716584515933
100,-8,68,S,21,30,150,213,237,25,115,full_trace_mean_square,0.4242360081270703
100,-8,68,K,21,30,150,213,237,25,115,full_trace_mean_square,0.35784491619937736
100,-8,69,M,21,30,150,213,237,25,135,full_trace_mean_square,0.8705606627581939
100,-8,69,P,21,30,150,213,237,25,135,full_trace_mean_square,0.9326484935521554
100,-8,69,SLTA,21,30,150,213,237,25,135,full_trace_mean_square,0.7490233223806942
100,-8,69,Std,21,30,150,213,237,25,135,full_trace_mean_square,0.8935934634200837
100,-8,69,S,21,30,150,213,237,25,135,full_trace_mean_square,0.15672337908510695
100,-8,69,K,21,30,150,213,237,25,135,full_trace_mean_square,0.3731370435780242
100,-8,70,M,21,30,150,213,237,25,128,full_trace_mean_square,0.8212532887209816
100,-8,70,P,21,30,150,213,237,25,128,full_trace_mean_square,0.9204112443016045
100,-8,70,SLTA,21,30,150,213,237,25,128,full_trace_mean_square,0.79339741705078
100,-8,70,Std,21,30,150,213,237,25,128,full_trace_mean_square,0.8742216549244928
100,-8,70,S,21,30,150,213,237,25,128,full_trace_mean_square,0.12528119434952362
100,-8,70,K,21,30,150,213,237,25,128,full_trace_mean_square,0.2971562871381887
100,-8,71,M,21,30,150,213,237,25,146,full_trace_mean_square,0.7822576399670751
100,-8,71,P,21,30,150,213,237,25,146,full_trace_mean_square,0.9142255005953658
100,-8,71,SLTA,21,30,150,213,237,25,146,full_trace_mean_square,0.7860953554800313
100,-8,71,Std,21,30,150,213,237,25,146,full_trace_mean_square,0.8367097285258052
100,-8,71,S,21,30,150,213,237,25,146,full_trace_mean_square,0.3277132295771454
100,-8,71,K,21,30,150,213,237,25,146,full_trace_mean_square,0.34140264375421486
100,-8,72,M,21,30,150,213,237,25,149,full_trace_mean_square,0.8119179915470657
100,-8,72,P,21,30,150,213,237,25,149,full_trace_mean_square,0.8995698841246351
100,-8,72,SLTA,21,30,150,213,237,25,149,full_trace_mean_square,0.7386070126824353
100,-8,72,Std,21,30,150,213,237,25,149,full_trace_mean_square,0.8370647252097606
100,-8,72,S,21,30,150,213,237,25,149,full_trace_mean_square,0.22400888708594965
100,-8,72,K,21,30,150,213,237,25,149,full_trace_mean_square,0.459250075854496
100,-8,73,M,21,30,150,213,237,25,137,full_trace_mean_square,0.805370123916788
100,-8,73,P,21,30,150,213,237,25,137,full_trace_mean_square,0.9117972139972533
100,-8,73,SLTA,21,30,150,213,237,25,137,full_trace_mean_square,0.7968557061482335
100,-8,73,Std,21,30,150,213,237,25,137,full_trace_mean_square,0.8605577489732594
100,-8,73,S,21,30,150,213,237,25,137,full_trace_mean_square,0.33471530857632326
100,-8,73,K,21,30,150,213,237,25,137,full_trace_mean_square,0.5098841297267392
100,-8,74,M,21,30,150,213,237,25,124,full_trace_mean_square,0.8715862847200704
100,-8,74,P,21,30,150,213,237,25,124,full_trace_mean_square,0.9338966218974573
100,-8,74,SLTA,21,30,150,213,237,25,124,full_trace_mean_square,0.7764533568148921
100,-8,74,Std,21,30,150,213,237,25,124,full_trace_mean_square,0.8896924060726673
100,-8,74,S,21,30,150,213,237,25,124,full_trace_mean_square,0.3773304179095566
100,-8,74,K,21,30,150,213,237,25,124,full_trace_mean_square,0.30720475758682464
100,-8,75,M,21,30,150,213,237,25,137,full_trace_mean_square,0.8622106098992136
100,-8,75,P,21,30,150,213,237,25,137,full_trace_mean_square,0.9352387662688586
100,-8,75,SLTA,21,30,150,213,237,25,137,full_trace_mean_square,0.8130949683190133
100,-8,75,Std,21,30,150,213,237,25,137,full_trace_mean_square,0.895969875724457
100,-8,75,S,21,30,150,213,237,25,137,full_trace_mean_square,0.249915182954347
100,-8,75,K,21,30,150,213,237,25,137,full_trace_mean_square,0.3592883892129818
100,-8,76,M,21,30,150,213,237,25,131,full_trace_mean_square,0.8537370933294697
100,-8,76,P,21,30,150,213,237,25,131,full_trace_mean_square,0.9248857411228808
100,-8,76,SLTA,21,30,150,213,237,25,131,full_trace_mean_square,0.80766155838293
100,-8,76,Std,21,30,150,213,237,25,131,full_trace_mean_square,0.8941102326664859
100,-8,76,S,21,30,150,213,237,25,131,full_trace_mean_square,0.256009704185704
100,-8,76,K,21,30,150,213,237,25,131,full_trace_mean_square,0.4015020780284847
100,-8,77,M,21,30,150,213,237,25,124,full_trace_mean_square,0.8595931768006635
100,-8,77,P,21,30,150,213,237,25,124,full_trace_mean_square,0.9316043345839774
100,-8,77,SLTA,21,30,150,213,237,25,124,full_trace_mean_square,0.8014173011646738
100,-8,77,Std,21,30,150,213,237,25,124,full_trace_mean_square,0.8851105072144948
100,-8,77,S,21,30,150,213,237,25,124,full_trace_mean_square,0.3759169207301444
100,-8,77,K,21,30,150,213,237,25,124,full_trace_mean_square,0.2579114051139717
100,-8,78,M,21,30,150,213,237,25,127,full_trace_mean_square,0.8533257826758616
100,-8,78,P,21,30,150,213,237,25,127,full_trace_mean_square,0.9293069007216811
100,-8,78,SLTA,21,30,150,213,237,25,127,full_trace_mean_square,0.7823464781950049
100,-8,78,Std,21,30,150,213,237,25,127,full_trace_mean_square,0.887771005862415
100,-8,78,S,21,30,150,213,237,25,127,full_trace_mean_square,0.40293677497206787
100,-8,78,K,21,30,150,213,237,25,127,full_trace_mean_square,0.45158872072511674
100,-8,79,M,21,30,150,213,237,25,144,full_trace_mean_square,0.7988322998041618
100,-8,79,P,21,30,150,213,237,25,144,full_trace_mean_square,0.916892535325605
100,-8,79,SLTA,21,30,150,213,237,25,144,full_trace_mean_square,0.7307340719864761
100,-8,79,Std,21,30,150,213,237,25,144,full_trace_mean_square,0.8553688899811074
100,-8,79,S,21,30,150,213,237,25,144,full_trace_mean_square,0.22943800877981288
100,-8,79,K,21,30,150,213,237,25,144,full_trace_mean_square,0.37337171465031394
100,-8,80,M,21,30,150,213,237,25,117,full_trace_mean_square,0.8623446589125743
100,-8,80,P,21,30,150,213,237,25,117,full_trace_mean_square,0.9379756890757951
100,-8,80,SLTA,21,30,150,213,237,25,117,full_trace_mean_square,0.7931496228768535
100,-8,80,Std,21,30,150,213,237,25,117,full_trace_mean_square,0.8912684153494879
100,-8,80,S,21,30,150,213,237,25,117,full_trace_mean_square,0.23552322652178626
100,-8,80,K,21,30,150,213,237,25,117,full_trace_mean_square,0.3687926015299528
100,-8,81,M,21,30,150,213,237,25,129,full_trace_mean_square,0.840301563070707
100,-8,81,P,21,30,150,213,237,25,129,full_trace_mean_square,0.9279633185034947
100,-8,81,SLTA,21,30,150,213,237,25,129,full_trace_mean_square,0.8007437583544689
100,-8,81,Std,21,30,150,213,237,25,129,full_trace_mean_square,0.8874645521370554
100,-8,81,S,21,30,150,213,237,25,129,full_trace_mean_square,0.4901481425077232
100,-8,81,K,21,30,150,213,237,25,129,full_trace_mean_square,0.46565716388459544
100,-8,82,M,21,30,150,213,237,25,121,full_trace_mean_square,0.7808702955887611
100,-8,82,P,21,30,150,213,237,25,121,full_trace_mean_square,0.9144109998149976
100,-8,82,SLTA,21,30,150,213,237,25,121,full_trace_mean_square,0.7171006831625222
100,-8,82,Std,21,30,150,213,237,25,121,full_trace_mean_square,0.8509464212997664
100,-8,82,S,21,30,150,213,237,25,121,full_trace_mean_square,0.39846426251048883
100,-8,82,K,21,30,150,213,237,25,121,full_trace_mean_square,0.5452218768063838
100,-8,83,M,21,30,150,213,237,25,99,full_trace_mean_square,0.7435324775959358
100,-8,83,P,21,30,150,213,237,25,99,full_trace_mean_square,0.8729893653494318
100,-8,83,SLTA,21,30,150,213,237,25,99,full_trace_mean_square,0.6515042987868673
100,-8,83,Std,21,30,150,213,237,25,99,full_trace_mean_square,0.7700795076462217
100,-8,83,S,21,30,150,213,237,25,99,full_trace_mean_square,0.20632521978874055
100,-8,83,K,21,30,150,213,237,25,99,full_trace_mean_square,0.10937048655717413
100,-8,84,M,21,30,150,213,237,25,98,full_trace_mean_square,0.7522364382515446
100,-8,84,P,21,30,150,213,237,25,98,full_trace_mean_square,0.8965038786873132
100,-8,84,SLTA,21,30,150,213,237,25,98,full_trace_mean_square,0.7486295547566636
100,-8,84,Std,21,30,150,213,237,25,98,full_trace_mean_square,0.8014698810766411
100,-8,84,S,21,30,150,213,237,25,98,full_trace_mean_square,0.09364468804327845
100,-8,84,K,21,30,150,213,237,25,98,full_trace_mean_square,0.26271404617889643
100,-8,85,M,21,30,150,213,237,25,133,full_trace_mean_square,0.8132095229508932
100,-8,85,P,21,30,150,213,237,25,133,full_trace_mean_square,0.9250280245587381
100,-8,85,SLTA,21,30,150,213,237,25,133,full_trace_mean_square,0.7958105437471309
100,-8,85,Std,21,30,150,213,237,25,133,full_trace_mean_square,0.8867733022200093
100,-8,85,S,21,30,150,213,237,25,133,full_trace_mean_square,0.4500088059970756
100,-8,85,K,21,30,150,213,237,25,133,full_trace_mean_square,0.5849452709816422
100,-8,86,M,21,30,150,213,237,25,130,full_trace_mean_square,0.9026414337921632
100,-8,86,P,21,30,150,213,237,25,130,full_trace_mean_square,0.9400326819091233
100,-8,86,SLTA,21,30,150,213,237,25,130,full_trace_mean_square,0.8104241998966792
100,-8,86,Std,21,30,150,213,237,25,130,full_trace_mean_square,0.9159912342168581
100,-8,86,S,21,30,150,213,237,25,130,full_trace_mean_square,0.29612123655899786
100,-8,86,K,21,30,150,213,237,25,130,full_trace_mean_square,0.40070721752850524
100,-8,87,M,21,30,150,213,237,25,120,full_trace_mean_square,0.890344012874601
100,-8,87,P,21,30,150,213,237,25,120,full_trace_mean_square,0.9415513728905383
100,-8,87,SLTA,21,30,150,213,237,25,120,full_trace_mean_square,0.8242618816595796
100,-8,87,Std,21,30,150,213,237,25,120,full_trace_mean_square,0.9199655243067273
100,-8,87,S,21,30,150,213,237,25,120,full_trace_mean_square,0.21536736070133433
100,-8,87,K,21,30,150,213,237,25,120,full_trace_mean_square,0.3826702075588862
100,-8,88,M,21,30,150,213,237,25,121,full_trace_mean_square,0.8850796751866943
100,-8,88,P,21,30,150,213,237,25,121,full_trace_mean_square,0.941187304147536
100,-8,88,SLTA,21,30,150,213,237,25,121,full_trace_mean_square,0.7885635982663233
100,-8,88,Std,21,30,150,213,237,25,121,full_trace_mean_square,0.9076292103606138
100,-8,88,S,21,30,150,213,237,25,121,full_trace_mean_square,0.2543765957771731
100,-8,88,K,21,30,150,213,237,25,121,full_trace_mean_square,0.29465655171697525
100,-8,89,M,21,30,150,213,237,25,149,full_trace_mean_square,0.7871500178845529
100,-8,89,P,21,30,150,213,237,25,149,full_trace_mean_square,0.9128584372659696
100,-8,89,SLTA,21,30,150,213,237,25,149,full_trace_mean_square,0.7836904315545072
100,-8,89,Std,21,30,150,213,237,25,149,full_trace_mean_square,0.8379923145285674
100,-8,89,S,21,30,150,213,237,25,149,full_trace_mean_square,0.3248685889773802
100,-8,89,K,21,30,150,213,237,25,149,full_trace_mean_square,0.4798403124143654
100,-8,90,M,21,30,150,213,237,25,135,full_trace_mean_square,0.7444987779521085
100,-8,90,P,21,30,150,213,237,25,135,full_trace_mean_square,0.8963634847629482
100,-8,90,SLTA,21,30,150,213,237,25,135,full_trace_mean_square,0.7901125417639664
100,-8,90,Std,21,30,150,213,237,25,135,full_trace_mean_square,0.810814408321229
100,-8,90,S,21,30,150,213,237,25,135,full_trace_mean_square,0.3711826471849724
100,-8,90,K,21,30,150,213,237,25,135,full_trace_mean_square,0.4703643978230864
100,-8,91,M,21,30,150,213,237,25,137,full_trace_mean_square,0.8436041616511991
100,-8,91,P,21,30,150,213,237,25,137,full_trace_mean_square,0.9315359058007102
100,-8,91,SLTA,21,30,150,213,237,25,137,full_trace_mean_square,0.784809875760681
100,-8,91,Std,21,30,150,213,237,25,137,full_trace_mean_square,0.8888505979520234
100,-8,91,S,21,30,150,213,237,25,137,full_trace_mean_square,0.40718363392221796
100,-8,91,K,21,30,150,213,237,25,137,full_trace_mean_square,0.5114596650963287
100,-8,92,M,21,30,150,213,237,25,137,full_trace_mean_square,0.8735458847805236
100,-8,92,P,21,30,150,213,237,25,137,full_trace_mean_square,0.9338012483865322
100,-8,92,SLTA,21,30,150,213,237,25,137,full_trace_mean_square,0.8149812164655877
100,-8,92,Std,21,30,150,213,237,25,137,full_trace_mean_square,0.9125226556444106
100,-8,92,S,21,30,150,213,237,25,137,full_trace_mean_square,0.4621194846255979
100,-8,92,K,21,30,150,213,237,25,137,full_trace_mean_square,0.5804400108932154
100,-8,93,M,21,30,150,213,237,25,140,full_trace_mean_square,0.8383022723615196
100,-8,93,P,21,30,150,213,237,25,140,full_trace_mean_square,0.9245440860284104
100,-8,93,SLTA,21,30,150,213,237,25,140,full_trace_mean_square,0.7895835783880916
100,-8,93,Std,21,30,150,213,237,25,140,full_trace_mean_square,0.8752588040817783
100,-8,93,S,21,30,150,213,237,25,140,full_trace_mean_square,0.30598168843903756
100,-8,93,K,21,30,150,213,237,25,140,full_trace_mean_square,0.2615579409635685
100,-8,94,M,21,30,150,213,237,25,103,full_trace_mean_square,0.8832492628726272
100,-8,94,P,21,30,150,213,237,25,103,full_trace_mean_square,0.944427258806002
100,-8,94,SLTA,21,30,150,213,237,25,103,full_trace_mean_square,0.8034696104741164
100,-8,94,Std,21,30,150,213,237,25,103,full_trace_mean_square,0.9117718813048862
100,-8,94,S,21,30,150,213,237,25,103,full_trace_mean_square,0.2666226960241907
100,-8,94,K,21,30,150,213,237,25,103,full_trace_mean_square,0.3726211869939891
100,-8,95,M,21,30,150,213,237,25,142,full_trace_mean_square,0.7665621549411863
100,-8,95,P,21,30,150,213,237,25,142,full_trace_mean_square,0.9133961293648818
100,-8,95,SLTA,21,30,150,213,237,25,142,full_trace_mean_square,0.7568248758070338
100,-8,95,Std,21,30,150,213,237,25,142,full_trace_mean_square,0.8370035906678244
100,-8,95,S,21,30,150,213,237,25,142,full_trace_mean_square,0.36611759266819843
100,-8,95,K,21,30,150,213,237,25,142,full_trace_mean_square,0.3905084652698467
100,-8,96,M,21,30,150,213,237,25,149,full_trace_mean_square,0.8683505722133782
100,-8,96,P,21,30,150,213,237,25,149,full_trace_mean_square,0.9387587983347777
100,-8,96,SLTA,21,30,150,213,237,25,149,full_trace_mean_square,0.8215318928456924
100,-8,96,Std,21,30,150,213,237,25,149,full_trace_mean_square,0.9080416919174532
100,-8,96,S,21,30,150,213,237,25,149,full_trace_mean_square,0.23947253312657735
100,-8,96,K,21,30,150,213,237,25,149,full_trace_mean_square,0.184109881438443
100,-8,97,M,21,30,150,213,237,25,112,full_trace_mean_square,0.825989408955418
100,-8,97,P,21,30,150,213,237,25,112,full_trace_mean_square,0.9318064777712547
100,-8,97,SLTA,21,30,150,213,237,25,112,full_trace_mean_square,0.7871233491307361
100,-8,97,Std,21,30,150,213,237,25,112,full_trace_mean_square,0.8771712200327646
100,-8,97,S,21,30,150,213,237,25,112,full_trace_mean_square,0.39762953727115186
100,-8,97,K,21,30,150,213,237,25,112,full_trace_mean_square,0.44084851039685047
100,-8,98,M,21,30,150,213,237,25,157,full_trace_mean_square,0.8425689283526692
100,-8,98,P,21,30,150,213,237,25,157,full_trace_mean_square,0.9318522119794762
100,-8,98,SLTA,21,30,150,213,237,25,157,full_trace_mean_square,0.7869654263527601
100,-8,98,Std,21,30,150,213,237,25,157,full_trace_mean_square,0.8821120217445783
100,-8,98,S,21,30,150,213,237,25,157,full_trace_mean_square,0.22560687252825196
100,-8,98,K,21,30,150,213,237,25,157,full_trace_mean_square,0.23406813154431585
100,-8,99,M,21,30,150,213,237,25,153,full_trace_mean_square,0.879046672291393
100,-8,99,P,21,30,150,213,237,25,153,full_trace_mean_square,0.9337775044109139
100,-8,99,SLTA,21,30,150,213,237,25,153,full_trace_mean_square,0.808537348099408
100,-8,99,Std,21,30,150,213,237,25,153,full_trace_mean_square,0.8983286182422895
100,-8,99,S,21,30,150,213,237,25,153,full_trace_mean_square,0.3099963814726259
100,-8,99,K,21,30,150,213,237,25,153,full_trace_mean_square,0.28306719457573565
100,-8,100,M,21,30,150,213,237,25,141,full_trace_mean_square,0.7902359740646253
100,-8,100,P,21,30,150,213,237,25,141,full_trace_mean_square,0.9108878247384175
100,-8,100,SLTA,21,30,150,213,237,25,141,full_trace_mean_square,0.7070450257096915
100,-8,100,Std,21,30,150,213,237,25,141,full_trace_mean_square,0.8345403054454782
100,-8,100,S,21,30,150,213,237,25,141,full_trace_mean_square,0.34250358173030016
100,-8,100,K,21,30,150,213,237,25,141,full_trace_mean_square,0.33573304686373184
100,-8,101,M,21,30,150,213,237,25,157,full_trace_mean_square,0.8306128602603944
100,-8,101,P,21,30,150,213,237,25,157,full_trace_mean_square,0.92741268825602
100,-8,101,SLTA,21,30,150,213,237,25,157,full_trace_mean_square,0.8063985294250536
100,-8,101,Std,21,30,150,213,237,25,157,full_trace_mean_square,0.8708042932423228
100,-8,101,S,21,30,150,213,237,25,157,full_trace_mean_square,0.44444342976802703
100,-8,101,K,21,30,150,213,237,25,157,full_trace_mean_square,0.4909831224483018
100,-8,102,M,21,30,150,213,237,25,159,full_trace_mean_square,0.8453580344768049
100,-8,102,P,21,30,150,213,237,25,159,full_trace_mean_square,0.9195601451388106
100,-8,102,SLTA,21,30,150,213,237,25,159,full_trace_mean_square,0.7937801502752002
100,-8,102,Std,21,30,150,213,237,25,159,full_trace_mean_square,0.8800562860070639
100,-8,102,S,21,30,150,213,237,25,159,full_trace_mean_square,0.35562762753790933
100,-8,102,K,21,30,150,213,237,25,159,full_trace_mean_square,0.5686356583425903
100,-8,103,M,21,30,150,213,237,25,142,full_trace_mean_square,0.8743440871882056
100,-8,103,P,21,30,150,213,237,25,142,full_trace_mean_square,0.9379147520825081
100,-8,103,SLTA,21,30,150,213,237,25,142,full_trace_mean_square,0.8202968311819263
100,-8,103,Std,21,30,150,213,237,25,142,full_trace_mean_square,0.9065411763680165
100,-8,103,S,21,30,150,213,237,25,142,full_trace_mean_square,0.2946495029243897
100,-8,103,K,21,30,150,213,237,25,142,full_trace_mean_square,0.27696014543338215
100,-8,104,M,21,30,150,213,237,25,150,full_trace_mean_square,0.8207560398064374
100,-8,104,P,21,30,150,213,237,25,150,full_trace_mean_square,0.9219145456541763
100,-8,104,SLTA,21,30,150,213,237,25,150,full_trace_mean_square,0.8033291055867469
100,-8,104,Std,21,30,150,213,237,25,150,full_trace_mean_square,0.8761125103802557
100,-8,104,S,21,30,150,213,237,25,150,full_trace_mean_square,0.3099970630837742
100,-8,104,K,21,30,150,213,237,25,150,full_trace_mean_square,0.46520111134430747
100,-8,105,M,21,30,150,213,237,25,129,full_trace_mean_square,0.8758069007541186
100,-8,105,P,21,30,150,213,237,25,129,full_trace_mean_square,0.9376376181708672
100,-8,105,SLTA,21,30,150,213,237,25,129,full_trace_mean_square,0.7974019802768239
100,-8,105,Std,21,30,150,213,237,25,129,full_trace_mean_square,0.9025436600102272
100,-8,105,S,21,30,150,213,237,25,129,full_trace_mean_square,0.21463854579332636
100,-8,105,K,21,30,150,213,237,25,129,full_trace_mean_square,0.3044705468024273
100,-8,106,M,21,30,150,213,237,25,130,full_trace_mean_square,0.8850085737455554
100,-8,106,P,21,30,150,213,237,25,130,full_trace_mean_square,0.9390057820042984
100,-8,106,SLTA,21,30,150,213,237,25,130,full_trace_mean_square,0.7886386241827245
100,-8,106,Std,21,30,150,213,237,25,130,full_trace_mean_square,0.9043021662069474
100,-8,106,S,21,30,150,213,237,25,130,full_trace_mean_square,0.48183927945285665
100,-8,106,K,21,30,150,213,237,25,130,full_trace_mean_square,0.3481358058801647
100,-8,107,M,21,30,150,213,237,25,115,full_trace_mean_square,0.8520303395646056
100,-8,107,P,21,30,150,213,237,25,115,full_trace_mean_square,0.9308347288335962
100,-8,107,SLTA,21,30,150,213,237,25,115,full_trace_mean_square,0.7736871759546345
100,-8,107,Std,21,30,150,213,237,25,115,full_trace_mean_square,0.8920296447033924
100,-8,107,S,21,30,150,213,237,25,115,full_trace_mean_square,0.33256292949069904
100,-8,107,K,21,30,150,213,237,25,115,full_trace_mean_square,0.4717857050529261
100,-8,108,M,21,30,150,213,237,25,128,full_trace_mean_square,0.8019228376448666
100,-8,108,P,21,30,150,213,237,25,128,full_trace_mean_square,0.9144109483933627
100,-8,108,SLTA,21,30,150,213,237,25,128,full_trace_mean_square,0.8022561215786581
100,-8,108,Std,21,30,150,213,237,25,128,full_trace_mean_square,0.8522780255180769
100,-8,108,S,21,30,150,213,237,25,128,full_trace_mean_square,0.13901295635164096
100,-8,108,K,21,30,150,213,237,25,128,full_trace_mean_square,0.28179518464503833
100,-8,109,M,21,30,150,213,237,25,120,full_trace_mean_square,0.8676951396422394
100,-8,109,P,21,30,150,213,237,25,120,full_trace_mean_square,0.9332860835105373
100,-8,109,SLTA,21,30,150,213,237,25,120,full_trace_mean_square,0.7976771448242751
100,-8,109,Std,21,30,150,213,237,25,120,full_trace_mean_square,0.9002664589740265
100,-8,109,S,21,30,150,213,237,25,120,full_trace_mean_square,0.20915416958335697
100,-8,109,K,21,30,150,213,237,25,120,full_trace_mean_square,0.21435809455262872
100,-8,110,M,21,30,150,213,237,25,123,full_trace_mean_square,0.836640434337427
100,-8,110,P,21,30,150,213,237,25,123,full_trace_mean_square,0.9284299706010278
100,-8,110,SLTA,21,30,150,213,237,25,123,full_trace_mean_square,0.7793655806823568
100,-8,110,Std,21,30,150,213,237,25,123,full_trace_mean_square,0.875988206851135
100,-8,110,S,21,30,150,213,237,25,123,full_trace_mean_square,0.09854390854334022
100,-8,110,K,21,30,150,213,237,25,123,full_trace_mean_square,0.19002909213768837
100,-8,111,M,21,30,150,213,237,25,141,full_trace_mean_square,0.8671997341881448
100,-8,111,P,21,30,150,213,237,25,141,full_trace_mean_square,0.933100140562532
100,-8,111,SLTA,21,30,150,213,237,25,141,full_trace_mean_square,0.8130883120092598
100,-8,111,Std,21,30,150,213,237,25,141,full_trace_mean_square,0.9056741232692512
100,-8,111,S,21,30,150,213,237,25,141,full_trace_mean_square,0.236513556814471
100,-8,111,K,21,30,150,213,237,25,141,full_trace_mean_square,0.41055887985689954
100,-8,112,M,21,30,150,213,237,25,94,full_trace_mean_square,0.5991556420335417
100,-8,112,P,21,30,150,213,237,25,94,full_trace_mean_square,0.7676597402673215
100,-8,112,SLTA,21,30,150,213,237,25,94,full_trace_mean_square,0.6061346304546253
100,-8,112,Std,21,30,150,213,237,25,94,full_trace_mean_square,0.6704622844418284
100,-8,112,S,21,30,150,213,237,25,94,full_trace_mean_square,0.1612412106178484
100,-8,112,K,21,30,150,213,237,25,94,full_trace_mean_square,0.2413304762970277
100,-8,113,M,21,30,150,213,237,25,116,full_trace_mean_square,0.7725207256912328
100,-8,113,P,21,30,150,213,237,25,116,full_trace_mean_square,0.91217182038846
100,-8,113,SLTA,21,30,150,213,237,25,116,full_trace_mean_square,0.6526860740816218
100,-8,113,Std,21,30,150,213,237,25,116,full_trace_mean_square,0.8097691389969203
100,-8,113,S,21,30,150,213,237,25,116,full_trace_mean_square,0.41181068192701953
100,-8,113,K,21,30,150,213,237,25,116,full_trace_mean_square,0.4020201948001544
100,-8,114,M,21,30,150,213,237,25,138,full_trace_mean_square,0.751792514530528
100,-8,114,P,21,30,150,213,237,25,138,full_trace_mean_square,0.8802640664902562
100,-8,114,SLTA,21,30,150,213,237,25,138,full_trace_mean_square,0.7672615356910653
100,-8,114,Std,21,30,150,213,237,25,138,full_trace_mean_square,0.8037222964983041
100,-8,114,S,21,30,150,213,237,25,138,full_trace_mean_square,0.44926054355206485
100,-8,114,K,21,30,150,213,237,25,138,full_trace_mean_square,0.5308261880601756
100,-8,115,M,21,30,150,213,237,25,122,full_trace_mean_square,0.826786121628765
100,-8,115,P,21,30,150,213,237,25,122,full_trace_mean_square,0.9162226541824174
100,-8,115,SLTA,21,30,150,213,237,25,122,full_trace_mean_square,0.7770502451926634
100,-8,115,Std,21,30,150,213,237,25,122,full_trace_mean_square,0.8476502357764801
100,-8,115,S,21,30,150,213,237,25,122,full_trace_mean_square,0.3359128657954661
100,-8,115,K,21,30,150,213,237,25,122,full_trace_mean_square,0.2929296651319469
100,-8,116,M,21,30,150,213,237,25,137,full_trace_mean_square,0.7376603542977926
100,-8,116,P,21,30,150,213,237,25,137,full_trace_mean_square,0.8913889941301464
100,-8,116,SLTA,21,30,150,213,237,25,137,full_trace_mean_square,0.8026697946165784
100,-8,116,Std,21,30,150,213,237,25,137,full_trace_mean_square,0.8352483554942374
100,-8,116,S,21,30,150,213,237,25,137,full_trace_mean_square,0.12131445026584449
100,-8,116,K,21,30,150,213,237,25,137,full_trace_mean_square,0.3573591229176952
100,-8,117,M,21,30,150,213,237,25,122,full_trace_mean_square,0.8285771476838744
100,-8,117,P,21,30,150,213,237,25,122,full_trace_mean_square,0.925249763958222
100,-8,117,SLTA,21,30,150,213,237,25,122,full_trace_mean_square,0.7619819630185727
100,-8,117,Std,21,30,150,213,237,25,122,full_trace_mean_square,0.8768038134019086
100,-8,117,S,21,30,150,213,237,25,122,full_trace_mean_square,0.2348877038411943
100,-8,117,K,21,30,150,213,237,25,122,full_trace_mean_square,0.29716836382925105
100,-8,118,M,21,30,150,213,237,25,103,full_trace_mean_square,0.7594496216389824
100,-8,118,P,21,30,150,213,237,25,103,full_trace_mean_square,0.8905887532416995
100,-8,118,SLTA,21,30,150,213,237,25,103,full_trace_mean_square,0.7046031027181189
100,-8,118,Std,21,30,150,213,237,25,103,full_trace_mean_square,0.800398832179402
100,-8,118,S,21,30,150,213,237,25,103,full_trace_mean_square,0.35291756897123255
100,-8,118,K,21,30,150,213,237,25,103,full_trace_mean_square,0.10627918867603713
100,-8,119,M,21,30,150,213,237,25,130,full_trace_mean_square,0.8607987354960591
100,-8,119,P,21,30,150,213,237,25,130,full_trace_mean_square,0.9302492677865692
100,-8,119,SLTA,21,30,150,213,237,25,130,full_trace_mean_square,0.7983716585630045
100,-8,119,Std,21,30,150,213,237,25,130,full_trace_mean_square,0.8938107705997063
100,-8,119,S,21,30,150,213,237,25,130,full_trace_mean_square,0.0306112442538612
100,-8,119,K,21,30,150,213,237,25,130,full_trace_mean_square,0.2500313037281414
100,-8,120,M,21,30,150,213,237,25,157,full_trace_mean_square,0.7754755968229864
100,-8,120,P,21,30,150,213,237,25,157,full_trace_mean_square,0.9157752895421142
100,-8,120,SLTA,21,30,150,213,237,25,157,full_trace_mean_square,0.7391726907025439
100,-8,120,Std,21,30,150,213,237,25,157,full_trace_mean_square,0.8474245285175965
100,-8,120,S,21,30,150,213,237,25,157,full_trace_mean_square,0.4378704783211249
100,-8,120,K,21,30,150,213,237,25,157,full_trace_mean_square,0.48666603547222864
100,-8,121,M,21,30,150,213,237,25,129,full_trace_mean_square,0.7429477839927611
100,-8,121,P,21,30,150,213,237,25,129,full_trace_mean_square,0.8870793029201681
100,-8,121,SLTA,21,30,150,213,237,25,129,full_trace_mean_square,0.7392745473068785
100,-8,121,Std,21,30,150,213,237,25,129,full_trace_mean_square,0.8012471021078978
100,-8,121,S,21,30,150,213,237,25,129,full_trace_mean_square,0.3748873733018457
100,-8,121,K,21,30,150,213,237,25,129,full_trace_mean_square,0.32867195030592017
100,-8,122,M,21,30,150,213,237,25,135,full_trace_mean_square,0.8511576124241771
100,-8,122,P,21,30,150,213,237,25,135,full_trace_mean_square,0.9296595757754773
100,-8,122,SLTA,21,30,150,213,237,25,135,full_trace_mean_square,0.7703760516454412
100,-8,122,Std,21,30,150,213,237,25,135,full_trace_mean_square,0.8880672967528498
100,-8,122,S,21,30,150,213,237,25,135,full_trace_mean_square,0.5069056039651999
100,-8,122,K,21,30,150,213,237,25,135,full_trace_mean_square,0.4149071006348054
100,-8,123,M,21,30,150,213,237,25,146,full_trace_mean_square,0.8392386264223601
100,-8,123,P,21,30,150,213,237,25,146,full_trace_mean_square,0.9246249361726558
100,-8,123,SLTA,21,30,150,213,237,25,146,full_trace_mean_square,0.7663180164973572
100,-8,123,Std,21,30,150,213,237,25,146,full_trace_mean_square,0.8769899524813471
100,-8,123,S,21,30,150,213,237,25,146,full_trace_mean_square,0.34506846377737516
100,-8,123,K,21,30,150,213,237,25,146,full_trace_mean_square,0.30119669044495656
100,-8,124,M,21,30,150,213,237,25,147,full_trace_mean_square,0.816236420758944
100,-8,124,P,21,30,150,213,237,25,147,full_trace_mean_square,0.9273030692010731
100,-8,124,SLTA,21,30,150,213,237,25,147,full_trace_mean_square,0.6806551189075856
100,-8,124,Std,21,30,150,213,237,25,147,full_trace_mean_square,0.8684798629658211
100,-8,124,S,21,30,150,213,237,25,147,full_trace_mean_square,0.2970408867128421
100,-8,124,K,21,30,150,213,237,25,147,full_trace_mean_square,0.3541309708814182
100,-8,125,M,21,30,150,213,237,25,141,full_trace_mean_square,0.8120582640020461
100,-8,125,P,21,30,150,213,237,25,141,full_trace_mean_square,0.9177300240306369
100,-8,125,SLTA,21,30,150,213,237,25,141,full_trace_mean_square,0.7226170437148822
100,-8,125,Std,21,30,150,213,237,25,141,full_trace_mean_square,0.8592865102590821
100,-8,125,S,21,30,150,213,237,25,141,full_trace_mean_square,0.16589305382934041
100,-8,125,K,21,30,150,213,237,25,141,full_trace_mean_square,0.2705884212210854
100,-8,126,M,21,30,150,213,237,25,159,full_trace_mean_square,0.8017981679361454
100,-8,126,P,21,30,150,213,237,25,159,full_trace_mean_square,0.9064040144058632
100,-8,126,SLTA,21,30,150,213,237,25,159,full_trace_mean_square,0.8142997862189223
100,-8,126,Std,21,30,150,213,237,25,159,full_trace_mean_square,0.8251391800083154
100,-8,126,S,21,30,150,213,237,25,159,full_trace_mean_square,0.3580905512689417
100,-8,126,K,21,30,150,213,237,25,159,full_trace_mean_square,0.2504529932831526
100,-8,127,M,21,30,150,213,237,25,138,full_trace_mean_square,0.8401056977323564
100,-8,127,P,21,30,150,213,237,25,138,full_trace_mean_square,0.9210072144039034
100,-8,127,SLTA,21,30,150,213,237,25,138,full_trace_mean_square,0.8018710165958968
100,-8,127,Std,21,30,150,213,237,25,138,full_trace_mean_square,0.8784601627114783
100,-8,127,S,21,30,150,213,237,25,138,full_trace_mean_square,0.18098990292941347
100,-8,127,K,21,30,150,213,237,25,138,full_trace_mean_square,0.3475018812372401
100,-8,128,M,21,30,150,213,237,25,126,full_trace_mean_square,0.8352651382382963
100,-8,128,P,21,30,150,213,237,25,126,full_trace_mean_square,0.9146028724259494
100,-8,128,SLTA,21,30,150,213,237,25,126,full_trace_mean_square,0.7721653771898784
100,-8,128,Std,21,30,150,213,237,25,126,full_trace_mean_square,0.8535571036647205
100,-8,128,S,21,30,150,213,237,25,126,full_trace_mean_square,0.3750681931192542
100,-8,128,K,21,30,150,213,237,25,126,full_trace_mean_square,0.4202354116100393
100,-8,129,M,21,30,150,213,237,25,114,full_trace_mean_square,0.8100647602994898
100,-8,129,P,21,30,150,213,237,25,114,full_trace_mean_square,0.9130020420414703
100,-8,129,SLTA,21,30,150,213,237,25,114,full_trace_mean_square,0.7145755719459946
100,-8,129,Std,21,30,150,213,237,25,114,full_trace_mean_square,0.8392691422241845
100,-8,129,S,21,30,150,213,237,25,114,full_trace_mean_square,0.3228589424009954
100,-8,129,K,21,30,150,213,237,25,114,full_trace_mean_square,0.2719574174978052
100,-8,130,M,21,30,150,213,237,25,121,full_trace_mean_square,0.8510795710404562
100,-8,130,P,21,30,150,213,237,25,121,full_trace_mean_square,0.9292100168791154
100,-8,130,SLTA,21,30,150,213,237,25,121,full_trace_mean_square,0.7824923780409301
100,-8,130,Std,21,30,150,213,237,25,121,full_trace_mean_square,0.8769138419041955
100,-8,130,S,21,30,150,213,237,25,121,full_trace_mean_square,0.2439616638108793
100,-8,130,K,21,30,150,213,237,25,121,full_trace_mean_square,0.22588073129146877
100,-8,131,M,21,30,150,213,237,25,113,full_trace_mean_square,0.8732152856390105
100,-8,131,P,21,30,150,213,237,25,113,full_trace_mean_square,0.9341117767890335
100,-8,131,SLTA,21,30,150,213,237,25,113,full_trace_mean_square,0.813882970383498
100,-8,131,Std,21,30,150,213,237,25,113,full_trace_mean_square,0.9052914013990584
100,-8,131,S,21,30,150,213,237,25,113,full_trace_mean_square,0.086233605174564
100,-8,131,K,21,30,150,213,237,25,113,full_trace_mean_square,0.257366866767856
100,-8,132,M,21,30,150,213,237,25,108,full_trace_mean_square,0.8181110589415327
100,-8,132,P,21,30,150,213,237,25,108,full_trace_mean_square,0.929013092394024
100,-8,132,SLTA,21,30,150,213,237,25,108,full_trace_mean_square,0.7664348052896683
100,-8,132,Std,21,30,150,213,237,25,108,full_trace_mean_square,0.8718108634265951
100,-8,132,S,21,30,150,213,237,25,108,full_trace_mean_square,0.17767484869922817
100,-8,132,K,21,30,150,213,237,25,108,full_trace_mean_square,0.22587982536195086
100,-8,133,M,21,30,150,213,237,25,133,full_trace_mean_square,0.8458308251343638
100,-8,133,P,21,30,150,213,237,25,133,full_trace_mean_square,0.9267676810253965
100,-8,133,SLTA,21,30,150,213,237,25,133,full_trace_mean_square,0.7994879429042532
100,-8,133,Std,21,30,150,213,237,25,133,full_trace_mean_square,0.8923215377794377
100,-8,133,S,21,30,150,213,237,25,133,full_trace_mean_square,0.3370987496549146
100,-8,133,K,21,30,150,213,237,25,133,full_trace_mean_square,0.44356256900499835
100,-8,134,M,21,30,150,213,237,25,133,full_trace_mean_square,0.8669014126878685
100,-8,134,P,21,30,150,213,237,25,133,full_trace_mean_square,0.9362158251500102
100,-8,134,SLTA,21,30,150,213,237,25,133,full_trace_mean_square,0.7929194659249623
100,-8,134,Std,21,30,150,213,237,25,133,full_trace_mean_square,0.9011528972404178
100,-8,134,S,21,30,150,213,237,25,133,full_trace_mean_square,0.2477605719586701
100,-8,134,K,21,30,150,213,237,25,133,full_trace_mean_square,0.4869023833112265
100,-8,135,M,21,30,150,213,237,25,123,full_trace_mean_square,0.8434028909704626
100,-8,135,P,21,30,150,213,237,25,123,full_trace_mean_square,0.9238236652697323
100,-8,135,SLTA,21,30,150,213,237,25,123,full_trace_mean_square,0.7243154593963778
100,-8,135,Std,21,30,150,213,237,25,123,full_trace_mean_square,0.8678518260562125
100,-8,135,S,21,30,150,213,237,25,123,full_trace_mean_square,0.08571399860666887
100,-8,135,K,21,30,150,213,237,25,123,full_trace_mean_square,0.1351892361178554
100,-8,136,M,21,30,150,213,237,25,152,full_trace_mean_square,0.8880101285068522
100,-8,136,P,21,30,150,213,237,25,152,full_trace_mean_square,0.9365053504037124
100,-8,136,SLTA,21,30,150,213,237,25,152,full_trace_mean_square,0.7770774396996639
100,-8,136,Std,21,30,150,213,237,25,152,full_trace_mean_square,0.9095218950177313
100,-8,136,S,21,30,150,213,237,25,152,full_trace_mean_square,0.4521991500699839
100,-8,136,K,21,30,150,213,237,25,152,full_trace_mean_square,0.5146941803593048
100,-8,137,M,21,30,150,213,237,25,153,full_trace_mean_square,0.8474699252696208
100,-8,137,P,21,30,150,213,237,25,153,full_trace_mean_square,0.9295780007572241
100,-8,137,SLTA,21,30,150,213,237,25,153,full_trace_mean_square,0.7699929066657776
100,-8,137,Std,21,30,150,213,237,25,153,full_trace_mean_square,0.8864749265928404
100,-8,137,S,21,30,150,213,237,25,153,full_trace_mean_square,0.38939887504321397
100,-8,137,K,21,30,150,213,237,25,153,full_trace_mean_square,0.3971728395570549
100,-8,138,M,21,30,150,213,237,25,130,full_trace_mean_square,0.855036536360387
100,-8,138,P,21,30,150,213,237,25,130,full_trace_mean_square,0.9265210320232544
100,-8,138,SLTA,21,30,150,213,237,25,130,full_trace_mean_square,0.7733084785831057
100,-8,138,Std,21,30,150,213,237,25,130,full_trace_mean_square,0.8838672135196718
100,-8,138,S,21,30,150,213,237,25,130,full_trace_mean_square,0.17479043385214066
100,-8,138,K,21,30,150,213,237,25,130,full_trace_mean_square,0.2335106857606388
100,-8,139,M,21,30,150,213,237,25,143,full_trace_mean_square,0.8532848760695799
100,-8,139,P,21,30,150,213,237,25,143,full_trace_mean_square,0.9281958970004304
100,-8,139,SLTA,21,30,150,213,237,25,143,full_trace_mean_square,0.8078829376785938
100,-8,139,Std,21,30,150,213,237,25,143,full_trace_mean_square,0.8991604191482697
100,-8,139,S,21,30,150,213,237,25,143,full_trace_mean_square,0.5164363498515661
100,-8,139,K,21,30,150,213,237,25,143,full_trace_mean_square,0.6626913961553389
100,-8,140,M,21,30,150,213,237,25,98,full_trace_mean_square,0.8400173834013064
100,-8,140,P,21,30,150,213,237,25,98,full_trace_mean_square,0.9275173227322735
100,-8,140,SLTA,21,30,150,213,237,25,98,full_trace_mean_square,0.7539539146810229
100,-8,140,Std,21,30,150,213,237,25,98,full_trace_mean_square,0.8635121301885499
100,-8,140,S,21,30,150,213,237,25,98,full_trace_mean_square,0.13388454409336828
100,-8,140,K,21,30,150,213,237,25,98,full_trace_mean_square,0.16289593756961365
100,-8,141,M,21,30,150,213,237,25,132,full_trace_mean_square,0.833856394587382
100,-8,141,P,21,30,150,213,237,25,132,full_trace_mean_square,0.9219833716376745
100,-8,141,SLTA,21,30,150,213,237,25,132,full_trace_mean_square,0.7969774345795257
100,-8,141,Std,21,30,150,213,237,25,132,full_trace_mean_square,0.8655840965425372
100,-8,141,S,21,30,150,213,237,25,132,full_trace_mean_square,0.21878506844252232
100,-8,141,K,21,30,150,213,237,25,132,full_trace_mean_square,0.3283475487611214
100,-8,142,M,21,30,150,213,237,25,166,full_trace_mean_square,0.8509703731217427
100,-8,142,P,21,30,150,213,237,25,166,full_trace_mean_square,0.9299411332119732
100,-8,142,SLTA,21,30,150,213,237,25,166,full_trace_mean_square,0.8269857304489786
100,-8,142,Std,21,30,150,213,237,25,166,full_trace_mean_square,0.887648630054082
100,-8,142,S,21,30,150,213,237,25,166,full_trace_mean_square,0.4961820561145934
100,-8,142,K,21,30,150,213,237,25,166,full_trace_mean_square,0.4859930164956074
100,-8,143,M,21,30,150,213,237,25,132,full_trace_mean_square,0.8865819577158911
100,-8,143,P,21,30,150,213,237,25,132,full_trace_mean_square,0.9390554901924044
100,-8,143,SLTA,21,30,150,213,237,25,132,full_trace_mean_square,0.815950354245411
100,-8,143,Std,21,30,150,213,237,25,132,full_trace_mean_square,0.9139600618930979
100,-8,143,S,21,30,150,213,237,25,132,full_trace_mean_square,0.4559719177122098
100,-8,143,K,21,30,150,213,237,25,132,full_trace_mean_square,0.4165762894752168
100,-8,144,M,21,30,150,213,237,25,151,full_trace_mean_square,0.797474516710906
100,-8,144,P,21,30,150,213,237,25,151,full_trace_mean_square,0.9082903219203873
100,-8,144,SLTA,21,30,150,213,237,25,151,full_trace_mean_square,0.7631204053452273
100,-8,144,Std,21,30,150,213,237,25,151,full_trace_mean_square,0.8417241163730839
100,-8,144,S,21,30,150,213,237,25,151,full_trace_mean_square,0.210744368097437
100,-8,144,K,21,30,150,213,237,25,151,full_trace_mean_square,0.2893779794790587
100,-8,145,M,21,30,150,213,237,25,177,full_trace_mean_square,0.7825359080098082
100,-8,145,P,21,30,150,213,237,25,177,full_trace_mean_square,0.9075377110321597
100,-8,145,SLTA,21,30,150,213,237,25,177,full_trace_mean_square,0.7605306038066248
100,-8,145,Std,21,30,150,213,237,25,177,full_trace_mean_square,0.8409796206800232
100,-8,145,S,21,30,150,213,237,25,177,full_trace_mean_square,0.2997403300862957
100,-8,145,K,21,30,150,213,237,25,177,full_trace_mean_square,0.35904230207509363
100,-8,146,M,21,30,150,213,237,25,137,full_trace_mean_square,0.8550842177589686
100,-8,146,P,21,30,150,213,237,25,137,full_trace_mean_square,0.9361701366585219
100,-8,146,SLTA,21,30,150,213,237,25,137,full_trace_mean_square,0.7867934669551541
100,-8,146,Std,21,30,150,213,237,25,137,full_trace_mean_square,0.8919822378395366
100,-8,146,S,21,30,150,213,237,25,137,full_trace_mean_square,0.15368857699738153
100,-8,146,K,21,30,150,213,237,25,137,full_trace_mean_square,0.2946573426640682
100,-8,147,M,21,30,150,213,237,25,136,full_trace_mean_square,0.8260744249995754
100,-8,147,P,21,30,150,213,237,25,136,full_trace_mean_square,0.9126103025172737
100,-8,147,SLTA,21,30,150,213,237,25,136,full_trace_mean_square,0.7606456044606476
100,-8,147,Std,21,30,150,213,237,25,136,full_trace_mean_square,0.8398462686205305
100,-8,147,S,21,30,150,213,237,25,136,full_trace_mean_square,0.23221745751156428
100,-8,147,K,21,30,150,213,237,25,136,full_trace_mean_square,0.20786800261079896
100,-8,148,M,21,30,150,213,237,25,127,full_trace_mean_square,0.8653168386910042
100,-8,148,P,21,30,150,213,237,25,127,full_trace_mean_square,0.9319888532290465
100,-8,148,SLTA,21,30,150,213,237,25,127,full_trace_mean_square,0.8286040370975017
100,-8,148,Std,21,30,150,213,237,25,127,full_trace_mean_square,0.9124967378659314
100,-8,148,S,21,30,150,213,237,25,127,full_trace_mean_square,0.12865011369043644
100,-8,148,K,21,30,150,213,237,25,127,full_trace_mean_square,0.4581669182784789
100,-8,149,M,21,30,150,213,237,25,140,full_trace_mean_square,0.8490644171118604
100,-8,149,P,21,30,150,213,237,25,140,full_trace_mean_square,0.9273497655255938
100,-8,149,SLTA,21,30,150,213,237,25,140,full_trace_mean_square,0.7892767175299406
100,-8,149,Std,21,30,150,213,237,25,140,full_trace_mean_square,0.885118190541632
100,-8,149,S,21,30,150,213,237,25,140,full_trace_mean_square,0.2971724308906151
100,-8,149,K,21,30,150,213,237,25,140,full_trace_mean_square,0.43366976157259607
100,-8,150,M,21,30,150,213,237,25,118,full_trace_mean_square,0.8586909808559917
100,-8,150,P,21,30,150,213,237,25,118,full_trace_mean_square,0.9269900329231769
100,-8,150,SLTA,21,30,150,213,237,25,118,full_trace_mean_square,0.7837246936301735
100,-8,150,Std,21,30,150,213,237,25,118,full_trace_mean_square,0.8831958303455785
100,-8,150,S,21,30,150,213,237,25,118,full_trace_mean_square,0.10751939456398145
100,-8,150,K,21,30,150,213,237,25,118,full_trace_mean_square,0.2751290070682052
100,-8,151,M,21,30,150,213,237,25,121,full_trace_mean_square,0.8848264312751122
100,-8,151,P,21,30,150,213,237,25,121,full_trace_mean_square,0.9364303220412863
100,-8,151,SLTA,21,30,150,213,237,25,121,full_trace_mean_square,0.7706656264488161
100,-8,151,Std,21,30,150,213,237,25,121,full_trace_mean_square,0.8957668130386701
100,-8,151,S,21,30,150,213,237,25,121,full_trace_mean_square,0.023818575674953345
100,-8,151,K,21,30,150,213,237,25,121,full_trace_mean_square,0.15839162101789847
100,-8,152,M,21,30,150,213,237,25,118,full_trace_mean_square,0.8315601715660675
100,-8,152,P,21,30,150,213,237,25,118,full_trace_mean_square,0.9284226952998578
100,-8,152,SLTA,21,30,150,213,237,25,118,full_trace_mean_square,0.7648783855894787
100,-8,152,Std,21,30,150,213,237,25,118,full_trace_mean_square,0.8795961643011542
100,-8,152,S,21,30,150,213,237,25,118,full_trace_mean_square,0.24581193735384632
100,-8,152,K,21,30,150,213,237,25,118,full_trace_mean_square,0.3235900855161956
100,-8,153,M,21,30,150,213,237,25,126,full_trace_mean_square,0.7229530220453996
100,-8,153,P,21,30,150,213,237,25,126,full_trace_mean_square,0.8928847573232597
100,-8,153,SLTA,21,30,150,213,237,25,126,full_trace_mean_square,0.740369441485924
100,-8,153,Std,21,30,150,213,237,25,126,full_trace_mean_square,0.7880242435493804
100,-8,153,S,21,30,150,213,237,25,126,full_trace_mean_square,0.3778561040880082
100,-8,153,K,21,30,150,213,237,25,126,full_trace_mean_square,0.273373933795177
100,-8,154,M,21,30,150,213,237,25,145,full_trace_mean_square,0.801342828765743
100,-8,154,P,21,30,150,213,237,25,145,full_trace_mean_square,0.910415787556311
100,-8,154,SLTA,21,30,150,213,237,25,145,full_trace_mean_square,0.8032868057145283
100,-8,154,Std,21,30,150,213,237,25,145,full_trace_mean_square,0.8507823058213939
100,-8,154,S,21,30,150,213,237,25,145,full_trace_mean_square,0.22412267257831184
100,-8,154,K,21,30,150,213,237,25,145,full_trace_mean_square,0.4661664408038812
100,-8,155,M,21,30,150,213,237,25,116,full_trace_mean_square,0.8563069525208682
100,-8,155,P,21,30,150,213,237,25,116,full_trace_mean_square,0.931508514005724
100,-8,155,SLTA,21,30,150,213,237,25,116,full_trace_mean_square,0.8007220789895811
100,-8,155,Std,21,30,150,213,237,25,116,full_trace_mean_square,0.8860489765377416
100,-8,155,S,21,30,150,213,237,25,116,full_trace_mean_square,0.346484315361291
100,-8,155,K,21,30,150,213,237,25,116,full_trace_mean_square,0.21802660746466024
100,-8,156,M,21,30,150,213,237,25,135,full_trace_mean_square,0.745387727650106
100,-8,156,P,21,30,150,213,237,25,135,full_trace_mean_square,0.8996591332420932
100,-8,156,SLTA,21,30,150,213,237,25,135,full_trace_mean_square,0.7446164697460439
100,-8,156,Std,21,30,150,213,237,25,135,full_trace_mean_square,0.821714359021428
100,-8,156,S,21,30,150,213,237,25,135,full_trace_mean_square,0.32625941226073885
100,-8,156,K,21,30,150,213,237,25,135,full_trace_mean_square,0.4828730708450338
100,-8,157,M,21,30,150,213,237,25,160,full_trace_mean_square,0.7845726995533256
100,-8,157,P,21,30,150,213,237,25,160,full_trace_mean_square,0.9180968155882785
100,-8,157,SLTA,21,30,150,213,237,25,160,full_trace_mean_square,0.7787187418901818
100,-8,157,Std,21,30,150,213,237,25,160,full_trace_mean_square,0.8609445901755979
100,-8,157,S,21,30,150,213,237,25,160,full_trace_mean_square,0.3777889942168065
100,-8,157,K,21,30,150,213,237,25,160,full_trace_mean_square,0.4432989030030091
100,-8,158,M,21,30,150,213,237,25,125,full_trace_mean_square,0.8064636730785013
100,-8,158,P,21,30,150,213,237,25,125,full_trace_mean_square,0.8934224008433632
100,-8,158,SLTA,21,30,150,213,237,25,125,full_trace_mean_square,0.7700100942877464
100,-8,158,Std,21,30,150,213,237,25,125,full_trace_mean_square,0.8409537827371389
100,-8,158,S,21,30,150,213,237,25,125,full_trace_mean_square,0.28392894780281625
100,-8,158,K,21,30,150,213,237,25,125,full_trace_mean_square,0.39984791752733095
100,-8,159,M,21,30,150,213,237,25,116,full_trace_mean_square,0.7951390849796084
100,-8,159,P,21,30,150,213,237,25,116,full_trace_mean_square,0.9211548572698259
100,-8,159,SLTA,21,30,150,213,237,25,116,full_trace_mean_square,0.798193216735584
100,-8,159,Std,21,30,150,213,237,25,116,full_trace_mean_square,0.8473774703849216
100,-8,159,S,21,30,150,213,237,25,116,full_trace_mean_square,0.16708724651708862
100,-8,159,K,21,30,150,213,237,25,116,full_trace_mean_square,0.2780769227965657
100,-8,160,M,21,30,150,213,237,25,119,full_trace_mean_square,0.8021904919291835
100,-8,160,P,21,30,150,213,237,25,119,full_trace_mean_square,0.9167928576629583
100,-8,160,SLTA,21,30,150,213,237,25,119,full_trace_mean_square,0.7547903646392432
100,-8,160,Std,21,30,150,213,237,25,119,full_trace_mean_square,0.8475618269238672
100,-8,160,S,21,30,150,213,237,25,119,full_trace_mean_square,0.3320167746498478
100,-8,160,K,21,30,150,213,237,25,119,full_trace_mean_square,0.29956727656293447
100,-8,161,M,21,30,150,213,237,25,100,full_trace_mean_square,0.8406892700338758
100,-8,161,P,21,30,150,213,237,25,100,full_trace_mean_square,0.9294980403846309
100,-8,161,SLTA,21,30,150,213,237,25,100,full_trace_mean_square,0.7894199382950624
100,-8,161,Std,21,30,150,213,237,25,100,full_trace_mean_square,0.8821434947194592
100,-8,161,S,21,30,150,213,237,25,100,full_trace_mean_square,0.3739414427890303
100,-8,161,K,21,30,150,213,237,25,100,full_trace_mean_square,0.3764037986809856
100,-8,162,M,21,30,150,213,237,25,150,full_trace_mean_square,0.7964503306592292
100,-8,162,P,21,30,150,213,237,25,150,full_trace_mean_square,0.8970910052843322
100,-8,162,SLTA,21,30,150,213,237,25,150,full_trace_mean_square,0.6956964559588575
100,-8,162,Std,21,30,150,213,237,25,150,full_trace_mean_square,0.8142279625641403
100,-8,162,S,21,30,150,213,237,25,150,full_trace_mean_square,0.17617506400294725
100,-8,162,K,21,30,150,213,237,25,150,full_trace_mean_square,0.34149619455870267
100,-8,163,M,21,30,150,213,237,25,136,full_trace_mean_square,0.7904733648569816
100,-8,163,P,21,30,150,213,237,25,136,full_trace_mean_square,0.9169399015363267
100,-8,163,SLTA,21,30,150,213,237,25,136,full_trace_mean_square,0.7733327339654691
100,-8,163,Std,21,30,150,213,237,25,136,full_trace_mean_square,0.862406544811241
100,-8,163,S,21,30,150,213,237,25,136,full_trace_mean_square,0.28317700534940016
100,-8,163,K,21,30,150,213,237,25,136,full_trace_mean_square,0.5141859951033135
100,-8,164,M,21,30,150,213,237,25,117,full_trace_mean_square,0.8420895234281726
100,-8,164,P,21,30,150,213,237,25,117,full_trace_mean_square,0.9317772560898581
100,-8,164,SLTA,21,30,150,213,237,25,117,full_trace_mean_square,0.7884738902024756
100,-8,164,Std,21,30,150,213,237,25,117,full_trace_mean_square,0.889067440656318
100,-8,164,S,21,30,150,213,237,25,117,full_trace_mean_square,0.4274006252568783
100,-8,164,K,21,30,150,213,237,25,117,full_trace_mean_square,0.5993062153686501
100,-8,165,M,21,30,150,213,237,25,119,full_trace_mean_square,0.8909609291191649
100,-8,165,P,21,30,150,213,237,25,119,full_trace_mean_square,0.9383589427101364
100,-8,165,SLTA,21,30,150,213,237,25,119,full_trace_mean_square,0.8217715072651802
100,-8,165,Std,21,30,150,213,237,25,119,full_trace_mean_square,0.9129727175097814
100,-8,165,S,21,30,150,213,237,25,119,full_trace_mean_square,0.03915299378352019
100,-8,165,K,21,30,150,213,237,25,119,full_trace_mean_square,0.10661656937305254
100,-8,166,M,21,30,150,213,237,25,131,full_trace_mean_square,0.7915822429263165
100,-8,166,P,21,30,150,213,237,25,131,full_trace_mean_square,0.9077238923771821
100,-8,166,SLTA,21,30,150,213,237,25,131,full_trace_mean_square,0.7452736687930449
100,-8,166,Std,21,30,150,213,237,25,131,full_trace_mean_square,0.8542128249203477
100,-8,166,S,21,30,150,213,237,25,131,full_trace_mean_square,0.23496650773514086
100,-8,166,K,21,30,150,213,237,25,131,full_trace_mean_square,0.4022746726491351
100,-8,167,M,21,30,150,213,237,25,160,full_trace_mean_square,0.6438624963507416
100,-8,167,P,21,30,150,213,237,25,160,full_trace_mean_square,0.8624722058475608
100,-8,167,SLTA,21,30,150,213,237,25,160,full_trace_mean_square,0.6734188309306249
100,-8,167,Std,21,30,150,213,237,25,160,full_trace_mean_square,0.7680319169873484
100,-8,167,S,21,30,150,213,237,25,160,full_trace_mean_square,0.395480628619245
100,-8,167,K,21,30,150,213,237,25,160,full_trace_mean_square,0.4558173217319148
100,-8,168,M,21,30,150,213,237,25,161,full_trace_mean_square,0.7911896728225901
100,-8,168,P,21,30,150,213,237,25,161,full_trace_mean_square,0.9055594061086107
100,-8,168,SLTA,21,30,150,213,237,25,161,full_trace_mean_square,0.7971201052509664
100,-8,168,Std,21,30,150,213,237,25,161,full_trace_mean_square,0.8489493559428681
100,-8,168,S,21,30,150,213,237,25,161,full_trace_mean_square,0.46845733025385916
100,-8,168,K,21,30,150,213,237,25,161,full_trace_mean_square,0.4674286477478634
100,-8,169,M,21,30,150,213,237,25,114,full_trace_mean_square,0.7762271321162709
100,-8,169,P,21,30,150,213,237,25,114,full_trace_mean_square,0.9120815395837422
100,-8,169,SLTA,21,30,150,213,237,25,114,full_trace_mean_square,0.7791511108997661
100,-8,169,Std,21,30,150,213,237,25,114,full_trace_mean_square,0.8474467906068096
100,-8,169,S,21,30,150,213,237,25,114,full_trace_mean_square,0.35108675533093736
100,-8,169,K,21,30,150,213,237,25,114,full_trace_mean_square,0.4001666541954744
100,-8,170,M,21,30,150,213,237,25,128,full_trace_mean_square,0.7831990334967203
100,-8,170,P,21,30,150,213,237,25,128,full_trace_mean_square,0.9030266581481753
100,-8,170,SLTA,21,30,150,213,237,25,128,full_trace_mean_square,0.7519331579029084
100,-8,170,Std,21,30,150,213,237,25,128,full_trace_mean_square,0.8163798333787194
100,-8,170,S,21,30,150,213,237,25,128,full_trace_mean_square,0.16528227762544806
100,-8,170,K,21,30,150,213,237,25,128,full_trace_mean_square,0.2722225608012826
100,-8,171,M,21,30,150,213,237,25,137,full_trace_mean_square,0.8005531173411932
100,-8,171,P,21,30,150,213,237,25,137,full_trace_mean_square,0.9189679321078973
100,-8,171,SLTA,21,30,150,213,237,25,137,full_trace_mean_square,0.7531287990015938
100,-8,171,Std,21,30,150,213,237,25,137,full_trace_mean_square,0.8495397488237949
100,-8,171,S,21,30,150,213,237,25,137,full_trace_mean_square,0.20315267954037125
100,-8,171,K,21,30,150,213,237,25,137,full_trace_mean_square,0.3549091138638941
100,-8,172,M,21,30,150,213,237,25,119,full_trace_mean_square,0.854153191308606
100,-8,172,P,21,30,150,213,237,25,119,full_trace_mean_square,0.9310564493182081
100,-8,172,SLTA,21,30,150,213,237,25,119,full_trace_mean_square,0.7904281307479919
100,-8,172,Std,21,30,150,213,237,25,119,full_trace_mean_square,0.8813074628032336
100,-8,172,S,21,30,150,213,237,25,119,full_trace_mean_square,0.3219435070951421
100,-8,172,K,21,30,150,213,237,25,119,full_trace_mean_square,0.34011966136620575
100,-8,173,M,21,30,150,213,237,25,161,full_trace_mean_square,0.8780191193736527
100,-8,173,P,21,30,150,213,237,25,161,full_trace_mean_square,0.9358876291175722
100,-8,173,SLTA,21,30,150,213,237,25,161,full_trace_mean_square,0.7981873698160361
100,-8,173,Std,21,30,150,213,237,25,161,full_trace_mean_square,0.9125557394070669
100,-8,173,S,21,30,150,213,237,25,161,full_trace_mean_square,0.2403213676050675
100,-8,173,K,21,30,150,213,237,25,161,full_trace_mean_square,0.3579812851612113
100,-8,174,M,21,30,150,213,237,25,157,full_trace_mean_square,0.8089639771231102
100,-8,174,P,21,30,150,213,237,25,157,full_trace_mean_square,0.9110479114008752
100,-8,174,SLTA,21,30,150,213,237,25,157,full_trace_mean_square,0.7653210899912132
100,-8,174,Std,21,30,150,213,237,25,157,full_trace_mean_square,0.857611192265071
100,-8,174,S,21,30,150,213,237,25,157,full_trace_mean_square,0.5470810343484066
100,-8,174,K,21,30,150,213,237,25,157,full_trace_mean_square,0.5908699241319076
100,-8,175,M,21,30,150,213,237,25,146,full_trace_mean_square,0.858490080032365
100,-8,175,P,21,30,150,213,237,25,146,full_trace_mean_square,0.922483666896538
100,-8,175,SLTA,21,30,150,213,237,25,146,full_trace_mean_square,0.7537436873351151
100,-8,175,Std,21,30,150,213,237,25,146,full_trace_mean_square,0.8674098900779891
100,-8,175,S,21,30,150,213,237,25,146,full_trace_mean_square,0.2444158460972944
100,-8,175,K,21,30,150,213,237,25,146,full_trace_mean_square,0.2695940652354412
100,-8,176,M,21,30,150,213,237,25,130,full_trace_mean_square,0.8710263394104182
100,-8,176,P,21,30,150,213,237,25,130,full_trace_mean_square,0.9361113076892966
100,-8,176,SLTA,21,30,150,213,237,25,130,full_trace_mean_square,0.8114559307834852
100,-8,176,Std,21,30,150,213,237,25,130,full_trace_mean_square,0.8953980231351991
100,-8,176,S,21,30,150,213,237,25,130,full_trace_mean_square,0.1999682113258172
100,-8,176,K,21,30,150,213,237,25,130,full_trace_mean_square,0.3807699445236232
100,-8,177,M,21,30,150,213,237,25,143,full_trace_mean_square,0.7761545884260959
100,-8,177,P,21,30,150,213,237,25,143,full_trace_mean_square,0.8940735107468419
100,-8,177,SLTA,21,30,150,213,237,25,143,full_trace_mean_square,0.7772275498591563
100,-8,177,Std,21,30,150,213,237,25,143,full_trace_mean_square,0.8230613458995681
100,-8,177,S,21,30,150,213,237,25,143,full_trace_mean_square,0.38005932736375747
100,-8,177,K,21,30,150,213,237,25,143,full_trace_mean_square,0.35606083378537606
100,-8,178,M,21,30,150,213,237,25,139,full_trace_mean_square,0.8313947614729404
100,-8,178,P,21,30,150,213,237,25,139,full_trace_mean_square,0.9159869642353264
100,-8,178,SLTA,21,30,150,213,237,25,139,full_trace_mean_square,0.7734211878653517
100,-8,178,Std,21,30,150,213,237,25,139,full_trace_mean_square,0.8605111244238753
100,-8,178,S,21,30,150,213,237,25,139,full_trace_mean_square,0.4404768581284145
100,-8,178,K,21,30,150,213,237,25,139,full_trace_mean_square,0.35896019829974046
100,-8,179,M,21,30,150,213,237,25,155,full_trace_mean_square,0.7194846497929791
100,-8,179,P,21,30,150,213,237,25,155,full_trace_mean_square,0.9002834265264007
100,-8,179,SLTA,21,30,150,213,237,25,155,full_trace_mean_square,0.7347910348508873
100,-8,179,Std,21,30,150,213,237,25,155,full_trace_mean_square,0.8169164764803218
100,-8,179,S,21,30,150,213,237,25,155,full_trace_mean_square,0.42356604197418907
100,-8,179,K,21,30,150,213,237,25,155,full_trace_mean_square,0.5563327174577016
100,-8,180,M,21,30,150,213,237,25,132,full_trace_mean_square,0.8503756065920115
100,-8,180,P,21,30,150,213,237,25,132,full_trace_mean_square,0.9298195677607711
100,-8,180,SLTA,21,30,150,213,237,25,132,full_trace_mean_square,0.7705131792147477
100,-8,180,Std,21,30,150,213,237,25,132,full_trace_mean_square,0.8725425282655681
100,-8,180,S,21,30,150,213,237,25,132,full_trace_mean_square,0.2794692734459036
100,-8,180,K,21,30,150,213,237,25,132,full_trace_mean_square,0.23808141860517792
100,-8,181,M,21,30,150,213,237,25,144,full_trace_mean_square,0.7601423345185945
100,-8,181,P,21,30,150,213,237,25,144,full_trace_mean_square,0.8912057772494115
100,-8,181,SLTA,21,30,150,213,237,25,144,full_trace_mean_square,0.7394278784088766
100,-8,181,Std,21,30,150,213,237,25,144,full_trace_mean_square,0.8203238806080017
100,-8,181,S,21,30,150,213,237,25,144,full_trace_mean_square,0.20302763134733445
100,-8,181,K,21,30,150,213,237,25,144,full_trace_mean_square,0.19833539359384164
100,-8,182,M,21,30,150,213,237,25,121,full_trace_mean_square,0.7464087887735216
100,-8,182,P,21,30,150,213,237,25,121,full_trace_mean_square,0.9016836319833074
100,-8,182,SLTA,21,30,150,213,237,25,121,full_trace_mean_square,0.795243319895717
100,-8,182,Std,21,30,150,213,237,25,121,full_trace_mean_square,0.8408360488230914
100,-8,182,S,21,30,150,213,237,25,121,full_trace_mean_square,0.4043516353286851
100,-8,182,K,21,30,150,213,237,25,121,full_trace_mean_square,0.5975696476947242
100,-8,183,M,21,30,150,213,237,25,138,full_trace_mean_square,0.763348146434461
100,-8,183,P,21,30,150,213,237,25,138,full_trace_mean_square,0.898917714763958
100,-8,183,SLTA,21,30,150,213,237,25,138,full_trace_mean_square,0.7355520391507583
100,-8,183,Std,21,30,150,213,237,25,138,full_trace_mean_square,0.8199306643256333
100,-8,183,S,21,30,150,213,237,25,138,full_trace_mean_square,0.3640430256115122
100,-8,183,K,21,30,150,213,237,25,138,full_trace_mean_square,0.36951034929371845
100,-8,184,M,21,30,150,213,237,25,172,full_trace_mean_square,0.8992198398032242
100,-8,184,P,21,30,150,213,237,25,172,full_trace_mean_square,0.9406722983178796
100,-8,184,SLTA,21,30,150,213,237,25,172,full_trace_mean_square,0.820619706665298
100,-8,184,Std,21,30,150,213,237,25,172,full_trace_mean_square,0.9223208445196873
100,-8,184,S,21,30,150,213,237,25,172,full_trace_mean_square,0.4434045757218562
100,-8,184,K,21,30,150,213,237,25,172,full_trace_mean_square,0.5898898329573988
100,-8,185,M,21,30,150,213,237,25,118,full_trace_mean_square,0.8557910723988138
100,-8,185,P,21,30,150,213,237,25,118,full_trace_mean_square,0.9334344149376775
100,-8,185,SLTA,21,30,150,213,237,25,118,full_trace_mean_square,0.7744547858106883
100,-8,185,Std,21,30,150,213,237,25,118,full_trace_mean_square,0.8977294140768185
100,-8,185,S,21,30,150,213,237,25,118,full_trace_mean_square,0.2869499874443164
100,-8,185,K,21,30,150,213,237,25,118,full_trace_mean_square,0.4552703423657974
100,-8,186,M,21,30,150,213,237,25,121,full_trace_mean_square,0.8374959967052961
100,-8,186,P,21,30,150,213,237,25,121,full_trace_mean_square,0.9188400761354353
100,-8,186,SLTA,21,30,150,213,237,25,121,full_trace_mean_square,0.781653746604934
100,-8,186,Std,21,30,150,213,237,25,121,full_trace_mean_square,0.8755075307243904
100,-8,186,S,21,30,150,213,237,25,121,full_trace_mean_square,0.36731831451708014
100,-8,186,K,21,30,150,213,237,25,121,full_trace_mean_square,0.5380602592130442
100,-8,187,M,21,30,150,213,237,25,111,full_trace_mean_square,0.7984753269417026
100,-8,187,P,21,30,150,213,237,25,111,full_trace_mean_square,0.9114822018308044
100,-8,187,SLTA,21,30,150,213,237,25,111,full_trace_mean_square,0.7753919022502791
100,-8,187,Std,21,30,150,213,237,25,111,full_trace_mean_square,0.8424329651648675
100,-8,187,S,21,30,150,213,237,25,111,full_trace_mean_square,0.20404183664109127
100,-8,187,K,21,30,150,213,237,25,111,full_trace_mean_square,0.34989135415985384
100,-8,188,M,21,30,150,213,237,25,149,full_trace_mean_square,0.834194942476904
100,-8,188,P,21,30,150,213,237,25,149,full_trace_mean_square,0.9278215553950652
100,-8,188,SLTA,21,30,150,213,237,25,149,full_trace_mean_square,0.7920984577984497
100,-8,188,Std,21,30,150,213,237,25,149,full_trace_mean_square,0.8907284480060625
100,-8,188,S,21,30,150,213,237,25,149,full_trace_mean_square,0.41890461001911333
100,-8,188,K,21,30,150,213,237,25,149,full_trace_mean_square,0.43872927120784816
100,-8,189,M,21,30,150,213,237,25,126,full_trace_mean_square,0.8355831728524825
100,-8,189,P,21,30,150,213,237,25,126,full_trace_mean_square,0.9225217316088741
100,-8,189,SLTA,21,30,150,213,237,25,126,full_trace_mean_square,0.8018467206151788
100,-8,189,Std,21,30,150,213,237,25,126,full_trace_mean_square,0.8737023829881024
100,-8,189,S,21,30,150,213,237,25,126,full_trace_mean_square,0.3965538869954915
100,-8,189,K,21,30,150,213,237,25,126,full_trace_mean_square,0.40103529014308986
100,-8,190,M,21,30,150,213,237,25,124,full_trace_mean_square,0.8654919623734293
100,-8,190,P,21,30,150,213,237,25,124,full_trace_mean_square,0.9261676277594948
100,-8,190,SLTA,21,30,150,213,237,25,124,full_trace_mean_square,0.7960736941265522
100,-8,190,Std,21,30,150,213,237,25,124,full_trace_mean_square,0.866172357663782
100,-8,190,S,21,30,150,213,237,25,124,full_trace_mean_square,0.1263054385611003
100,-8,190,K,21,30,150,213,237,25,124,full_trace_mean_square,0.1589825183590052
100,-8,191,M,21,30,150,213,237,25,136,full_trace_mean_square,0.7576316754407424
100,-8,191,P,21,30,150,213,237,25,136,full_trace_mean_square,0.9118299228556315
100,-8,191,SLTA,21,30,150,213,237,25,136,full_trace_mean_square,0.7194150182640172
100,-8,191,Std,21,30,150,213,237,25,136,full_trace_mean_square,0.8310599414350824
100,-8,191,S,21,30,150,213,237,25,136,full_trace_mean_square,0.38294309482866656
100,-8,191,K,21,30,150,213,237,25,136,full_trace_mean_square,0.4033370427239605
100,-8,192,M,21,30,150,213,237,25,111,full_trace_mean_square,0.883371143554552
100,-8,192,P,21,30,150,213,237,25,111,full_trace_mean_square,0.937723564355693
100,-8,192,SLTA,21,30,150,213,237,25,111,full_trace_mean_square,0.8271265611673211
100,-8,192,Std,21,30,150,213,237,25,111,full_trace_mean_square,0.9051353694641886
100,-8,192,S,21,30,150,213,237,25,111,full_trace_mean_square,0.38953083197452326
100,-8,192,K,21,30,150,213,237,25,111,full_trace_mean_square,0.4447926576929091
100,-8,193,M,21,30,150,213,237,25,118,full_trace_mean_square,0.7061284677704743
100,-8,193,P,21,30,150,213,237,25,118,full_trace_mean_square,0.8488090537581867
100,-8,193,SLTA,21,30,150,213,237,25,118,full_trace_mean_square,0.7899313368105443
100,-8,193,Std,21,30,150,213,237,25,118,full_trace_mean_square,0.751587906073845
100,-8,193,S,21,30,150,213,237,25,118,full_trace_mean_square,0.09084164878551403
100,-8,193,K,21,30,150,213,237,25,118,full_trace_mean_square,0.16835684808162196
100,-8,194,M,21,30,150,213,237,25,139,full_trace_mean_square,0.8056024909980969
100,-8,194,P,21,30,150,213,237,25,139,full_trace_mean_square,0.9193981183671711
100,-8,194,SLTA,21,30,150,213,237,25,139,full_trace_mean_square,0.8061567909963941
100,-8,194,Std,21,30,150,213,237,25,139,full_trace_mean_square,0.8572404833995557
100,-8,194,S,21,30,150,213,237,25,139,full_trace_mean_square,0.3698410933636536
100,-8,194,K,21,30,150,213,237,25,139,full_trace_mean_square,0.3894593436995056
100,-8,195,M,21,30,150,213,237,25,109,full_trace_mean_square,0.8287245640671124
100,-8,195,P,21,30,150,213,237,25,109,full_trace_mean_square,0.9210486776109342
100,-8,195,SLTA,21,30,150,213,237,25,109,full_trace_mean_square,0.7291375319452694
100,-8,195,Std,21,30,150,213,237,25,109,full_trace_mean_square,0.8592096653785034
100,-8,195,S,21,30,150,213,237,25,109,full_trace_mean_square,0.27249003237302283
100,-8,195,K,21,30,150,213,237,25,109,full_trace_mean_square,0.43059911261919315
100,-8,196,M,21,30,150,213,237,25,138,full_trace_mean_square,0.7774026160875054
100,-8,196,P,21,30,150,213,237,25,138,full_trace_mean_square,0.9088796066735424
100,-8,196,SLTA,21,30,150,213,237,25,138,full_trace_mean_square,0.7875180799745006
100,-8,196,Std,21,30,150,213,237,25,138,full_trace_mean_square,0.8505952441008537
100,-8,196,S,21,30,150,213,237,25,138,full_trace_mean_square,0.24580872559068237
100,-8,196,K,21,30,150,213,237,25,138,full_trace_mean_square,0.3724490177317311
100,-8,197,M,21,30,150,213,237,25,113,full_trace_mean_square,0.8779921945855861
100,-8,197,P,21,30,150,213,237,25,113,full_trace_mean_square,0.9371501258195092
100,-8,197,SLTA,21,30,150,213,237,25,113,full_trace_mean_square,0.7970295725788837
100,-8,197,Std,21,30,150,213,237,25,113,full_trace_mean_square,0.9071240381793937
100,-8,197,S,21,30,150,213,237,25,113,full_trace_mean_square,0.24924967514078558
100,-8,197,K,21,30,150,213,237,25,113,full_trace_mean_square,0.23333544803742318
100,-8,198,M,21,30,150,213,237,25,110,full_trace_mean_square,0.883552564724608
100,-8,198,P,21,30,150,213,237,25,110,full_trace_mean_square,0.9355143415455871
100,-8,198,SLTA,21,30,150,213,237,25,110,full_trace_mean_square,0.7640700177153132
100,-8,198,Std,21,30,150,213,237,25,110,full_trace_mean_square,0.894328263879271
100,-8,198,S,21,30,150,213,237,25,110,full_trace_mean_square,0.2398045672378829
100,-8,198,K,21,30,150,213,237,25,110,full_trace_mean_square,0.23270230250138343
100,-8,199,M,21,30,150,213,237,25,141,full_trace_mean_square,0.7992333876051602
100,-8,199,P,21,30,150,213,237,25,141,full_trace_mean_square,0.9154024623767886
100,-8,199,SLTA,21,30,150,213,237,25,141,full_trace_mean_square,0.740410896564609
100,-8,199,Std,21,30,150,213,237,25,141,full_trace_mean_square,0.8606107798599528
100,-8,199,S,21,30,150,213,237,25,141,full_trace_mean_square,0.5692194993759794
100,-8,199,K,21,30,150,213,237,25,141,full_trace_mean_square,0.6493798664874091
100,-6,0,M,21,30,150,213,237,25,131,full_trace_mean_square,0.8807716471352699
100,-6,0,P,21,30,150,213,237,25,131,full_trace_mean_square,0.9390715798638641
100,-6,0,SLTA,21,30,150,213,237,25,131,full_trace_mean_square,0.7965073917967733
100,-6,0,Std,21,30,150,213,237,25,131,full_trace_mean_square,0.9095580684070517
100,-6,0,S,21,30,150,213,237,25,131,full_trace_mean_square,0.16533733823043226
100,-6,0,K,21,30,150,213,237,25,131,full_trace_mean_square,0.34205460571186397
100,-6,1,M,21,30,150,213,237,25,139,full_trace_mean_square,0.8800231717800467
100,-6,1,P,21,30,150,213,237,25,139,full_trace_mean_square,0.9369691725728823
100,-6,1,SLTA,21,30,150,213,237,25,139,full_trace_mean_square,0.8129065095506246
100,-6,1,Std,21,30,150,213,237,25,139,full_trace_mean_square,0.9175065209926255
100,-6,1,S,21,30,150,213,237,25,139,full_trace_mean_square,0.3065093079319443
100,-6,1,K,21,30,150,213,237,25,139,full_trace_mean_square,0.4044148656598822
100,-6,2,M,21,30,150,213,237,25,156,full_trace_mean_square,0.898492691670253
100,-6,2,P,21,30,150,213,237,25,156,full_trace_mean_square,0.9398616539836838
100,-6,2,SLTA,21,30,150,213,237,25,156,full_trace_mean_square,0.8081624974151583
100,-6,2,Std,21,30,150,213,237,25,156,full_trace_mean_square,0.9250196864382894
100,-6,2,S,21,30,150,213,237,25,156,full_trace_mean_square,0.3707834207819505
100,-6,2,K,21,30,150,213,237,25,156,full_trace_mean_square,0.461858185658631
100,-6,3,M,21,30,150,213,237,25,154,full_trace_mean_square,0.8889229248226908
100,-6,3,P,21,30,150,213,237,25,154,full_trace_mean_square,0.9382375394252405
100,-6,3,SLTA,21,30,150,213,237,25,154,full_trace_mean_square,0.812559111541067
100,-6,3,Std,21,30,150,213,237,25,154,full_trace_mean_square,0.9151208880145263
100,-6,3,S,21,30,150,213,237,25,154,full_trace_mean_square,0.4266251247455972
100,-6,3,K,21,30,150,213,237,25,154,full_trace_mean_square,0.4743372148032059
100,-6,4,M,21,30,150,213,237,25,107,full_trace_mean_square,0.8831232139495352
100,-6,4,P,21,30,150,213,237,25,107,full_trace_mean_square,0.9334128180939569
100,-6,4,SLTA,21,30,150,213,237,25,107,full_trace_mean_square,0.8154066482136939
100,-6,4,Std,21,30,150,213,237,25,107,full_trace_mean_square,0.9086273961033617
100,-6,4,S,21,30,150,213,237,25,107,full_trace_mean_square,0.15933666156661072
100,-6,4,K,21,30,150,213,237,25,107,full_trace_mean_square,0.31716182230849077
100,-6,5,M,21,30,150,213,237,25,136,full_trace_mean_square,0.8136616007276488
100,-6,5,P,21,30,150,213,237,25,136,full_trace_mean_square,0.9264110093267516
100,-6,5,SLTA,21,30,150,213,237,25,136,full_trace_mean_square,0.7441236101058171
100,-6,5,Std,21,30,150,213,237,25,136,full_trace_mean_square,0.8763780702778255
100,-6,5,S,21,30,150,213,237,25,136,full_trace_mean_square,0.38088740289285283
100,-6,5,K,21,30,150,213,237,25,136,full_trace_mean_square,0.4904994253204041
100,-6,6,M,21,30,150,213,237,25,147,full_trace_mean_square,0.8959223911428165
100,-6,6,P,21,30,150,213,237,25,147,full_trace_mean_square,0.9370045023785851
100,-6,6,SLTA,21,30,150,213,237,25,147,full_trace_mean_square,0.8198233009533725
100,-6,6,Std,21,30,150,213,237,25,147,full_trace_mean_square,0.918900690481901
100,-6,6,S,21,30,150,213,237,25,147,full_trace_mean_square,0.4942551153787369
100,-6,6,K,21,30,150,213,237,25,147,full_trace_mean_square,0.6170899775839678
100,-6,7,M,21,30,150,213,237,25,124,full_trace_mean_square,0.8860780355216029
100,-6,7,P,21,30,150,213,237,25,124,full_trace_mean_square,0.9406717161042747
100,-6,7,SLTA,21,30,150,213,237,25,124,full_trace_mean_square,0.809038118965574
100,-6,7,Std,21,30,150,213,237,25,124,full_trace_mean_square,0.912000804857416
100,-6,7,S,21,30,150,213,237,25,124,full_trace_mean_square,0.08338085571651487
100,-6,7,K,21,30,150,213,237,25,124,full_trace_mean_square,0.2570219766954587
100,-6,8,M,21,30,150,213,237,25,138,full_trace_mean_square,0.8889567786906304
100,-6,8,P,21,30,150,213,237,25,138,full_trace_mean_square,0.936736651877511
100,-6,8,SLTA,21,30,150,213,237,25,138,full_trace_mean_square,0.8293712271403167
100,-6,8,Std,21,30,150,213,237,25,138,full_trace_mean_square,0.914551606346405
100,-6,8,S,21,30,150,213,237,25,138,full_trace_mean_square,0.32483459199946485
100,-6,8,K,21,30,150,213,237,25,138,full_trace_mean_square,0.4160236083856494
100,-6,9,M,21,30,150,213,237,25,152,full_trace_mean_square,0.7729788986559174
100,-6,9,P,21,30,150,213,237,25,152,full_trace_mean_square,0.9089654637940334
100,-6,9,SLTA,21,30,150,213,237,25,152,full_trace_mean_square,0.7378729475147187
100,-6,9,Std,21,30,150,213,237,25,152,full_trace_mean_square,0.8350954982293162
100,-6,9,S,21,30,150,213,237,25,152,full_trace_mean_square,0.3325858157148656
100,-6,9,K,21,30,150,213,237,25,152,full_trace_mean_square,0.4806922937018889
100,-6,10,M,21,30,150,213,237,25,129,full_trace_mean_square,0.897317949993819
100,-6,10,P,21,30,150,213,237,25,129,full_trace_mean_square,0.9404966673024253
100,-6,10,SLTA,21,30,150,213,237,25,129,full_trace_mean_square,0.8193985757250691
100,-6,10,Std,21,30,150,213,237,25,129,full_trace_mean_square,0.9155482657330324
100,-6,10,S,21,30,150,213,237,25,129,full_trace_mean_square,0.24507996088438558
100,-6,10,K,21,30,150,213,237,25,129,full_trace_mean_square,0.36502132198051007
100,-6,11,M,21,30,150,213,237,25,141,full_trace_mean_square,0.8921557740301855
100,-6,11,P,21,30,150,213,237,25,141,full_trace_mean_square,0.9411353497370377
100,-6,11,SLTA,21,30,150,213,237,25,141,full_trace_mean_square,0.7947162976197245
100,-6,11,Std,21,30,150,213,237,25,141,full_trace_mean_square,0.9204194455613065
100,-6,11,S,21,30,150,213,237,25,141,full_trace_mean_square,0.3470223059295572
100,-6,11,K,21,30,150,213,237,25,141,full_trace_mean_square,0.3613580554490157
100,-6,12,M,21,30,150,213,237,25,160,full_trace_mean_square,0.8748243582058092
100,-6,12,P,21,30,150,213,237,25,160,full_trace_mean_square,0.9399670820163402
100,-6,12,SLTA,21,30,150,213,237,25,160,full_trace_mean_square,0.7861869774353104
100,-6,12,Std,21,30,150,213,237,25,160,full_trace_mean_square,0.9093803920771224
100,-6,12,S,21,30,150,213,237,25,160,full_trace_mean_square,0.2832429116274381
100,-6,12,K,21,30,150,213,237,25,160,full_trace_mean_square,0.2957905595009742
100,-6,13,M,21,30,150,213,237,25,127,full_trace_mean_square,0.8490815954795593
100,-6,13,P,21,30,150,213,237,25,127,full_trace_mean_square,0.9349944906676917
100,-6,13,SLTA,21,30,150,213,237,25,127,full_trace_mean_square,0.8138140280883364
100,-6,13,Std,21,30,150,213,237,25,127,full_trace_mean_square,0.8901938280322405
100,-6,13,S,21,30,150,213,237,25,127,full_trace_mean_square,0.29356321851542777
100,-6,13,K,21,30,150,213,237,25,127,full_trace_mean_square,0.3217895486028491
100,-6,14,M,21,30,150,213,237,25,128,full_trace_mean_square,0.8983054029383971
100,-6,14,P,21,30,150,213,237,25,128,full_trace_mean_square,0.9406548853031413
100,-6,14,SLTA,21,30,150,213,237,25,128,full_trace_mean_square,0.8105669584030752
100,-6,14,Std,21,30,150,213,237,25,128,full_trace_mean_square,0.9150573998415616
100,-6,14,S,21,30,150,213,237,25,128,full_trace_mean_square,0.2930330398702862
100,-6,14,K,21,30,150,213,237,25,128,full_trace_mean_square,0.27657196004184187
100,-6,15,M,21,30,150,213,237,25,151,full_trace_mean_square,0.8673330889310307
100,-6,15,P,21,30,150,213,237,25,151,full_trace_mean_square,0.9372793603315235
100,-6,15,SLTA,21,30,150,213,237,25,151,full_trace_mean_square,0.7743189403810299
100,-6,15,Std,21,30,150,213,237,25,151,full_trace_mean_square,0.9131720077541897
100,-6,15,S,21,30,150,213,237,25,151,full_trace_mean_square,0.3088492261280641
100,-6,15,K,21,30,150,213,237,25,151,full_trace_mean_square,0.4910388843860647
100,-6,16,M,21,30,150,213,237,25,142,full_trace_mean_square,0.8704721965560217
100,-6,16,P,21,30,150,213,237,25,142,full_trace_mean_square,0.9414147604982609
100,-6,16,SLTA,21,30,150,213,237,25,142,full_trace_mean_square,0.7741759486847459
100,-6,16,Std,21,30,150,213,237,25,142,full_trace_mean_square,0.9020281394520054
100,-6,16,S,21,30,150,213,237,25,142,full_trace_mean_square,0.39338277744031963
100,-6,16,K,21,30,150,213,237,25,142,full_trace_mean_square,0.3922756673034931
100,-6,17,M,21,30,150,213,237,25,157,full_trace_mean_square,0.865134084974087
100,-6,17,P,21,30,150,213,237,25,157,full_trace_mean_square,0.9344021860282478
100,-6,17,SLTA,21,30,150,213,237,25,157,full_trace_mean_square,0.8080033197354611
100,-6,17,Std,21,30,150,213,237,25,157,full_trace_mean_square,0.90697087241667
100,-6,17,S,21,30,150,213,237,25,157,full_trace_mean_square,0.5393129594169476
100,-6,17,K,21,30,150,213,237,25,157,full_trace_mean_square,0.58902848700442
100,-6,18,M,21,30,150,213,237,25,119,full_trace_mean_square,0.8977378036987174
100,-6,18,P,21,30,150,213,237,25,119,full_trace_mean_square,0.9425468645603625
100,-6,18,SLTA,21,30,150,213,237,25,119,full_trace_mean_square,0.8231101773464939
100,-6,18,Std,21,30,150,213,237,25,119,full_trace_mean_square,0.9246870517071318
100,-6,18,S,21,30,150,213,237,25,119,full_trace_mean_square,0.31779882928219766
100,-6,18,K,21,30,150,213,237,25,119,full_trace_mean_square,0.3530885373035687
100,-6,19,M,21,30,150,213,237,25,141,full_trace_mean_square,0.8497930921449791
100,-6,19,P,21,30,150,213,237,25,141,full_trace_mean_square,0.9321918160388232
100,-6,19,SLTA,21,30,150,213,237,25,141,full_trace_mean_square,0.7904950046700433
100,-6,19,Std,21,30,150,213,237,25,141,full_trace_mean_square,0.8791992770703793
100,-6,19,S,21,30,150,213,237,25,141,full_trace_mean_square,0.15044278137136868
100,-6,19,K,21,30,150,213,237,25,141,full_trace_mean_square,0.2752714593029354
100,-6,20,M,21,30,150,213,237,25,154,full_trace_mean_square,0.8482453556435551
100,-6,20,P,21,30,150,213,237,25,154,full_trace_mean_square,0.9322241578859595
100,-6,20,SLTA,21,30,150,213,237,25,154,full_trace_mean_square,0.7940479786010178
100,-6,20,Std,21,30,150,213,237,25,154,full_trace_mean_square,0.8917927886045109
100,-6,20,S,21,30,150,213,237,25,154,full_trace_mean_square,0.3099349663919547
100,-6,20,K,21,30,150,213,237,25,154,full_trace_mean_square,0.31987732763151416
100,-6,21,M,21,30,150,213,237,25,109,full_trace_mean_square,0.8933546184011746
100,-6,21,P,21,30,150,213,237,25,109,full_trace_mean_square,0.9421498966727726
100,-6,21,SLTA,21,30,150,213,237,25,109,full_trace_mean_square,0.7981693247388217
100,-6,21,Std,21,30,150,213,237,25,109,full_trace_mean_square,0.9125519553467945
100,-6,21,S,21,30,150,213,237,25,109,full_trace_mean_square,0.18501094813005
100,-6,21,K,21,30,150,213,237,25,109,full_trace_mean_square,0.19188764560697522
100,-6,22,M,21,30,150,213,237,25,167,full_trace_mean_square,0.8850057735787323
100,-6,22,P,21,30,150,213,237,25,167,full_trace_mean_square,0.9383145893112353
100,-6,22,SLTA,21,30,150,213,237,25,167,full_trace_mean_square,0.8008217731272851
100,-6,22,Std,21,30,150,213,237,25,167,full_trace_mean_square,0.9139250347534653
100,-6,22,S,21,30,150,213,237,25,167,full_trace_mean_square,0.31366210062430017
100,-6,22,K,21,30,150,213,237,25,167,full_trace_mean_square,0.3818701198566704
100,-6,23,M,21,30,150,213,237,25,141,full_trace_mean_square,0.873465943236173
100,-6,23,P,21,30,150,213,237,25,141,full_trace_mean_square,0.9328894975000193
100,-6,23,SLTA,21,30,150,213,237,25,141,full_trace_mean_square,0.8126421981552501
100,-6,23,Std,21,30,150,213,237,25,141,full_trace_mean_square,0.9055321476387884
100,-6,23,S,21,30,150,213,237,25,141,full_trace_mean_square,0.5191060593726604
100,-6,23,K,21,30,150,213,237,25,141,full_trace_mean_square,0.5335312064238601
100,-6,24,M,21,30,150,213,237,25,143,full_trace_mean_square,0.8694613645781089
100,-6,24,P,21,30,150,213,237,25,143,full_trace_mean_square,0.9352601137439905
100,-6,24,SLTA,21,30,150,213,237,25,143,full_trace_mean_square,0.8184813825367079
100,-6,24,Std,21,30,150,213,237,25,143,full_trace_mean_square,0.9052842447613766
100,-6,24,S,21,30,150,213,237,25,143,full_trace_mean_square,0.26269351458787865
100,-6,24,K,21,30,150,213,237,25,143,full_trace_mean_square,0.30687183670957036
100,-6,25,M,21,30,150,213,237,25,120,full_trace_mean_square,0.8344824065730915
100,-6,25,P,21,30,150,213,237,25,120,full_trace_mean_square,0.9290021783290182
100,-6,25,SLTA,21,30,150,213,237,25,120,full_trace_mean_square,0.7331863902321234
100,-6,25,Std,21,30,150,213,237,25,120,full_trace_mean_square,0.8706499719068101
100,-6,25,S,21,30,150,213,237,25,120,full_trace_mean_square,0.315409728903666
100,-6,25,K,21,30,150,213,237,25,120,full_trace_mean_square,0.28983819081054807
100,-6,26,M,21,30,150,213,237,25,136,full_trace_mean_square,0.8703639324244752
100,-6,26,P,21,30,150,213,237,25,136,full_trace_mean_square,0.9363061356554601
100,-6,26,SLTA,21,30,150,213,237,25,136,full_trace_mean_square,0.8114053070764594
100,-6,26,Std,21,30,150,213,237,25,136,full_trace_mean_square,0.9113456603714716
100,-6,26,S,21,30,150,213,237,25,136,full_trace_mean_square,0.3535883997272605
100,-6,26,K,21,30,150,213,237,25,136,full_trace_mean_square,0.4990789787524958
100,-6,27,M,21,30,150,213,237,25,102,full_trace_mean_square,0.8647453987437835
100,-6,27,P,21,30,150,213,237,25,102,full_trace_mean_square,0.9336863941816438
100,-6,27,SLTA,21,30,150,213,237,25,102,full_trace_mean_square,0.7676165410937352
100,-6,27,Std,21,30,150,213,237,25,102,full_trace_mean_square,0.8946054807999645
100,-6,27,S,21,30,150,213,237,25,102,full_trace_mean_square,0.2944830104134565
100,-6,27,K,21,30,150,213,237,25,102,full_trace_mean_square,0.43728105240752935
100,-6,28,M,21,30,150,213,237,25,123,full_trace_mean_square,0.8971274411549129
100,-6,28,P,21,30,150,213,237,25,123,full_trace_mean_square,0.9420281539273214
100,-6,28,SLTA,21,30,150,213,237,25,123,full_trace_mean_square,0.829579963527399
100,-6,28,Std,21,30,150,213,237,25,123,full_trace_mean_square,0.9292924143730518
100,-6,28,S,21,30,150,213,237,25,123,full_trace_mean_square,0.2717668954475296
100,-6,28,K,21,30,150,213,237,25,123,full_trace_mean_square,0.3208004179394918
100,-6,29,M,21,30,150,213,237,25,126,full_trace_mean_square,0.8897537585730212
100,-6,29,P,21,30,150,213,237,25,126,full_trace_mean_square,0.9412475605662957
100,-6,29,SLTA,21,30,150,213,237,25,126,full_trace_mean_square,0.790222271651567
100,-6,29,Std,21,30,150,213,237,25,126,full_trace_mean_square,0.9086840718504358
100,-6,29,S,21,30,150,213,237,25,126,full_trace_mean_square,0.39113170994561197
100,-6,29,K,21,30,150,213,237,25,126,full_trace_mean_square,0.3498163412055438
100,-6,30,M,21,30,150,213,237,25,123,full_trace_mean_square,0.8864645892859561
100,-6,30,P,21,30,150,213,237,25,123,full_trace_mean_square,0.9412634153104794
100,-6,30,SLTA,21,30,150,213,237,25,123,full_trace_mean_square,0.7810692922006913
100,-6,30,Std,21,30,150,213,237,25,123,full_trace_mean_square,0.9050718405198541
100,-6,30,S,21,30,150,213,237,25,123,full_trace_mean_square,0.22283358323684968
100,-6,30,K,21,30,150,213,237,25,123,full_trace_mean_square,0.3942926788831045
100,-6,31,M,21,30,150,213,237,25,149,full_trace_mean_square,0.8756160942675925
100,-6,31,P,21,30,150,213,237,25,149,full_trace_mean_square,0.9367546339547929
100,-6,31,SLTA,21,30,150,213,237,25,149,full_trace_mean_square,0.8164462265295985
100,-6,31,Std,21,30,150,213,237,25,149,full_trace_mean_square,0.9097845953977953
100,-6,31,S,21,30,150,213,237,25,149,full_trace_mean_square,0.39303738602792304
100,-6,31,K,21,30,150,213,237,25,149,full_trace_mean_square,0.5287954548543861
100,-6,32,M,21,30,150,213,237,25,151,full_trace_mean_square,0.8538204744260469
100,-6,32,P,21,30,150,213,237,25,151,full_trace_mean_square,0.9234179557339954
100,-6,32,SLTA,21,30,150,213,237,25,151,full_trace_mean_square,0.7528418174511481
100,-6,32,Std,21,30,150,213,237,25,151,full_trace_mean_square,0.8799882899099538
100,-6,32,S,21,30,150,213,237,25,151,full_trace_mean_square,0.2977542168729831
100,-6,32,K,21,30,150,213,237,25,151,full_trace_mean_square,0.45228625773953496
100,-6,33,M,21,30,150,213,237,25,127,full_trace_mean_square,0.896003890258621
100,-6,33,P,21,30,150,213,237,25,127,full_trace_mean_square,0.9397226281724395
100,-6,33,SLTA,21,30,150,213,237,25,127,full_trace_mean_square,0.7680898286875021
100,-6,33,Std,21,30,150,213,237,25,127,full_trace_mean_square,0.915443910586098
100,-6,33,S,21,30,150,213,237,25,127,full_trace_mean_square,0.2409029332849291
100,-6,33,K,21,30,150,213,237,25,127,full_trace_mean_square,0.3426344991225097
100,-6,34,M,21,30,150,213,237,25,149,full_trace_mean_square,0.8630128359011314
100,-6,34,P,21,30,150,213,237,25,149,full_trace_mean_square,0.9317781983178801
100,-6,34,SLTA,21,30,150,213,237,25,149,full_trace_mean_square,0.8185194507408269
100,-6,34,Std,21,30,150,213,237,25,149,full_trace_mean_square,0.8975397146894593
100,-6,34,S,21,30,150,213,237,25,149,full_trace_mean_square,0.2661798573490554
100,-6,34,K,21,30,150,213,237,25,149,full_trace_mean_square,0.3684553074472832
100,-6,35,M,21,30,150,213,237,25,142,full_trace_mean_square,0.8898474595845455
100,-6,35,P,21,30,150,213,237,25,142,full_trace_mean_square,0.9403780636983163
100,-6,35,SLTA,21,30,150,213,237,25,142,full_trace_mean_square,0.8037860180684631
100,-6,35,Std,21,30,150,213,237,25,142,full_trace_mean_square,0.9195753279040286
100,-6,35,S,21,30,150,213,237,25,142,full_trace_mean_square,0.4345812461049388
100,-6,35,K,21,30,150,213,237,25,142,full_trace_mean_square,0.48478698905870965
100,-6,36,M,21,30,150,213,237,25,120,full_trace_mean_square,0.8721755905876393
100,-6,36,P,21,30,150,213,237,25,120,full_trace_mean_square,0.9397949664498726
100,-6,36,SLTA,21,30,150,213,237,25,120,full_trace_mean_square,0.8325943375340156
100,-6,36,Std,21,30,150,213,237,25,120,full_trace_mean_square,0.9170849182647898
100,-6,36,S,21,30,150,213,237,25,120,full_trace_mean_square,0.24956407926714738
100,-6,36,K,21,30,150,213,237,25,120,full_trace_mean_square,0.36305277662988866
100,-6,37,M,21,30,150,213,237,25,124,full_trace_mean_square,0.9008911743131954
100,-6,37,P,21,30,150,213,237,25,124,full_trace_mean_square,0.9424202447459056
100,-6,37,SLTA,21,30,150,213,237,25,124,full_trace_mean_square,0.8240369915407729
100,-6,37,Std,21,30,150,213,237,25,124,full_trace_mean_square,0.9205351670689076
100,-6,37,S,21,30,150,213,237,25,124,full_trace_mean_square,0.2823115553263246
100,-6,37,K,21,30,150,213,237,25,124,full_trace_mean_square,0.3444398883562611
100,-6,38,M,21,30,150,213,237,25,143,full_trace_mean_square,0.8369246932696162
100,-6,38,P,21,30,150,213,237,25,143,full_trace_mean_square,0.9264534268842143
100,-6,38,SLTA,21,30,150,213,237,25,143,full_trace_mean_square,0.8149409998626181
100,-6,38,Std,21,30,150,213,237,25,143,full_trace_mean_square,0.8791543715659685
100,-6,38,S,21,30,150,213,237,25,143,full_trace_mean_square,0.2800560658066345
100,-6,38,K,21,30,150,213,237,25,143,full_trace_mean_square,0.38396559536681724
100,-6,39,M,21,30,150,213,237,25,134,full_trace_mean_square,0.8335858333158834
100,-6,39,P,21,30,150,213,237,25,134,full_trace_mean_square,0.9284615438609374
100,-6,39,SLTA,21,30,150,213,237,25,134,full_trace_mean_square,0.786356631425163
100,-6,39,Std,21,30,150,213,237,25,134,full_trace_mean_square,0.8869615780538691
100,-6,39,S,21,30,150,213,237,25,134,full_trace_mean_square,0.3569492947465185
100,-6,39,K,21,30,150,213,237,25,134,full_trace_mean_square,0.49241084679892766
100,-6,40,M,21,30,150,213,237,25,113,full_trace_mean_square,0.8518031666752232
100,-6,40,P,21,30,150,213,237,25,113,full_trace_mean_square,0.9308696384186831
100,-6,40,SLTA,21,30,150,213,237,25,113,full_trace_mean_square,0.7658646477801027
100,-6,40,Std,21,30,150,213,237,25,113,full_trace_mean_square,0.885120240277614
100,-6,40,S,21,30,150,213,237,25,113,full_trace_mean_square,0.24650395487946283
100,-6,40,K,21,30,150,213,237,25,113,full_trace_mean_square,0.3420881336108862
100,-6,41,M,21,30,150,213,237,25,129,full_trace_mean_square,0.8257468087224842
100,-6,41,P,21,30,150,213,237,25,129,full_trace_mean_square,0.9269114453606139
100,-6,41,SLTA,21,30,150,213,237,25,129,full_trace_mean_square,0.7573060457019415
100,-6,41,Std,21,30,150,213,237,25,129,full_trace_mean_square,0.8804833912085646
100,-6,41,S,21,30,150,213,237,25,129,full_trace_mean_square,0.13506315964518148
100,-6,41,K,21,30,150,213,237,25,129,full_trace_mean_square,0.3279697933420523
100,-6,42,M,21,30,150,213,237,25,145,full_trace_mean_square,0.883897230604147
100,-6,42,P,21,30,150,213,237,25,145,full_trace_mean_square,0.9382717476248981
100,-6,42,SLTA,21,30,150,213,237,25,145,full_trace_mean_square,0.8263040062105674
100,-6,42,Std,21,30,150,213,237,25,145,full_trace_mean_square,0.9104515334147026
100,-6,42,S,21,30,150,213,237,25,145,full_trace_mean_square,0.31822543175212487
100,-6,42,K,21,30,150,213,237,25,145,full_trace_mean_square,0.3610410841954039
100,-6,43,M,21,30,150,213,237,25,151,full_trace_mean_square,0.8598929433158837
100,-6,43,P,21,30,150,213,237,25,151,full_trace_mean_square,0.9329189592022241
100,-6,43,SLTA,21,30,150,213,237,25,151,full_trace_mean_square,0.7759394214860191
100,-6,43,Std,21,30,150,213,237,25,151,full_trace_mean_square,0.8946419307253843
100,-6,43,S,21,30,150,213,237,25,151,full_trace_mean_square,0.5121762655863988
100,-6,43,K,21,30,150,213,237,25,151,full_trace_mean_square,0.5900283973445477
100,-6,44,M,21,30,150,213,237,25,164,full_trace_mean_square,0.8871973373995736
100,-6,44,P,21,30,150,213,237,25,164,full_trace_mean_square,0.9375197189444285
100,-6,44,SLTA,21,30,150,213,237,25,164,full_trace_mean_square,0.814974696355026
100,-6,44,Std,21,30,150,213,237,25,164,full_trace_mean_square,0.918476862524368
100,-6,44,S,21,30,150,213,237,25,164,full_trace_mean_square,0.4443417173600226
100,-6,44,K,21,30,150,213,237,25,164,full_trace_mean_square,0.5455479883635909
100,-6,45,M,21,30,150,213,237,25,154,full_trace_mean_square,0.9143951285517731
100,-6,45,P,21,30,150,213,237,25,154,full_trace_mean_square,0.9433497956527662
100,-6,45,SLTA,21,30,150,213,237,25,154,full_trace_mean_square,0.7827121024233986
100,-6,45,Std,21,30,150,213,237,25,154,full_trace_mean_square,0.9339604288353729
100,-6,45,S,21,30,150,213,237,25,154,full_trace_mean_square,0.4269348151935058
100,-6,45,K,21,30,150,213,237,25,154,full_trace_mean_square,0.4117524989361603
100,-6,46,M,21,30,150,213,237,25,158,full_trace_mean_square,0.8800840049609754
100,-6,46,P,21,30,150,213,237,25,158,full_trace_mean_square,0.9378383611106194
100,-6,46,SLTA,21,30,150,213,237,25,158,full_trace_mean_square,0.7574710758391727
100,-6,46,Std,21,30,150,213,237,25,158,full_trace_mean_square,0.901460778939068
100,-6,46,S,21,30,150,213,237,25,158,full_trace_mean_square,0.2185243931941655
100,-6,46,K,21,30,150,213,237,25,158,full_trace_mean_square,0.35141865329758654
100,-6,47,M,21,30,150,213,237,25,110,full_trace_mean_square,0.7639290442745764
100,-6,47,P,21,30,150,213,237,25,110,full_trace_mean_square,0.9064694543279691
100,-6,47,SLTA,21,30,150,213,237,25,110,full_trace_mean_square,0.7222509130108055
100,-6,47,Std,21,30,150,213,237,25,110,full_trace_mean_square,0.82273094167297
100,-6,47,S,21,30,150,213,237,25,110,full_trace_mean_square,0.10442535427022878
100,-6,47,K,21,30,150,213,237,25,110,full_trace_mean_square,0.2963565285445572
100,-6,48,M,21,30,150,213,237,25,162,full_trace_mean_square,0.8376445161435042
100,-6,48,P,21,30,150,213,237,25,162,full_trace_mean_square,0.9296257718443148
100,-6,48,SLTA,21,30,150,213,237,25,162,full_trace_mean_square,0.7881959508897076
100,-6,48,Std,21,30,150,213,237,25,162,full_trace_mean_square,0.89151448384418
100,-6,48,S,21,30,150,213,237,25,162,full_trace_mean_square,0.377064833435504
100,-6,48,K,21,30,150,213,237,25,162,full_trace_mean_square,0.4841609665200744
100,-6,49,M,21,30,150,213,237,25,144,full_trace_mean_square,0.873600521905004
100,-6,49,P,21,30,150,213,237,25,144,full_trace_mean_square,0.9372300647415315
100,-6,49,SLTA,21,30,150,213,237,25,144,full_trace_mean_square,0.7991908344517881
100,-6,49,Std,21,30,150,213,237,25,144,full_trace_mean_square,0.9014035029315252
100,-6,49,S,21,30,150,213,237,25,144,full_trace_mean_square,0.38944563206700156
100,-6,49,K,21,30,150,213,237,25,144,full_trace_mean_square,0.4774305711106316
100,-6,50,M,21,30,150,213,237,25,152,full_trace_mean_square,0.8816335089562726
100,-6,50,P,21,30,150,213,237,25,152,full_trace_mean_square,0.939036184016395
100,-6,50,SLTA,21,30,150,213,237,25,152,full_trace_mean_square,0.8542472451367409
100,-6,50,Std,21,30,150,213,237,25,152,full_trace_mean_square,0.9062480494253369
100,-6,50,S,21,30,150,213,237,25,152,full_trace_mean_square,0.4502248729014922
100,-6,50,K,21,30,150,213,237,25,152,full_trace_mean_square,0.46346716379950675
100,-6,51,M,21,30,150,213,237,25,121,full_trace_mean_square,0.9016099856609894
100,-6,51,P,21,30,150,213,237,25,121,full_trace_mean_square,0.9414088838806793
100,-6,51,SLTA,21,30,150,213,237,25,121,full_trace_mean_square,0.8151891535015596
100,-6,51,Std,21,30,150,213,237,25,121,full_trace_mean_square,0.9230043116607118
100,-6,51,S,21,30,150,213,237,25,121,full_trace_mean_square,0.20902390693660003
100,-6,51,K,21,30,150,213,237,25,121,full_trace_mean_square,0.4116025959368964
100,-6,52,M,21,30,150,213,237,25,123,full_trace_mean_square,0.9063940039687028
100,-6,52,P,21,30,150,213,237,25,123,full_trace_mean_square,0.9388406919614517
100,-6,52,SLTA,21,30,150,213,237,25,123,full_trace_mean_square,0.8145669519335752
100,-6,52,Std,21,30,150,213,237,25,123,full_trace_mean_square,0.9147348606043795
100,-6,52,S,21,30,150,213,237,25,123,full_trace_mean_square,0.15120450192691207
100,-6,52,K,21,30,150,213,237,25,123,full_trace_mean_square,0.2463101289310159
100,-6,53,M,21,30,150,213,237,25,155,full_trace_mean_square,0.8549810903601852
100,-6,53,P,21,30,150,213,237,25,155,full_trace_mean_square,0.9327909050892829
100,-6,53,SLTA,21,30,150,213,237,25,155,full_trace_mean_square,0.8242380548891152
100,-6,53,Std,21,30,150,213,237,25,155,full_trace_mean_square,0.8949405201071066
100,-6,53,S,21,30,150,213,237,25,155,full_trace_mean_square,0.36528890045760054
100,-6,53,K,21,30,150,213,237,25,155,full_trace_mean_square,0.5060963474459822
100,-6,54,M,21,30,150,213,237,25,130,full_trace_mean_square,0.8952357873908638
100,-6,54,P,21,30,150,213,237,25,130,full_trace_mean_square,0.9439329802746688
100,-6,54,SLTA,21,30,150,213,237,25,130,full_trace_mean_square,0.811950700492452
100,-6,54,Std,21,30,150,213,237,25,130,full_trace_mean_square,0.9235854598952227
100,-6,54,S,21,30,150,213,237,25,130,full_trace_mean_square,0.31306201879182555
100,-6,54,K,21,30,150,213,237,25,130,full_trace_mean_square,0.3065251159871662
100,-6,55,M,21,30,150,213,237,25,121,full_trace_mean_square,0.8994695421486429
100,-6,55,P,21,30,150,213,237,25,121,full_trace_mean_square,0.9408639848920236
100,-6,55,SLTA,21,30,150,213,237,25,121,full_trace_mean_square,0.8155963220194803
100,-6,55,Std,21,30,150,213,237,25,121,full_trace_mean_square,0.9234010858046067
100,-6,55,S,21,30,150,213,237,25,121,full_trace_mean_square,0.22237464201950022
100,-6,55,K,21,30,150,213,237,25,121,full_trace_mean_square,0.2596575868935247
100,-6,56,M,21,30,150,213,237,25,129,full_trace_mean_square,0.8798757720468281
100,-6,56,P,21,30,150,213,237,25,129,full_trace_mean_square,0.937433124600735
100,-6,56,SLTA,21,30,150,213,237,25,129,full_trace_mean_square,0.8008249301703341
100,-6,56,Std,21,30,150,213,237,25,129,full_trace_mean_square,0.9191174281928677
100,-6,56,S,21,30,150,213,237,25,129,full_trace_mean_square,0.4929896874031081
100,-6,56,K,21,30,150,213,237,25,129,full_trace_mean_square,0.5766081664070625
100,-6,57,M,21,30,150,213,237,25,133,full_trace_mean_square,0.9070322006470942
100,-6,57,P,21,30,150,213,237,25,133,full_trace_mean_square,0.944031475967412
100,-6,57,SLTA,21,30,150,213,237,25,133,full_trace_mean_square,0.8187249184866024
100,-6,57,Std,21,30,150,213,237,25,133,full_trace_mean_square,0.9291718667710501
100,-6,57,S,21,30,150,213,237,25,133,full_trace_mean_square,0.3047341717916497
100,-6,57,K,21,30,150,213,237,25,133,full_trace_mean_square,0.43647673259601966
100,-6,58,M,21,30,150,213,237,25,145,full_trace_mean_square,0.8792654480926387
100,-6,58,P,21,30,150,213,237,25,145,full_trace_mean_square,0.9392672268031573
100,-6,58,SLTA,21,30,150,213,237,25,145,full_trace_mean_square,0.8288493248996947
100,-6,58,Std,21,30,150,213,237,25,145,full_trace_mean_square,0.9270084995856601
100,-6,58,S,21,30,150,213,237,25,145,full_trace_mean_square,0.37841178385418023
100,-6,58,K,21,30,150,213,237,25,145,full_trace_mean_square,0.4441350011013162
100,-6,59,M,21,30,150,213,237,25,144,full_trace_mean_square,0.8242170904932132
100,-6,59,P,21,30,150,213,237,25,144,full_trace_mean_square,0.932992304975078
100,-6,59,SLTA,21,30,150,213,237,25,144,full_trace_mean_square,0.7659975315275027
100,-6,59,Std,21,30,150,213,237,25,144,full_trace_mean_square,0.8648357691778158
100,-6,59,S,21,30,150,213,237,25,144,full_trace_mean_square,0.12111622236295519
100,-6,59,K,21,30,150,213,237,25,144,full_trace_mean_square,0.21780320728251915
100,-6,60,M,21,30,150,213,237,25,102,full_trace_mean_square,0.8730306398042165
100,-6,60,P,21,30,150,213,237,25,102,full_trace_mean_square,0.9379460603146276
100,-6,60,SLTA,21,30,150,213,237,25,102,full_trace_mean_square,0.8091058466067197
100,-6,60,Std,21,30,150,213,237,25,102,full_trace_mean_square,0.9131404123405448
100,-6,60,S,21,30,150,213,237,25,102,full_trace_mean_square,0.2370812850216009
100,-6,60,K,21,30,150,213,237,25,102,full_trace_mean_square,0.31386427599465555
100,-6,61,M,21,30,150,213,237,25,105,full_trace_mean_square,0.8746724370508224
100,-6,61,P,21,30,150,213,237,25,105,full_trace_mean_square,0.9403957604585825
100,-6,61,SLTA,21,30,150,213,237,25,105,full_trace_mean_square,0.820003615744972
100,-6,61,Std,21,30,150,213,237,25,105,full_trace_mean_square,0.9107181232484589
100,-6,61,S,21,30,150,213,237,25,105,full_trace_mean_square,0.05687426566588301
100,-6,61,K,21,30,150,213,237,25,105,full_trace_mean_square,0.30422157030904684
100,-6,62,M,21,30,150,213,237,25,120,full_trace_mean_square,0.8800602492424174
100,-6,62,P,21,30,150,213,237,25,120,full_trace_mean_square,0.9411506447597991
100,-6,62,SLTA,21,30,150,213,237,25,120,full_trace_mean_square,0.7580113862027718
100,-6,62,Std,21,30,150,213,237,25,120,full_trace_mean_square,0.9098463985519596
100,-6,62,S,21,30,150,213,237,25,120,full_trace_mean_square,0.41967270722590866
100,-6,62,K,21,30,150,213,237,25,120,full_trace_mean_square,0.5111162855452028
100,-6,63,M,21,30,150,213,237,25,135,full_trace_mean_square,0.8901450908299553
100,-6,63,P,21,30,150,213,237,25,135,full_trace_mean_square,0.9372295402592552
100,-6,63,SLTA,21,30,150,213,237,25,135,full_trace_mean_square,0.8044257352728034
100,-6,63,Std,21,30,150,213,237,25,135,full_trace_mean_square,0.9244981810489338
100,-6,63,S,21,30,150,213,237,25,135,full_trace_mean_square,0.24540202735936567
100,-6,63,K,21,30,150,213,237,25,135,full_trace_mean_square,0.3838727320444455
100,-6,64,M,21,30,150,213,237,25,161,full_trace_mean_square,0.866759399061942
100,-6,64,P,21,30,150,213,237,25,161,full_trace_mean_square,0.9338864124909194
100,-6,64,SLTA,21,30,150,213,237,25,161,full_trace_mean_square,0.7954913317422581
100,-6,64,Std,21,30,150,213,237,25,161,full_trace_mean_square,0.905190761238929
100,-6,64,S,21,30,150,213,237,25,161,full_trace_mean_square,0.5513471199782184
100,-6,64,K,21,30,150,213,237,25,161,full_trace_mean_square,0.5923036850094343
100,-6,65,M,21,30,150,213,237,25,150,full_trace_mean_square,0.8764980353488188
100,-6,65,P,21,30,150,213,237,25,150,full_trace_mean_square,0.9376828179363735
100,-6,65,SLTA,21,30,150,213,237,25,150,full_trace_mean_square,0.8261919887546686
100,-6,65,Std,21,30,150,213,237,25,150,full_trace_mean_square,0.8989952277963092
100,-6,65,S,21,30,150,213,237,25,150,full_trace_mean_square,0.30866594126892005
100,-6,65,K,21,30,150,213,237,25,150,full_trace_mean_square,0.38039629855599194
100,-6,66,M,21,30,150,213,237,25,136,full_trace_mean_square,0.8870335366416268
100,-6,66,P,21,30,150,213,237,25,136,full_trace_mean_square,0.9401600300502012
100,-6,66,SLTA,21,30,150,213,237,25,136,full_trace_mean_square,0.8017578215049127
100,-6,66,Std,21,30,150,213,237,25,136,full_trace_mean_square,0.9172784774637942
100,-6,66,S,21,30,150,213,237,25,136,full_trace_mean_square,0.3918453313399399
100,-6,66,K,21,30,150,213,237,25,136,full_trace_mean_square,0.39194961786551125
100,-6,67,M,21,30,150,213,237,25,130,full_trace_mean_square,0.8730994640291864
100,-6,67,P,21,30,150,213,237,25,130,full_trace_mean_square,0.9359105710267505
100,-6,67,SLTA,21,30,150,213,237,25,130,full_trace_mean_square,0.8013892509449984
100,-6,67,Std,21,30,150,213,237,25,130,full_trace_mean_square,0.8989988868152606
100,-6,67,S,21,30,150,213,237,25,130,full_trace_mean_square,0.2763040766228925
100,-6,67,K,21,30,150,213,237,25,130,full_trace_mean_square,0.277997558636172
100,-6,68,M,21,30,150,213,237,25,120,full_trace_mean_square,0.8833858278628284
100,-6,68,P,21,30,150,213,237,25,120,full_trace_mean_square,0.9376783713302411
100,-6,68,SLTA,21,30,150,213,237,25,120,full_trace_mean_square,0.8156391206554077
100,-6,68,Std,21,30,150,213,237,25,120,full_trace_mean_square,0.919914270997209
100,-6,68,S,21,30,150,213,237,25,120,full_trace_mean_square,0.2375284355023418
100,-6,68,K,21,30,150,213,237,25,120,full_trace_mean_square,0.31880279455249333
100,-6,69,M,21,30,150,213,237,25,122,full_trace_mean_square,0.7948954340669105
100,-6,69,P,21,30,150,213,237,25,122,full_trace_mean_square,0.9246386027821998
100,-6,69,SLTA,21,30,150,213,237,25,122,full_trace_mean_square,0.7866134375076291
100,-6,69,Std,21,30,150,213,237,25,122,full_trace_mean_square,0.8627030936228792
100,-6,69,S,21,30,150,213,237,25,122,full_trace_mean_square,0.3306261094150659
100,-6,69,K,21,30,150,213,237,25,122,full_trace_mean_square,0.48986242281117565
100,-6,70,M,21,30,150,213,237,25,133,full_trace_mean_square,0.8895059698993756
100,-6,70,P,21,30,150,213,237,25,133,full_trace_mean_square,0.9367290461923573
100,-6,70,SLTA,21,30,150,213,237,25,133,full_trace_mean_square,0.789422552576236
100,-6,70,Std,21,30,150,213,237,25,133,full_trace_mean_square,0.8999284166586378
100,-6,70,S,21,30,150,213,237,25,133,full_trace_mean_square,0.3007949615711159
100,-6,70,K,21,30,150,213,237,25,133,full_trace_mean_square,0.24808413268577967
100,-6,71,M,21,30,150,213,237,25,129,full_trace_mean_square,0.9015035622469495
100,-6,71,P,21,30,150,213,237,25,129,full_trace_mean_square,0.941879446496926
100,-6,71,SLTA,21,30,150,213,237,25,129,full_trace_mean_square,0.8074925561559321
100,-6,71,Std,21,30,150,213,237,25,129,full_trace_mean_square,0.9262030892383143
100,-6,71,S,21,30,150,213,237,25,129,full_trace_mean_square,0.39223599475919324
100,-6,71,K,21,30,150,213,237,25,129,full_trace_mean_square,0.502578648156799
100,-6,72,M,21,30,150,213,237,25,139,full_trace_mean_square,0.888288772447482
100,-6,72,P,21,30,150,213,237,25,139,full_trace_mean_square,0.9438163202810504
100,-6,72,SLTA,21,30,150,213,237,25,139,full_trace_mean_square,0.7711401187484382
100,-6,72,Std,21,30,150,213,237,25,139,full_trace_mean_square,0.9148381059432378
100,-6,72,S,21,30,150,213,237,25,139,full_trace_mean_square,0.35148265332098216
100,-6,72,K,21,30,150,213,237,25,139,full_trace_mean_square,0.3779159754129101
100,-6,73,M,21,30,150,213,237,25,160,full_trace_mean_square,0.8869204404076071
100,-6,73,P,21,30,150,213,237,25,160,full_trace_mean_square,0.9331839166417655
100,-6,73,SLTA,21,30,150,213,237,25,160,full_trace_mean_square,0.829841120075926
100,-6,73,Std,21,30,150,213,237,25,160,full_trace_mean_square,0.906943099077133
100,-6,73,S,21,30,150,213,237,25,160,full_trace_mean_square,0.3597111265795803
100,-6,73,K,21,30,150,213,237,25,160,full_trace_mean_square,0.34547156444203914
100,-6,74,M,21,30,150,213,237,25,145,full_trace_mean_square,0.8735619605525612
100,-6,74,P,21,30,150,213,237,25,145,full_trace_mean_square,0.9399618644228594
100,-6,74,SLTA,21,30,150,213,237,25,145,full_trace_mean_square,0.7949620206726746
100,-6,74,Std,21,30,150,213,237,25,145,full_trace_mean_square,0.903667563410563
100,-6,74,S,21,30,150,213,237,25,145,full_trace_mean_square,0.3192572671843414
100,-6,74,K,21,30,150,213,237,25,145,full_trace_mean_square,0.2404498418227591
100,-6,75,M,21,30,150,213,237,25,165,full_trace_mean_square,0.8652575445957864
100,-6,75,P,21,30,150,213,237,25,165,full_trace_mean_square,0.9336031437976426
100,-6,75,SLTA,21,30,150,213,237,25,165,full_trace_mean_square,0.8025190241548951
100,-6,75,Std,21,30,150,213,237,25,165,full_trace_mean_square,0.9071475864199028
100,-6,75,S,21,30,150,213,237,25,165,full_trace_mean_square,0.3240977414150016
100,-6,75,K,21,30,150,213,237,25,165,full_trace_mean_square,0.45603951531147746
100,-6,76,M,21,30,150,213,237,25,178,full_trace_mean_square,0.8321337806934722
100,-6,76,P,21,30,150,213,237,25,178,full_trace_mean_square,0.9288061251386622
100,-6,76,SLTA,21,30,150,213,237,25,178,full_trace_mean_square,0.7928908566939403
100,-6,76,Std,21,30,150,213,237,25,178,full_trace_mean_square,0.8889106433454149
100,-6,76,S,21,30,150,213,237,25,178,full_trace_mean_square,0.4049364412522505
100,-6,76,K,21,30,150,213,237,25,178,full_trace_mean_square,0.5038223160419556
100,-6,77,M,21,30,150,213,237,25,146,full_trace_mean_square,0.8721653258846684
100,-6,77,P,21,30,150,213,237,25,146,full_trace_mean_square,0.9345614304408034
100,-6,77,SLTA,21,30,150,213,237,25,146,full_trace_mean_square,0.7944487500502254
100,-6,77,Std,21,30,150,213,237,25,146,full_trace_mean_square,0.8997329752300994
100,-6,77,S,21,30,150,213,237,25,146,full_trace_mean_square,0.23564164613581917
100,-6,77,K,21,30,150,213,237,25,146,full_trace_mean_square,0.312201151594467
100,-6,78,M,21,30,150,213,237,25,177,full_trace_mean_square,0.9025428812179261
100,-6,78,P,21,30,150,213,237,25,177,full_trace_mean_square,0.9377059444398702
100,-6,78,SLTA,21,30,150,213,237,25,177,full_trace_mean_square,0.8365220148327086
100,-6,78,Std,21,30,150,213,237,25,177,full_trace_mean_square,0.9272228304780882
100,-6,78,S,21,30,150,213,237,25,177,full_trace_mean_square,0.3999137298472538
100,-6,78,K,21,30,150,213,237,25,177,full_trace_mean_square,0.4591176372507844
100,-6,79,M,21,30,150,213,237,25,148,full_trace_mean_square,0.8553384382019872
100,-6,79,P,21,30,150,213,237,25,148,full_trace_mean_square,0.9296253133600922
100,-6,79,SLTA,21,30,150,213,237,25,148,full_trace_mean_square,0.8127654804071364
100,-6,79,Std,21,30,150,213,237,25,148,full_trace_mean_square,0.903500004052777
100,-6,79,S,21,30,150,213,237,25,148,full_trace_mean_square,0.37796355190363007
100,-6,79,K,21,30,150,213,237,25,148,full_trace_mean_square,0.5131667172992571
100,-6,80,M,21,30,150,213,237,25,176,full_trace_mean_square,0.8733815868634079
100,-6,80,P,21,30,150,213,237,25,176,full_trace_mean_square,0.9325682397586685
100,-6,80,SLTA,21,30,150,213,237,25,176,full_trace_mean_square,0.8257008524874613
100,-6,80,Std,21,30,150,213,237,25,176,full_trace_mean_square,0.9133351003156394
100,-6,80,S,21,30,150,213,237,25,176,full_trace_mean_square,0.5255503467048699
100,-6,80,K,21,30,150,213,237,25,176,full_trace_mean_square,0.6406594218516356
100,-6,81,M,21,30,150,213,237,25,158,full_trace_mean_square,0.870982862726765
100,-6,81,P,21,30,150,213,237,25,158,full_trace_mean_square,0.9353695600988099
100,-6,81,SLTA,21,30,150,213,237,25,158,full_trace_mean_square,0.816037478463455
100,-6,81,Std,21,30,150,213,237,25,158,full_trace_mean_square,0.9066693046852565
100,-6,81,S,21,30,150,213,237,25,158,full_trace_mean_square,0.509844192372508
100,-6,81,K,21,30,150,213,237,25,158,full_trace_mean_square,0.48691973491642454
100,-6,82,M,21,30,150,213,237,25,173,full_trace_mean_square,0.8899476708258579
100,-6,82,P,21,30,150,213,237,25,173,full_trace_mean_square,0.940062058633832
100,-6,82,SLTA,21,30,150,213,237,25,173,full_trace_mean_square,0.8177717293175659
100,-6,82,Std,21,30,150,213,237,25,173,full_trace_mean_square,0.9245819701889091
100,-6,82,S,21,30,150,213,237,25,173,full_trace_mean_square,0.3312572886818987
100,-6,82,K,21,30,150,213,237,25,173,full_trace_mean_square,0.3392554665765356
100,-6,83,M,21,30,150,213,237,25,136,full_trace_mean_square,0.7987336631621754
100,-6,83,P,21,30,150,213,237,25,136,full_trace_mean_square,0.907576664654903
100,-6,83,SLTA,21,30,150,213,237,25,136,full_trace_mean_square,0.7719744419726763
100,-6,83,Std,21,30,150,213,237,25,136,full_trace_mean_square,0.8506076734990523
100,-6,83,S,21,30,150,213,237,25,136,full_trace_mean_square,0.1761745782579174
100,-6,83,K,21,30,150,213,237,25,136,full_trace_mean_square,0.34532155972791434
100,-6,84,M,21,30,150,213,237,25,106,full_trace_mean_square,0.8590407307707577
100,-6,84,P,21,30,150,213,237,25,106,full_trace_mean_square,0.9371261319713707
100,-6,84,SLTA,21,30,150,213,237,25,106,full_trace_mean_square,0.7761663491105321
100,-6,84,Std,21,30,150,213,237,25,106,full_trace_mean_square,0.899205254089018
100,-6,84,S,21,30,150,213,237,25,106,full_trace_mean_square,0.29172415865192874
100,-6,84,K,21,30,150,213,237,25,106,full_trace_mean_square,0.42012734711789035
100,-6,85,M,21,30,150,213,237,25,160,full_trace_mean_square,0.8195439938735626
100,-6,85,P,21,30,150,213,237,25,160,full_trace_mean_square,0.9289882416452738
100,-6,85,SLTA,21,30,150,213,237,25,160,full_trace_mean_square,0.7855096128840018
100,-6,85,Std,21,30,150,213,237,25,160,full_trace_mean_square,0.8802395881253158
100,-6,85,S,21,30,150,213,237,25,160,full_trace_mean_square,0.4226411854902785
100,-6,85,K,21,30,150,213,237,25,160,full_trace_mean_square,0.39428714693279115
100,-6,86,M,21,30,150,213,237,25,157,full_trace_mean_square,0.8594381831690551
100,-6,86,P,21,30,150,213,237,25,157,full_trace_mean_square,0.9327630705570127
100,-6,86,SLTA,21,30,150,213,237,25,157,full_trace_mean_square,0.8183436522702696
100,-6,86,Std,21,30,150,213,237,25,157,full_trace_mean_square,0.9081900160564308
100,-6,86,S,21,30,150,213,237,25,157,full_trace_mean_square,0.512891267671415
100,-6,86,K,21,30,150,213,237,25,157,full_trace_mean_square,0.6134636939474193
100,-6,87,M,21,30,150,213,237,25,164,full_trace_mean_square,0.8841906094481782
100,-6,87,P,21,30,150,213,237,25,164,full_trace_mean_square,0.9394389639608153
100,-6,87,SLTA,21,30,150,213,237,25,164,full_trace_mean_square,0.8079321619232257
100,-6,87,Std,21,30,150,213,237,25,164,full_trace_mean_square,0.9237845803858672
100,-6,87,S,21,30,150,213,237,25,164,full_trace_mean_square,0.44871736345649343
100,-6,87,K,21,30,150,213,237,25,164,full_trace_mean_square,0.4204371194515251
100,-6,88,M,21,30,150,213,237,25,162,full_trace_mean_square,0.8826508774220416
100,-6,88,P,21,30,150,213,237,25,162,full_trace_mean_square,0.9407845047568731
100,-6,88,SLTA,21,30,150,213,237,25,162,full_trace_mean_square,0.7821659974898401
100,-6,88,Std,21,30,150,213,237,25,162,full_trace_mean_square,0.9226019607629371
100,-6,88,S,21,30,150,213,237,25,162,full_trace_mean_square,0.34820959611200725
100,-6,88,K,21,30,150,213,237,25,162,full_trace_mean_square,0.45119893158433855
100,-6,89,M,21,30,150,213,237,25,163,full_trace_mean_square,0.876956370854888
100,-6,89,P,21,30,150,213,237,25,163,full_trace_mean_square,0.9390128096619771
100,-6,89,SLTA,21,30,150,213,237,25,163,full_trace_mean_square,0.8352892171697922
100,-6,89,Std,21,30,150,213,237,25,163,full_trace_mean_square,0.9191054762737645
100,-6,89,S,21,30,150,213,237,25,163,full_trace_mean_square,0.35677964627409986
100,-6,89,K,21,30,150,213,237,25,163,full_trace_mean_square,0.5153735864998008
100,-6,90,M,21,30,150,213,237,25,148,full_trace_mean_square,0.8966754198646913
100,-6,90,P,21,30,150,213,237,25,148,full_trace_mean_square,0.9409742730144741
100,-6,90,SLTA,21,30,150,213,237,25,148,full_trace_mean_square,0.8077454832672739
100,-6,90,Std,21,30,150,213,237,25,148,full_trace_mean_square,0.9111032610222448
100,-6,90,S,21,30,150,213,237,25,148,full_trace_mean_square,0.12191791898563079
100,-6,90,K,21,30,150,213,237,25,148,full_trace_mean_square,0.15800739375956097
100,-6,91,M,21,30,150,213,237,25,147,full_trace_mean_square,0.9174104076907565
100,-6,91,P,21,30,150,213,237,25,147,full_trace_mean_square,0.9434558131488707
100,-6,91,SLTA,21,30,150,213,237,25,147,full_trace_mean_square,0.8433496380388161
100,-6,91,Std,21,30,150,213,237,25,147,full_trace_mean_square,0.9398877984841445
100,-6,91,S,21,30,150,213,237,25,147,full_trace_mean_square,0.44004696422410233
100,-6,91,K,21,30,150,213,237,25,147,full_trace_mean_square,0.4505972655214834
100,-6,92,M,21,30,150,213,237,25,151,full_trace_mean_square,0.8043518295676122
100,-6,92,P,21,30,150,213,237,25,151,full_trace_mean_square,0.9181456517147837
100,-6,92,SLTA,21,30,150,213,237,25,151,full_trace_mean_square,0.7767219778099138
100,-6,92,Std,21,30,150,213,237,25,151,full_trace_mean_square,0.8567884524526928
100,-6,92,S,21,30,150,213,237,25,151,full_trace_mean_square,0.36020015696843677
100,-6,92,K,21,30,150,213,237,25,151,full_trace_mean_square,0.42873491068103575
100,-6,93,M,21,30,150,213,237,25,121,full_trace_mean_square,0.87115279046168
100,-6,93,P,21,30,150,213,237,25,121,full_trace_mean_square,0.9402145039253347
100,-6,93,SLTA,21,30,150,213,237,25,121,full_trace_mean_square,0.8008153831147647
100,-6,93,Std,21,30,150,213,237,25,121,full_trace_mean_square,0.9029463146837045
100,-6,93,S,21,30,150,213,237,25,121,full_trace_mean_square,0.2730849235021944
100,-6,93,K,21,30,150,213,237,25,121,full_trace_mean_square,0.44252473816346705
100,-6,94,M,21,30,150,213,237,25,136,full_trace_mean_square,0.8342214672421587
100,-6,94,P,21,30,150,213,237,25,136,full_trace_mean_square,0.9273765859604275
100,-6,94,SLTA,21,30,150,213,237,25,136,full_trace_mean_square,0.7569302780379081
100,-6,94,Std,21,30,150,213,237,25,136,full_trace_mean_square,0.8723392697140636
100,-6,94,S,21,30,150,213,237,25,136,full_trace_mean_square,0.45173933678356953
100,-6,94,K,21,30,150,213,237,25,136,full_trace_mean_square,0.40864039866779184
100,-6,95,M,21,30,150,213,237,25,125,full_trace_mean_square,0.8220792083597557
100,-6,95,P,21,30,150,213,237,25,125,full_trace_mean_square,0.9231915714192355
100,-6,95,SLTA,21,30,150,213,237,25,125,full_trace_mean_square,0.7837007164322835
100,-6,95,Std,21,30,150,213,237,25,125,full_trace_mean_square,0.858876872904444
100,-6,95,S,21,30,150,213,237,25,125,full_trace_mean_square,0.48902093970702987
100,-6,95,K,21,30,150,213,237,25,125,full_trace_mean_square,0.5418348309493234
100,-6,96,M,21,30,150,213,237,25,111,full_trace_mean_square,0.8594102888749299
100,-6,96,P,21,30,150,213,237,25,111,full_trace_mean_square,0.927804954374425
100,-6,96,SLTA,21,30,150,213,237,25,111,full_trace_mean_square,0.792934703826728
100,-6,96,Std,21,30,150,213,237,25,111,full_trace_mean_square,0.8866267853231762
100,-6,96,S,21,30,150,213,237,25,111,full_trace_mean_square,0.2546506133445807
100,-6,96,K,21,30,150,213,237,25,111,full_trace_mean_square,0.3444164390709375
100,-6,97,M,21,30,150,213,237,25,139,full_trace_mean_square,0.9057363403133502
100,-6,97,P,21,30,150,213,237,25,139,full_trace_mean_square,0.9426407606631645
100,-6,97,SLTA,21,30,150,213,237,25,139,full_trace_mean_square,0.8027084817074288
100,-6,97,Std,21,30,150,213,237,25,139,full_trace_mean_square,0.9210681815781903
100,-6,97,S,21,30,150,213,237,25,139,full_trace_mean_square,0.32350517259080386
100,-6,97,K,21,30,150,213,237,25,139,full_trace_mean_square,0.3794083229964514
100,-6,98,M,21,30,150,213,237,25,133,full_trace_mean_square,0.9198997598881077
100,-6,98,P,21,30,150,213,237,25,133,full_trace_mean_square,0.9461440747325894
100,-6,98,SLTA,21,30,150,213,237,25,133,full_trace_mean_square,0.8179905285451666
100,-6,98,Std,21,30,150,213,237,25,133,full_trace_mean_square,0.9309928345562641
100,-6,98,S,21,30,150,213,237,25,133,full_trace_mean_square,0.24172901283956907
100,-6,98,K,21,30,150,213,237,25,133,full_trace_mean_square,0.2516979929070494
100,-6,99,M,21,30,150,213,237,25,133,full_trace_mean_square,0.8911312226461433
100,-6,99,P,21,30,150,213,237,25,133,full_trace_mean_square,0.9393080760279917
100,-6,99,SLTA,21,30,150,213,237,25,133,full_trace_mean_square,0.8150996760715544
100,-6,99,Std,21,30,150,213,237,25,133,full_trace_mean_square,0.923043236794395
100,-6,99,S,21,30,150,213,237,25,133,full_trace_mean_square,0.47236341779025753
100,-6,99,K,21,30,150,213,237,25,133,full_trace_mean_square,0.5298172259657307
100,-6,100,M,21,30,150,213,237,25,145,full_trace_mean_square,0.8653748258442313
100,-6,100,P,21,30,150,213,237,25,145,full_trace_mean_square,0.9365443369066779
100,-6,100,SLTA,21,30,150,213,237,25,145,full_trace_mean_square,0.7924765445904584
100,-6,100,Std,21,30,150,213,237,25,145,full_trace_mean_square,0.9084419304732784
100,-6,100,S,21,30,150,213,237,25,145,full_trace_mean_square,0.28422607232725694
100,-6,100,K,21,30,150,213,237,25,145,full_trace_mean_square,0.4280452688190439
100,-6,101,M,21,30,150,213,237,25,121,full_trace_mean_square,0.7807708667908083
100,-6,101,P,21,30,150,213,237,25,121,full_trace_mean_square,0.9023278003043611
100,-6,101,SLTA,21,30,150,213,237,25,121,full_trace_mean_square,0.7202543937044426
100,-6,101,Std,21,30,150,213,237,25,121,full_trace_mean_square,0.8187872133387867
100,-6,101,S,21,30,150,213,237,25,121,full_trace_mean_square,0.35376434707574705
100,-6,101,K,21,30,150,213,237,25,121,full_trace_mean_square,0.4525190094740149
100,-6,102,M,21,30,150,213,237,25,149,full_trace_mean_square,0.8412648789129014
100,-6,102,P,21,30,150,213,237,25,149,full_trace_mean_square,0.9322139111767066
100,-6,102,SLTA,21,30,150,213,237,25,149,full_trace_mean_square,0.7384947812257799
100,-6,102,Std,21,30,150,213,237,25,149,full_trace_mean_square,0.8879917756202049
100,-6,102,S,21,30,150,213,237,25,149,full_trace_mean_square,0.471929121058689
100,-6,102,K,21,30,150,213,237,25,149,full_trace_mean_square,0.5135028399655782
100,-6,103,M,21,30,150,213,237,25,120,full_trace_mean_square,0.8861968662379864
100,-6,103,P,21,30,150,213,237,25,120,full_trace_mean_square,0.9411566170393919
100,-6,103,SLTA,21,30,150,213,237,25,120,full_trace_mean_square,0.8102426090512915
100,-6,103,Std,21,30,150,213,237,25,120,full_trace_mean_square,0.9180036055451527
100,-6,103,S,21,30,150,213,237,25,120,full_trace_mean_square,0.3543854973662636
100,-6,103,K,21,30,150,213,237,25,120,full_trace_mean_square,0.3947267705979265
100,-6,104,M,21,30,150,213,237,25,138,full_trace_mean_square,0.8574078545908577
100,-6,104,P,21,30,150,213,237,25,138,full_trace_mean_square,0.932806986923041
100,-6,104,SLTA,21,30,150,213,237,25,138,full_trace_mean_square,0.8062166043314177
100,-6,104,Std,21,30,150,213,237,25,138,full_trace_mean_square,0.8880884884348981
100,-6,104,S,21,30,150,213,237,25,138,full_trace_mean_square,0.32455112482013176
100,-6,104,K,21,30,150,213,237,25,138,full_trace_mean_square,0.3783681083067897
100,-6,105,M,21,30,150,213,237,25,130,full_trace_mean_square,0.8957421178199458
100,-6,105,P,21,30,150,213,237,25,130,full_trace_mean_square,0.9422718844227954
100,-6,105,SLTA,21,30,150,213,237,25,130,full_trace_mean_square,0.8172074749991676
100,-6,105,Std,21,30,150,213,237,25,130,full_trace_mean_square,0.9238504811481042
100,-6,105,S,21,30,150,213,237,25,130,full_trace_mean_square,0.2737493724275021
100,-6,105,K,21,30,150,213,237,25,130,full_trace_mean_square,0.46247037428827276
100,-6,106,M,21,30,150,213,237,25,132,full_trace_mean_square,0.8464824331727427
100,-6,106,P,21,30,150,213,237,25,132,full_trace_mean_square,0.9266738187776956
100,-6,106,SLTA,21,30,150,213,237,25,132,full_trace_mean_square,0.7825781357032389
100,-6,106,Std,21,30,150,213,237,25,132,full_trace_mean_square,0.8836122872767244
100,-6,106,S,21,30,150,213,237,25,132,full_trace_mean_square,0.42555302888893515
100,-6,106,K,21,30,150,213,237,25,132,full_trace_mean_square,0.472200609598885
100,-6,107,M,21,30,150,213,237,25,158,full_trace_mean_square,0.8558868215145146
100,-6,107,P,21,30,150,213,237,25,158,full_trace_mean_square,0.9313165254978197
100,-6,107,SLTA,21,30,150,213,237,25,158,full_trace_mean_square,0.7713951756355629
100,-6,107,Std,21,30,150,213,237,25,158,full_trace_mean_square,0.8962514809987031
100,-6,107,S,21,30,150,213,237,25,158,full_trace_mean_square,0.31296258084911577
100,-6,107,K,21,30,150,213,237,25,158,full_trace_mean_square,0.4204841596087686
100,-6,108,M,21,30,150,213,237,25,143,full_trace_mean_square,0.8756729997673705
100,-6,108,P,21,30,150,213,237,25,143,full_trace_mean_square,0.938452500121655
100,-6,108,SLTA,21,30,150,213,237,25,143,full_trace_mean_square,0.8049045701039362
100,-6,108,Std,21,30,150,213,237,25,143,full_trace_mean_square,0.9028543747686522
100,-6,108,S,21,30,150,213,237,25,143,full_trace_mean_square,0.3537951222162607
100,-6,108,K,21,30,150,213,237,25,143,full_trace_mean_square,0.5057046931462508
100,-6,109,M,21,30,150,213,237,25,121,full_trace_mean_square,0.9003347069003993
100,-6,109,P,21,30,150,213,237,25,121,full_trace_mean_square,0.9430844230299035
100,-6,109,SLTA,21,30,150,213,237,25,121,full_trace_mean_square,0.8129477121092277
100,-6,109,Std,21,30,150,213,237,25,121,full_trace_mean_square,0.9221145969468735
100,-6,109,S,21,30,150,213,237,25,121,full_trace_mean_square,0.19219187736751703
100,-6,109,K,21,30,150,213,237,25,121,full_trace_mean_square,0.26753302558206365
100,-6,110,M,21,30,150,213,237,25,143,full_trace_mean_square,0.8310867270623412
100,-6,110,P,21,30,150,213,237,25,143,full_trace_mean_square,0.9124757226394139
100,-6,110,SLTA,21,30,150,213,237,25,143,full_trace_mean_square,0.7372138162149403
100,-6,110,Std,21,30,150,213,237,25,143,full_trace_mean_square,0.8564014936348648
100,-6,110,S,21,30,150,213,237,25,143,full_trace_mean_square,0.2669021098936682
100,-6,110,K,21,30,150,213,237,25,143,full_trace_mean_square,0.32267779002347335
100,-6,111,M,21,30,150,213,237,25,159,full_trace_mean_square,0.8666324622118632
100,-6,111,P,21,30,150,213,237,25,159,full_trace_mean_square,0.9363910943849576
100,-6,111,SLTA,21,30,150,213,237,25,159,full_trace_mean_square,0.8073688937076977
100,-6,111,Std,21,30,150,213,237,25,159,full_trace_mean_square,0.9095316802543933
100,-6,111,S,21,30,150,213,237,25,159,full_trace_mean_square,0.3348479133274611
100,-6,111,K,21,30,150,213,237,25,159,full_trace_mean_square,0.4444210761545763
100,-6,112,M,21,30,150,213,237,25,151,full_trace_mean_square,0.8932526001919913
100,-6,112,P,21,30,150,213,237,25,151,full_trace_mean_square,0.9400256900956954
100,-6,112,SLTA,21,30,150,213,237,25,151,full_trace_mean_square,0.8109441880801008
100,-6,112,Std,21,30,150,213,237,25,151,full_trace_mean_square,0.9229350175191231
100,-6,112,S,21,30,150,213,237,25,151,full_trace_mean_square,0.23842438316969372
100,-6,112,K,21,30,150,213,237,25,151,full_trace_mean_square,0.3810752559419115
100,-6,113,M,21,30,150,213,237,25,150,full_trace_mean_square,0.8616529577088373
100,-6,113,P,21,30,150,213,237,25,150,full_trace_mean_square,0.9336735286989887
100,-6,113,SLTA,21,30,150,213,237,25,150,full_trace_mean_square,0.7969383242054254
100,-6,113,Std,21,30,150,213,237,25,150,full_trace_mean_square,0.8791913073031753
100,-6,113,S,21,30,150,213,237,25,150,full_trace_mean_square,0.3357977032326505
100,-6,113,K,21,30,150,213,237,25,150,full_trace_mean_square,0.26421317278547984
100,-6,114,M,21,30,150,213,237,25,145,full_trace_mean_square,0.8835449107231961
100,-6,114,P,21,30,150,213,237,25,145,full_trace_mean_square,0.9411656168829743
100,-6,114,SLTA,21,30,150,213,237,25,145,full_trace_mean_square,0.8162969300263343
100,-6,114,Std,21,30,150,213,237,25,145,full_trace_mean_square,0.9178590143907215
100,-6,114,S,21,30,150,213,237,25,145,full_trace_mean_square,0.1958146501700497
100,-6,114,K,21,30,150,213,237,25,145,full_trace_mean_square,0.3289794784813684
100,-6,115,M,21,30,150,213,237,25,128,full_trace_mean_square,0.8842309803313879
100,-6,115,P,21,30,150,213,237,25,128,full_trace_mean_square,0.9412779396931007
100,-6,115,SLTA,21,30,150,213,237,25,128,full_trace_mean_square,0.8153352401158598
100,-6,115,Std,21,30,150,213,237,25,128,full_trace_mean_square,0.9155105581336968
100,-6,115,S,21,30,150,213,237,25,128,full_trace_mean_square,0.11155876536402438
100,-6,115,K,21,30,150,213,237,25,128,full_trace_mean_square,0.23214608649744475
100,-6,116,M,21,30,150,213,237,25,145,full_trace_mean_square,0.8816785912358388
100,-6,116,P,21,30,150,213,237,25,145,full_trace_mean_square,0.9425645270327887
100,-6,116,SLTA,21,30,150,213,237,25,145,full_trace_mean_square,0.8105495014580829
100,-6,116,Std,21,30,150,213,237,25,145,full_trace_mean_square,0.9138420554862627
100,-6,116,S,21,30,150,213,237,25,145,full_trace_mean_square,0.2520519398313433
100,-6,116,K,21,30,150,213,237,25,145,full_trace_mean_square,0.24705645135971482
100,-6,117,M,21,30,150,213,237,25,133,full_trace_mean_square,0.9110190683381475
100,-6,117,P,21,30,150,213,237,25,133,full_trace_mean_square,0.9442799708336652
100,-6,117,SLTA,21,30,150,213,237,25,133,full_trace_mean_square,0.8407341937931118
100,-6,117,Std,21,30,150,213,237,25,133,full_trace_mean_square,0.9375854764383443
100,-6,117,S,21,30,150,213,237,25,133,full_trace_mean_square,0.36182331612812674
100,-6,117,K,21,30,150,213,237,25,133,full_trace_mean_square,0.3912284305174477
100,-6,118,M,21,30,150,213,237,25,125,full_trace_mean_square,0.8887864481095639
100,-6,118,P,21,30,150,213,237,25,125,full_trace_mean_square,0.9373733221082899
100,-6,118,SLTA,21,30,150,213,237,25,125,full_trace_mean_square,0.8146344350261545
100,-6,118,Std,21,30,150,213,237,25,125,full_trace_mean_square,0.9010804264491744
100,-6,118,S,21,30,150,213,237,25,125,full_trace_mean_square,0.27273348261067926
100,-6,118,K,21,30,150,213,237,25,125,full_trace_mean_square,0.25171039472414425
100,-6,119,M,21,30,150,213,237,25,121,full_trace_mean_square,0.8786247602458791
100,-6,119,P,21,30,150,213,237,25,121,full_trace_mean_square,0.9391451022881803
100,-6,119,SLTA,21,30,150,213,237,25,121,full_trace_mean_square,0.7872935571361153
100,-6,119,Std,21,30,150,213,237,25,121,full_trace_mean_square,0.9107195194971948
100,-6,119,S,21,30,150,213,237,25,121,full_trace_mean_square,0.20837237677338183
100,-6,119,K,21,30,150,213,237,25,121,full_trace_mean_square,0.2343931323826911
100,-6,120,M,21,30,150,213,237,25,123,full_trace_mean_square,0.8983353317904328
100,-6,120,P,21,30,150,213,237,25,123,full_trace_mean_square,0.942873315632751
100,-6,120,SLTA,21,30,150,213,237,25,123,full_trace_mean_square,0.8246119799348889
100,-6,120,Std,21,30,150,213,237,25,123,full_trace_mean_square,0.9152226082228695
100,-6,120,S,21,30,150,213,237,25,123,full_trace_mean_square,0.14469677787193036
100,-6,120,K,21,30,150,213,237,25,123,full_trace_mean_square,0.30965229291484686
100,-6,121,M,21,30,150,213,237,25,121,full_trace_mean_square,0.8858349376297742
100,-6,121,P,21,30,150,213,237,25,121,full_trace_mean_square,0.9352049041326675
100,-6,121,SLTA,21,30,150,213,237,25,121,full_trace_mean_square,0.8007916081251164
100,-6,121,Std,21,30,150,213,237,25,121,full_trace_mean_square,0.8999901777041532
100,-6,121,S,21,30,150,213,237,25,121,full_trace_mean_square,0.1537488893025209
100,-6,121,K,21,30,150,213,237,25,121,full_trace_mean_square,0.2943942937764223
100,-6,122,M,21,30,150,213,237,25,136,full_trace_mean_square,0.88579234562493
100,-6,122,P,21,30,150,213,237,25,136,full_trace_mean_square,0.9392659504435354
100,-6,122,SLTA,21,30,150,213,237,25,136,full_trace_mean_square,0.7880741549595855
100,-6,122,Std,21,30,150,213,237,25,136,full_trace_mean_square,0.9146976578205941
100,-6,122,S,21,30,150,213,237,25,136,full_trace_mean_square,0.5229657356928881
100,-6,122,K,21,30,150,213,237,25,136,full_trace_mean_square,0.5850751208364684
100,-6,123,M,21,30,150,213,237,25,143,full_trace_mean_square,0.8928219630113893
100,-6,123,P,21,30,150,213,237,25,143,full_trace_mean_square,0.9393067964196755
100,-6,123,SLTA,21,30,150,213,237,25,143,full_trace_mean_square,0.7964148619830599
100,-6,123,Std,21,30,150,213,237,25,143,full_trace_mean_square,0.9171570493878397
100,-6,123,S,21,30,150,213,237,25,143,full_trace_mean_square,0.25811037222483374
100,-6,123,K,21,30,150,213,237,25,143,full_trace_mean_square,0.3293470600226695
100,-6,124,M,21,30,150,213,237,25,119,full_trace_mean_square,0.9077047612998775
100,-6,124,P,21,30,150,213,237,25,119,full_trace_mean_square,0.9449250649015666
100,-6,124,SLTA,21,30,150,213,237,25,119,full_trace_mean_square,0.8089044302675954
100,-6,124,Std,21,30,150,213,237,25,119,full_trace_mean_square,0.9294473029162371
100,-6,124,S,21,30,150,213,237,25,119,full_trace_mean_square,0.2134540635153553
100,-6,124,K,21,30,150,213,237,25,119,full_trace_mean_square,0.2807773457350048
100,-6,125,M,21,30,150,213,237,25,132,full_trace_mean_square,0.9038655630807184
100,-6,125,P,21,30,150,213,237,25,132,full_trace_mean_square,0.9413281745982603
100,-6,125,SLTA,21,30,150,213,237,25,132,full_trace_mean_square,0.7876117763451961
100,-6,125,Std,21,30,150,213,237,25,132,full_trace_mean_square,0.923958316264309
100,-6,125,S,21,30,150,213,237,25,132,full_trace_mean_square,0.41174590000830763
100,-6,125,K,21,30,150,213,237,25,132,full_trace_mean_square,0.42145841562676617
100,-6,126,M,21,30,150,213,237,25,144,full_trace_mean_square,0.9012411286098276
100,-6,126,P,21,30,150,213,237,25,144,full_trace_mean_square,0.9420126086597679
100,-6,126,SLTA,21,30,150,213,237,25,144,full_trace_mean_square,0.8264178792287142
100,-6,126,Std,21,30,150,213,237,25,144,full_trace_mean_square,0.9318372385773976
100,-6,126,S,21,30,150,213,237,25,144,full_trace_mean_square,0.407701989119135
100,-6,126,K,21,30,150,213,237,25,144,full_trace_mean_square,0.38454833426970875
100,-6,127,M,21,30,150,213,237,25,155,full_trace_mean_square,0.8926619011358905
100,-6,127,P,21,30,150,213,237,25,155,full_trace_mean_square,0.9438129998251833
100,-6,127,SLTA,21,30,150,213,237,25,155,full_trace_mean_square,0.8089342216344736
100,-6,127,Std,21,30,150,213,237,25,155,full_trace_mean_square,0.9235142406988593
100,-6,127,S,21,30,150,213,237,25,155,full_trace_mean_square,0.415153750982256
100,-6,127,K,21,30,150,213,237,25,155,full_trace_mean_square,0.4430838913608881
100,-6,128,M,21,30,150,213,237,25,143,full_trace_mean_square,0.9059154109837582
100,-6,128,P,21,30,150,213,237,25,143,full_trace_mean_square,0.9442681211473081
100,-6,128,SLTA,21,30,150,213,237,25,143,full_trace_mean_square,0.825240123930219
100,-6,128,Std,21,30,150,213,237,25,143,full_trace_mean_square,0.9293123719038646
100,-6,128,S,21,30,150,213,237,25,143,full_trace_mean_square,0.39786385772637295
100,-6,128,K,21,30,150,213,237,25,143,full_trace_mean_square,0.5282097874289547
100,-6,129,M,21,30,150,213,237,25,133,full_trace_mean_square,0.9156136341469011
100,-6,129,P,21,30,150,213,237,25,133,full_trace_mean_square,0.9448834998194822
100,-6,129,SLTA,21,30,150,213,237,25,133,full_trace_mean_square,0.8190284220572785
100,-6,129,Std,21,30,150,213,237,25,133,full_trace_mean_square,0.9233080051336788
100,-6,129,S,21,30,150,213,237,25,133,full_trace_mean_square,0.253008489759576
100,-6,129,K,21,30,150,213,237,25,133,full_trace_mean_square,0.30992945876484895
100,-6,130,M,21,30,150,213,237,25,128,full_trace_mean_square,0.8802155926520897
100,-6,130,P,21,30,150,213,237,25,128,full_trace_mean_square,0.9363328802918075
100,-6,130,SLTA,21,30,150,213,237,25,128,full_trace_mean_square,0.82448860183951
100,-6,130,Std,21,30,150,213,237,25,128,full_trace_mean_square,0.8996244221470365
100,-6,130,S,21,30,150,213,237,25,128,full_trace_mean_square,0.20556115694936405
100,-6,130,K,21,30,150,213,237,25,128,full_trace_mean_square,0.25326997468260004
100,-6,131,M,21,30,150,213,237,25,120,full_trace_mean_square,0.8344968199028252
100,-6,131,P,21,30,150,213,237,25,120,full_trace_mean_square,0.9294655569199108
100,-6,131,SLTA,21,30,150,213,237,25,120,full_trace_mean_square,0.7942504418136983
100,-6,131,Std,21,30,150,213,237,25,120,full_trace_mean_square,0.8844160610723741
100,-6,131,S,21,30,150,213,237,25,120,full_trace_mean_square,0.32631327128815896
100,-6,131,K,21,30,150,213,237,25,120,full_trace_mean_square,0.3458480045894384
100,-6,132,M,21,30,150,213,237,25,155,full_trace_mean_square,0.8924560008744158
100,-6,132,P,21,30,150,213,237,25,155,full_trace_mean_square,0.9405415675781656
100,-6,132,SLTA,21,30,150,213,237,25,155,full_trace_mean_square,0.8282020495369933
100,-6,132,Std,21,30,150,213,237,25,155,full_trace_mean_square,0.9173750263913468
100,-6,132,S,21,30,150,213,237,25,155,full_trace_mean_square,0.47444737452528807
100,-6,132,K,21,30,150,213,237,25,155,full_trace_mean_square,0.5780061954592872
100,-6,133,M,21,30,150,213,237,25,147,full_trace_mean_square,0.7996672973701996
100,-6,133,P,21,30,150,213,237,25,147,full_trace_mean_square,0.9154539792859706
100,-6,133,SLTA,21,30,150,213,237,25,147,full_trace_mean_square,0.7517448947307842
100,-6,133,Std,21,30,150,213,237,25,147,full_trace_mean_square,0.8554001794150877
100,-6,133,S,21,30,150,213,237,25,147,full_trace_mean_square,0.5212685451665964
100,-6,133,K,21,30,150,213,237,25,147,full_trace_mean_square,0.5038393132601631
100,-6,134,M,21,30,150,213,237,25,124,full_trace_mean_square,0.9097347002157793
100,-6,134,P,21,30,150,213,237,25,124,full_trace_mean_square,0.9459432719294686
100,-6,134,SLTA,21,30,150,213,237,25,124,full_trace_mean_square,0.8285804967865871
100,-6,134,Std,21,30,150,213,237,25,124,full_trace_mean_square,0.9193191374686065
100,-6,134,S,21,30,150,213,237,25,124,full_trace_mean_square,0.26917017661479237
100,-6,134,K,21,30,150,213,237,25,124,full_trace_mean_square,0.24097331511141212
100,-6,135,M,21,30,150,213,237,25,125,full_trace_mean_square,0.873274585245666
100,-6,135,P,21,30,150,213,237,25,125,full_trace_mean_square,0.9385983760819103
100,-6,135,SLTA,21,30,150,213,237,25,125,full_trace_mean_square,0.7686184095010173
100,-6,135,Std,21,30,150,213,237,25,125,full_trace_mean_square,0.905080066380221
100,-6,135,S,21,30,150,213,237,25,125,full_trace_mean_square,0.4064866616066724
100,-6,135,K,21,30,150,213,237,25,125,full_trace_mean_square,0.4164267575852859
100,-6,136,M,21,30,150,213,237,25,136,full_trace_mean_square,0.916520047781369
100,-6,136,P,21,30,150,213,237,25,136,full_trace_mean_square,0.9432090220907777
100,-6,136,SLTA,21,30,150,213,237,25,136,full_trace_mean_square,0.8157122623840795
100,-6,136,Std,21,30,150,213,237,25,136,full_trace_mean_square,0.9365185347822627
100,-6,136,S,21,30,150,213,237,25,136,full_trace_mean_square,0.27045624657130013
100,-6,136,K,21,30,150,213,237,25,136,full_trace_mean_square,0.34023408209935363
100,-6,137,M,21,30,150,213,237,25,136,full_trace_mean_square,0.8516137312357074
100,-6,137,P,21,30,150,213,237,25,136,full_trace_mean_square,0.929634188934359
100,-6,137,SLTA,21,30,150,213,237,25,136,full_trace_mean_square,0.7997353533241942
100,-6,137,Std,21,30,150,213,237,25,136,full_trace_mean_square,0.8829282515639795
100,-6,137,S,21,30,150,213,237,25,136,full_trace_mean_square,0.14305574286812558
100,-6,137,K,21,30,150,213,237,25,136,full_trace_mean_square,0.1737845839333324
100,-6,138,M,21,30,150,213,237,25,141,full_trace_mean_square,0.8956465738714565
100,-6,138,P,21,30,150,213,237,25,141,full_trace_mean_square,0.941490094035282
100,-6,138,SLTA,21,30,150,213,237,25,141,full_trace_mean_square,0.8143901668006078
100,-6,138,Std,21,30,150,213,237,25,141,full_trace_mean_square,0.9232266800862509
100,-6,138,S,21,30,150,213,237,25,141,full_trace_mean_square,0.28825711984625
100,-6,138,K,21,30,150,213,237,25,141,full_trace_mean_square,0.3400278873351893
100,-6,139,M,21,30,150,213,237,25,128,full_trace_mean_square,0.8496367717945549
100,-6,139,P,21,30,150,213,237,25,128,full_trace_mean_square,0.9367053055673606
100,-6,139,SLTA,21,30,150,213,237,25,128,full_trace_mean_square,0.7914283501263811
100,-6,139,Std,21,30,150,213,237,25,128,full_trace_mean_square,0.8897537385436782
100,-6,139,S,21,30,150,213,237,25,128,full_trace_mean_square,0.47958969451374817
100,-6,139,K,21,30,150,213,237,25,128,full_trace_mean_square,0.5360180985778069
100,-6,140,M,21,30,150,213,237,25,141,full_trace_mean_square,0.8819411442927098
100,-6,140,P,21,30,150,213,237,25,141,full_trace_mean_square,0.9367323087004318
100,-6,140,SLTA,21,30,150,213,237,25,141,full_trace_mean_square,0.8126583077515203
100,-6,140,Std,21,30,150,213,237,25,141,full_trace_mean_square,0.9079743989682075
100,-6,140,S,21,30,150,213,237,25,141,full_trace_mean_square,0.16250939693536182
100,-6,140,K,21,30,150,213,237,25,141,full_trace_mean_square,0.20493646837980675
100,-6,141,M,21,30,150,213,237,25,136,full_trace_mean_square,0.8455992300069652
100,-6,141,P,21,30,150,213,237,25,136,full_trace_mean_square,0.9263580913868812
100,-6,141,SLTA,21,30,150,213,237,25,136,full_trace_mean_square,0.7393494142468807
100,-6,141,Std,21,30,150,213,237,25,136,full_trace_mean_square,0.8746066915633152
100,-6,141,S,21,30,150,213,237,25,136,full_trace_mean_square,0.398590074410857
100,-6,141,K,21,30,150,213,237,25,136,full_trace_mean_square,0.45648010501933606
100,-6,142,M,21,30,150,213,237,25,148,full_trace_mean_square,0.8510762958679251
100,-6,142,P,21,30,150,213,237,25,148,full_trace_mean_square,0.9336920241385448
100,-6,142,SLTA,21,30,150,213,237,25,148,full_trace_mean_square,0.806587134656237
100,-6,142,Std,21,30,150,213,237,25,148,full_trace_mean_square,0.9021109108469754
100,-6,142,S,21,30,150,213,237,25,148,full_trace_mean_square,0.4675375920136159
100,-6,142,K,21,30,150,213,237,25,148,full_trace_mean_square,0.5929055739061878
100,-6,143,M,21,30,150,213,237,25,130,full_trace_mean_square,0.8587323184772141
100,-6,143,P,21,30,150,213,237,25,130,full_trace_mean_square,0.9319581664407718
100,-6,143,SLTA,21,30,150,213,237,25,130,full_trace_mean_square,0.7727729531260408
100,-6,143,Std,21,30,150,213,237,25,130,full_trace_mean_square,0.8949207422476678
100,-6,143,S,21,30,150,213,237,25,130,full_trace_mean_square,0.347512366649366
100,-6,143,K,21,30,150,213,237,25,130,full_trace_mean_square,0.41741854203237927
100,-6,144,M,21,30,150,213,237,25,150,full_trace_mean_square,0.8571668896523289
100,-6,144,P,21,30,150,213,237,25,150,full_trace_mean_square,0.935705359517148
100,-6,144,SLTA,21,30,150,213,237,25,150,full_trace_mean_square,0.7802251021421507
100,-6,144,Std,21,30,150,213,237,25,150,full_trace_mean_square,0.913529732778695
100,-6,144,S,21,30,150,213,237,25,150,full_trace_mean_square,0.3955559951670802
100,-6,144,K,21,30,150,213,237,25,150,full_trace_mean_square,0.4754831160538129
100,-6,145,M,21,30,150,213,237,25,111,full_trace_mean_square,0.8900170088169035
100,-6,145,P,21,30,150,213,237,25,111,full_trace_mean_square,0.9403697597756664
100,-6,145,SLTA,21,30,150,213,237,25,111,full_trace_mean_square,0.8290518146162161
100,-6,145,Std,21,30,150,213,237,25,111,full_trace_mean_square,0.9136003323981116
100,-6,145,S,21,30,150,213,237,25,111,full_trace_mean_square,0.11620394620138755
100,-6,145,K,21,30,150,213,237,25,111,full_trace_mean_square,0.23656670402509947
100,-6,146,M,21,30,150,213,237,25,148,full_trace_mean_square,0.8738692027494008
100,-6,146,P,21,30,150,213,237,25,148,full_trace_mean_square,0.9408220586152926
100,-6,146,SLTA,21,30,150,213,237,25,148,full_trace_mean_square,0.7536679126010422
100,-6,146,Std,21,30,150,213,237,25,148,full_trace_mean_square,0.9012611285631558
100,-6,146,S,21,30,150,213,237,25,148,full_trace_mean_square,0.2591585387923238
100,-6,146,K,21,30,150,213,237,25,148,full_trace_mean_square,0.25281219022353363
100,-6,147,M,21,30,150,213,237,25,151,full_trace_mean_square,0.8792495765159085
100,-6,147,P,21,30,150,213,237,25,151,full_trace_mean_square,0.9350588379363578
100,-6,147,SLTA,21,30,150,213,237,25,151,full_trace_mean_square,0.8136475705772276
100,-6,147,Std,21,30,150,213,237,25,151,full_trace_mean_square,0.910742618060109
100,-6,147,S,21,30,150,213,237,25,151,full_trace_mean_square,0.43214318079004
100,-6,147,K,21,30,150,213,237,25,151,full_trace_mean_square,0.5142199389264529
100,-6,148,M,21,30,150,213,237,25,139,full_trace_mean_square,0.822338251641987
100,-6,148,P,21,30,150,213,237,25,139,full_trace_mean_square,0.9259916478210047
100,-6,148,SLTA,21,30,150,213,237,25,139,full_trace_mean_square,0.7955565981234015
100,-6,148,Std,21,30,150,213,237,25,139,full_trace_mean_square,0.8828687459579343
100,-6,148,S,21,30,150,213,237,25,139,full_trace_mean_square,0.28918074593561244
100,-6,148,K,21,30,150,213,237,25,139,full_trace_mean_square,0.3704818521953392
100,-6,149,M,21,30,150,213,237,25,151,full_trace_mean_square,0.8920185144856789
100,-6,149,P,21,30,150,213,237,25,151,full_trace_mean_square,0.9400057534110797
100,-6,149,SLTA,21,30,150,213,237,25,151,full_trace_mean_square,0.7940255326796293
100,-6,149,Std,21,30,150,213,237,25,151,full_trace_mean_square,0.9128871157643016
100,-6,149,S,21,30,150,213,237,25,151,full_trace_mean_square,0.3427013006163055
100,-6,149,K,21,30,150,213,237,25,151,full_trace_mean_square,0.3737606185732293
100,-6,150,M,21,30,150,213,237,25,153,full_trace_mean_square,0.8598600665083275
100,-6,150,P,21,30,150,213,237,25,153,full_trace_mean_square,0.9356952879406766
100,-6,150,SLTA,21,30,150,213,237,25,153,full_trace_mean_square,0.7812579296465183
100,-6,150,Std,21,30,150,213,237,25,153,full_trace_mean_square,0.8955861179916221
100,-6,150,S,21,30,150,213,237,25,153,full_trace_mean_square,0.39402630647357106
100,-6,150,K,21,30,150,213,237,25,153,full_trace_mean_square,0.4247194622886608
100,-6,151,M,21,30,150,213,237,25,150,full_trace_mean_square,0.859867852597866
100,-6,151,P,21,30,150,213,237,25,150,full_trace_mean_square,0.9325585393361122
100,-6,151,SLTA,21,30,150,213,237,25,150,full_trace_mean_square,0.7861078012091892
100,-6,151,Std,21,30,150,213,237,25,150,full_trace_mean_square,0.8925754543163266
100,-6,151,S,21,30,150,213,237,25,150,full_trace_mean_square,0.29314933383445285
100,-6,151,K,21,30,150,213,237,25,150,full_trace_mean_square,0.32365349658696746
100,-6,152,M,21,30,150,213,237,25,131,full_trace_mean_square,0.8860608052134481
100,-6,152,P,21,30,150,213,237,25,131,full_trace_mean_square,0.9385622471624596
100,-6,152,SLTA,21,30,150,213,237,25,131,full_trace_mean_square,0.8008230211053314
100,-6,152,Std,21,30,150,213,237,25,131,full_trace_mean_square,0.9105763802854423
100,-6,152,S,21,30,150,213,237,25,131,full_trace_mean_square,0.18938383827652489
100,-6,152,K,21,30,150,213,237,25,131,full_trace_mean_square,0.3166520606925879
100,-6,153,M,21,30,150,213,237,25,138,full_trace_mean_square,0.8373312950707529
100,-6,153,P,21,30,150,213,237,25,138,full_trace_mean_square,0.9322290790701072
100,-6,153,SLTA,21,30,150,213,237,25,138,full_trace_mean_square,0.7842004869200638
100,-6,153,Std,21,30,150,213,237,25,138,full_trace_mean_square,0.8891967436264266
100,-6,153,S,21,30,150,213,237,25,138,full_trace_mean_square,0.26085768011721794
100,-6,153,K,21,30,150,213,237,25,138,full_trace_mean_square,0.40675462401467244
100,-6,154,M,21,30,150,213,237,25,145,full_trace_mean_square,0.8512751769967897
100,-6,154,P,21,30,150,213,237,25,145,full_trace_mean_square,0.9337239424629064
100,-6,154,SLTA,21,30,150,213,237,25,145,full_trace_mean_square,0.7760388228108456
100,-6,154,Std,21,30,150,213,237,25,145,full_trace_mean_square,0.8968467784847687
100,-6,154,S,21,30,150,213,237,25,145,full_trace_mean_square,0.2833905569800103
100,-6,154,K,21,30,150,213,237,25,145,full_trace_mean_square,0.33139111090828116
100,-6,155,M,21,30,150,213,237,25,134,full_trace_mean_square,0.852084922217227
100,-6,155,P,21,30,150,213,237,25,134,full_trace_mean_square,0.9323736111910869
100,-6,155,SLTA,21,30,150,213,237,25,134,full_trace_mean_square,0.8272310115488439
100,-6,155,Std,21,30,150,213,237,25,134,full_trace_mean_square,0.8978431714741592
100,-6,155,S,21,30,150,213,237,25,134,full_trace_mean_square,0.4379261145588867
100,-6,155,K,21,30,150,213,237,25,134,full_trace_mean_square,0.46500152419320456
100,-6,156,M,21,30,150,213,237,25,155,full_trace_mean_square,0.9218564650685158
100,-6,156,P,21,30,150,213,237,25,155,full_trace_mean_square,0.9417001751822226
100,-6,156,SLTA,21,30,150,213,237,25,155,full_trace_mean_square,0.8115755731468263
100,-6,156,Std,21,30,150,213,237,25,155,full_trace_mean_square,0.9366718925352933
100,-6,156,S,21,30,150,213,237,25,155,full_trace_mean_square,0.6322807818690913
100,-6,156,K,21,30,150,213,237,25,155,full_trace_mean_square,0.5459550308869027
100,-6,157,M,21,30,150,213,237,25,123,full_trace_mean_square,0.8873293997785361
100,-6,157,P,21,30,150,213,237,25,123,full_trace_mean_square,0.9393379294027773
100,-6,157,SLTA,21,30,150,213,237,25,123,full_trace_mean_square,0.7985305128467868
100,-6,157,Std,21,30,150,213,237,25,123,full_trace_mean_square,0.9204679682813675
100,-6,157,S,21,30,150,213,237,25,123,full_trace_mean_square,0.2542220900857336
100,-6,157,K,21,30,150,213,237,25,123,full_trace_mean_square,0.3683362237040235
100,-6,158,M,21,30,150,213,237,25,131,full_trace_mean_square,0.8653045631054048
100,-6,158,P,21,30,150,213,237,25,131,full_trace_mean_square,0.9379998617423104
100,-6,158,SLTA,21,30,150,213,237,25,131,full_trace_mean_square,0.7874640937949349
100,-6,158,Std,21,30,150,213,237,25,131,full_trace_mean_square,0.9093521163659576
100,-6,158,S,21,30,150,213,237,25,131,full_trace_mean_square,0.23280642949544783
100,-6,158,K,21,30,150,213,237,25,131,full_trace_mean_square,0.39832840198503805
100,-6,159,M,21,30,150,213,237,25,157,full_trace_mean_square,0.8813839899871277
100,-6,159,P,21,30,150,213,237,25,157,full_trace_mean_square,0.9393645105109769
100,-6,159,SLTA,21,30,150,213,237,25,157,full_trace_mean_square,0.780528664880448
100,-6,159,Std,21,30,150,213,237,25,157,full_trace_mean_square,0.9151111353690917
100,-6,159,S,21,30,150,213,237,25,157,full_trace_mean_square,0.2872765731921294
100,-6,159,K,21,30,150,213,237,25,157,full_trace_mean_square,0.3712087847942792
100,-6,160,M,21,30,150,213,237,25,144,full_trace_mean_square,0.8095646124198647
100,-6,160,P,21,30,150,213,237,25,144,full_trace_mean_square,0.9270879078447151
100,-6,160,SLTA,21,30,150,213,237,25,144,full_trace_mean_square,0.7703011812869184
100,-6,160,Std,21,30,150,213,237,25,144,full_trace_mean_square,0.8615649783229739
100,-6,160,S,21,30,150,213,237,25,144,full_trace_mean_square,0.33598117624414203
100,-6,160,K,21,30,150,213,237,25,144,full_trace_mean_square,0.5387451924501798
100,-6,161,M,21,30,150,213,237,25,114,full_trace_mean_square,0.8755335961726651
100,-6,161,P,21,30,150,213,237,25,114,full_trace_mean_square,0.9336364250413555
100,-6,161,SLTA,21,30,150,213,237,25,114,full_trace_mean_square,0.7801923892634669
100,-6,161,Std,21,30,150,213,237,25,114,full_trace_mean_square,0.8911520798646713
100,-6,161,S,21,30,150,213,237,25,114,full_trace_mean_square,0.25874418601540106
100,-6,161,K,21,30,150,213,237,25,114,full_trace_mean_square,0.29041244813466077
100,-6,162,M,21,30,150,213,237,25,126,full_trace_mean_square,0.8993853500653934
100,-6,162,P,21,30,150,213,237,25,126,full_trace_mean_square,0.9448368446680243
100,-6,162,SLTA,21,30,150,213,237,25,126,full_trace_mean_square,0.7958762679890282
100,-6,162,Std,21,30,150,213,237,25,126,full_trace_mean_square,0.9294928679819794
100,-6,162,S,21,30,150,213,237,25,126,full_trace_mean_square,0.41806938352199463
100,-6,162,K,21,30,150,213,237,25,126,full_trace_mean_square,0.48125613316943106
100,-6,163,M,21,30,150,213,237,25,135,full_trace_mean_square,0.8896588888610606
100,-6,163,P,21,30,150,213,237,25,135,full_trace_mean_square,0.9401529630961154
100,-6,163,SLTA,21,30,150,213,237,25,135,full_trace_mean_square,0.8302745475750359
100,-6,163,Std,21,30,150,213,237,25,135,full_trace_mean_square,0.9278823012814095
100,-6,163,S,21,30,150,213,237,25,135,full_trace_mean_square,0.4451276918154755
100,-6,163,K,21,30,150,213,237,25,135,full_trace_mean_square,0.6266392726482934
100,-6,164,M,21,30,150,213,237,25,133,full_trace_mean_square,0.832698820557922
100,-6,164,P,21,30,150,213,237,25,133,full_trace_mean_square,0.9301543948674084
100,-6,164,SLTA,21,30,150,213,237,25,133,full_trace_mean_square,0.8104036581909441
100,-6,164,Std,21,30,150,213,237,25,133,full_trace_mean_square,0.8763030901337859
100,-6,164,S,21,30,150,213,237,25,133,full_trace_mean_square,0.2693537054889473
100,-6,164,K,21,30,150,213,237,25,133,full_trace_mean_square,0.2797114005082887
100,-6,165,M,21,30,150,213,237,25,131,full_trace_mean_square,0.9098535575591188
100,-6,165,P,21,30,150,213,237,25,131,full_trace_mean_square,0.9457757209374203
100,-6,165,SLTA,21,30,150,213,237,25,131,full_trace_mean_square,0.8352773788256435
100,-6,165,Std,21,30,150,213,237,25,131,full_trace_mean_square,0.9293813380735862
100,-6,165,S,21,30,150,213,237,25,131,full_trace_mean_square,0.2633474969701798
100,-6,165,K,21,30,150,213,237,25,131,full_trace_mean_square,0.3552744000943489
100,-6,166,M,21,30,150,213,237,25,131,full_trace_mean_square,0.8467433309694982
100,-6,166,P,21,30,150,213,237,25,131,full_trace_mean_square,0.9332249835074512
100,-6,166,SLTA,21,30,150,213,237,25,131,full_trace_mean_square,0.7827145930896289
100,-6,166,Std,21,30,150,213,237,25,131,full_trace_mean_square,0.8926195096503716
100,-6,166,S,21,30,150,213,237,25,131,full_trace_mean_square,0.18986844552234822
100,-6,166,K,21,30,150,213,237,25,131,full_trace_mean_square,0.2684253409349758
100,-6,167,M,21,30,150,213,237,25,123,full_trace_mean_square,0.875451849341519
100,-6,167,P,21,30,150,213,237,25,123,full_trace_mean_square,0.9391110742658225
100,-6,167,SLTA,21,30,150,213,237,25,123,full_trace_mean_square,0.7665661195462908
100,-6,167,Std,21,30,150,213,237,25,123,full_trace_mean_square,0.9100277450890394
100,-6,167,S,21,30,150,213,237,25,123,full_trace_mean_square,0.3150899038849922
100,-6,167,K,21,30,150,213,237,25,123,full_trace_mean_square,0.4212468580858484
100,-6,168,M,21,30,150,213,237,25,170,full_trace_mean_square,0.846024868942725
100,-6,168,P,21,30,150,213,237,25,170,full_trace_mean_square,0.9320037597588796
100,-6,168,SLTA,21,30,150,213,237,25,170,full_trace_mean_square,0.8228749364335683
100,-6,168,Std,21,30,150,213,237,25,170,full_trace_mean_square,0.9073781834221408
100,-6,168,S,21,30,150,213,237,25,170,full_trace_mean_square,0.4235186536494972
100,-6,168,K,21,30,150,213,237,25,170,full_trace_mean_square,0.6311663071866261
100,-6,169,M,21,30,150,213,237,25,141,full_trace_mean_square,0.875876631524291
100,-6,169,P,21,30,150,213,237,25,141,full_trace_mean_square,0.9344514411392308
100,-6,169,SLTA,21,30,150,213,237,25,141,full_trace_mean_square,0.8048219960295486
100,-6,169,Std,21,30,150,213,237,25,141,full_trace_mean_square,0.9040784325025116
100,-6,169,S,21,30,150,213,237,25,141,full_trace_mean_square,0.37292971576486944
100,-6,169,K,21,30,150,213,237,25,141,full_trace_mean_square,0.5117743490172372
100,-6,170,M,21,30,150,213,237,25,142,full_trace_mean_square,0.8872309757854336
100,-6,170,P,21,30,150,213,237,25,142,full_trace_mean_square,0.9394010065105712
100,-6,170,SLTA,21,30,150,213,237,25,142,full_trace_mean_square,0.7775677311080897
100,-6,170,Std,21,30,150,213,237,25,142,full_trace_mean_square,0.9202497544216646
100,-6,170,S,21,30,150,213,237,25,142,full_trace_mean_square,0.2615896959194701
100,-6,170,K,21,30,150,213,237,25,142,full_trace_mean_square,0.42856593715601254
100,-6,171,M,21,30,150,213,237,25,144,full_trace_mean_square,0.9016066860802062
100,-6,171,P,21,30,150,213,237,25,144,full_trace_mean_square,0.9399100518618551
100,-6,171,SLTA,21,30,150,213,237,25,144,full_trace_mean_square,0.8254942268377667
100,-6,171,Std,21,30,150,213,237,25,144,full_trace_mean_square,0.9268341366950367
100,-6,171,S,21,30,150,213,237,25,144,full_trace_mean_square,0.30510227853586447
100,-6,171,K,21,30,150,213,237,25,144,full_trace_mean_square,0.3564984025566877
100,-6,172,M,21,30,150,213,237,25,145,full_trace_mean_square,0.9078401591337196
100,-6,172,P,21,30,150,213,237,25,145,full_trace_mean_square,0.9446678763090353
100,-6,172,SLTA,21,30,150,213,237,25,145,full_trace_mean_square,0.8032438935051351
100,-6,172,Std,21,30,150,213,237,25,145,full_trace_mean_square,0.9254842533955292
100,-6,172,S,21,30,150,213,237,25,145,full_trace_mean_square,0.37986763895074865
100,-6,172,K,21,30,150,213,237,25,145,full_trace_mean_square,0.37328816569845846
100,-6,173,M,21,30,150,213,237,25,170,full_trace_mean_square,0.8593125672867493
100,-6,173,P,21,30,150,213,237,25,170,full_trace_mean_square,0.9298336107893908
100,-6,173,SLTA,21,30,150,213,237,25,170,full_trace_mean_square,0.7873272299285944
100,-6,173,Std,21,30,150,213,237,25,170,full_trace_mean_square,0.8898824940082287
100,-6,173,S,21,30,150,213,237,25,170,full_trace_mean_square,0.4089136190160775
100,-6,173,K,21,30,150,213,237,25,170,full_trace_mean_square,0.5112961287688628
100,-6,174,M,21,30,150,213,237,25,109,full_trace_mean_square,0.8588836463237485
100,-6,174,P,21,30,150,213,237,25,109,full_trace_mean_square,0.9362713397124877
100,-6,174,SLTA,21,30,150,213,237,25,109,full_trace_mean_square,0.808072682394749
100,-6,174,Std,21,30,150,213,237,25,109,full_trace_mean_square,0.8945770949889955
100,-6,174,S,21,30,150,213,237,25,109,full_trace_mean_square,0.313449450016144
100,-6,174,K,21,30,150,213,237,25,109,full_trace_mean_square,0.32113051952362875
100,-6,175,M,21,30,150,213,237,25,120,full_trace_mean_square,0.8858369944343946
100,-6,175,P,21,30,150,213,237,25,120,full_trace_mean_square,0.9367054706285249
100,-6,175,SLTA,21,30,150,213,237,25,120,full_trace_mean_square,0.8064790429008234
100,-6,175,Std,21,30,150,213,237,25,120,full_trace_mean_square,0.9143082952389084
100,-6,175,S,21,30,150,213,237,25,120,full_trace_mean_square,0.31856555080800736
100,-6,175,K,21,30,150,213,237,25,120,full_trace_mean_square,0.3344337476667247
100,-6,176,M,21,30,150,213,237,25,134,full_trace_mean_square,0.8238758750188512
100,-6,176,P,21,30,150,213,237,25,134,full_trace_mean_square,0.9182906698206149
100,-6,176,SLTA,21,30,150,213,237,25,134,full_trace_mean_square,0.7783005780301914
100,-6,176,Std,21,30,150,213,237,25,134,full_trace_mean_square,0.8600792677300304
100,-6,176,S,21,30,150,213,237,25,134,full_trace_mean_square,0.3477293622417798
100,-6,176,K,21,30,150,213,237,25,134,full_trace_mean_square,0.36965467609411845
100,-6,177,M,21,30,150,213,237,25,126,full_trace_mean_square,0.8205166062925974
100,-6,177,P,21,30,150,213,237,25,126,full_trace_mean_square,0.9292702198436912
100,-6,177,SLTA,21,30,150,213,237,25,126,full_trace_mean_square,0.7922427737300614
100,-6,177,Std,21,30,150,213,237,25,126,full_trace_mean_square,0.8820095611788498
100,-6,177,S,21,30,150,213,237,25,126,full_trace_mean_square,0.27216086917626564
100,-6,177,K,21,30,150,213,237,25,126,full_trace_mean_square,0.3688890022976861
100,-6,178,M,21,30,150,213,237,25,154,full_trace_mean_square,0.8773285038060239
100,-6,178,P,21,30,150,213,237,25,154,full_trace_mean_square,0.93936290591227
100,-6,178,SLTA,21,30,150,213,237,25,154,full_trace_mean_square,0.8163179508356796
100,-6,178,Std,21,30,150,213,237,25,154,full_trace_mean_square,0.9194385863345461
100,-6,178,S,21,30,150,213,237,25,154,full_trace_mean_square,0.3204374843599741
100,-6,178,K,21,30,150,213,237,25,154,full_trace_mean_square,0.40369006312114974
100,-6,179,M,21,30,150,213,237,25,124,full_trace_mean_square,0.9059867133820361
100,-6,179,P,21,30,150,213,237,25,124,full_trace_mean_square,0.941472312830706
100,-6,179,SLTA,21,30,150,213,237,25,124,full_trace_mean_square,0.8056508783110722
100,-6,179,Std,21,30,150,213,237,25,124,full_trace_mean_square,0.9268845285692591
100,-6,179,S,21,30,150,213,237,25,124,full_trace_mean_square,0.23749976685563398
100,-6,179,K,21,30,150,213,237,25,124,full_trace_mean_square,0.35391842614199726
100,-6,180,M,21,30,150,213,237,25,131,full_trace_mean_square,0.8926280174239153
100,-6,180,P,21,30,150,213,237,25,131,full_trace_mean_square,0.9430485614525793
100,-6,180,SLTA,21,30,150,213,237,25,131,full_trace_mean_square,0.8083048372630148
100,-6,180,Std,21,30,150,213,237,25,131,full_trace_mean_square,0.913453237202471
100,-6,180,S,21,30,150,213,237,25,131,full_trace_mean_square,0.269884081627275
100,-6,180,K,21,30,150,213,237,25,131,full_trace_mean_square,0.36910803745868226
100,-6,181,M,21,30,150,213,237,25,126,full_trace_mean_square,0.8686074976065453
100,-6,181,P,21,30,150,213,237,25,126,full_trace_mean_square,0.9398579362865275
100,-6,181,SLTA,21,30,150,213,237,25,126,full_trace_mean_square,0.8035759237614539
100,-6,181,Std,21,30,150,213,237,25,126,full_trace_mean_square,0.9091163715468114
100,-6,181,S,21,30,150,213,237,25,126,full_trace_mean_square,0.18362800920977507
100,-6,181,K,21,30,150,213,237,25,126,full_trace_mean_square,0.23923298424118725
100,-6,182,M,21,30,150,213,237,25,143,full_trace_mean_square,0.8996541964476021
100,-6,182,P,21,30,150,213,237,25,143,full_trace_mean_square,0.9393962045063334
100,-6,182,SLTA,21,30,150,213,237,25,143,full_trace_mean_square,0.7838546834151375
100,-6,182,Std,21,30,150,213,237,25,143,full_trace_mean_square,0.9320369293442372
100,-6,182,S,21,30,150,213,237,25,143,full_trace_mean_square,0.4226140638806349
100,-6,182,K,21,30,150,213,237,25,143,full_trace_mean_square,0.4679270568802201
100,-6,183,M,21,30,150,213,237,25,129,full_trace_mean_square,0.8732619602991669
100,-6,183,P,21,30,150,213,237,25,129,full_trace_mean_square,0.934483488094185
100,-6,183,SLTA,21,30,150,213,237,25,129,full_trace_mean_square,0.8099401819240664
100,-6,183,Std,21,30,150,213,237,25,129,full_trace_mean_square,0.9014663752070505
100,-6,183,S,21,30,150,213,237,25,129,full_trace_mean_square,0.350312131400164
100,-6,183,K,21,30,150,213,237,25,129,full_trace_mean_square,0.3253814702930623
100,-6,184,M,21,30,150,213,237,25,161,full_trace_mean_square,0.8547345203144704
100,-6,184,P,21,30,150,213,237,25,161,full_trace_mean_square,0.9252827023003463
100,-6,184,SLTA,21,30,150,213,237,25,161,full_trace_mean_square,0.7749799686782666
100,-6,184,Std,21,30,150,213,237,25,161,full_trace_mean_square,0.8809303065638431
100,-6,184,S,21,30,150,213,237,25,161,full_trace_mean_square,0.30155917670584725
100,-6,184,K,21,30,150,213,237,25,161,full_trace_mean_square,0.3479011120259017
100,-6,185,M,21,30,150,213,237,25,151,full_trace_mean_square,0.8826844998783359
100,-6,185,P,21,30,150,213,237,25,151,full_trace_mean_square,0.9385965322173939
100,-6,185,SLTA,21,30,150,213,237,25,151,full_trace_mean_square,0.8204020064644034
100,-6,185,Std,21,30,150,213,237,25,151,full_trace_mean_square,0.9208456423726182
100,-6,185,S,21,30,150,213,237,25,151,full_trace_mean_square,0.34206099089012854
100,-6,185,K,21,30,150,213,237,25,151,full_trace_mean_square,0.4327395344807974
100,-6,186,M,21,30,150,213,237,25,129,full_trace_mean_square,0.8644210673307566
100,-6,186,P,21,30,150,213,237,25,129,full_trace_mean_square,0.9261277128586359
100,-6,186,SLTA,21,30,150,213,237,25,129,full_trace_mean_square,0.7722776441065908
100,-6,186,Std,21,30,150,213,237,25,129,full_trace_mean_square,0.8781754245765485
100,-6,186,S,21,30,150,213,237,25,129,full_trace_mean_square,0.30731114877734045
100,-6,186,K,21,30,150,213,237,25,129,full_trace_mean_square,0.36000126985282377
100,-6,187,M,21,30,150,213,237,25,139,full_trace_mean_square,0.8832730743587471
100,-6,187,P,21,30,150,213,237,25,139,full_trace_mean_square,0.9379038568535893
100,-6,187,SLTA,21,30,150,213,237,25,139,full_trace_mean_square,0.8208737786326806
100,-6,187,Std,21,30,150,213,237,25,139,full_trace_mean_square,0.910525766372258
100,-6,187,S,21,30,150,213,237,25,139,full_trace_mean_square,0.4143403709395441
100,-6,187,K,21,30,150,213,237,25,139,full_trace_mean_square,0.2696486182385188
100,-6,188,M,21,30,150,213,237,25,112,full_trace_mean_square,0.8538098021301288
100,-6,188,P,21,30,150,213,237,25,112,full_trace_mean_square,0.9356477560597335
100,-6,188,SLTA,21,30,150,213,237,25,112,full_trace_mean_square,0.7534158973973464
100,-6,188,Std,21,30,150,213,237,25,112,full_trace_mean_square,0.891056704329327
100,-6,188,S,21,30,150,213,237,25,112,full_trace_mean_square,0.17610342771930845
100,-6,188,K,21,30,150,213,237,25,112,full_trace_mean_square,0.23050186930171088
100,-6,189,M,21,30,150,213,237,25,141,full_trace_mean_square,0.9128522805930154
100,-6,189,P,21,30,150,213,237,25,141,full_trace_mean_square,0.9424910492665787
100,-6,189,SLTA,21,30,150,213,237,25,141,full_trace_mean_square,0.8235815367187218
100,-6,189,Std,21,30,150,213,237,25,141,full_trace_mean_square,0.9360569808945824
100,-6,189,S,21,30,150,213,237,25,141,full_trace_mean_square,0.36594950547094907
100,-6,189,K,21,30,150,213,237,25,141,full_trace_mean_square,0.4276632010574247
100,-6,190,M,21,30,150,213,237,25,148,full_trace_mean_square,0.8335471076787563
100,-6,190,P,21,30,150,213,237,25,148,full_trace_mean_square,0.9310021148098551
100,-6,190,SLTA,21,30,150,213,237,25,148,full_trace_mean_square,0.7887432861768063
100,-6,190,Std,21,30,150,213,237,25,148,full_trace_mean_square,0.8949117809186714
100,-6,190,S,21,30,150,213,237,25,148,full_trace_mean_square,0.4429695754429722
100,-6,190,K,21,30,150,213,237,25,148,full_trace_mean_square,0.5365116858452242
100,-6,191,M,21,30,150,213,237,25,172,full_trace_mean_square,0.8381983814778912
100,-6,191,P,21,30,150,213,237,25,172,full_trace_mean_square,0.9272654913628964
100,-6,191,SLTA,21,30,150,213,237,25,172,full_trace_mean_square,0.7604428552538527
100,-6,191,Std,21,30,150,213,237,25,172,full_trace_mean_square,0.8870485267546598
100,-6,191,S,21,30,150,213,237,25,172,full_trace_mean_square,0.4490954240508765
100,-6,191,K,21,30,150,213,237,25,172,full_trace_mean_square,0.41520889552981405
100,-6,192,M,21,30,150,213,237,25,135,full_trace_mean_square,0.884764008050985
100,-6,192,P,21,30,150,213,237,25,135,full_trace_mean_square,0.9386593789449352
100,-6,192,SLTA,21,30,150,213,237,25,135,full_trace_mean_square,0.812773676175785
100,-6,192,Std,21,30,150,213,237,25,135,full_trace_mean_square,0.9147069045300928
100,-6,192,S,21,30,150,213,237,25,135,full_trace_mean_square,0.24658394254974952
100,-6,192,K,21,30,150,213,237,25,135,full_trace_mean_square,0.4422478741349137
100,-6,193,M,21,30,150,213,237,25,139,full_trace_mean_square,0.8695742151000428
100,-6,193,P,21,30,150,213,237,25,139,full_trace_mean_square,0.9316880171834709
100,-6,193,SLTA,21,30,150,213,237,25,139,full_trace_mean_square,0.7989497292239661
100,-6,193,Std,21,30,150,213,237,25,139,full_trace_mean_square,0.8836766781740686
100,-6,193,S,21,30,150,213,237,25,139,full_trace_mean_square,0.41320199374474326
100,-6,193,K,21,30,150,213,237,25,139,full_trace_mean_square,0.4063659371864968
100,-6,194,M,21,30,150,213,237,25,138,full_trace_mean_square,0.9129896961451018
100,-6,194,P,21,30,150,213,237,25,138,full_trace_mean_square,0.9404184525450058
100,-6,194,SLTA,21,30,150,213,237,25,138,full_trace_mean_square,0.8134085913355423
100,-6,194,Std,21,30,150,213,237,25,138,full_trace_mean_square,0.9316570750048813
100,-6,194,S,21,30,150,213,237,25,138,full_trace_mean_square,0.32928049937504983
100,-6,194,K,21,30,150,213,237,25,138,full_trace_mean_square,0.4300251203772757
100,-6,195,M,21,30,150,213,237,25,145,full_trace_mean_square,0.8563993334749885
100,-6,195,P,21,30,150,213,237,25,145,full_trace_mean_square,0.9322520714670758
100,-6,195,SLTA,21,30,150,213,237,25,145,full_trace_mean_square,0.8168905065297255
100,-6,195,Std,21,30,150,213,237,25,145,full_trace_mean_square,0.9012964841991191
100,-6,195,S,21,30,150,213,237,25,145,full_trace_mean_square,0.4250700316615404
100,-6,195,K,21,30,150,213,237,25,145,full_trace_mean_square,0.40918387121246824
100,-6,196,M,21,30,150,213,237,25,133,full_trace_mean_square,0.8707547364700157
100,-6,196,P,21,30,150,213,237,25,133,full_trace_mean_square,0.9381769114512869
100,-6,196,SLTA,21,30,150,213,237,25,133,full_trace_mean_square,0.8187241650279142
100,-6,196,Std,21,30,150,213,237,25,133,full_trace_mean_square,0.8972030507563087
100,-6,196,S,21,30,150,213,237,25,133,full_trace_mean_square,0.5034248938886282
100,-6,196,K,21,30,150,213,237,25,133,full_trace_mean_square,0.396236165291763
100,-6,197,M,21,30,150,213,237,25,119,full_trace_mean_square,0.8605114137090812
100,-6,197,P,21,30,150,213,237,25,119,full_trace_mean_square,0.9339735358086334
100,-6,197,SLTA,21,30,150,213,237,25,119,full_trace_mean_square,0.7770295268444845
100,-6,197,Std,21,30,150,213,237,25,119,full_trace_mean_square,0.901471026137052
100,-6,197,S,21,30,150,213,237,25,119,full_trace_mean_square,0.2748658691444004
100,-6,197,K,21,30,150,213,237,25,119,full_trace_mean_square,0.3998377740669395
100,-6,198,M,21,30,150,213,237,25,133,full_trace_mean_square,0.8261114067540606
100,-6,198,P,21,30,150,213,237,25,133,full_trace_mean_square,0.9209944790935359
100,-6,198,SLTA,21,30,150,213,237,25,133,full_trace_mean_square,0.7811108951884976
100,-6,198,Std,21,30,150,213,237,25,133,full_trace_mean_square,0.8644676049941481
100,-6,198,S,21,30,150,213,237,25,133,full_trace_mean_square,0.43516134638862963
100,-6,198,K,21,30,150,213,237,25,133,full_trace_mean_square,0.5523856755306965
100,-6,199,M,21,30,150,213,237,25,136,full_trace_mean_square,0.8195352116415591
100,-6,199,P,21,30,150,213,237,25,136,full_trace_mean_square,0.9249769696449881
100,-6,199,SLTA,21,30,150,213,237,25,136,full_trace_mean_square,0.7925784121190163
100,-6,199,Std,21,30,150,213,237,25,136,full_trace_mean_square,0.8652214841596542
100,-6,199,S,21,30,150,213,237,25,136,full_trace_mean_square,0.37469847285531827
100,-6,199,K,21,30,150,213,237,25,136,full_trace_mean_square,0.5638196933782227
100,-4,0,M,21,30,150,213,237,25,142,full_trace_mean_square,0.9197997835406134
100,-4,0,P,21,30,150,213,237,25,142,full_trace_mean_square,0.9444575282091001
100,-4,0,SLTA,21,30,150,213,237,25,142,full_trace_mean_square,0.8243694920989764
100,-4,0,Std,21,30,150,213,237,25,142,full_trace_mean_square,0.9384485762515522
100,-4,0,S,21,30,150,213,237,25,142,full_trace_mean_square,0.3557368827687607
100,-4,0,K,21,30,150,213,237,25,142,full_trace_mean_square,0.38303627738857365
100,-4,1,M,21,30,150,213,237,25,160,full_trace_mean_square,0.8788133789960476
100,-4,1,P,21,30,150,213,237,25,160,full_trace_mean_square,0.9357692645578481
100,-4,1,SLTA,21,30,150,213,237,25,160,full_trace_mean_square,0.7932356068653494
100,-4,1,Std,21,30,150,213,237,25,160,full_trace_mean_square,0.9183568635732222
100,-4,1,S,21,30,150,213,237,25,160,full_trace_mean_square,0.5772357163131085
100,-4,1,K,21,30,150,213,237,25,160,full_trace_mean_square,0.6810167480533722
100,-4,2,M,21,30,150,213,237,25,117,full_trace_mean_square,0.9141532426512494
100,-4,2,P,21,30,150,213,237,25,117,full_trace_mean_square,0.9428458979589179
100,-4,2,SLTA,21,30,150,213,237,25,117,full_trace_mean_square,0.8338917651929838
100,-4,2,Std,21,30,150,213,237,25,117,full_trace_mean_square,0.9402022258349078
100,-4,2,S,21,30,150,213,237,25,117,full_trace_mean_square,0.3102661302444668
100,-4,2,K,21,30,150,213,237,25,117,full_trace_mean_square,0.4668097105183657
100,-4,3,M,21,30,150,213,237,25,137,full_trace_mean_square,0.899668731208189
100,-4,3,P,21,30,150,213,237,25,137,full_trace_mean_square,0.9422442783458479
100,-4,3,SLTA,21,30,150,213,237,25,137,full_trace_mean_square,0.8360051390653112
100,-4,3,Std,21,30,150,213,237,25,137,full_trace_mean_square,0.9312953706802726
100,-4,3,S,21,30,150,213,237,25,137,full_trace_mean_square,0.29076130900714325
100,-4,3,K,21,30,150,213,237,25,137,full_trace_mean_square,0.4431998410662743
100,-4,4,M,21,30,150,213,237,25,139,full_trace_mean_square,0.9039084434955845
100,-4,4,P,21,30,150,213,237,25,139,full_trace_mean_square,0.9410060719531791
100,-4,4,SLTA,21,30,150,213,237,25,139,full_trace_mean_square,0.8245086770233333
100,-4,4,Std,21,30,150,213,237,25,139,full_trace_mean_square,0.9317334425539936
100,-4,4,S,21,30,150,213,237,25,139,full_trace_mean_square,0.2568196593442818
100,-4,4,K,21,30,150,213,237,25,139,full_trace_mean_square,0.42153545640054085
100,-4,5,M,21,30,150,213,237,25,169,full_trace_mean_square,0.8971164614651966
100,-4,5,P,21,30,150,213,237,25,169,full_trace_mean_square,0.9418128851707934
100,-4,5,SLTA,21,30,150,213,237,25,169,full_trace_mean_square,0.7837203796526389
100,-4,5,Std,21,30,150,213,237,25,169,full_trace_mean_square,0.926773272238344
100,-4,5,S,21,30,150,213,237,25,169,full_trace_mean_square,0.3637040798246565
100,-4,5,K,21,30,150,213,237,25,169,full_trace_mean_square,0.4575458970072222
100,-4,6,M,21,30,150,213,237,25,155,full_trace_mean_square,0.8637175094972085
100,-4,6,P,21,30,150,213,237,25,155,full_trace_mean_square,0.9379376030863549
100,-4,6,SLTA,21,30,150,213,237,25,155,full_trace_mean_square,0.7891861695622632
100,-4,6,Std,21,30,150,213,237,25,155,full_trace_mean_square,0.8993682429929022
100,-4,6,S,21,30,150,213,237,25,155,full_trace_mean_square,0.35664262057360424
100,-4,6,K,21,30,150,213,237,25,155,full_trace_mean_square,0.4045776014922966
100,-4,7,M,21,30,150,213,237,25,150,full_trace_mean_square,0.8898088010100801
100,-4,7,P,21,30,150,213,237,25,150,full_trace_mean_square,0.9415986533269859
100,-4,7,SLTA,21,30,150,213,237,25,150,full_trace_mean_square,0.8252279571157933
100,-4,7,Std,21,30,150,213,237,25,150,full_trace_mean_square,0.9239297595101463
100,-4,7,S,21,30,150,213,237,25,150,full_trace_mean_square,0.3403810477604116
100,-4,7,K,21,30,150,213,237,25,150,full_trace_mean_square,0.41207931789127084
100,-4,8,M,21,30,150,213,237,25,154,full_trace_mean_square,0.882100011422537
100,-4,8,P,21,30,150,213,237,25,154,full_trace_mean_square,0.935405018487324
100,-4,8,SLTA,21,30,150,213,237,25,154,full_trace_mean_square,0.800745460587149
100,-4,8,Std,21,30,150,213,237,25,154,full_trace_mean_square,0.9175366022432949
100,-4,8,S,21,30,150,213,237,25,154,full_trace_mean_square,0.37529230273121267
100,-4,8,K,21,30,150,213,237,25,154,full_trace_mean_square,0.5139943592185618
100,-4,9,M,21,30,150,213,237,25,142,full_trace_mean_square,0.9098253517583847
100,-4,9,P,21,30,150,213,237,25,142,full_trace_mean_square,0.944675568625532
100,-4,9,SLTA,21,30,150,213,237,25,142,full_trace_mean_square,0.8339942994295902
100,-4,9,Std,21,30,150,213,237,25,142,full_trace_mean_square,0.9369618988488068
100,-4,9,S,21,30,150,213,237,25,142,full_trace_mean_square,0.2923863520255592
100,-4,9,K,21,30,150,213,237,25,142,full_trace_mean_square,0.3483822995583963
100,-4,10,M,21,30,150,213,237,25,145,full_trace_mean_square,0.9112960924394701
100,-4,10,P,21,30,150,213,237,25,145,full_trace_mean_square,0.9432013221848168
100,-4,10,SLTA,21,30,150,213,237,25,145,full_trace_mean_square,0.8244150463725944
100,-4,10,Std,21,30,150,213,237,25,145,full_trace_mean_square,0.9423899116960821
100,-4,10,S,21,30,150,213,237,25,145,full_trace_mean_square,0.35999037126206723
100,-4,10,K,21,30,150,213,237,25,145,full_trace_mean_square,0.5155189930679465
100,-4,11,M,21,30,150,213,237,25,161,full_trace_mean_square,0.9082622352284214
100,-4,11,P,21,30,150,213,237,25,161,full_trace_mean_square,0.9436680689752566
100,-4,11,SLTA,21,30,150,213,237,25,161,full_trace_mean_square,0.8282967239852593
100,-4,11,Std,21,30,150,213,237,25,161,full_trace_mean_square,0.936999728409211
100,-4,11,S,21,30,150,213,237,25,161,full_trace_mean_square,0.23322361008443815
100,-4,11,K,21,30,150,213,237,25,161,full_trace_mean_square,0.4121832742448939
100,-4,12,M,21,30,150,213,237,25,162,full_trace_mean_square,0.8978708279005451
100,-4,12,P,21,30,150,213,237,25,162,full_trace_mean_square,0.9417016950868347
100,-4,12,SLTA,21,30,150,213,237,25,162,full_trace_mean_square,0.811890375629633
100,-4,12,Std,21,30,150,213,237,25,162,full_trace_mean_square,0.9236860506098719
100,-4,12,S,21,30,150,213,237,25,162,full_trace_mean_square,0.3135797149267016
100,-4,12,K,21,30,150,213,237,25,162,full_trace_mean_square,0.39519652561184815
100,-4,13,M,21,30,150,213,237,25,145,full_trace_mean_square,0.8985368470216503
100,-4,13,P,21,30,150,213,237,25,145,full_trace_mean_square,0.9413641009070318
100,-4,13,SLTA,21,30,150,213,237,25,145,full_trace_mean_square,0.8121408356658611
100,-4,13,Std,21,30,150,213,237,25,145,full_trace_mean_square,0.9274550443469044
100,-4,13,S,21,30,150,213,237,25,145,full_trace_mean_square,0.4482884934621458
100,-4,13,K,21,30,150,213,237,25,145,full_trace_mean_square,0.5097537483545057
100,-4,14,M,21,30,150,213,237,25,147,full_trace_mean_square,0.9176931477544191
100,-4,14,P,21,30,150,213,237,25,147,full_trace_mean_square,0.9442103958367757
100,-4,14,SLTA,21,30,150,213,237,25,147,full_trace_mean_square,0.8297364073904072
100,-4,14,Std,21,30,150,213,237,25,147,full_trace_mean_square,0.9384977800709379
100,-4,14,S,21,30,150,213,237,25,147,full_trace_mean_square,0.2563792889348395
100,-4,14,K,21,30,150,213,237,25,147,full_trace_mean_square,0.29463891402403664
100,-4,15,M,21,30,150,213,237,25,170,full_trace_mean_square,0.8714733873613243
100,-4,15,P,21,30,150,213,237,25,170,full_trace_mean_square,0.9373760543853586
100,-4,15,SLTA,21,30,150,213,237,25,170,full_trace_mean_square,0.8088198745685804
100,-4,15,Std,21,30,150,213,237,25,170,full_trace_mean_square,0.9208176549413571
100,-4,15,S,21,30,150,213,237,25,170,full_trace_mean_square,0.3786435535441894
100,-4,15,K,21,30,150,213,237,25,170,full_trace_mean_square,0.46719628748928343
100,-4,16,M,21,30,150,213,237,25,141,full_trace_mean_square,0.8837983231885119
100,-4,16,P,21,30,150,213,237,25,141,full_trace_mean_square,0.9409554011867426
100,-4,16,SLTA,21,30,150,213,237,25,141,full_trace_mean_square,0.8140553128473367
100,-4,16,Std,21,30,150,213,237,25,141,full_trace_mean_square,0.9112853114774004
100,-4,16,S,21,30,150,213,237,25,141,full_trace_mean_square,0.35166018728633414
100,-4,16,K,21,30,150,213,237,25,141,full_trace_mean_square,0.41700580652414987
100,-4,17,M,21,30,150,213,237,25,167,full_trace_mean_square,0.8873584329788015
100,-4,17,P,21,30,150,213,237,25,167,full_trace_mean_square,0.93580042168251
100,-4,17,SLTA,21,30,150,213,237,25,167,full_trace_mean_square,0.807880735018308
100,-4,17,Std,21,30,150,213,237,25,167,full_trace_mean_square,0.9112958773219318
100,-4,17,S,21,30,150,213,237,25,167,full_trace_mean_square,0.49492526998418707
100,-4,17,K,21,30,150,213,237,25,167,full_trace_mean_square,0.5759096910566693
100,-4,18,M,21,30,150,213,237,25,133,full_trace_mean_square,0.8932805237370292
100,-4,18,P,21,30,150,213,237,25,133,full_trace_mean_square,0.9404201508314013
100,-4,18,SLTA,21,30,150,213,237,25,133,full_trace_mean_square,0.7933617919564411
100,-4,18,Std,21,30,150,213,237,25,133,full_trace_mean_square,0.9137257047409183
100,-4,18,S,21,30,150,213,237,25,133,full_trace_mean_square,0.4941755556352773
100,-4,18,K,21,30,150,213,237,25,133,full_trace_mean_square,0.5998988224577013
100,-4,19,M,21,30,150,213,237,25,129,full_trace_mean_square,0.916826291680301
100,-4,19,P,21,30,150,213,237,25,129,full_trace_mean_square,0.9440730792691299
100,-4,19,SLTA,21,30,150,213,237,25,129,full_trace_mean_square,0.840946111911327
100,-4,19,Std,21,30,150,213,237,25,129,full_trace_mean_square,0.9460775142748001
100,-4,19,S,21,30,150,213,237,25,129,full_trace_mean_square,0.3890729863071146
100,-4,19,K,21,30,150,213,237,25,129,full_trace_mean_square,0.4396416546861863
100,-4,20,M,21,30,150,213,237,25,152,full_trace_mean_square,0.9067662630541455
100,-4,20,P,21,30,150,213,237,25,152,full_trace_mean_square,0.942394394272286
100,-4,20,SLTA,21,30,150,213,237,25,152,full_trace_mean_square,0.8252244495231562
100,-4,20,Std,21,30,150,213,237,25,152,full_trace_mean_square,0.9311697386409459
100,-4,20,S,21,30,150,213,237,25,152,full_trace_mean_square,0.3157910214438027
100,-4,20,K,21,30,150,213,237,25,152,full_trace_mean_square,0.30769349222297854
100,-4,21,M,21,30,150,213,237,25,113,full_trace_mean_square,0.8798610916281728
100,-4,21,P,21,30,150,213,237,25,113,full_trace_mean_square,0.9402712188940386
100,-4,21,SLTA,21,30,150,213,237,25,113,full_trace_mean_square,0.760278906723116
100,-4,21,Std,21,30,150,213,237,25,113,full_trace_mean_square,0.9062507260196485
100,-4,21,S,21,30,150,213,237,25,113,full_trace_mean_square,0.22607790281727014
100,-4,21,K,21,30,150,213,237,25,113,full_trace_mean_square,0.34896017307241406
100,-4,22,M,21,30,150,213,237,25,145,full_trace_mean_square,0.9191362319116301
100,-4,22,P,21,30,150,213,237,25,145,full_trace_mean_square,0.9443315606341552
100,-4,22,SLTA,21,30,150,213,237,25,145,full_trace_mean_square,0.8251522737095006
100,-4,22,Std,21,30,150,213,237,25,145,full_trace_mean_square,0.9438113760635145
100,-4,22,S,21,30,150,213,237,25,145,full_trace_mean_square,0.3275462276032161
100,-4,22,K,21,30,150,213,237,25,145,full_trace_mean_square,0.38363357880901383
100,-4,23,M,21,30,150,213,237,25,131,full_trace_mean_square,0.8878770115458667
100,-4,23,P,21,30,150,213,237,25,131,full_trace_mean_square,0.9388160398494269
100,-4,23,SLTA,21,30,150,213,237,25,131,full_trace_mean_square,0.8185446410979332
100,-4,23,Std,21,30,150,213,237,25,131,full_trace_mean_square,0.9174589127306005
100,-4,23,S,21,30,150,213,237,25,131,full_trace_mean_square,0.2708723388247646
100,-4,23,K,21,30,150,213,237,25,131,full_trace_mean_square,0.32288361400220233
100,-4,24,M,21,30,150,213,237,25,142,full_trace_mean_square,0.8884493557324077
100,-4,24,P,21,30,150,213,237,25,142,full_trace_mean_square,0.9381370681831039
100,-4,24,SLTA,21,30,150,213,237,25,142,full_trace_mean_square,0.802510800805217
100,-4,24,Std,21,30,150,213,237,25,142,full_trace_mean_square,0.9122811638898154
100,-4,24,S,21,30,150,213,237,25,142,full_trace_mean_square,0.2873320103372611
100,-4,24,K,21,30,150,213,237,25,142,full_trace_mean_square,0.3672266495949239
100,-4,25,M,21,30,150,213,237,25,152,full_trace_mean_square,0.9050694806445575
100,-4,25,P,21,30,150,213,237,25,152,full_trace_mean_square,0.9428549397150185
100,-4,25,SLTA,21,30,150,213,237,25,152,full_trace_mean_square,0.8280557816598677
100,-4,25,Std,21,30,150,213,237,25,152,full_trace_mean_square,0.9286902970197944
100,-4,25,S,21,30,150,213,237,25,152,full_trace_mean_square,0.33799198260575136
100,-4,25,K,21,30,150,213,237,25,152,full_trace_mean_square,0.45337152324800395
100,-4,26,M,21,30,150,213,237,25,141,full_trace_mean_square,0.8741699105482802
100,-4,26,P,21,30,150,213,237,25,141,full_trace_mean_square,0.9395138855663105
100,-4,26,SLTA,21,30,150,213,237,25,141,full_trace_mean_square,0.8143317129791245
100,-4,26,Std,21,30,150,213,237,25,141,full_trace_mean_square,0.9139092951522471
100,-4,26,S,21,30,150,213,237,25,141,full_trace_mean_square,0.49288639272051765
100,-4,26,K,21,30,150,213,237,25,141,full_trace_mean_square,0.6291703288261706
100,-4,27,M,21,30,150,213,237,25,151,full_trace_mean_square,0.870272070965727
100,-4,27,P,21,30,150,213,237,25,151,full_trace_mean_square,0.9379422196417633
100,-4,27,SLTA,21,30,150,213,237,25,151,full_trace_mean_square,0.798312674037057
100,-4,27,Std,21,30,150,213,237,25,151,full_trace_mean_square,0.9080174532510521
100,-4,27,S,21,30,150,213,237,25,151,full_trace_mean_square,0.26561277314314424
100,-4,27,K,21,30,150,213,237,25,151,full_trace_mean_square,0.3535883625150486
100,-4,28,M,21,30,150,213,237,25,149,full_trace_mean_square,0.9136536527163979
100,-4,28,P,21,30,150,213,237,25,149,full_trace_mean_square,0.9409745027546373
100,-4,28,SLTA,21,30,150,213,237,25,149,full_trace_mean_square,0.8095284879202999
100,-4,28,Std,21,30,150,213,237,25,149,full_trace_mean_square,0.9359328069646342
100,-4,28,S,21,30,150,213,237,25,149,full_trace_mean_square,0.27123461948956734
100,-4,28,K,21,30,150,213,237,25,149,full_trace_mean_square,0.3952750892005306
100,-4,29,M,21,30,150,213,237,25,158,full_trace_mean_square,0.9071287992107018
100,-4,29,P,21,30,150,213,237,25,158,full_trace_mean_square,0.9413510752972859
100,-4,29,SLTA,21,30,150,213,237,25,158,full_trace_mean_square,0.8218007458744869
100,-4,29,Std,21,30,150,213,237,25,158,full_trace_mean_square,0.9300372509797513
100,-4,29,S,21,30,150,213,237,25,158,full_trace_mean_square,0.2869319044113796
100,-4,29,K,21,30,150,213,237,25,158,full_trace_mean_square,0.39392422261498217
100,-4,30,M,21,30,150,213,237,25,123,full_trace_mean_square,0.8825348910230209
100,-4,30,P,21,30,150,213,237,25,123,full_trace_mean_square,0.9416775511612311
100,-4,30,SLTA,21,30,150,213,237,25,123,full_trace_mean_square,0.7838577928479978
100,-4,30,Std,21,30,150,213,237,25,123,full_trace_mean_square,0.914788168318936
100,-4,30,S,21,30,150,213,237,25,123,full_trace_mean_square,0.2721775371364425
100,-4,30,K,21,30,150,213,237,25,123,full_trace_mean_square,0.4507023421823748
100,-4,31,M,21,30,150,213,237,25,160,full_trace_mean_square,0.8802370489176653
100,-4,31,P,21,30,150,213,237,25,160,full_trace_mean_square,0.9391217556600808
100,-4,31,SLTA,21,30,150,213,237,25,160,full_trace_mean_square,0.8132569054602943
100,-4,31,Std,21,30,150,213,237,25,160,full_trace_mean_square,0.911147693222629
100,-4,31,S,21,30,150,213,237,25,160,full_trace_mean_square,0.21471152321380438
100,-4,31,K,21,30,150,213,237,25,160,full_trace_mean_square,0.3448959401188557
100,-4,32,M,21,30,150,213,237,25,143,full_trace_mean_square,0.9068802170883544
100,-4,32,P,21,30,150,213,237,25,143,full_trace_mean_square,0.9422871617741252
100,-4,32,SLTA,21,30,150,213,237,25,143,full_trace_mean_square,0.8059932330819417
100,-4,32,Std,21,30,150,213,237,25,143,full_trace_mean_square,0.9275546770915926
100,-4,32,S,21,30,150,213,237,25,143,full_trace_mean_square,0.328383482385782
100,-4,32,K,21,30,150,213,237,25,143,full_trace_mean_square,0.4166349870168205
100,-4,33,M,21,30,150,213,237,25,142,full_trace_mean_square,0.9146176738373654
100,-4,33,P,21,30,150,213,237,25,142,full_trace_mean_square,0.9443902349077455
100,-4,33,SLTA,21,30,150,213,237,25,142,full_trace_mean_square,0.839737285918135
100,-4,33,Std,21,30,150,213,237,25,142,full_trace_mean_square,0.9313977104476896
100,-4,33,S,21,30,150,213,237,25,142,full_trace_mean_square,0.43105587108851573
100,-4,33,K,21,30,150,213,237,25,142,full_trace_mean_square,0.31146898244950033
100,-4,34,M,21,30,150,213,237,25,136,full_trace_mean_square,0.9017001124942505
100,-4,34,P,21,30,150,213,237,25,136,full_trace_mean_square,0.9434864413960914
100,-4,34,SLTA,21,30,150,213,237,25,136,full_trace_mean_square,0.8066926049476704
100,-4,34,Std,21,30,150,213,237,25,136,full_trace_mean_square,0.9337529350189794
100,-4,34,S,21,30,150,213,237,25,136,full_trace_mean_square,0.31035184529359555
100,-4,34,K,21,30,150,213,237,25,136,full_trace_mean_square,0.4414541429363659
100,-4,35,M,21,30,150,213,237,25,166,full_trace_mean_square,0.9080805844513207
100,-4,35,P,21,30,150,213,237,25,166,full_trace_mean_square,0.9417982516173309
100,-4,35,SLTA,21,30,150,213,237,25,166,full_trace_mean_square,0.8280831479196735
100,-4,35,Std,21,30,150,213,237,25,166,full_trace_mean_square,0.9290126233803854
100,-4,35,S,21,30,150,213,237,25,166,full_trace_mean_square,0.35081373797805654
100,-4,35,K,21,30,150,213,237,25,166,full_trace_mean_square,0.45013926735913046
100,-4,36,M,21,30,150,213,237,25,154,full_trace_mean_square,0.9185822917562936
100,-4,36,P,21,30,150,213,237,25,154,full_trace_mean_square,0.9446498959955529
100,-4,36,SLTA,21,30,150,213,237,25,154,full_trace_mean_square,0.7893458252385953
100,-4,36,Std,21,30,150,213,237,25,154,full_trace_mean_square,0.9316855826872933
100,-4,36,S,21,30,150,213,237,25,154,full_trace_mean_square,0.1713999028867209
100,-4,36,K,21,30,150,213,237,25,154,full_trace_mean_square,0.2501003939456336
100,-4,37,M,21,30,150,213,237,25,112,full_trace_mean_square,0.8556089403854529
100,-4,37,P,21,30,150,213,237,25,112,full_trace_mean_square,0.9364701771052614
100,-4,37,SLTA,21,30,150,213,237,25,112,full_trace_mean_square,0.7427503223788455
100,-4,37,Std,21,30,150,213,237,25,112,full_trace_mean_square,0.8902593983664654
100,-4,37,S,21,30,150,213,237,25,112,full_trace_mean_square,0.24486397710697774
100,-4,37,K,21,30,150,213,237,25,112,full_trace_mean_square,0.3414530650352836
100,-4,38,M,21,30,150,213,237,25,155,full_trace_mean_square,0.8686893118095529
100,-4,38,P,21,30,150,213,237,25,155,full_trace_mean_square,0.9361658442215517
100,-4,38,SLTA,21,30,150,213,237,25,155,full_trace_mean_square,0.8158664933774817
100,-4,38,Std,21,30,150,213,237,25,155,full_trace_mean_square,0.9105544174137017
100,-4,38,S,21,30,150,213,237,25,155,full_trace_mean_square,0.34817718526467395
100,-4,38,K,21,30,150,213,237,25,155,full_trace_mean_square,0.4201684351861454
100,-4,39,M,21,30,150,213,237,25,118,full_trace_mean_square,0.899286335310386
100,-4,39,P,21,30,150,213,237,25,118,full_trace_mean_square,0.9424572637691346
100,-4,39,SLTA,21,30,150,213,237,25,118,full_trace_mean_square,0.8141792321119449
100,-4,39,Std,21,30,150,213,237,25,118,full_trace_mean_square,0.9298289083694394
100,-4,39,S,21,30,150,213,237,25,118,full_trace_mean_square,0.38842971087055
100,-4,39,K,21,30,150,213,237,25,118,full_trace_mean_square,0.4596236073918423
100,-4,40,M,21,30,150,213,237,25,137,full_trace_mean_square,0.8743959175615519
100,-4,40,P,21,30,150,213,237,25,137,full_trace_mean_square,0.9396512079772584
100,-4,40,SLTA,21,30,150,213,237,25,137,full_trace_mean_square,0.7827839796627062
100,-4,40,Std,21,30,150,213,237,25,137,full_trace_mean_square,0.9149145875116537
100,-4,40,S,21,30,150,213,237,25,137,full_trace_mean_square,0.2606376599320713
100,-4,40,K,21,30,150,213,237,25,137,full_trace_mean_square,0.3913558729917318
100,-4,41,M,21,30,150,213,237,25,158,full_trace_mean_square,0.9097920789959908
100,-4,41,P,21,30,150,213,237,25,158,full_trace_mean_square,0.9425160645799202
100,-4,41,SLTA,21,30,150,213,237,25,158,full_trace_mean_square,0.8436133995626688
100,-4,41,Std,21,30,150,213,237,25,158,full_trace_mean_square,0.938679749626023
100,-4,41,S,21,30,150,213,237,25,158,full_trace_mean_square,0.3297636770440892
100,-4,41,K,21,30,150,213,237,25,158,full_trace_mean_square,0.40986008171970567
100,-4,42,M,21,30,150,213,237,25,150,full_trace_mean_square,0.9007442561520999
100,-4,42,P,21,30,150,213,237,25,150,full_trace_mean_square,0.9418670150658004
100,-4,42,SLTA,21,30,150,213,237,25,150,full_trace_mean_square,0.8415029697331352
100,-4,42,Std,21,30,150,213,237,25,150,full_trace_mean_square,0.918483085064521
100,-4,42,S,21,30,150,213,237,25,150,full_trace_mean_square,0.262088523675127
100,-4,42,K,21,30,150,213,237,25,150,full_trace_mean_square,0.31603854847035245
100,-4,43,M,21,30,150,213,237,25,155,full_trace_mean_square,0.926350269080963
100,-4,43,P,21,30,150,213,237,25,155,full_trace_mean_square,0.9426560872455906
100,-4,43,SLTA,21,30,150,213,237,25,155,full_trace_mean_square,0.8308436018940036
100,-4,43,Std,21,30,150,213,237,25,155,full_trace_mean_square,0.9420830446402864
100,-4,43,S,21,30,150,213,237,25,155,full_trace_mean_square,0.46689290861533406
100,-4,43,K,21,30,150,213,237,25,155,full_trace_mean_square,0.6004275175582073
100,-4,44,M,21,30,150,213,237,25,120,full_trace_mean_square,0.9040163517796578
100,-4,44,P,21,30,150,213,237,25,120,full_trace_mean_square,0.9448281883952198
100,-4,44,SLTA,21,30,150,213,237,25,120,full_trace_mean_square,0.7379117911470024
100,-4,44,Std,21,30,150,213,237,25,120,full_trace_mean_square,0.9253757063217428
100,-4,44,S,21,30,150,213,237,25,120,full_trace_mean_square,0.35495807195515333
100,-4,44,K,21,30,150,213,237,25,120,full_trace_mean_square,0.38960491309496903
100,-4,45,M,21,30,150,213,237,25,148,full_trace_mean_square,0.8878371165192593
100,-4,45,P,21,30,150,213,237,25,148,full_trace_mean_square,0.9409515431946679
100,-4,45,SLTA,21,30,150,213,237,25,148,full_trace_mean_square,0.8003823505741341
100,-4,45,Std,21,30,150,213,237,25,148,full_trace_mean_square,0.9184688813109321
100,-4,45,S,21,30,150,213,237,25,148,full_trace_mean_square,0.4235509320450181
100,-4,45,K,21,30,150,213,237,25,148,full_trace_mean_square,0.4442829406097684
100,-4,46,M,21,30,150,213,237,25,121,full_trace_mean_square,0.88945553946113
100,-4,46,P,21,30,150,213,237,25,121,full_trace_mean_square,0.9422710394205902
100,-4,46,SLTA,21,30,150,213,237,25,121,full_trace_mean_square,0.8111297292264781
100,-4,46,Std,21,30,150,213,237,25,121,full_trace_mean_square,0.9254083394201449
100,-4,46,S,21,30,150,213,237,25,121,full_trace_mean_square,0.25100722888055677
100,-4,46,K,21,30,150,213,237,25,121,full_trace_mean_square,0.3713652500479012
100,-4,47,M,21,30,150,213,237,25,142,full_trace_mean_square,0.8940745418881418
100,-4,47,P,21,30,150,213,237,25,142,full_trace_mean_square,0.9431161747042365
100,-4,47,SLTA,21,30,150,213,237,25,142,full_trace_mean_square,0.7698079507789817
100,-4,47,Std,21,30,150,213,237,25,142,full_trace_mean_square,0.9260120412650923
100,-4,47,S,21,30,150,213,237,25,142,full_trace_mean_square,0.20823963215281013
100,-4,47,K,21,30,150,213,237,25,142,full_trace_mean_square,0.2367140279918553
100,-4,48,M,21,30,150,213,237,25,156,full_trace_mean_square,0.9107268413540947
100,-4,48,P,21,30,150,213,237,25,156,full_trace_mean_square,0.9420514959902307
100,-4,48,SLTA,21,30,150,213,237,25,156,full_trace_mean_square,0.8003066320634111
100,-4,48,Std,21,30,150,213,237,25,156,full_trace_mean_square,0.9334723541874328
100,-4,48,S,21,30,150,213,237,25,156,full_trace_mean_square,0.2915246834538408
100,-4,48,K,21,30,150,213,237,25,156,full_trace_mean_square,0.31422530947267435
100,-4,49,M,21,30,150,213,237,25,146,full_trace_mean_square,0.9160243128751926
100,-4,49,P,21,30,150,213,237,25,146,full_trace_mean_square,0.9450211168289671
100,-4,49,SLTA,21,30,150,213,237,25,146,full_trace_mean_square,0.8314339035055439
100,-4,49,Std,21,30,150,213,237,25,146,full_trace_mean_square,0.9336907045986487
100,-4,49,S,21,30,150,213,237,25,146,full_trace_mean_square,0.4983861898989062
100,-4,49,K,21,30,150,213,237,25,146,full_trace_mean_square,0.5428384671321097
100,-4,50,M,21,30,150,213,237,25,147,full_trace_mean_square,0.901606601013384
100,-4,50,P,21,30,150,213,237,25,147,full_trace_mean_square,0.942955653796809
100,-4,50,SLTA,21,30,150,213,237,25,147,full_trace_mean_square,0.8157600641148214
100,-4,50,Std,21,30,150,213,237,25,147,full_trace_mean_square,0.9266758721677817
100,-4,50,S,21,30,150,213,237,25,147,full_trace_mean_square,0.37172540246079894
100,-4,50,K,21,30,150,213,237,25,147,full_trace_mean_square,0.41566854204869874
100,-4,51,M,21,30,150,213,237,25,153,full_trace_mean_square,0.8950550135287408
100,-4,51,P,21,30,150,213,237,25,153,full_trace_mean_square,0.9415837135342003
100,-4,51,SLTA,21,30,150,213,237,25,153,full_trace_mean_square,0.8227313816251572
100,-4,51,Std,21,30,150,213,237,25,153,full_trace_mean_square,0.9257553210133517
100,-4,51,S,21,30,150,213,237,25,153,full_trace_mean_square,0.25437982577536766
100,-4,51,K,21,30,150,213,237,25,153,full_trace_mean_square,0.4184680078688651
100,-4,52,M,21,30,150,213,237,25,112,full_trace_mean_square,0.9120200025106441
100,-4,52,P,21,30,150,213,237,25,112,full_trace_mean_square,0.9438751878550252
100,-4,52,SLTA,21,30,150,213,237,25,112,full_trace_mean_square,0.7918217447302736
100,-4,52,Std,21,30,150,213,237,25,112,full_trace_mean_square,0.9290336943248373
100,-4,52,S,21,30,150,213,237,25,112,full_trace_mean_square,0.2588618484143952
100,-4,52,K,21,30,150,213,237,25,112,full_trace_mean_square,0.3519619143091234
100,-4,53,M,21,30,150,213,237,25,167,full_trace_mean_square,0.8935632656072855
100,-4,53,P,21,30,150,213,237,25,167,full_trace_mean_square,0.9424772228942093
100,-4,53,SLTA,21,30,150,213,237,25,167,full_trace_mean_square,0.8258136557820266
100,-4,53,Std,21,30,150,213,237,25,167,full_trace_mean_square,0.9277685728340145
100,-4,53,S,21,30,150,213,237,25,167,full_trace_mean_square,0.4048457686144175
100,-4,53,K,21,30,150,213,237,25,167,full_trace_mean_square,0.5001379582355164
100,-4,54,M,21,30,150,213,237,25,174,full_trace_mean_square,0.8907132152454481
100,-4,54,P,21,30,150,213,237,25,174,full_trace_mean_square,0.9408979893100337
100,-4,54,SLTA,21,30,150,213,237,25,174,full_trace_mean_square,0.8303057025951817
100,-4,54,Std,21,30,150,213,237,25,174,full_trace_mean_square,0.9288082669526745
100,-4,54,S,21,30,150,213,237,25,174,full_trace_mean_square,0.29987419202435284
100,-4,54,K,21,30,150,213,237,25,174,full_trace_mean_square,0.3931804562711067
100,-4,55,M,21,30,150,213,237,25,155,full_trace_mean_square,0.9111479309987719
100,-4,55,P,21,30,150,213,237,25,155,full_trace_mean_square,0.9387741256989625
100,-4,55,SLTA,21,30,150,213,237,25,155,full_trace_mean_square,0.8175293453616389
100,-4,55,Std,21,30,150,213,237,25,155,full_trace_mean_square,0.9215687054893307
100,-4,55,S,21,30,150,213,237,25,155,full_trace_mean_square,0.12711853684877877
100,-4,55,K,21,30,150,213,237,25,155,full_trace_mean_square,0.25981156621676277
100,-4,56,M,21,30,150,213,237,25,137,full_trace_mean_square,0.8590467284347679
100,-4,56,P,21,30,150,213,237,25,137,full_trace_mean_square,0.9368621012368802
100,-4,56,SLTA,21,30,150,213,237,25,137,full_trace_mean_square,0.8192642593856161
100,-4,56,Std,21,30,150,213,237,25,137,full_trace_mean_square,0.9067527703785538
100,-4,56,S,21,30,150,213,237,25,137,full_trace_mean_square,0.23319488072563985
100,-4,56,K,21,30,150,213,237,25,137,full_trace_mean_square,0.33252487997057734
100,-4,57,M,21,30,150,213,237,25,146,full_trace_mean_square,0.9288832761946867
100,-4,57,P,21,30,150,213,237,25,146,full_trace_mean_square,0.9463631644082495
100,-4,57,SLTA,21,30,150,213,237,25,146,full_trace_mean_square,0.8353246250424982
100,-4,57,Std,21,30,150,213,237,25,146,full_trace_mean_square,0.9473187469180241
100,-4,57,S,21,30,150,213,237,25,146,full_trace_mean_square,0.26599866949735573
100,-4,57,K,21,30,150,213,237,25,146,full_trace_mean_square,0.38346765687184736
100,-4,58,M,21,30,150,213,237,25,158,full_trace_mean_square,0.9163814675540488
100,-4,58,P,21,30,150,213,237,25,158,full_trace_mean_square,0.941085610183053
100,-4,58,SLTA,21,30,150,213,237,25,158,full_trace_mean_square,0.838645806262291
100,-4,58,Std,21,30,150,213,237,25,158,full_trace_mean_square,0.9394929599437195
100,-4,58,S,21,30,150,213,237,25,158,full_trace_mean_square,0.4087649319478117
100,-4,58,K,21,30,150,213,237,25,158,full_trace_mean_square,0.46355606662209714
100,-4,59,M,21,30,150,213,237,25,142,full_trace_mean_square,0.8901046928968767
100,-4,59,P,21,30,150,213,237,25,142,full_trace_mean_square,0.9403727121571204
100,-4,59,SLTA,21,30,150,213,237,25,142,full_trace_mean_square,0.7921431716952956
100,-4,59,Std,21,30,150,213,237,25,142,full_trace_mean_square,0.923125634443759
100,-4,59,S,21,30,150,213,237,25,142,full_trace_mean_square,0.3450810908843072
100,-4,59,K,21,30,150,213,237,25,142,full_trace_mean_square,0.5107482227053529
100,-4,60,M,21,30,150,213,237,25,167,full_trace_mean_square,0.8847063104568913
100,-4,60,P,21,30,150,213,237,25,167,full_trace_mean_square,0.9396386878763188
100,-4,60,SLTA,21,30,150,213,237,25,167,full_trace_mean_square,0.8123053704624374
100,-4,60,Std,21,30,150,213,237,25,167,full_trace_mean_square,0.9146116736390405
100,-4,60,S,21,30,150,213,237,25,167,full_trace_mean_square,0.25364827996448636
100,-4,60,K,21,30,150,213,237,25,167,full_trace_mean_square,0.21391976017556816
100,-4,61,M,21,30,150,213,237,25,163,full_trace_mean_square,0.9008102995911531
100,-4,61,P,21,30,150,213,237,25,163,full_trace_mean_square,0.9411845595116223
100,-4,61,SLTA,21,30,150,213,237,25,163,full_trace_mean_square,0.8046688176102651
100,-4,61,Std,21,30,150,213,237,25,163,full_trace_mean_square,0.9209607002404858
100,-4,61,S,21,30,150,213,237,25,163,full_trace_mean_square,0.36179770243322734
100,-4,61,K,21,30,150,213,237,25,163,full_trace_mean_square,0.4132739755726463
100,-4,62,M,21,30,150,213,237,25,134,full_trace_mean_square,0.8972540374399285
100,-4,62,P,21,30,150,213,237,25,134,full_trace_mean_square,0.9408761965024902
100,-4,62,SLTA,21,30,150,213,237,25,134,full_trace_mean_square,0.799961623389961
100,-4,62,Std,21,30,150,213,237,25,134,full_trace_mean_square,0.9218409218056367
100,-4,62,S,21,30,150,213,237,25,134,full_trace_mean_square,0.3395999522190769
100,-4,62,K,21,30,150,213,237,25,134,full_trace_mean_square,0.43444788718382715
100,-4,63,M,21,30,150,213,237,25,155,full_trace_mean_square,0.8920140221508239
100,-4,63,P,21,30,150,213,237,25,155,full_trace_mean_square,0.9409721140056044
100,-4,63,SLTA,21,30,150,213,237,25,155,full_trace_mean_square,0.8308139056559586
100,-4,63,Std,21,30,150,213,237,25,155,full_trace_mean_square,0.9294167880321185
100,-4,63,S,21,30,150,213,237,25,155,full_trace_mean_square,0.26990484312258906
100,-4,63,K,21,30,150,213,237,25,155,full_trace_mean_square,0.41527562665811396
100,-4,64,M,21,30,150,213,237,25,114,full_trace_mean_square,0.8417363727804875
100,-4,64,P,21,30,150,213,237,25,114,full_trace_mean_square,0.9331728708887628
100,-4,64,SLTA,21,30,150,213,237,25,114,full_trace_mean_square,0.8174418744836942
100,-4,64,Std,21,30,150,213,237,25,114,full_trace_mean_square,0.9013959288497432
100,-4,64,S,21,30,150,213,237,25,114,full_trace_mean_square,0.2728436128208584
100,-4,64,K,21,30,150,213,237,25,114,full_trace_mean_square,0.3438324912160571
100,-4,65,M,21,30,150,213,237,25,130,full_trace_mean_square,0.9146278296562216
100,-4,65,P,21,30,150,213,237,25,130,full_trace_mean_square,0.9456789024623089
100,-4,65,SLTA,21,30,150,213,237,25,130,full_trace_mean_square,0.7900548771047172
100,-4,65,Std,21,30,150,213,237,25,130,full_trace_mean_square,0.9367087481872298
100,-4,65,S,21,30,150,213,237,25,130,full_trace_mean_square,0.16476167722398954
100,-4,65,K,21,30,150,213,237,25,130,full_trace_mean_square,0.26652149679451004
100,-4,66,M,21,30,150,213,237,25,152,full_trace_mean_square,0.9133760368008906
100,-4,66,P,21,30,150,213,237,25,152,full_trace_mean_square,0.9438793592596754
100,-4,66,SLTA,21,30,150,213,237,25,152,full_trace_mean_square,0.8280374007779215
100,-4,66,Std,21,30,150,213,237,25,152,full_trace_mean_square,0.9263404175498731
100,-4,66,S,21,30,150,213,237,25,152,full_trace_mean_square,0.2556852355286744
100,-4,66,K,21,30,150,213,237,25,152,full_trace_mean_square,0.32700273585699574
100,-4,67,M,21,30,150,213,237,25,137,full_trace_mean_square,0.8810337942306204
100,-4,67,P,21,30,150,213,237,25,137,full_trace_mean_square,0.9411793910231742
100,-4,67,SLTA,21,30,150,213,237,25,137,full_trace_mean_square,0.804799332037329
100,-4,67,Std,21,30,150,213,237,25,137,full_trace_mean_square,0.9181555511519774
100,-4,67,S,21,30,150,213,237,25,137,full_trace_mean_square,0.2928334306492294
100,-4,67,K,21,30,150,213,237,25,137,full_trace_mean_square,0.3799044826912057
100,-4,68,M,21,30,150,213,237,25,155,full_trace_mean_square,0.9099395053067114
100,-4,68,P,21,30,150,213,237,25,155,full_trace_mean_square,0.9443828929486057
100,-4,68,SLTA,21,30,150,213,237,25,155,full_trace_mean_square,0.8291292272354268
100,-4,68,Std,21,30,150,213,237,25,155,full_trace_mean_square,0.9356576706955895
100,-4,68,S,21,30,150,213,237,25,155,full_trace_mean_square,0.32830829742416306
100,-4,68,K,21,30,150,213,237,25,155,full_trace_mean_square,0.3983010668324625
100,-4,69,M,21,30,150,213,237,25,160,full_trace_mean_square,0.9131402202858053
100,-4,69,P,21,30,150,213,237,25,160,full_trace_mean_square,0.9424829653505121
100,-4,69,SLTA,21,30,150,213,237,25,160,full_trace_mean_square,0.8387932958819686
100,-4,69,Std,21,30,150,213,237,25,160,full_trace_mean_square,0.9404527455627788
100,-4,69,S,21,30,150,213,237,25,160,full_trace_mean_square,0.2577804706644952
100,-4,69,K,21,30,150,213,237,25,160,full_trace_mean_square,0.27545655558627086
100,-4,70,M,21,30,150,213,237,25,131,full_trace_mean_square,0.910448542321422
100,-4,70,P,21,30,150,213,237,25,131,full_trace_mean_square,0.9423662168950422
100,-4,70,SLTA,21,30,150,213,237,25,131,full_trace_mean_square,0.8135834437223823
100,-4,70,Std,21,30,150,213,237,25,131,full_trace_mean_square,0.9366452592582412
100,-4,70,S,21,30,150,213,237,25,131,full_trace_mean_square,0.3600197536146698
100,-4,70,K,21,30,150,213,237,25,131,full_trace_mean_square,0.4102381646464796
100,-4,71,M,21,30,150,213,237,25,136,full_trace_mean_square,0.9133699690585654
100,-4,71,P,21,30,150,213,237,25,136,full_trace_mean_square,0.944494076299508
100,-4,71,SLTA,21,30,150,213,237,25,136,full_trace_mean_square,0.7923874918433954
100,-4,71,Std,21,30,150,213,237,25,136,full_trace_mean_square,0.9346090503854149
100,-4,71,S,21,30,150,213,237,25,136,full_trace_mean_square,0.2230433333464091
100,-4,71,K,21,30,150,213,237,25,136,full_trace_mean_square,0.25851801834464055
100,-4,72,M,21,30,150,213,237,25,156,full_trace_mean_square,0.8818201195249987
100,-4,72,P,21,30,150,213,237,25,156,full_trace_mean_square,0.9389516486499438
100,-4,72,SLTA,21,30,150,213,237,25,156,full_trace_mean_square,0.7978180326435553
100,-4,72,Std,21,30,150,213,237,25,156,full_trace_mean_square,0.9266239606373083
100,-4,72,S,21,30,150,213,237,25,156,full_trace_mean_square,0.45626579308979864
100,-4,72,K,21,30,150,213,237,25,156,full_trace_mean_square,0.6941197597150665
100,-4,73,M,21,30,150,213,237,25,167,full_trace_mean_square,0.8712159059926898
100,-4,73,P,21,30,150,213,237,25,167,full_trace_mean_square,0.9401324034993769
100,-4,73,SLTA,21,30,150,213,237,25,167,full_trace_mean_square,0.7434704395474145
100,-4,73,Std,21,30,150,213,237,25,167,full_trace_mean_square,0.9022759491799726
100,-4,73,S,21,30,150,213,237,25,167,full_trace_mean_square,0.3992833266095833
100,-4,73,K,21,30,150,213,237,25,167,full_trace_mean_square,0.35898130384144866
100,-4,74,M,21,30,150,213,237,25,140,full_trace_mean_square,0.8828583975933357
100,-4,74,P,21,30,150,213,237,25,140,full_trace_mean_square,0.9405901598962995
100,-4,74,SLTA,21,30,150,213,237,25,140,full_trace_mean_square,0.8036532310227411
100,-4,74,Std,21,30,150,213,237,25,140,full_trace_mean_square,0.9208443291415691
100,-4,74,S,21,30,150,213,237,25,140,full_trace_mean_square,0.32391197901635915
100,-4,74,K,21,30,150,213,237,25,140,full_trace_mean_square,0.4834381077101307
100,-4,75,M,21,30,150,213,237,25,137,full_trace_mean_square,0.9162621286020574
100,-4,75,P,21,30,150,213,237,25,137,full_trace_mean_square,0.9443871528730553
100,-4,75,SLTA,21,30,150,213,237,25,137,full_trace_mean_square,0.8325650278879843
100,-4,75,Std,21,30,150,213,237,25,137,full_trace_mean_square,0.940602601233098
100,-4,75,S,21,30,150,213,237,25,137,full_trace_mean_square,0.28156879234219057
100,-4,75,K,21,30,150,213,237,25,137,full_trace_mean_square,0.37862377902877925
100,-4,76,M,21,30,150,213,237,25,149,full_trace_mean_square,0.8829669401185076
100,-4,76,P,21,30,150,213,237,25,149,full_trace_mean_square,0.9360733394429553
100,-4,76,SLTA,21,30,150,213,237,25,149,full_trace_mean_square,0.7754030551987001
100,-4,76,Std,21,30,150,213,237,25,149,full_trace_mean_square,0.9140989081003751
100,-4,76,S,21,30,150,213,237,25,149,full_trace_mean_square,0.38883794523345655
100,-4,76,K,21,30,150,213,237,25,149,full_trace_mean_square,0.4992057368203161
100,-4,77,M,21,30,150,213,237,25,140,full_trace_mean_square,0.8967739566455056
100,-4,77,P,21,30,150,213,237,25,140,full_trace_mean_square,0.9398637812777375
100,-4,77,SLTA,21,30,150,213,237,25,140,full_trace_mean_square,0.7874720719484102
100,-4,77,Std,21,30,150,213,237,25,140,full_trace_mean_square,0.9263009663595392
100,-4,77,S,21,30,150,213,237,25,140,full_trace_mean_square,0.34704288838841046
100,-4,77,K,21,30,150,213,237,25,140,full_trace_mean_square,0.41554151820339774
100,-4,78,M,21,30,150,213,237,25,147,full_trace_mean_square,0.8922227617738514
100,-4,78,P,21,30,150,213,237,25,147,full_trace_mean_square,0.9407540235407286
100,-4,78,SLTA,21,30,150,213,237,25,147,full_trace_mean_square,0.8086189718818315
100,-4,78,Std,21,30,150,213,237,25,147,full_trace_mean_square,0.9214688640498798
100,-4,78,S,21,30,150,213,237,25,147,full_trace_mean_square,0.3483018450335199
100,-4,78,K,21,30,150,213,237,25,147,full_trace_mean_square,0.40458357394770555
100,-4,79,M,21,30,150,213,237,25,135,full_trace_mean_square,0.9073183336862963
100,-4,79,P,21,30,150,213,237,25,135,full_trace_mean_square,0.9429292567277942
100,-4,79,SLTA,21,30,150,213,237,25,135,full_trace_mean_square,0.8285420087054794
100,-4,79,Std,21,30,150,213,237,25,135,full_trace_mean_square,0.932039214102462
100,-4,79,S,21,30,150,213,237,25,135,full_trace_mean_square,0.33556492533206056
100,-4,79,K,21,30,150,213,237,25,135,full_trace_mean_square,0.3259099169769417
100,-4,80,M,21,30,150,213,237,25,163,full_trace_mean_square,0.9132796446541835
100,-4,80,P,21,30,150,213,237,25,163,full_trace_mean_square,0.9421505857618119
100,-4,80,SLTA,21,30,150,213,237,25,163,full_trace_mean_square,0.8098198202666436
100,-4,80,Std,21,30,150,213,237,25,163,full_trace_mean_square,0.9403261141165574
100,-4,80,S,21,30,150,213,237,25,163,full_trace_mean_square,0.3987702160664881
100,-4,80,K,21,30,150,213,237,25,163,full_trace_mean_square,0.5629983915525932
100,-4,81,M,21,30,150,213,237,25,142,full_trace_mean_square,0.9039805265461802
100,-4,81,P,21,30,150,213,237,25,142,full_trace_mean_square,0.9436327939634906
100,-4,81,SLTA,21,30,150,213,237,25,142,full_trace_mean_square,0.8187597627488397
100,-4,81,Std,21,30,150,213,237,25,142,full_trace_mean_square,0.9294724171769091
100,-4,81,S,21,30,150,213,237,25,142,full_trace_mean_square,0.36174688851208486
100,-4,81,K,21,30,150,213,237,25,142,full_trace_mean_square,0.49372483230773617
100,-4,82,M,21,30,150,213,237,25,147,full_trace_mean_square,0.9104100314831916
100,-4,82,P,21,30,150,213,237,25,147,full_trace_mean_square,0.9438524105451428
100,-4,82,SLTA,21,30,150,213,237,25,147,full_trace_mean_square,0.790768823578136
100,-4,82,Std,21,30,150,213,237,25,147,full_trace_mean_square,0.9329702539966912
100,-4,82,S,21,30,150,213,237,25,147,full_trace_mean_square,0.4247744401615427
100,-4,82,K,21,30,150,213,237,25,147,full_trace_mean_square,0.4455723132641417
100,-4,83,M,21,30,150,213,237,25,142,full_trace_mean_square,0.9089747789317413
100,-4,83,P,21,30,150,213,237,25,142,full_trace_mean_square,0.9434265596702727
100,-4,83,SLTA,21,30,150,213,237,25,142,full_trace_mean_square,0.8029473967911932
100,-4,83,Std,21,30,150,213,237,25,142,full_trace_mean_square,0.9247066825194052
100,-4,83,S,21,30,150,213,237,25,142,full_trace_mean_square,0.4124024383144396
100,-4,83,K,21,30,150,213,237,25,142,full_trace_mean_square,0.3902936305128565
100,-4,84,M,21,30,150,213,237,25,142,full_trace_mean_square,0.9208604542477479
100,-4,84,P,21,30,150,213,237,25,142,full_trace_mean_square,0.9453208547166289
100,-4,84,SLTA,21,30,150,213,237,25,142,full_trace_mean_square,0.8225845221036836
100,-4,84,Std,21,30,150,213,237,25,142,full_trace_mean_square,0.9371205487829808
100,-4,84,S,21,30,150,213,237,25,142,full_trace_mean_square,0.3226863208641897
100,-4,84,K,21,30,150,213,237,25,142,full_trace_mean_square,0.31372142332545916
100,-4,85,M,21,30,150,213,237,25,150,full_trace_mean_square,0.9307942528635084
100,-4,85,P,21,30,150,213,237,25,150,full_trace_mean_square,0.9460482822721815
100,-4,85,SLTA,21,30,150,213,237,25,150,full_trace_mean_square,0.8318555814063611
100,-4,85,Std,21,30,150,213,237,25,150,full_trace_mean_square,0.9452755773535593
100,-4,85,S,21,30,150,213,237,25,150,full_trace_mean_square,0.44148727168295876
100,-4,85,K,21,30,150,213,237,25,150,full_trace_mean_square,0.4456329645052335
100,-4,86,M,21,30,150,213,237,25,141,full_trace_mean_square,0.8794811664083095
100,-4,86,P,21,30,150,213,237,25,141,full_trace_mean_square,0.9392317145755291
100,-4,86,SLTA,21,30,150,213,237,25,141,full_trace_mean_square,0.7831396227732946
100,-4,86,Std,21,30,150,213,237,25,141,full_trace_mean_square,0.9158955112876396
100,-4,86,S,21,30,150,213,237,25,141,full_trace_mean_square,0.36311113512639437
100,-4,86,K,21,30,150,213,237,25,141,full_trace_mean_square,0.4125901896672035
100,-4,87,M,21,30,150,213,237,25,143,full_trace_mean_square,0.9044784486917931
100,-4,87,P,21,30,150,213,237,25,143,full_trace_mean_square,0.9455023957544181
100,-4,87,SLTA,21,30,150,213,237,25,143,full_trace_mean_square,0.8185877124895975
100,-4,87,Std,21,30,150,213,237,25,143,full_trace_mean_square,0.9277423338275079
100,-4,87,S,21,30,150,213,237,25,143,full_trace_mean_square,0.3375937259027075
100,-4,87,K,21,30,150,213,237,25,143,full_trace_mean_square,0.30579939566221304
100,-4,88,M,21,30,150,213,237,25,150,full_trace_mean_square,0.9211695146031184
100,-4,88,P,21,30,150,213,237,25,150,full_trace_mean_square,0.943600656717312
100,-4,88,SLTA,21,30,150,213,237,25,150,full_trace_mean_square,0.8258664123648694
100,-4,88,Std,21,30,150,213,237,25,150,full_trace_mean_square,0.938382720127259
100,-4,88,S,21,30,150,213,237,25,150,full_trace_mean_square,0.3847481764024642
100,-4,88,K,21,30,150,213,237,25,150,full_trace_mean_square,0.5512007636521183
100,-4,89,M,21,30,150,213,237,25,137,full_trace_mean_square,0.9043402460917042
100,-4,89,P,21,30,150,213,237,25,137,full_trace_mean_square,0.9411864158212649
100,-4,89,SLTA,21,30,150,213,237,25,137,full_trace_mean_square,0.8171658897432601
100,-4,89,Std,21,30,150,213,237,25,137,full_trace_mean_square,0.9294659801116294
100,-4,89,S,21,30,150,213,237,25,137,full_trace_mean_square,0.23049822853537266
100,-4,89,K,21,30,150,213,237,25,137,full_trace_mean_square,0.35035417302080196
100,-4,90,M,21,30,150,213,237,25,162,full_trace_mean_square,0.9202552410703179
100,-4,90,P,21,30,150,213,237,25,162,full_trace_mean_square,0.943494347040528
100,-4,90,SLTA,21,30,150,213,237,25,162,full_trace_mean_square,0.8500309265413463
100,-4,90,Std,21,30,150,213,237,25,162,full_trace_mean_square,0.9412314667611827
100,-4,90,S,21,30,150,213,237,25,162,full_trace_mean_square,0.3730178121364578
100,-4,90,K,21,30,150,213,237,25,162,full_trace_mean_square,0.44981250762569913
100,-4,91,M,21,30,150,213,237,25,158,full_trace_mean_square,0.8937408610631228
100,-4,91,P,21,30,150,213,237,25,158,full_trace_mean_square,0.9419721311702285
100,-4,91,SLTA,21,30,150,213,237,25,158,full_trace_mean_square,0.8055077544503959
100,-4,91,Std,21,30,150,213,237,25,158,full_trace_mean_square,0.9219419527951709
100,-4,91,S,21,30,150,213,237,25,158,full_trace_mean_square,0.398389317926465
100,-4,91,K,21,30,150,213,237,25,158,full_trace_mean_square,0.3667707034492946
100,-4,92,M,21,30,150,213,237,25,137,full_trace_mean_square,0.8709030809973365
100,-4,92,P,21,30,150,213,237,25,137,full_trace_mean_square,0.9361138528454369
100,-4,92,SLTA,21,30,150,213,237,25,137,full_trace_mean_square,0.8175533741758879
100,-4,92,Std,21,30,150,213,237,25,137,full_trace_mean_square,0.9076107606577308
100,-4,92,S,21,30,150,213,237,25,137,full_trace_mean_square,0.3174142693200851
100,-4,92,K,21,30,150,213,237,25,137,full_trace_mean_square,0.29552038177842166
100,-4,93,M,21,30,150,213,237,25,165,full_trace_mean_square,0.9186139416207052
100,-4,93,P,21,30,150,213,237,25,165,full_trace_mean_square,0.9435509673990737
100,-4,93,SLTA,21,30,150,213,237,25,165,full_trace_mean_square,0.8197726810163917
100,-4,93,Std,21,30,150,213,237,25,165,full_trace_mean_square,0.9396792609731617
100,-4,93,S,21,30,150,213,237,25,165,full_trace_mean_square,0.4067194446836333
100,-4,93,K,21,30,150,213,237,25,165,full_trace_mean_square,0.4608428617417888
100,-4,94,M,21,30,150,213,237,25,148,full_trace_mean_square,0.9334597289174359
100,-4,94,P,21,30,150,213,237,25,148,full_trace_mean_square,0.9491137001712777
100,-4,94,SLTA,21,30,150,213,237,25,148,full_trace_mean_square,0.8384124679789167
100,-4,94,Std,21,30,150,213,237,25,148,full_trace_mean_square,0.938137704869946
100,-4,94,S,21,30,150,213,237,25,148,full_trace_mean_square,0.39911336527636576
100,-4,94,K,21,30,150,213,237,25,148,full_trace_mean_square,0.34139036583484844
100,-4,95,M,21,30,150,213,237,25,117,full_trace_mean_square,0.9182602416063081
100,-4,95,P,21,30,150,213,237,25,117,full_trace_mean_square,0.944753082179598
100,-4,95,SLTA,21,30,150,213,237,25,117,full_trace_mean_square,0.8415532307987065
100,-4,95,Std,21,30,150,213,237,25,117,full_trace_mean_square,0.9310555005801556
100,-4,95,S,21,30,150,213,237,25,117,full_trace_mean_square,0.2145961090267417
100,-4,95,K,21,30,150,213,237,25,117,full_trace_mean_square,0.22216738856296353
100,-4,96,M,21,30,150,213,237,25,141,full_trace_mean_square,0.9036898932563924
100,-4,96,P,21,30,150,213,237,25,141,full_trace_mean_square,0.9390729847914401
100,-4,96,SLTA,21,30,150,213,237,25,141,full_trace_mean_square,0.8063965751027554
100,-4,96,Std,21,30,150,213,237,25,141,full_trace_mean_square,0.9298424969453707
100,-4,96,S,21,30,150,213,237,25,141,full_trace_mean_square,0.5254136928549746
100,-4,96,K,21,30,150,213,237,25,141,full_trace_mean_square,0.486660498916723
100,-4,97,M,21,30,150,213,237,25,171,full_trace_mean_square,0.8885762596130878
100,-4,97,P,21,30,150,213,237,25,171,full_trace_mean_square,0.9416621407794539
100,-4,97,SLTA,21,30,150,213,237,25,171,full_trace_mean_square,0.806746686697501
100,-4,97,Std,21,30,150,213,237,25,171,full_trace_mean_square,0.921264948037179
100,-4,97,S,21,30,150,213,237,25,171,full_trace_mean_square,0.2617862818218681
100,-4,97,K,21,30,150,213,237,25,171,full_trace_mean_square,0.40741748690892887
100,-4,98,M,21,30,150,213,237,25,145,full_trace_mean_square,0.9206217136240771
100,-4,98,P,21,30,150,213,237,25,145,full_trace_mean_square,0.9441789233461104
100,-4,98,SLTA,21,30,150,213,237,25,145,full_trace_mean_square,0.8290536970138336
100,-4,98,Std,21,30,150,213,237,25,145,full_trace_mean_square,0.9404949189689131
100,-4,98,S,21,30,150,213,237,25,145,full_trace_mean_square,0.4144817892955588
100,-4,98,K,21,30,150,213,237,25,145,full_trace_mean_square,0.5121396704425655
100,-4,99,M,21,30,150,213,237,25,167,full_trace_mean_square,0.9138085362782967
100,-4,99,P,21,30,150,213,237,25,167,full_trace_mean_square,0.942543280207296
100,-4,99,SLTA,21,30,150,213,237,25,167,full_trace_mean_square,0.8139764144725565
100,-4,99,Std,21,30,150,213,237,25,167,full_trace_mean_square,0.9351765609950554
100,-4,99,S,21,30,150,213,237,25,167,full_trace_mean_square,0.455680641671748
100,-4,99,K,21,30,150,213,237,25,167,full_trace_mean_square,0.552464507451685
100,-4,100,M,21,30,150,213,237,25,147,full_trace_mean_square,0.8929478789436002
100,-4,100,P,21,30,150,213,237,25,147,full_trace_mean_square,0.9391484262150385
100,-4,100,SLTA,21,30,150,213,237,25,147,full_trace_mean_square,0.8155488610019139
100,-4,100,Std,21,30,150,213,237,25,147,full_trace_mean_square,0.9258307896527308
100,-4,100,S,21,30,150,213,237,25,147,full_trace_mean_square,0.4272136860054712
100,-4,100,K,21,30,150,213,237,25,147,full_trace_mean_square,0.47656603049291874
100,-4,101,M,21,30,150,213,237,25,151,full_trace_mean_square,0.9111720711794776
100,-4,101,P,21,30,150,213,237,25,151,full_trace_mean_square,0.9455822181454522
100,-4,101,SLTA,21,30,150,213,237,25,151,full_trace_mean_square,0.8158778994640166
100,-4,101,Std,21,30,150,213,237,25,151,full_trace_mean_square,0.9309713993132706
100,-4,101,S,21,30,150,213,237,25,151,full_trace_mean_square,0.25757179814714176
100,-4,101,K,21,30,150,213,237,25,151,full_trace_mean_square,0.21854783564408845
100,-4,102,M,21,30,150,213,237,25,161,full_trace_mean_square,0.8866073100586538
100,-4,102,P,21,30,150,213,237,25,161,full_trace_mean_square,0.9419617560780399
100,-4,102,SLTA,21,30,150,213,237,25,161,full_trace_mean_square,0.8015767346557936
100,-4,102,Std,21,30,150,213,237,25,161,full_trace_mean_square,0.9238155496472191
100,-4,102,S,21,30,150,213,237,25,161,full_trace_mean_square,0.4608619718449663
100,-4,102,K,21,30,150,213,237,25,161,full_trace_mean_square,0.439049372560869
100,-4,103,M,21,30,150,213,237,25,157,full_trace_mean_square,0.8947847778679737
100,-4,103,P,21,30,150,213,237,25,157,full_trace_mean_square,0.9381362732087398
100,-4,103,SLTA,21,30,150,213,237,25,157,full_trace_mean_square,0.8296513101311631
100,-4,103,Std,21,30,150,213,237,25,157,full_trace_mean_square,0.9229567478688009
100,-4,103,S,21,30,150,213,237,25,157,full_trace_mean_square,0.334789692134962
100,-4,103,K,21,30,150,213,237,25,157,full_trace_mean_square,0.4037238502936378
100,-4,104,M,21,30,150,213,237,25,161,full_trace_mean_square,0.9062266951074356
100,-4,104,P,21,30,150,213,237,25,161,full_trace_mean_square,0.943379424616882
100,-4,104,SLTA,21,30,150,213,237,25,161,full_trace_mean_square,0.8124687908525113
100,-4,104,Std,21,30,150,213,237,25,161,full_trace_mean_square,0.9323441753840535
100,-4,104,S,21,30,150,213,237,25,161,full_trace_mean_square,0.36199411685788085
100,-4,104,K,21,30,150,213,237,25,161,full_trace_mean_square,0.3620318201856112
100,-4,105,M,21,30,150,213,237,25,134,full_trace_mean_square,0.883134946237793
100,-4,105,P,21,30,150,213,237,25,134,full_trace_mean_square,0.939250428119137
100,-4,105,SLTA,21,30,150,213,237,25,134,full_trace_mean_square,0.7744037399667727
100,-4,105,Std,21,30,150,213,237,25,134,full_trace_mean_square,0.9156161319937153
100,-4,105,S,21,30,150,213,237,25,134,full_trace_mean_square,0.4247471648451531
100,-4,105,K,21,30,150,213,237,25,134,full_trace_mean_square,0.5099067786592559
100,-4,106,M,21,30,150,213,237,25,138,full_trace_mean_square,0.8866045148224098
100,-4,106,P,21,30,150,213,237,25,138,full_trace_mean_square,0.940734303686928
100,-4,106,SLTA,21,30,150,213,237,25,138,full_trace_mean_square,0.8343371918043329
100,-4,106,Std,21,30,150,213,237,25,138,full_trace_mean_square,0.9313735240441489
100,-4,106,S,21,30,150,213,237,25,138,full_trace_mean_square,0.38103150539036895
100,-4,106,K,21,30,150,213,237,25,138,full_trace_mean_square,0.4108886769285363
100,-4,107,M,21,30,150,213,237,25,159,full_trace_mean_square,0.9016801263507224
100,-4,107,P,21,30,150,213,237,25,159,full_trace_mean_square,0.9423690336317191
100,-4,107,SLTA,21,30,150,213,237,25,159,full_trace_mean_square,0.8145645031049444
100,-4,107,Std,21,30,150,213,237,25,159,full_trace_mean_square,0.9309514836345152
100,-4,107,S,21,30,150,213,237,25,159,full_trace_mean_square,0.3274920210753782
100,-4,107,K,21,30,150,213,237,25,159,full_trace_mean_square,0.441530387999022
100,-4,108,M,21,30,150,213,237,25,169,full_trace_mean_square,0.8881518361856912
100,-4,108,P,21,30,150,213,237,25,169,full_trace_mean_square,0.9402566625420917
100,-4,108,SLTA,21,30,150,213,237,25,169,full_trace_mean_square,0.8055037093881513
100,-4,108,Std,21,30,150,213,237,25,169,full_trace_mean_square,0.912375771000835
100,-4,108,S,21,30,150,213,237,25,169,full_trace_mean_square,0.4704893116476997
100,-4,108,K,21,30,150,213,237,25,169,full_trace_mean_square,0.39730750039083934
100,-4,109,M,21,30,150,213,237,25,126,full_trace_mean_square,0.8953103640999437
100,-4,109,P,21,30,150,213,237,25,126,full_trace_mean_square,0.9418866950134526
100,-4,109,SLTA,21,30,150,213,237,25,126,full_trace_mean_square,0.8154652785541426
100,-4,109,Std,21,30,150,213,237,25,126,full_trace_mean_square,0.9252499377790859
100,-4,109,S,21,30,150,213,237,25,126,full_trace_mean_square,0.16008534519899614
100,-4,109,K,21,30,150,213,237,25,126,full_trace_mean_square,0.2974667057070192
100,-4,110,M,21,30,150,213,237,25,166,full_trace_mean_square,0.8698156795333397
100,-4,110,P,21,30,150,213,237,25,166,full_trace_mean_square,0.9336292750114564
100,-4,110,SLTA,21,30,150,213,237,25,166,full_trace_mean_square,0.7831214873143311
100,-4,110,Std,21,30,150,213,237,25,166,full_trace_mean_square,0.903775130856076
100,-4,110,S,21,30,150,213,237,25,166,full_trace_mean_square,0.3157797496306729
100,-4,110,K,21,30,150,213,237,25,166,full_trace_mean_square,0.3834599480952197
100,-4,111,M,21,30,150,213,237,25,135,full_trace_mean_square,0.8688009620562315
100,-4,111,P,21,30,150,213,237,25,135,full_trace_mean_square,0.9376074856757562
100,-4,111,SLTA,21,30,150,213,237,25,135,full_trace_mean_square,0.7903909319152495
100,-4,111,Std,21,30,150,213,237,25,135,full_trace_mean_square,0.9134940010153296
100,-4,111,S,21,30,150,213,237,25,135,full_trace_mean_square,0.384134761726927
100,-4,111,K,21,30,150,213,237,25,135,full_trace_mean_square,0.5544281893386545
100,-4,112,M,21,30,150,213,237,25,119,full_trace_mean_square,0.9175549568439928
100,-4,112,P,21,30,150,213,237,25,119,full_trace_mean_square,0.9458727438322705
100,-4,112,SLTA,21,30,150,213,237,25,119,full_trace_mean_square,0.837127540734373
100,-4,112,Std,21,30,150,213,237,25,119,full_trace_mean_square,0.9420515338129046
100,-4,112,S,21,30,150,213,237,25,119,full_trace_mean_square,0.23215372051307065
100,-4,112,K,21,30,150,213,237,25,119,full_trace_mean_square,0.3670103711138834
100,-4,113,M,21,30,150,213,237,25,148,full_trace_mean_square,0.8918030766018852
100,-4,113,P,21,30,150,213,237,25,148,full_trace_mean_square,0.9355002129821612
100,-4,113,SLTA,21,30,150,213,237,25,148,full_trace_mean_square,0.78926225476845
100,-4,113,Std,21,30,150,213,237,25,148,full_trace_mean_square,0.9152661237349836
100,-4,113,S,21,30,150,213,237,25,148,full_trace_mean_square,0.37014815139576623
100,-4,113,K,21,30,150,213,237,25,148,full_trace_mean_square,0.5776999571123627
100,-4,114,M,21,30,150,213,237,25,129,full_trace_mean_square,0.9137182705247952
100,-4,114,P,21,30,150,213,237,25,129,full_trace_mean_square,0.94396828915744
100,-4,114,SLTA,21,30,150,213,237,25,129,full_trace_mean_square,0.8364364374505862
100,-4,114,Std,21,30,150,213,237,25,129,full_trace_mean_square,0.9408362146502806
100,-4,114,S,21,30,150,213,237,25,129,full_trace_mean_square,0.316591599385809
100,-4,114,K,21,30,150,213,237,25,129,full_trace_mean_square,0.46940193001080327
100,-4,115,M,21,30,150,213,237,25,122,full_trace_mean_square,0.9221201243681932
100,-4,115,P,21,30,150,213,237,25,122,full_trace_mean_square,0.9431382803935291
100,-4,115,SLTA,21,30,150,213,237,25,122,full_trace_mean_square,0.8159093572164178
100,-4,115,Std,21,30,150,213,237,25,122,full_trace_mean_square,0.9372246868774566
100,-4,115,S,21,30,150,213,237,25,122,full_trace_mean_square,0.25334335465967
100,-4,115,K,21,30,150,213,237,25,122,full_trace_mean_square,0.3309104401204568
100,-4,116,M,21,30,150,213,237,25,137,full_trace_mean_square,0.9002657396073045
100,-4,116,P,21,30,150,213,237,25,137,full_trace_mean_square,0.9430253952529244
100,-4,116,SLTA,21,30,150,213,237,25,137,full_trace_mean_square,0.810948775737912
100,-4,116,Std,21,30,150,213,237,25,137,full_trace_mean_square,0.9302320626977436
100,-4,116,S,21,30,150,213,237,25,137,full_trace_mean_square,0.4450713662037855
100,-4,116,K,21,30,150,213,237,25,137,full_trace_mean_square,0.5258309467170312
100,-4,117,M,21,30,150,213,237,25,156,full_trace_mean_square,0.879623193963534
100,-4,117,P,21,30,150,213,237,25,156,full_trace_mean_square,0.9392585426758239
100,-4,117,SLTA,21,30,150,213,237,25,156,full_trace_mean_square,0.8188291380372902
100,-4,117,Std,21,30,150,213,237,25,156,full_trace_mean_square,0.912518579128179
100,-4,117,S,21,30,150,213,237,25,156,full_trace_mean_square,0.27674777179943366
100,-4,117,K,21,30,150,213,237,25,156,full_trace_mean_square,0.40721925983740626
100,-4,118,M,21,30,150,213,237,25,132,full_trace_mean_square,0.9073916289248403
100,-4,118,P,21,30,150,213,237,25,132,full_trace_mean_square,0.94188775547488
100,-4,118,SLTA,21,30,150,213,237,25,132,full_trace_mean_square,0.8017334882880855
100,-4,118,Std,21,30,150,213,237,25,132,full_trace_mean_square,0.9279318903225933
100,-4,118,S,21,30,150,213,237,25,132,full_trace_mean_square,0.2721852101160804
100,-4,118,K,21,30,150,213,237,25,132,full_trace_mean_square,0.38374664811939185
100,-4,119,M,21,30,150,213,237,25,147,full_trace_mean_square,0.8765166022720117
100,-4,119,P,21,30,150,213,237,25,147,full_trace_mean_square,0.9416634318124607
100,-4,119,SLTA,21,30,150,213,237,25,147,full_trace_mean_square,0.7910274567712884
100,-4,119,Std,21,30,150,213,237,25,147,full_trace_mean_square,0.9066885107307298
100,-4,119,S,21,30,150,213,237,25,147,full_trace_mean_square,0.2582394715323018
100,-4,119,K,21,30,150,213,237,25,147,full_trace_mean_square,0.28736187930735635
100,-4,120,M,21,30,150,213,237,25,111,full_trace_mean_square,0.9223357526521678
100,-4,120,P,21,30,150,213,237,25,111,full_trace_mean_square,0.9463900354359681
100,-4,120,SLTA,21,30,150,213,237,25,111,full_trace_mean_square,0.8246662625624289
100,-4,120,Std,21,30,150,213,237,25,111,full_trace_mean_square,0.9435196686815366
100,-4,120,S,21,30,150,213,237,25,111,full_trace_mean_square,0.2523477805415804
100,-4,120,K,21,30,150,213,237,25,111,full_trace_mean_square,0.3744084239156104
100,-4,121,M,21,30,150,213,237,25,124,full_trace_mean_square,0.8898047691875197
100,-4,121,P,21,30,150,213,237,25,124,full_trace_mean_square,0.9412402611299817
100,-4,121,SLTA,21,30,150,213,237,25,124,full_trace_mean_square,0.8200596872851935
100,-4,121,Std,21,30,150,213,237,25,124,full_trace_mean_square,0.9190477900828247
100,-4,121,S,21,30,150,213,237,25,124,full_trace_mean_square,0.3290899555654027
100,-4,121,K,21,30,150,213,237,25,124,full_trace_mean_square,0.4377088836780237
100,-4,122,M,21,30,150,213,237,25,124,full_trace_mean_square,0.9046022397179552
100,-4,122,P,21,30,150,213,237,25,124,full_trace_mean_square,0.9417679381471247
100,-4,122,SLTA,21,30,150,213,237,25,124,full_trace_mean_square,0.802255046806929
100,-4,122,Std,21,30,150,213,237,25,124,full_trace_mean_square,0.9202969283636054
100,-4,122,S,21,30,150,213,237,25,124,full_trace_mean_square,0.35738771848559725
100,-4,122,K,21,30,150,213,237,25,124,full_trace_mean_square,0.3700996801227879
100,-4,123,M,21,30,150,213,237,25,162,full_trace_mean_square,0.9179993959093918
100,-4,123,P,21,30,150,213,237,25,162,full_trace_mean_square,0.943709760150143
100,-4,123,SLTA,21,30,150,213,237,25,162,full_trace_mean_square,0.811287221207557
100,-4,123,Std,21,30,150,213,237,25,162,full_trace_mean_square,0.9356889488194322
100,-4,123,S,21,30,150,213,237,25,162,full_trace_mean_square,0.28811605360662207
100,-4,123,K,21,30,150,213,237,25,162,full_trace_mean_square,0.4104645224229863
100,-4,124,M,21,30,150,213,237,25,137,full_trace_mean_square,0.9134374112236509
100,-4,124,P,21,30,150,213,237,25,137,full_trace_mean_square,0.9432436181037078
100,-4,124,SLTA,21,30,150,213,237,25,137,full_trace_mean_square,0.8222567767722739
100,-4,124,Std,21,30,150,213,237,25,137,full_trace_mean_square,0.9403573761308586
100,-4,124,S,21,30,150,213,237,25,137,full_trace_mean_square,0.323432925603933
100,-4,124,K,21,30,150,213,237,25,137,full_trace_mean_square,0.37964770765302974
100,-4,125,M,21,30,150,213,237,25,164,full_trace_mean_square,0.8560442143278445
100,-4,125,P,21,30,150,213,237,25,164,full_trace_mean_square,0.935387155219097
100,-4,125,SLTA,21,30,150,213,237,25,164,full_trace_mean_square,0.8113183002338702
100,-4,125,Std,21,30,150,213,237,25,164,full_trace_mean_square,0.8916033357921657
100,-4,125,S,21,30,150,213,237,25,164,full_trace_mean_square,0.21591293911499143
100,-4,125,K,21,30,150,213,237,25,164,full_trace_mean_square,0.32671966340974085
100,-4,126,M,21,30,150,213,237,25,145,full_trace_mean_square,0.9006143615122708
100,-4,126,P,21,30,150,213,237,25,145,full_trace_mean_square,0.9405813021248728
100,-4,126,SLTA,21,30,150,213,237,25,145,full_trace_mean_square,0.8362764220551021
100,-4,126,Std,21,30,150,213,237,25,145,full_trace_mean_square,0.9254152938221234
100,-4,126,S,21,30,150,213,237,25,145,full_trace_mean_square,0.33822711619537255
100,-4,126,K,21,30,150,213,237,25,145,full_trace_mean_square,0.31813032007790487
100,-4,127,M,21,30,150,213,237,25,142,full_trace_mean_square,0.9161818823999673
100,-4,127,P,21,30,150,213,237,25,142,full_trace_mean_square,0.944620956426537
100,-4,127,SLTA,21,30,150,213,237,25,142,full_trace_mean_square,0.8110945743464604
100,-4,127,Std,21,30,150,213,237,25,142,full_trace_mean_square,0.9388086850083438
100,-4,127,S,21,30,150,213,237,25,142,full_trace_mean_square,0.229105124518659
100,-4,127,K,21,30,150,213,237,25,142,full_trace_mean_square,0.38711533061635967
100,-4,128,M,21,30,150,213,237,25,156,full_trace_mean_square,0.9129055235655243
100,-4,128,P,21,30,150,213,237,25,156,full_trace_mean_square,0.940679652606792
100,-4,128,SLTA,21,30,150,213,237,25,156,full_trace_mean_square,0.8260007551096435
100,-4,128,Std,21,30,150,213,237,25,156,full_trace_mean_square,0.9343112003661749
100,-4,128,S,21,30,150,213,237,25,156,full_trace_mean_square,0.5782873886320962
100,-4,128,K,21,30,150,213,237,25,156,full_trace_mean_square,0.595753392241715
100,-4,129,M,21,30,150,213,237,25,173,full_trace_mean_square,0.8968999386365608
100,-4,129,P,21,30,150,213,237,25,173,full_trace_mean_square,0.9402001739183334
100,-4,129,SLTA,21,30,150,213,237,25,173,full_trace_mean_square,0.8097117660532054
100,-4,129,Std,21,30,150,213,237,25,173,full_trace_mean_square,0.9183185580733568
100,-4,129,S,21,30,150,213,237,25,173,full_trace_mean_square,0.3054584390276761
100,-4,129,K,21,30,150,213,237,25,173,full_trace_mean_square,0.3363339014952077
100,-4,130,M,21,30,150,213,237,25,141,full_trace_mean_square,0.8855456908649546
100,-4,130,P,21,30,150,213,237,25,141,full_trace_mean_square,0.9393917886765596
100,-4,130,SLTA,21,30,150,213,237,25,141,full_trace_mean_square,0.8018883970052606
100,-4,130,Std,21,30,150,213,237,25,141,full_trace_mean_square,0.9251268636630833
100,-4,130,S,21,30,150,213,237,25,141,full_trace_mean_square,0.38192441878217864
100,-4,130,K,21,30,150,213,237,25,141,full_trace_mean_square,0.4253330093425715
100,-4,131,M,21,30,150,213,237,25,152,full_trace_mean_square,0.8927988297158543
100,-4,131,P,21,30,150,213,237,25,152,full_trace_mean_square,0.9417949408715617
100,-4,131,SLTA,21,30,150,213,237,25,152,full_trace_mean_square,0.7937913237878584
100,-4,131,Std,21,30,150,213,237,25,152,full_trace_mean_square,0.9220198756972064
100,-4,131,S,21,30,150,213,237,25,152,full_trace_mean_square,0.35570842858366786
100,-4,131,K,21,30,150,213,237,25,152,full_trace_mean_square,0.53530884000344
100,-4,132,M,21,30,150,213,237,25,127,full_trace_mean_square,0.9111863782032256
100,-4,132,P,21,30,150,213,237,25,127,full_trace_mean_square,0.9458703196061751
100,-4,132,SLTA,21,30,150,213,237,25,127,full_trace_mean_square,0.8250194265508148
100,-4,132,Std,21,30,150,213,237,25,127,full_trace_mean_square,0.9384781481586912
100,-4,132,S,21,30,150,213,237,25,127,full_trace_mean_square,0.34465646250089677
100,-4,132,K,21,30,150,213,237,25,127,full_trace_mean_square,0.4429778233069153
100,-4,133,M,21,30,150,213,237,25,136,full_trace_mean_square,0.8930496812744128
100,-4,133,P,21,30,150,213,237,25,136,full_trace_mean_square,0.9383852854951942
100,-4,133,SLTA,21,30,150,213,237,25,136,full_trace_mean_square,0.8346865254289795
100,-4,133,Std,21,30,150,213,237,25,136,full_trace_mean_square,0.9074652468517383
100,-4,133,S,21,30,150,213,237,25,136,full_trace_mean_square,0.40895416180021654
100,-4,133,K,21,30,150,213,237,25,136,full_trace_mean_square,0.4376324630330471
100,-4,134,M,21,30,150,213,237,25,149,full_trace_mean_square,0.8941134245511645
100,-4,134,P,21,30,150,213,237,25,149,full_trace_mean_square,0.9433682479871228
100,-4,134,SLTA,21,30,150,213,237,25,149,full_trace_mean_square,0.7656457256526917
100,-4,134,Std,21,30,150,213,237,25,149,full_trace_mean_square,0.9162528361659202
100,-4,134,S,21,30,150,213,237,25,149,full_trace_mean_square,0.2924467782580818
100,-4,134,K,21,30,150,213,237,25,149,full_trace_mean_square,0.4012477634476812
100,-4,135,M,21,30,150,213,237,25,173,full_trace_mean_square,0.9051946819652527
100,-4,135,P,21,30,150,213,237,25,173,full_trace_mean_square,0.9411368286209473
100,-4,135,SLTA,21,30,150,213,237,25,173,full_trace_mean_square,0.8306028770316748
100,-4,135,Std,21,30,150,213,237,25,173,full_trace_mean_square,0.9334547349469116
100,-4,135,S,21,30,150,213,237,25,173,full_trace_mean_square,0.423350909305076
100,-4,135,K,21,30,150,213,237,25,173,full_trace_mean_square,0.5648669624369738
100,-4,136,M,21,30,150,213,237,25,157,full_trace_mean_square,0.9324799685920782
100,-4,136,P,21,30,150,213,237,25,157,full_trace_mean_square,0.9452428882234138
100,-4,136,SLTA,21,30,150,213,237,25,157,full_trace_mean_square,0.8450995666793737
100,-4,136,Std,21,30,150,213,237,25,157,full_trace_mean_square,0.9485740553158942
100,-4,136,S,21,30,150,213,237,25,157,full_trace_mean_square,0.33630538877137844
100,-4,136,K,21,30,150,213,237,25,157,full_trace_mean_square,0.4605375018901357
100,-4,137,M,21,30,150,213,237,25,138,full_trace_mean_square,0.9104828677871258
100,-4,137,P,21,30,150,213,237,25,138,full_trace_mean_square,0.9436128812120681
100,-4,137,SLTA,21,30,150,213,237,25,138,full_trace_mean_square,0.8195965706817822
100,-4,137,Std,21,30,150,213,237,25,138,full_trace_mean_square,0.9384715750183713
100,-4,137,S,21,30,150,213,237,25,138,full_trace_mean_square,0.44010831670146244
100,-4,137,K,21,30,150,213,237,25,138,full_trace_mean_square,0.46650639846441233
100,-4,138,M,21,30,150,213,237,25,134,full_trace_mean_square,0.8597615238357361
100,-4,138,P,21,30,150,213,237,25,134,full_trace_mean_square,0.9384907264312694
100,-4,138,SLTA,21,30,150,213,237,25,134,full_trace_mean_square,0.7750417293041897
100,-4,138,Std,21,30,150,213,237,25,134,full_trace_mean_square,0.9051181576225693
100,-4,138,S,21,30,150,213,237,25,134,full_trace_mean_square,0.4505007671898037
100,-4,138,K,21,30,150,213,237,25,134,full_trace_mean_square,0.5168929163241038
100,-4,139,M,21,30,150,213,237,25,155,full_trace_mean_square,0.8864919769312576
100,-4,139,P,21,30,150,213,237,25,155,full_trace_mean_square,0.9397576723981769
100,-4,139,SLTA,21,30,150,213,237,25,155,full_trace_mean_square,0.8315461666042709
100,-4,139,Std,21,30,150,213,237,25,155,full_trace_mean_square,0.9263503390900496
100,-4,139,S,21,30,150,213,237,25,155,full_trace_mean_square,0.501333746100399
100,-4,139,K,21,30,150,213,237,25,155,full_trace_mean_square,0.5002656155683884
100,-4,140,M,21,30,150,213,237,25,124,full_trace_mean_square,0.9008090207680901
100,-4,140,P,21,30,150,213,237,25,124,full_trace_mean_square,0.9421174034363089
100,-4,140,SLTA,21,30,150,213,237,25,124,full_trace_mean_square,0.8437929753184624
100,-4,140,Std,21,30,150,213,237,25,124,full_trace_mean_square,0.9332435430440575
100,-4,140,S,21,30,150,213,237,25,124,full_trace_mean_square,0.3668816481999669
100,-4,140,K,21,30,150,213,237,25,124,full_trace_mean_square,0.47625262926937506
100,-4,141,M,21,30,150,213,237,25,149,full_trace_mean_square,0.8963041948522898
100,-4,141,P,21,30,150,213,237,25,149,full_trace_mean_square,0.9396412722639805
100,-4,141,SLTA,21,30,150,213,237,25,149,full_trace_mean_square,0.7891645501889036
100,-4,141,Std,21,30,150,213,237,25,149,full_trace_mean_square,0.9236774676369167
100,-4,141,S,21,30,150,213,237,25,149,full_trace_mean_square,0.47791977286891457
100,-4,141,K,21,30,150,213,237,25,149,full_trace_mean_square,0.5153385913892315
100,-4,142,M,21,30,150,213,237,25,145,full_trace_mean_square,0.9192729548700485
100,-4,142,P,21,30,150,213,237,25,145,full_trace_mean_square,0.9449155354537633
100,-4,142,SLTA,21,30,150,213,237,25,145,full_trace_mean_square,0.8088580889874204
100,-4,142,Std,21,30,150,213,237,25,145,full_trace_mean_square,0.9382307269357488
100,-4,142,S,21,30,150,213,237,25,145,full_trace_mean_square,0.3955042948005339
100,-4,142,K,21,30,150,213,237,25,145,full_trace_mean_square,0.42887278862727535
100,-4,143,M,21,30,150,213,237,25,156,full_trace_mean_square,0.9199137055990292
100,-4,143,P,21,30,150,213,237,25,156,full_trace_mean_square,0.9456404706346278
100,-4,143,SLTA,21,30,150,213,237,25,156,full_trace_mean_square,0.8234573636176085
100,-4,143,Std,21,30,150,213,237,25,156,full_trace_mean_square,0.9393214842289095
100,-4,143,S,21,30,150,213,237,25,156,full_trace_mean_square,0.2994149336908933
100,-4,143,K,21,30,150,213,237,25,156,full_trace_mean_square,0.3822196168997936
100,-4,144,M,21,30,150,213,237,25,157,full_trace_mean_square,0.9165664503520727
100,-4,144,P,21,30,150,213,237,25,157,full_trace_mean_square,0.9431096806857864
100,-4,144,SLTA,21,30,150,213,237,25,157,full_trace_mean_square,0.8277861849779832
100,-4,144,Std,21,30,150,213,237,25,157,full_trace_mean_square,0.9386108652984287
100,-4,144,S,21,30,150,213,237,25,157,full_trace_mean_square,0.4104780064418639
100,-4,144,K,21,30,150,213,237,25,157,full_trace_mean_square,0.5535388307631003
100,-4,145,M,21,30,150,213,237,25,129,full_trace_mean_square,0.9083378337301393
100,-4,145,P,21,30,150,213,237,25,129,full_trace_mean_square,0.9431176474649623
100,-4,145,SLTA,21,30,150,213,237,25,129,full_trace_mean_square,0.8147666361819605
100,-4,145,Std,21,30,150,213,237,25,129,full_trace_mean_square,0.929361098627917
100,-4,145,S,21,30,150,213,237,25,129,full_trace_mean_square,0.42948697312284395
100,-4,145,K,21,30,150,213,237,25,129,full_trace_mean_square,0.46524091377676596
100,-4,146,M,21,30,150,213,237,25,170,full_trace_mean_square,0.876390083034394
100,-4,146,P,21,30,150,213,237,25,170,full_trace_mean_square,0.9369651553906798
100,-4,146,SLTA,21,30,150,213,237,25,170,full_trace_mean_square,0.8207704500243516
100,-4,146,Std,21,30,150,213,237,25,170,full_trace_mean_square,0.9172478348973611
100,-4,146,S,21,30,150,213,237,25,170,full_trace_mean_square,0.4065427288865037
100,-4,146,K,21,30,150,213,237,25,170,full_trace_mean_square,0.5073194419738523
100,-4,147,M,21,30,150,213,237,25,139,full_trace_mean_square,0.8934854156564036
100,-4,147,P,21,30,150,213,237,25,139,full_trace_mean_square,0.9402251142676312
100,-4,147,SLTA,21,30,150,213,237,25,139,full_trace_mean_square,0.7947229667529196
100,-4,147,Std,21,30,150,213,237,25,139,full_trace_mean_square,0.9280012274731332
100,-4,147,S,21,30,150,213,237,25,139,full_trace_mean_square,0.32826733603075586
100,-4,147,K,21,30,150,213,237,25,139,full_trace_mean_square,0.4894142483907851
100,-4,148,M,21,30,150,213,237,25,163,full_trace_mean_square,0.8909882202237713
100,-4,148,P,21,30,150,213,237,25,163,full_trace_mean_square,0.9384750615198331
100,-4,148,SLTA,21,30,150,213,237,25,163,full_trace_mean_square,0.7919435031019798
100,-4,148,Std,21,30,150,213,237,25,163,full_trace_mean_square,0.9172295984626058
100,-4,148,S,21,30,150,213,237,25,163,full_trace_mean_square,0.4802982474810094
100,-4,148,K,21,30,150,213,237,25,163,full_trace_mean_square,0.5547820144399594
100,-4,149,M,21,30,150,213,237,25,168,full_trace_mean_square,0.875984031235137
100,-4,149,P,21,30,150,213,237,25,168,full_trace_mean_square,0.9369133729055059
100,-4,149,SLTA,21,30,150,213,237,25,168,full_trace_mean_square,0.8242816152347676
100,-4,149,Std,21,30,150,213,237,25,168,full_trace_mean_square,0.9146909208255414
100,-4,149,S,21,30,150,213,237,25,168,full_trace_mean_square,0.5197505110812295
100,-4,149,K,21,30,150,213,237,25,168,full_trace_mean_square,0.6280038699945885
100,-4,150,M,21,30,150,213,237,25,137,full_trace_mean_square,0.9061159978962439
100,-4,150,P,21,30,150,213,237,25,137,full_trace_mean_square,0.9414855973787564
100,-4,150,SLTA,21,30,150,213,237,25,137,full_trace_mean_square,0.8225004189131816
100,-4,150,Std,21,30,150,213,237,25,137,full_trace_mean_square,0.9367388695680617
100,-4,150,S,21,30,150,213,237,25,137,full_trace_mean_square,0.39835008411531286
100,-4,150,K,21,30,150,213,237,25,137,full_trace_mean_square,0.4927168089138657
100,-4,151,M,21,30,150,213,237,25,165,full_trace_mean_square,0.9106022706136759
100,-4,151,P,21,30,150,213,237,25,165,full_trace_mean_square,0.9413136665858122
100,-4,151,SLTA,21,30,150,213,237,25,165,full_trace_mean_square,0.8211931467094026
100,-4,151,Std,21,30,150,213,237,25,165,full_trace_mean_square,0.9308770368662884
100,-4,151,S,21,30,150,213,237,25,165,full_trace_mean_square,0.45516495989295463
100,-4,151,K,21,30,150,213,237,25,165,full_trace_mean_square,0.5733984848697365
100,-4,152,M,21,30,150,213,237,25,173,full_trace_mean_square,0.9251786521132555
100,-4,152,P,21,30,150,213,237,25,173,full_trace_mean_square,0.9430985674295936
100,-4,152,SLTA,21,30,150,213,237,25,173,full_trace_mean_square,0.824081005129854
100,-4,152,Std,21,30,150,213,237,25,173,full_trace_mean_square,0.9408916720395205
100,-4,152,S,21,30,150,213,237,25,173,full_trace_mean_square,0.3146078650150164
100,-4,152,K,21,30,150,213,237,25,173,full_trace_mean_square,0.39433008319957974
100,-4,153,M,21,30,150,213,237,25,126,full_trace_mean_square,0.8610747882367498
100,-4,153,P,21,30,150,213,237,25,126,full_trace_mean_square,0.9319254231197294
100,-4,153,SLTA,21,30,150,213,237,25,126,full_trace_mean_square,0.7534978424804494
100,-4,153,Std,21,30,150,213,237,25,126,full_trace_mean_square,0.8801824577003983
100,-4,153,S,21,30,150,213,237,25,126,full_trace_mean_square,0.20880108104771014
100,-4,153,K,21,30,150,213,237,25,126,full_trace_mean_square,0.2883016954356651
100,-4,154,M,21,30,150,213,237,25,164,full_trace_mean_square,0.9211162760087305
100,-4,154,P,21,30,150,213,237,25,164,full_trace_mean_square,0.9443422296476653
100,-4,154,SLTA,21,30,150,213,237,25,164,full_trace_mean_square,0.825296251261912
100,-4,154,Std,21,30,150,213,237,25,164,full_trace_mean_square,0.9344753966072237
100,-4,154,S,21,30,150,213,237,25,164,full_trace_mean_square,0.5219440999514939
100,-4,154,K,21,30,150,213,237,25,164,full_trace_mean_square,0.4484900341657499
100,-4,155,M,21,30,150,213,237,25,160,full_trace_mean_square,0.9174825625004143
100,-4,155,P,21,30,150,213,237,25,160,full_trace_mean_square,0.9451082495539823
100,-4,155,SLTA,21,30,150,213,237,25,160,full_trace_mean_square,0.8108127474475252
100,-4,155,Std,21,30,150,213,237,25,160,full_trace_mean_square,0.9369454041064836
100,-4,155,S,21,30,150,213,237,25,160,full_trace_mean_square,0.2702935739063467
100,-4,155,K,21,30,150,213,237,25,160,full_trace_mean_square,0.3746556295769898
100,-4,156,M,21,30,150,213,237,25,145,full_trace_mean_square,0.8893811949353962
100,-4,156,P,21,30,150,213,237,25,145,full_trace_mean_square,0.9376094188698572
100,-4,156,SLTA,21,30,150,213,237,25,145,full_trace_mean_square,0.8225258305726608
100,-4,156,Std,21,30,150,213,237,25,145,full_trace_mean_square,0.9113129807339369
100,-4,156,S,21,30,150,213,237,25,145,full_trace_mean_square,0.2997587638534457
100,-4,156,K,21,30,150,213,237,25,145,full_trace_mean_square,0.29764002419649427
100,-4,157,M,21,30,150,213,237,25,166,full_trace_mean_square,0.8777743196022764
100,-4,157,P,21,30,150,213,237,25,166,full_trace_mean_square,0.9378364554177855
100,-4,157,SLTA,21,30,150,213,237,25,166,full_trace_mean_square,0.809592862538894
100,-4,157,Std,21,30,150,213,237,25,166,full_trace_mean_square,0.9203067603780182
100,-4,157,S,21,30,150,213,237,25,166,full_trace_mean_square,0.36703345658248104
100,-4,157,K,21,30,150,213,237,25,166,full_trace_mean_square,0.47549556907930896
100,-4,158,M,21,30,150,213,237,25,117,full_trace_mean_square,0.9120008803723366
100,-4,158,P,21,30,150,213,237,25,117,full_trace_mean_square,0.9448806748444876
100,-4,158,SLTA,21,30,150,213,237,25,117,full_trace_mean_square,0.8144913432652934
100,-4,158,Std,21,30,150,213,237,25,117,full_trace_mean_square,0.9380835468520508
100,-4,158,S,21,30,150,213,237,25,117,full_trace_mean_square,0.3468989101447815
100,-4,158,K,21,30,150,213,237,25,117,full_trace_mean_square,0.3930123285002471
100,-4,159,M,21,30,150,213,237,25,168,full_trace_mean_square,0.9148201717352036
100,-4,159,P,21,30,150,213,237,25,168,full_trace_mean_square,0.9438187249613241
100,-4,159,SLTA,21,30,150,213,237,25,168,full_trace_mean_square,0.8258531611846895
100,-4,159,Std,21,30,150,213,237,25,168,full_trace_mean_square,0.9348936896143868
100,-4,159,S,21,30,150,213,237,25,168,full_trace_mean_square,0.5024836500962738
100,-4,159,K,21,30,150,213,237,25,168,full_trace_mean_square,0.44331338494168115
100,-4,160,M,21,30,150,213,237,25,138,full_trace_mean_square,0.9172194093753254
100,-4,160,P,21,30,150,213,237,25,138,full_trace_mean_square,0.9437011111501039
100,-4,160,SLTA,21,30,150,213,237,25,138,full_trace_mean_square,0.7751369507934023
100,-4,160,Std,21,30,150,213,237,25,138,full_trace_mean_square,0.933856912950514
100,-4,160,S,21,30,150,213,237,25,138,full_trace_mean_square,0.20983348190615222
100,-4,160,K,21,30,150,213,237,25,138,full_trace_mean_square,0.3265744309978153
100,-4,161,M,21,30,150,213,237,25,128,full_trace_mean_square,0.918064401039868
100,-4,161,P,21,30,150,213,237,25,128,full_trace_mean_square,0.9452542660867983
100,-4,161,SLTA,21,30,150,213,237,25,128,full_trace_mean_square,0.8325096672355808
100,-4,161,Std,21,30,150,213,237,25,128,full_trace_mean_square,0.9338475620863894
100,-4,161,S,21,30,150,213,237,25,128,full_trace_mean_square,0.21843961935961234
100,-4,161,K,21,30,150,213,237,25,128,full_trace_mean_square,0.41619770990012395
100,-4,162,M,21,30,150,213,237,25,116,full_trace_mean_square,0.9012064730050838
100,-4,162,P,21,30,150,213,237,25,116,full_trace_mean_square,0.9411281930425944
100,-4,162,SLTA,21,30,150,213,237,25,116,full_trace_mean_square,0.8067701300147042
100,-4,162,Std,21,30,150,213,237,25,116,full_trace_mean_square,0.928527246342388
100,-4,162,S,21,30,150,213,237,25,116,full_trace_mean_square,0.2362433354517523
100,-4,162,K,21,30,150,213,237,25,116,full_trace_mean_square,0.33547370958777295
100,-4,163,M,21,30,150,213,237,25,157,full_trace_mean_square,0.9134891825545977
100,-4,163,P,21,30,150,213,237,25,157,full_trace_mean_square,0.9444834613241895
100,-4,163,SLTA,21,30,150,213,237,25,157,full_trace_mean_square,0.8268783897666755
100,-4,163,Std,21,30,150,213,237,25,157,full_trace_mean_square,0.9320778039797959
100,-4,163,S,21,30,150,213,237,25,157,full_trace_mean_square,0.24516019376127315
100,-4,163,K,21,30,150,213,237,25,157,full_trace_mean_square,0.3525324031507376
100,-4,164,M,21,30,150,213,237,25,151,full_trace_mean_square,0.9171819354348969
100,-4,164,P,21,30,150,213,237,25,151,full_trace_mean_square,0.9440749740778911
100,-4,164,SLTA,21,30,150,213,237,25,151,full_trace_mean_square,0.8448766637115106
100,-4,164,Std,21,30,150,213,237,25,151,full_trace_mean_square,0.9437117956456083
100,-4,164,S,21,30,150,213,237,25,151,full_trace_mean_square,0.40610139346758445
100,-4,164,K,21,30,150,213,237,25,151,full_trace_mean_square,0.5513398495092353
100,-4,165,M,21,30,150,213,237,25,175,full_trace_mean_square,0.8999982991050597
100,-4,165,P,21,30,150,213,237,25,175,full_trace_mean_square,0.9389561394955702
100,-4,165,SLTA,21,30,150,213,237,25,175,full_trace_mean_square,0.8123259359800914
100,-4,165,Std,21,30,150,213,237,25,175,full_trace_mean_square,0.9300488756856157
100,-4,165,S,21,30,150,213,237,25,175,full_trace_mean_square,0.4402029549421465
100,-4,165,K,21,30,150,213,237,25,175,full_trace_mean_square,0.5038324256271632
100,-4,166,M,21,30,150,213,237,25,152,full_trace_mean_square,0.8970770792329629
100,-4,166,P,21,30,150,213,237,25,152,full_trace_mean_square,0.9393679838501957
100,-4,166,SLTA,21,30,150,213,237,25,152,full_trace_mean_square,0.8064279811757941
100,-4,166,Std,21,30,150,213,237,25,152,full_trace_mean_square,0.9177927422413352
100,-4,166,S,21,30,150,213,237,25,152,full_trace_mean_square,0.36812913861429547
100,-4,166,K,21,30,150,213,237,25,152,full_trace_mean_square,0.40840467751409787
100,-4,167,M,21,30,150,213,237,25,163,full_trace_mean_square,0.9210801557013241
100,-4,167,P,21,30,150,213,237,25,163,full_trace_mean_square,0.9435180316521519
100,-4,167,SLTA,21,30,150,213,237,25,163,full_trace_mean_square,0.8094035317555578
100,-4,167,Std,21,30,150,213,237,25,163,full_trace_mean_square,0.935011244380326
100,-4,167,S,21,30,150,213,237,25,163,full_trace_mean_square,0.5465395077234589
100,-4,167,K,21,30,150,213,237,25,163,full_trace_mean_square,0.5671008967118768
100,-4,168,M,21,30,150,213,237,25,143,full_trace_mean_square,0.8844323611895034
100,-4,168,P,21,30,150,213,237,25,143,full_trace_mean_square,0.9392156765128176
100,-4,168,SLTA,21,30,150,213,237,25,143,full_trace_mean_square,0.834004281692083
100,-4,168,Std,21,30,150,213,237,25,143,full_trace_mean_square,0.924244790550079
100,-4,168,S,21,30,150,213,237,25,143,full_trace_mean_square,0.3162899793941108
100,-4,168,K,21,30,150,213,237,25,143,full_trace_mean_square,0.33325636389425506
100,-4,169,M,21,30,150,213,237,25,119,full_trace_mean_square,0.9007204739563055
100,-4,169,P,21,30,150,213,237,25,119,full_trace_mean_square,0.9432178030783016
100,-4,169,SLTA,21,30,150,213,237,25,119,full_trace_mean_square,0.7900934793012596
100,-4,169,Std,21,30,150,213,237,25,119,full_trace_mean_square,0.9250597903231637
100,-4,169,S,21,30,150,213,237,25,119,full_trace_mean_square,0.3071373142937622
100,-4,169,K,21,30,150,213,237,25,119,full_trace_mean_square,0.37899603094493206
100,-4,170,M,21,30,150,213,237,25,160,full_trace_mean_square,0.896973772824371
100,-4,170,P,21,30,150,213,237,25,160,full_trace_mean_square,0.9382947736517736
100,-4,170,SLTA,21,30,150,213,237,25,160,full_trace_mean_square,0.8208506078034361
100,-4,170,Std,21,30,150,213,237,25,160,full_trace_mean_square,0.9208125533143221
100,-4,170,S,21,30,150,213,237,25,160,full_trace_mean_square,0.2778122453180068
100,-4,170,K,21,30,150,213,237,25,160,full_trace_mean_square,0.36779509235283886
100,-4,171,M,21,30,150,213,237,25,121,full_trace_mean_square,0.9089783838760499
100,-4,171,P,21,30,150,213,237,25,121,full_trace_mean_square,0.9426077047170088
100,-4,171,SLTA,21,30,150,213,237,25,121,full_trace_mean_square,0.8286659398256364
100,-4,171,Std,21,30,150,213,237,25,121,full_trace_mean_square,0.928474017949611
100,-4,171,S,21,30,150,213,237,25,121,full_trace_mean_square,0.27876775605625487
100,-4,171,K,21,30,150,213,237,25,121,full_trace_mean_square,0.36572047731916446
100,-4,172,M,21,30,150,213,237,25,129,full_trace_mean_square,0.8762293632543923
100,-4,172,P,21,30,150,213,237,25,129,full_trace_mean_square,0.9391125972801498
100,-4,172,SLTA,21,30,150,213,237,25,129,full_trace_mean_square,0.8054952576272221
100,-4,172,Std,21,30,150,213,237,25,129,full_trace_mean_square,0.9248147731500354
100,-4,172,S,21,30,150,213,237,25,129,full_trace_mean_square,0.3328505095179211
100,-4,172,K,21,30,150,213,237,25,129,full_trace_mean_square,0.3922363094818489
100,-4,173,M,21,30,150,213,237,25,160,full_trace_mean_square,0.9136511098955609
100,-4,173,P,21,30,150,213,237,25,160,full_trace_mean_square,0.9447642277329344
100,-4,173,SLTA,21,30,150,213,237,25,160,full_trace_mean_square,0.8222739500105116
100,-4,173,Std,21,30,150,213,237,25,160,full_trace_mean_square,0.9350281561844727
100,-4,173,S,21,30,150,213,237,25,160,full_trace_mean_square,0.2607634274728703
100,-4,173,K,21,30,150,213,237,25,160,full_trace_mean_square,0.4416989892542347
100,-4,174,M,21,30,150,213,237,25,139,full_trace_mean_square,0.9061334178822787
100,-4,174,P,21,30,150,213,237,25,139,full_trace_mean_square,0.9432690464707307
100,-4,174,SLTA,21,30,150,213,237,25,139,full_trace_mean_square,0.8324661854585261
100,-4,174,Std,21,30,150,213,237,25,139,full_trace_mean_square,0.9301851259101773
100,-4,174,S,21,30,150,213,237,25,139,full_trace_mean_square,0.34924366168649024
100,-4,174,K,21,30,150,213,237,25,139,full_trace_mean_square,0.32346915925435604
100,-4,175,M,21,30,150,213,237,25,149,full_trace_mean_square,0.9371005209946645
100,-4,175,P,21,30,150,213,237,25,149,full_trace_mean_square,0.9460735422962104
100,-4,175,SLTA,21,30,150,213,237,25,149,full_trace_mean_square,0.8375826331549412
100,-4,175,Std,21,30,150,213,237,25,149,full_trace_mean_square,0.9501715910900156
100,-4,175,S,21,30,150,213,237,25,149,full_trace_mean_square,0.34439249242517894
100,-4,175,K,21,30,150,213,237,25,149,full_trace_mean_square,0.44846155731511367
100,-4,176,M,21,30,150,213,237,25,155,full_trace_mean_square,0.9009131378209106
100,-4,176,P,21,30,150,213,237,25,155,full_trace_mean_square,0.9422071639011326
100,-4,176,SLTA,21,30,150,213,237,25,155,full_trace_mean_square,0.8268176457116964
100,-4,176,Std,21,30,150,213,237,25,155,full_trace_mean_square,0.9257745987613912
100,-4,176,S,21,30,150,213,237,25,155,full_trace_mean_square,0.23533193822288676
100,-4,176,K,21,30,150,213,237,25,155,full_trace_mean_square,0.3503942021725485
100,-4,177,M,21,30,150,213,237,25,146,full_trace_mean_square,0.8470922913377799
100,-4,177,P,21,30,150,213,237,25,146,full_trace_mean_square,0.9345056135445139
100,-4,177,SLTA,21,30,150,213,237,25,146,full_trace_mean_square,0.7853540908690322
100,-4,177,Std,21,30,150,213,237,25,146,full_trace_mean_square,0.8963511638998044
100,-4,177,S,21,30,150,213,237,25,146,full_trace_mean_square,0.25340308493853614
100,-4,177,K,21,30,150,213,237,25,146,full_trace_mean_square,0.3979471910856341
100,-4,178,M,21,30,150,213,237,25,140,full_trace_mean_square,0.9135528278148791
100,-4,178,P,21,30,150,213,237,25,140,full_trace_mean_square,0.9444324617988973
100,-4,178,SLTA,21,30,150,213,237,25,140,full_trace_mean_square,0.8136151943000647
100,-4,178,Std,21,30,150,213,237,25,140,full_trace_mean_square,0.942603867724634
100,-4,178,S,21,30,150,213,237,25,140,full_trace_mean_square,0.42258930934026767
100,-4,178,K,21,30,150,213,237,25,140,full_trace_mean_square,0.4231065000185466
100,-4,179,M,21,30,150,213,237,25,177,full_trace_mean_square,0.9147633418965021
100,-4,179,P,21,30,150,213,237,25,177,full_trace_mean_square,0.9444809094836416
100,-4,179,SLTA,21,30,150,213,237,25,177,full_trace_mean_square,0.8065541050968559
100,-4,179,Std,21,30,150,213,237,25,177,full_trace_mean_square,0.937939564668855
100,-4,179,S,21,30,150,213,237,25,177,full_trace_mean_square,0.38044966575666694
100,-4,179,K,21,30,150,213,237,25,177,full_trace_mean_square,0.3539336422623499
100,-4,180,M,21,30,150,213,237,25,142,full_trace_mean_square,0.8801072250999216
100,-4,180,P,21,30,150,213,237,25,142,full_trace_mean_square,0.9406154561113506
100,-4,180,SLTA,21,30,150,213,237,25,142,full_trace_mean_square,0.7906780119906163
100,-4,180,Std,21,30,150,213,237,25,142,full_trace_mean_square,0.9190129325722136
100,-4,180,S,21,30,150,213,237,25,142,full_trace_mean_square,0.4322720547160134
100,-4,180,K,21,30,150,213,237,25,142,full_trace_mean_square,0.5129107529159412
100,-4,181,M,21,30,150,213,237,25,156,full_trace_mean_square,0.9074342727953609
100,-4,181,P,21,30,150,213,237,25,156,full_trace_mean_square,0.9436846356073967
100,-4,181,SLTA,21,30,150,213,237,25,156,full_trace_mean_square,0.8317638539470666
100,-4,181,Std,21,30,150,213,237,25,156,full_trace_mean_square,0.9354759060125882
100,-4,181,S,21,30,150,213,237,25,156,full_trace_mean_square,0.2779322383013301
100,-4,181,K,21,30,150,213,237,25,156,full_trace_mean_square,0.3578311813712185
100,-4,182,M,21,30,150,213,237,25,130,full_trace_mean_square,0.8698553875404921
100,-4,182,P,21,30,150,213,237,25,130,full_trace_mean_square,0.9361907248527801
100,-4,182,SLTA,21,30,150,213,237,25,130,full_trace_mean_square,0.7913293703917171
100,-4,182,Std,21,30,150,213,237,25,130,full_trace_mean_square,0.9080140742605324
100,-4,182,S,21,30,150,213,237,25,130,full_trace_mean_square,0.4026143358533522
100,-4,182,K,21,30,150,213,237,25,130,full_trace_mean_square,0.4964625368990683
100,-4,183,M,21,30,150,213,237,25,155,full_trace_mean_square,0.8969827235339292
100,-4,183,P,21,30,150,213,237,25,155,full_trace_mean_square,0.9412329163023129
100,-4,183,SLTA,21,30,150,213,237,25,155,full_trace_mean_square,0.8179671806865174
100,-4,183,Std,21,30,150,213,237,25,155,full_trace_mean_square,0.9127765265642553
100,-4,183,S,21,30,150,213,237,25,155,full_trace_mean_square,0.17321223092705135
100,-4,183,K,21,30,150,213,237,25,155,full_trace_mean_square,0.2503121492281594
100,-4,184,M,21,30,150,213,237,25,121,full_trace_mean_square,0.8812682929940421
100,-4,184,P,21,30,150,213,237,25,121,full_trace_mean_square,0.9398495538229483
100,-4,184,SLTA,21,30,150,213,237,25,121,full_trace_mean_square,0.823964989494797
100,-4,184,Std,21,30,150,213,237,25,121,full_trace_mean_square,0.9273644080937126
100,-4,184,S,21,30,150,213,237,25,121,full_trace_mean_square,0.3526229485982538
100,-4,184,K,21,30,150,213,237,25,121,full_trace_mean_square,0.4292608570718547
100,-4,185,M,21,30,150,213,237,25,145,full_trace_mean_square,0.9132405080385432
100,-4,185,P,21,30,150,213,237,25,145,full_trace_mean_square,0.9436586631029505
100,-4,185,SLTA,21,30,150,213,237,25,145,full_trace_mean_square,0.8278323085575312
100,-4,185,Std,21,30,150,213,237,25,145,full_trace_mean_square,0.9413201949876204
100,-4,185,S,21,30,150,213,237,25,145,full_trace_mean_square,0.3192384124299406
100,-4,185,K,21,30,150,213,237,25,145,full_trace_mean_square,0.4105162296339633
100,-4,186,M,21,30,150,213,237,25,136,full_trace_mean_square,0.9158500253883428
100,-4,186,P,21,30,150,213,237,25,136,full_trace_mean_square,0.9444980188115776
100,-4,186,SLTA,21,30,150,213,237,25,136,full_trace_mean_square,0.81983025878914
100,-4,186,Std,21,30,150,213,237,25,136,full_trace_mean_square,0.9364470634833457
100,-4,186,S,21,30,150,213,237,25,136,full_trace_mean_square,0.3813776584574826
100,-4,186,K,21,30,150,213,237,25,136,full_trace_mean_square,0.5345242064122567
100,-4,187,M,21,30,150,213,237,25,157,full_trace_mean_square,0.9128870313985926
100,-4,187,P,21,30,150,213,237,25,157,full_trace_mean_square,0.942469635763378
100,-4,187,SLTA,21,30,150,213,237,25,157,full_trace_mean_square,0.810339775911149
100,-4,187,Std,21,30,150,213,237,25,157,full_trace_mean_square,0.9368312613049156
100,-4,187,S,21,30,150,213,237,25,157,full_trace_mean_square,0.38963894350351924
100,-4,187,K,21,30,150,213,237,25,157,full_trace_mean_square,0.5271590887629453
100,-4,188,M,21,30,150,213,237,25,130,full_trace_mean_square,0.913918897797364
100,-4,188,P,21,30,150,213,237,25,130,full_trace_mean_square,0.9450517423109144
100,-4,188,SLTA,21,30,150,213,237,25,130,full_trace_mean_square,0.8271417873861091
100,-4,188,Std,21,30,150,213,237,25,130,full_trace_mean_square,0.9336553752072367
100,-4,188,S,21,30,150,213,237,25,130,full_trace_mean_square,0.24886065261738877
100,-4,188,K,21,30,150,213,237,25,130,full_trace_mean_square,0.2841850715364261
100,-4,189,M,21,30,150,213,237,25,140,full_trace_mean_square,0.9060599634852636
100,-4,189,P,21,30,150,213,237,25,140,full_trace_mean_square,0.9436921783309469
100,-4,189,SLTA,21,30,150,213,237,25,140,full_trace_mean_square,0.8084004601936854
100,-4,189,Std,21,30,150,213,237,25,140,full_trace_mean_square,0.933871350673155
100,-4,189,S,21,30,150,213,237,25,140,full_trace_mean_square,0.20498705731676534
100,-4,189,K,21,30,150,213,237,25,140,full_trace_mean_square,0.23214246447677492
100,-4,190,M,21,30,150,213,237,25,135,full_trace_mean_square,0.8939938722589217
100,-4,190,P,21,30,150,213,237,25,135,full_trace_mean_square,0.9413589558468501
100,-4,190,SLTA,21,30,150,213,237,25,135,full_trace_mean_square,0.8126110874248834
100,-4,190,Std,21,30,150,213,237,25,135,full_trace_mean_square,0.924006755998916
100,-4,190,S,21,30,150,213,237,25,135,full_trace_mean_square,0.3486557455700545
100,-4,190,K,21,30,150,213,237,25,135,full_trace_mean_square,0.38872044150589835
100,-4,191,M,21,30,150,213,237,25,141,full_trace_mean_square,0.9025746585868164
100,-4,191,P,21,30,150,213,237,25,141,full_trace_mean_square,0.9412358439496609
100,-4,191,SLTA,21,30,150,213,237,25,141,full_trace_mean_square,0.8087062494622312
100,-4,191,Std,21,30,150,213,237,25,141,full_trace_mean_square,0.9304363826890039
100,-4,191,S,21,30,150,213,237,25,141,full_trace_mean_square,0.28280796429155936
100,-4,191,K,21,30,150,213,237,25,141,full_trace_mean_square,0.4454001717571598
100,-4,192,M,21,30,150,213,237,25,138,full_trace_mean_square,0.906503201870639
100,-4,192,P,21,30,150,213,237,25,138,full_trace_mean_square,0.9435378923326339
100,-4,192,SLTA,21,30,150,213,237,25,138,full_trace_mean_square,0.8291547980598873
100,-4,192,Std,21,30,150,213,237,25,138,full_trace_mean_square,0.9349723682422733
100,-4,192,S,21,30,150,213,237,25,138,full_trace_mean_square,0.4040767073961522
100,-4,192,K,21,30,150,213,237,25,138,full_trace_mean_square,0.4045519230895632
100,-4,193,M,21,30,150,213,237,25,125,full_trace_mean_square,0.9132740286288867
100,-4,193,P,21,30,150,213,237,25,125,full_trace_mean_square,0.9440342016038614
100,-4,193,SLTA,21,30,150,213,237,25,125,full_trace_mean_square,0.8338759333940685
100,-4,193,Std,21,30,150,213,237,25,125,full_trace_mean_square,0.9400495056967713
100,-4,193,S,21,30,150,213,237,25,125,full_trace_mean_square,0.28742594457380394
100,-4,193,K,21,30,150,213,237,25,125,full_trace_mean_square,0.40710693762910705
100,-4,194,M,21,30,150,213,237,25,127,full_trace_mean_square,0.897809051447251
100,-4,194,P,21,30,150,213,237,25,127,full_trace_mean_square,0.9426487260621945
100,-4,194,SLTA,21,30,150,213,237,25,127,full_trace_mean_square,0.7927816667764276
100,-4,194,Std,21,30,150,213,237,25,127,full_trace_mean_square,0.924332507260932
100,-4,194,S,21,30,150,213,237,25,127,full_trace_mean_square,0.2274555541745685
100,-4,194,K,21,30,150,213,237,25,127,full_trace_mean_square,0.39171069434679656
100,-4,195,M,21,30,150,213,237,25,163,full_trace_mean_square,0.872500063859467
100,-4,195,P,21,30,150,213,237,25,163,full_trace_mean_square,0.9374807156809186
100,-4,195,SLTA,21,30,150,213,237,25,163,full_trace_mean_square,0.8122380130693106
100,-4,195,Std,21,30,150,213,237,25,163,full_trace_mean_square,0.9135811480310098
100,-4,195,S,21,30,150,213,237,25,163,full_trace_mean_square,0.3278525003225634
100,-4,195,K,21,30,150,213,237,25,163,full_trace_mean_square,0.4739671012538593
100,-4,196,M,21,30,150,213,237,25,140,full_trace_mean_square,0.8842529507149288
100,-4,196,P,21,30,150,213,237,25,140,full_trace_mean_square,0.941425084426336
100,-4,196,SLTA,21,30,150,213,237,25,140,full_trace_mean_square,0.8270640607931977
100,-4,196,Std,21,30,150,213,237,25,140,full_trace_mean_square,0.9193192978075255
100,-4,196,S,21,30,150,213,237,25,140,full_trace_mean_square,0.30089871262427825
100,-4,196,K,21,30,150,213,237,25,140,full_trace_mean_square,0.3248225405661606
100,-4,197,M,21,30,150,213,237,25,146,full_trace_mean_square,0.9260819336987561
100,-4,197,P,21,30,150,213,237,25,146,full_trace_mean_square,0.9429705653651829
100,-4,197,SLTA,21,30,150,213,237,25,146,full_trace_mean_square,0.8458826036833149
100,-4,197,Std,21,30,150,213,237,25,146,full_trace_mean_square,0.9492219292943679
100,-4,197,S,21,30,150,213,237,25,146,full_trace_mean_square,0.39730843792665055
100,-4,197,K,21,30,150,213,237,25,146,full_trace_mean_square,0.5358947090279695
100,-4,198,M,21,30,150,213,237,25,167,full_trace_mean_square,0.8875854917893055
100,-4,198,P,21,30,150,213,237,25,167,full_trace_mean_square,0.9419075867305492
100,-4,198,SLTA,21,30,150,213,237,25,167,full_trace_mean_square,0.7923808687943359
100,-4,198,Std,21,30,150,213,237,25,167,full_trace_mean_square,0.9177443913553941
100,-4,198,S,21,30,150,213,237,25,167,full_trace_mean_square,0.4011405997333656
100,-4,198,K,21,30,150,213,237,25,167,full_trace_mean_square,0.41477222258263763
100,-4,199,M,21,30,150,213,237,25,135,full_trace_mean_square,0.8605535050904128
100,-4,199,P,21,30,150,213,237,25,135,full_trace_mean_square,0.9353977541573929
100,-4,199,SLTA,21,30,150,213,237,25,135,full_trace_mean_square,0.7818251244418322
100,-4,199,Std,21,30,150,213,237,25,135,full_trace_mean_square,0.9068438399759419
100,-4,199,S,21,30,150,213,237,25,135,full_trace_mean_square,0.3967860311383455
100,-4,199,K,21,30,150,213,237,25,135,full_trace_mean_square,0.5488421131386853
100,-2,0,M,21,30,150,213,237,25,165,full_trace_mean_square,0.9081945660821376
100,-2,0,P,21,30,150,213,237,25,165,full_trace_mean_square,0.9441248005653101
100,-2,0,SLTA,21,30,150,213,237,25,165,full_trace_mean_square,0.820080170077316
100,-2,0,Std,21,30,150,213,237,25,165,full_trace_mean_square,0.9329896924045878
100,-2,0,S,21,30,150,213,237,25,165,full_trace_mean_square,0.393094740473031
100,-2,0,K,21,30,150,213,237,25,165,full_trace_mean_square,0.39818948717749303
100,-2,1,M,21,30,150,213,237,25,154,full_trace_mean_square,0.9064597085702321
100,-2,1,P,21,30,150,213,237,25,154,full_trace_mean_square,0.9422333513493631
100,-2,1,SLTA,21,30,150,213,237,25,154,full_trace_mean_square,0.817847785159178
100,-2,1,Std,21,30,150,213,237,25,154,full_trace_mean_square,0.9378517649665327
100,-2,1,S,21,30,150,213,237,25,154,full_trace_mean_square,0.44818814162458703
100,-2,1,K,21,30,150,213,237,25,154,full_trace_mean_square,0.4397378238158321
100,-2,2,M,21,30,150,213,237,25,126,full_trace_mean_square,0.9140170290051163
100,-2,2,P,21,30,150,213,237,25,126,full_trace_mean_square,0.9458671219759005
100,-2,2,SLTA,21,30,150,213,237,25,126,full_trace_mean_square,0.8390683137939042
100,-2,2,Std,21,30,150,213,237,25,126,full_trace_mean_square,0.9374559570945517
100,-2,2,S,21,30,150,213,237,25,126,full_trace_mean_square,0.2579077869047251
100,-2,2,K,21,30,150,213,237,25,126,full_trace_mean_square,0.4279320381169609
100,-2,3,M,21,30,150,213,237,25,145,full_trace_mean_square,0.915483060275457
100,-2,3,P,21,30,150,213,237,25,145,full_trace_mean_square,0.9446902968626345
100,-2,3,SLTA,21,30,150,213,237,25,145,full_trace_mean_square,0.7868293642624431
100,-2,3,Std,21,30,150,213,237,25,145,full_trace_mean_square,0.9416948421874856
100,-2,3,S,21,30,150,213,237,25,145,full_trace_mean_square,0.33122874927441687
100,-2,3,K,21,30,150,213,237,25,145,full_trace_mean_square,0.3869485711982572
100,-2,4,M,21,30,150,213,237,25,141,full_trace_mean_square,0.9299535267262361
100,-2,4,P,21,30,150,213,237,25,141,full_trace_mean_square,0.9454665692797519
100,-2,4,SLTA,21,30,150,213,237,25,141,full_trace_mean_square,0.8217024535007349
100,-2,4,Std,21,30,150,213,237,25,141,full_trace_mean_square,0.9430879011684344
100,-2,4,S,21,30,150,213,237,25,141,full_trace_mean_square,0.20055531782713898
100,-2,4,K,21,30,150,213,237,25,141,full_trace_mean_square,0.22402349881687492
100,-2,5,M,21,30,150,213,237,25,145,full_trace_mean_square,0.9203597335043624
100,-2,5,P,21,30,150,213,237,25,145,full_trace_mean_square,0.9443328449929553
100,-2,5,SLTA,21,30,150,213,237,25,145,full_trace_mean_square,0.8053668347479395
100,-2,5,Std,21,30,150,213,237,25,145,full_trace_mean_square,0.9444578591585935
100,-2,5,S,21,30,150,213,237,25,145,full_trace_mean_square,0.2016385225508408
100,-2,5,K,21,30,150,213,237,25,145,full_trace_mean_square,0.31292648658380834
100,-2,6,M,21,30,150,213,237,25,152,full_trace_mean_square,0.9312933495251474
100,-2,6,P,21,30,150,213,237,25,152,full_trace_mean_square,0.9469892736400931
100,-2,6,SLTA,21,30,150,213,237,25,152,full_trace_mean_square,0.8234533388522898
100,-2,6,Std,21,30,150,213,237,25,152,full_trace_mean_square,0.9477359685543163
100,-2,6,S,21,30,150,213,237,25,152,full_trace_mean_square,0.32446592552696024
100,-2,6,K,21,30,150,213,237,25,152,full_trace_mean_square,0.4324315004609643
100,-2,7,M,21,30,150,213,237,25,138,full_trace_mean_square,0.9103557167345132
100,-2,7,P,21,30,150,213,237,25,138,full_trace_mean_square,0.9439936522037051
100,-2,7,SLTA,21,30,150,213,237,25,138,full_trace_mean_square,0.8087003084925267
100,-2,7,Std,21,30,150,213,237,25,138,full_trace_mean_square,0.9363591111643225
100,-2,7,S,21,30,150,213,237,25,138,full_trace_mean_square,0.2975046314744376
100,-2,7,K,21,30,150,213,237,25,138,full_trace_mean_square,0.3611500845601624
100,-2,8,M,21,30,150,213,237,25,155,full_trace_mean_square,0.9215758680062048
100,-2,8,P,21,30,150,213,237,25,155,full_trace_mean_square,0.9452154461643466
100,-2,8,SLTA,21,30,150,213,237,25,155,full_trace_mean_square,0.8142908665364399
100,-2,8,Std,21,30,150,213,237,25,155,full_trace_mean_square,0.9443395850381763
100,-2,8,S,21,30,150,213,237,25,155,full_trace_mean_square,0.36177475554837824
100,-2,8,K,21,30,150,213,237,25,155,full_trace_mean_square,0.28676012299812076
100,-2,9,M,21,30,150,213,237,25,151,full_trace_mean_square,0.9280957232993047
100,-2,9,P,21,30,150,213,237,25,151,full_trace_mean_square,0.946467445420515
100,-2,9,SLTA,21,30,150,213,237,25,151,full_trace_mean_square,0.8308656559877214
100,-2,9,Std,21,30,150,213,237,25,151,full_trace_mean_square,0.9472792006712104
100,-2,9,S,21,30,150,213,237,25,151,full_trace_mean_square,0.390618631516371
100,-2,9,K,21,30,150,213,237,25,151,full_trace_mean_square,0.4383122399076907
100,-2,10,M,21,30,150,213,237,25,125,full_trace_mean_square,0.9247335657622102
100,-2,10,P,21,30,150,213,237,25,125,full_trace_mean_square,0.9445384590276945
100,-2,10,SLTA,21,30,150,213,237,25,125,full_trace_mean_square,0.8239806731905898
100,-2,10,Std,21,30,150,213,237,25,125,full_trace_mean_square,0.9435245085632544
100,-2,10,S,21,30,150,213,237,25,125,full_trace_mean_square,0.2514174805496921
100,-2,10,K,21,30,150,213,237,25,125,full_trace_mean_square,0.3134388210967662
100,-2,11,M,21,30,150,213,237,25,148,full_trace_mean_square,0.9237197922601545
100,-2,11,P,21,30,150,213,237,25,148,full_trace_mean_square,0.94235279663226
100,-2,11,SLTA,21,30,150,213,237,25,148,full_trace_mean_square,0.8311596372203964
100,-2,11,Std,21,30,150,213,237,25,148,full_trace_mean_square,0.9475300073636135
100,-2,11,S,21,30,150,213,237,25,148,full_trace_mean_square,0.48089727676034266
100,-2,11,K,21,30,150,213,237,25,148,full_trace_mean_square,0.5581897781136035
100,-2,12,M,21,30,150,213,237,25,171,full_trace_mean_square,0.9267700687536234
100,-2,12,P,21,30,150,213,237,25,171,full_trace_mean_square,0.944320013695992
100,-2,12,SLTA,21,30,150,213,237,25,171,full_trace_mean_square,0.8293639284831562
100,-2,12,Std,21,30,150,213,237,25,171,full_trace_mean_square,0.9428177508049003
100,-2,12,S,21,30,150,213,237,25,171,full_trace_mean_square,0.3255248764081759
100,-2,12,K,21,30,150,213,237,25,171,full_trace_mean_square,0.4536106393066014
100,-2,13,M,21,30,150,213,237,25,145,full_trace_mean_square,0.9245218086381631
100,-2,13,P,21,30,150,213,237,25,145,full_trace_mean_square,0.9455458791238466
100,-2,13,SLTA,21,30,150,213,237,25,145,full_trace_mean_square,0.8101167923945226
100,-2,13,Std,21,30,150,213,237,25,145,full_trace_mean_square,0.9418093732479701
100,-2,13,S,21,30,150,213,237,25,145,full_trace_mean_square,0.30000959919653086
100,-2,13,K,21,30,150,213,237,25,145,full_trace_mean_square,0.2933443903483868
100,-2,14,M,21,30,150,213,237,25,165,full_trace_mean_square,0.9217519061748343
100,-2,14,P,21,30,150,213,237,25,165,full_trace_mean_square,0.9446010791916026
100,-2,14,SLTA,21,30,150,213,237,25,165,full_trace_mean_square,0.8465550675846046
100,-2,14,Std,21,30,150,213,237,25,165,full_trace_mean_square,0.9372112267660438
100,-2,14,S,21,30,150,213,237,25,165,full_trace_mean_square,0.26293217990010764
100,-2,14,K,21,30,150,213,237,25,165,full_trace_mean_square,0.335522003918542
100,-2,15,M,21,30,150,213,237,25,160,full_trace_mean_square,0.9147122588401017
100,-2,15,P,21,30,150,213,237,25,160,full_trace_mean_square,0.9426857252742756
100,-2,15,SLTA,21,30,150,213,237,25,160,full_trace_mean_square,0.8270648222367245
100,-2,15,Std,21,30,150,213,237,25,160,full_trace_mean_square,0.9338144182562131
100,-2,15,S,21,30,150,213,237,25,160,full_trace_mean_square,0.3832748011905196
100,-2,15,K,21,30,150,213,237,25,160,full_trace_mean_square,0.3914341856344173
100,-2,16,M,21,30,150,213,237,25,181,full_trace_mean_square,0.8894937518328693
100,-2,16,P,21,30,150,213,237,25,181,full_trace_mean_square,0.9403901177773276
100,-2,16,SLTA,21,30,150,213,237,25,181,full_trace_mean_square,0.8061894089929356
100,-2,16,Std,21,30,150,213,237,25,181,full_trace_mean_square,0.9235736036944889
100,-2,16,S,21,30,150,213,237,25,181,full_trace_mean_square,0.5358890745989999
100,-2,16,K,21,30,150,213,237,25,181,full_trace_mean_square,0.6407723833978425
100,-2,17,M,21,30,150,213,237,25,139,full_trace_mean_square,0.9179360750785128
100,-2,17,P,21,30,150,213,237,25,139,full_trace_mean_square,0.9437510089447673
100,-2,17,SLTA,21,30,150,213,237,25,139,full_trace_mean_square,0.8419607420086582
100,-2,17,Std,21,30,150,213,237,25,139,full_trace_mean_square,0.9423176508367733
100,-2,17,S,21,30,150,213,237,25,139,full_trace_mean_square,0.38214150801934593
100,-2,17,K,21,30,150,213,237,25,139,full_trace_mean_square,0.37734308570523983
100,-2,18,M,21,30,150,213,237,25,157,full_trace_mean_square,0.9165973484458809
100,-2,18,P,21,30,150,213,237,25,157,full_trace_mean_square,0.9436283779735467
100,-2,18,SLTA,21,30,150,213,237,25,157,full_trace_mean_square,0.8178642830587544
100,-2,18,Std,21,30,150,213,237,25,157,full_trace_mean_square,0.9370384489867695
100,-2,18,S,21,30,150,213,237,25,157,full_trace_mean_square,0.399906198080372
100,-2,18,K,21,30,150,213,237,25,157,full_trace_mean_square,0.452449255447132
100,-2,19,M,21,30,150,213,237,25,172,full_trace_mean_square,0.932602276103785
100,-2,19,P,21,30,150,213,237,25,172,full_trace_mean_square,0.9440172049679311
100,-2,19,SLTA,21,30,150,213,237,25,172,full_trace_mean_square,0.8373261650100544
100,-2,19,Std,21,30,150,213,237,25,172,full_trace_mean_square,0.9515460093290424
100,-2,19,S,21,30,150,213,237,25,172,full_trace_mean_square,0.4138583117015696
100,-2,19,K,21,30,150,213,237,25,172,full_trace_mean_square,0.46862522184524963
100,-2,20,M,21,30,150,213,237,25,159,full_trace_mean_square,0.9080323075410796
100,-2,20,P,21,30,150,213,237,25,159,full_trace_mean_square,0.9430228772226374
100,-2,20,SLTA,21,30,150,213,237,25,159,full_trace_mean_square,0.8233806333659692
100,-2,20,Std,21,30,150,213,237,25,159,full_trace_mean_square,0.9381383326656167
100,-2,20,S,21,30,150,213,237,25,159,full_trace_mean_square,0.3867494154605337
100,-2,20,K,21,30,150,213,237,25,159,full_trace_mean_square,0.43621535823498137
100,-2,21,M,21,30,150,213,237,25,166,full_trace_mean_square,0.9115866187737637
100,-2,21,P,21,30,150,213,237,25,166,full_trace_mean_square,0.9433682236627859
100,-2,21,SLTA,21,30,150,213,237,25,166,full_trace_mean_square,0.7909100371274644
100,-2,21,Std,21,30,150,213,237,25,166,full_trace_mean_square,0.928643631307598
100,-2,21,S,21,30,150,213,237,25,166,full_trace_mean_square,0.4309424585746668
100,-2,21,K,21,30,150,213,237,25,166,full_trace_mean_square,0.48017765706712384
100,-2,22,M,21,30,150,213,237,25,162,full_trace_mean_square,0.9217386916153189
100,-2,22,P,21,30,150,213,237,25,162,full_trace_mean_square,0.9451423686406567
100,-2,22,SLTA,21,30,150,213,237,25,162,full_trace_mean_square,0.7973459122969496
100,-2,22,Std,21,30,150,213,237,25,162,full_trace_mean_square,0.9456776724066784
100,-2,22,S,21,30,150,213,237,25,162,full_trace_mean_square,0.30310237276309043
100,-2,22,K,21,30,150,213,237,25,162,full_trace_mean_square,0.46092866335123506
100,-2,23,M,21,30,150,213,237,25,126,full_trace_mean_square,0.9202385926068312
100,-2,23,P,21,30,150,213,237,25,126,full_trace_mean_square,0.9443369414688406
100,-2,23,SLTA,21,30,150,213,237,25,126,full_trace_mean_square,0.8261276824874072
100,-2,23,Std,21,30,150,213,237,25,126,full_trace_mean_square,0.9419976518886651
100,-2,23,S,21,30,150,213,237,25,126,full_trace_mean_square,0.45987308656948966
100,-2,23,K,21,30,150,213,237,25,126,full_trace_mean_square,0.5045679813163613
100,-2,24,M,21,30,150,213,237,25,146,full_trace_mean_square,0.9269795008051518
100,-2,24,P,21,30,150,213,237,25,146,full_trace_mean_square,0.9450102198000467
100,-2,24,SLTA,21,30,150,213,237,25,146,full_trace_mean_square,0.8225060112102689
100,-2,24,Std,21,30,150,213,237,25,146,full_trace_mean_square,0.9510994803962934
100,-2,24,S,21,30,150,213,237,25,146,full_trace_mean_square,0.3299285304724747
100,-2,24,K,21,30,150,213,237,25,146,full_trace_mean_square,0.3860575394476439
100,-2,25,M,21,30,150,213,237,25,138,full_trace_mean_square,0.9212689625363362
100,-2,25,P,21,30,150,213,237,25,138,full_trace_mean_square,0.9443086156332628
100,-2,25,SLTA,21,30,150,213,237,25,138,full_trace_mean_square,0.8419175518390888
100,-2,25,Std,21,30,150,213,237,25,138,full_trace_mean_square,0.9409905940934141
100,-2,25,S,21,30,150,213,237,25,138,full_trace_mean_square,0.3194015240609132
100,-2,25,K,21,30,150,213,237,25,138,full_trace_mean_square,0.43926938971757745
100,-2,26,M,21,30,150,213,237,25,115,full_trace_mean_square,0.9205197562267069
100,-2,26,P,21,30,150,213,237,25,115,full_trace_mean_square,0.946834807045418
100,-2,26,SLTA,21,30,150,213,237,25,115,full_trace_mean_square,0.8181609847751108
100,-2,26,Std,21,30,150,213,237,25,115,full_trace_mean_square,0.9382075143149246
100,-2,26,S,21,30,150,213,237,25,115,full_trace_mean_square,0.25066982213316136
100,-2,26,K,21,30,150,213,237,25,115,full_trace_mean_square,0.32274928179909784
100,-2,27,M,21,30,150,213,237,25,169,full_trace_mean_square,0.9027106030414279
100,-2,27,P,21,30,150,213,237,25,169,full_trace_mean_square,0.9412439133627156
100,-2,27,SLTA,21,30,150,213,237,25,169,full_trace_mean_square,0.7902765277932107
100,-2,27,Std,21,30,150,213,237,25,169,full_trace_mean_square,0.9276034831435122
100,-2,27,S,21,30,150,213,237,25,169,full_trace_mean_square,0.3031348976256321
100,-2,27,K,21,30,150,213,237,25,169,full_trace_mean_square,0.29128982513687446
100,-2,28,M,21,30,150,213,237,25,138,full_trace_mean_square,0.9300133874738914
100,-2,28,P,21,30,150,213,237,25,138,full_trace_mean_square,0.9466785561001468
100,-2,28,SLTA,21,30,150,213,237,25,138,full_trace_mean_square,0.8267120238229747
100,-2,28,Std,21,30,150,213,237,25,138,full_trace_mean_square,0.9482843494244998
100,-2,28,S,21,30,150,213,237,25,138,full_trace_mean_square,0.33154224480849154
100,-2,28,K,21,30,150,213,237,25,138,full_trace_mean_square,0.29374349691157386
100,-2,29,M,21,30,150,213,237,25,171,full_trace_mean_square,0.9036557118556633
100,-2,29,P,21,30,150,213,237,25,171,full_trace_mean_square,0.941570196007859
100,-2,29,SLTA,21,30,150,213,237,25,171,full_trace_mean_square,0.824591105146776
100,-2,29,Std,21,30,150,213,237,25,171,full_trace_mean_square,0.9391950254576442
100,-2,29,S,21,30,150,213,237,25,171,full_trace_mean_square,0.49246331980828073
100,-2,29,K,21,30,150,213,237,25,171,full_trace_mean_square,0.545093045736759
100,-2,30,M,21,30,150,213,237,25,131,full_trace_mean_square,0.9196401695732307
100,-2,30,P,21,30,150,213,237,25,131,full_trace_mean_square,0.9439921430669364
100,-2,30,SLTA,21,30,150,213,237,25,131,full_trace_mean_square,0.8354903744729152
100,-2,30,Std,21,30,150,213,237,25,131,full_trace_mean_square,0.943663080015757
100,-2,30,S,21,30,150,213,237,25,131,full_trace_mean_square,0.30376274821774374
100,-2,30,K,21,30,150,213,237,25,131,full_trace_mean_square,0.39703890714183504
100,-2,31,M,21,30,150,213,237,25,174,full_trace_mean_square,0.9210133151674212
100,-2,31,P,21,30,150,213,237,25,174,full_trace_mean_square,0.944919453257977
100,-2,31,SLTA,21,30,150,213,237,25,174,full_trace_mean_square,0.812738767071593
100,-2,31,Std,21,30,150,213,237,25,174,full_trace_mean_square,0.9416432663284252
100,-2,31,S,21,30,150,213,237,25,174,full_trace_mean_square,0.3998084863735371
100,-2,31,K,21,30,150,213,237,25,174,full_trace_mean_square,0.48044552414807673
100,-2,32,M,21,30,150,213,237,25,172,full_trace_mean_square,0.9132719553165319
100,-2,32,P,21,30,150,213,237,25,172,full_trace_mean_square,0.9424314072317657
100,-2,32,SLTA,21,30,150,213,237,25,172,full_trace_mean_square,0.8392139699454095
100,-2,32,Std,21,30,150,213,237,25,172,full_trace_mean_square,0.9416680772733312
100,-2,32,S,21,30,150,213,237,25,172,full_trace_mean_square,0.34542439557260796
100,-2,32,K,21,30,150,213,237,25,172,full_trace_mean_square,0.4015971897679299
100,-2,33,M,21,30,150,213,237,25,189,full_trace_mean_square,0.9229646374721061
100,-2,33,P,21,30,150,213,237,25,189,full_trace_mean_square,0.9446169587657316
100,-2,33,SLTA,21,30,150,213,237,25,189,full_trace_mean_square,0.8337474109234252
100,-2,33,Std,21,30,150,213,237,25,189,full_trace_mean_square,0.9458359741970527
100,-2,33,S,21,30,150,213,237,25,189,full_trace_mean_square,0.4779075311454485
100,-2,33,K,21,30,150,213,237,25,189,full_trace_mean_square,0.5171218457500146
100,-2,34,M,21,30,150,213,237,25,148,full_trace_mean_square,0.908239633022844
100,-2,34,P,21,30,150,213,237,25,148,full_trace_mean_square,0.9423115103630251
100,-2,34,SLTA,21,30,150,213,237,25,148,full_trace_mean_square,0.8293146563980764
100,-2,34,Std,21,30,150,213,237,25,148,full_trace_mean_square,0.9329831594790868
100,-2,34,S,21,30,150,213,237,25,148,full_trace_mean_square,0.2968596302058153
100,-2,34,K,21,30,150,213,237,25,148,full_trace_mean_square,0.3900849964854913
100,-2,35,M,21,30,150,213,237,25,150,full_trace_mean_square,0.9204333751899474
100,-2,35,P,21,30,150,213,237,25,150,full_trace_mean_square,0.9452381601955494
100,-2,35,SLTA,21,30,150,213,237,25,150,full_trace_mean_square,0.8192393404947158
100,-2,35,Std,21,30,150,213,237,25,150,full_trace_mean_square,0.9439651002071244
100,-2,35,S,21,30,150,213,237,25,150,full_trace_mean_square,0.2306580196191399
100,-2,35,K,21,30,150,213,237,25,150,full_trace_mean_square,0.3027461053150654
100,-2,36,M,21,30,150,213,237,25,165,full_trace_mean_square,0.9085372558607482
100,-2,36,P,21,30,150,213,237,25,165,full_trace_mean_square,0.9444682369217733
100,-2,36,SLTA,21,30,150,213,237,25,165,full_trace_mean_square,0.8098227496018161
100,-2,36,Std,21,30,150,213,237,25,165,full_trace_mean_square,0.9372552411751426
100,-2,36,S,21,30,150,213,237,25,165,full_trace_mean_square,0.3849548384036023
100,-2,36,K,21,30,150,213,237,25,165,full_trace_mean_square,0.3889038471739796
100,-2,37,M,21,30,150,213,237,25,160,full_trace_mean_square,0.9219206674247076
100,-2,37,P,21,30,150,213,237,25,160,full_trace_mean_square,0.9447267319413005
100,-2,37,SLTA,21,30,150,213,237,25,160,full_trace_mean_square,0.8240920986720562
100,-2,37,Std,21,30,150,213,237,25,160,full_trace_mean_square,0.9390715675199685
100,-2,37,S,21,30,150,213,237,25,160,full_trace_mean_square,0.355645178281491
100,-2,37,K,21,30,150,213,237,25,160,full_trace_mean_square,0.454394154563065
100,-2,38,M,21,30,150,213,237,25,150,full_trace_mean_square,0.909449247026472
100,-2,38,P,21,30,150,213,237,25,150,full_trace_mean_square,0.9451052653287808
100,-2,38,SLTA,21,30,150,213,237,25,150,full_trace_mean_square,0.8341671935359585
100,-2,38,Std,21,30,150,213,237,25,150,full_trace_mean_square,0.9391053915474143
100,-2,38,S,21,30,150,213,237,25,150,full_trace_mean_square,0.2953523693458575
100,-2,38,K,21,30,150,213,237,25,150,full_trace_mean_square,0.4202013714561815
100,-2,39,M,21,30,150,213,237,25,136,full_trace_mean_square,0.9128356867444668
100,-2,39,P,21,30,150,213,237,25,136,full_trace_mean_square,0.9445544726446184
100,-2,39,SLTA,21,30,150,213,237,25,136,full_trace_mean_square,0.8024015656183248
100,-2,39,Std,21,30,150,213,237,25,136,full_trace_mean_square,0.94257152374625
100,-2,39,S,21,30,150,213,237,25,136,full_trace_mean_square,0.2854020723851561
100,-2,39,K,21,30,150,213,237,25,136,full_trace_mean_square,0.39350354638433166
100,-2,40,M,21,30,150,213,237,25,180,full_trace_mean_square,0.9210343662916588
100,-2,40,P,21,30,150,213,237,25,180,full_trace_mean_square,0.9444646525912131
100,-2,40,SLTA,21,30,150,213,237,25,180,full_trace_mean_square,0.8232293624251481
100,-2,40,Std,21,30,150,213,237,25,180,full_trace_mean_square,0.9423247415138631
100,-2,40,S,21,30,150,213,237,25,180,full_trace_mean_square,0.28454523918332236
100,-2,40,K,21,30,150,213,237,25,180,full_trace_mean_square,0.38993517517483034
100,-2,41,M,21,30,150,213,237,25,169,full_trace_mean_square,0.9112192582046895
100,-2,41,P,21,30,150,213,237,25,169,full_trace_mean_square,0.9425457611155296
100,-2,41,SLTA,21,30,150,213,237,25,169,full_trace_mean_square,0.8108048872914317
100,-2,41,Std,21,30,150,213,237,25,169,full_trace_mean_square,0.9390898479857408
100,-2,41,S,21,30,150,213,237,25,169,full_trace_mean_square,0.4761512962663652
100,-2,41,K,21,30,150,213,237,25,169,full_trace_mean_square,0.5152187467368687
100,-2,42,M,21,30,150,213,237,25,146,full_trace_mean_square,0.9169805064122796
100,-2,42,P,21,30,150,213,237,25,146,full_trace_mean_square,0.94677359776029
100,-2,42,SLTA,21,30,150,213,237,25,146,full_trace_mean_square,0.7957519836295184
100,-2,42,Std,21,30,150,213,237,25,146,full_trace_mean_square,0.9367248992399423
100,-2,42,S,21,30,150,213,237,25,146,full_trace_mean_square,0.21177958137683162
100,-2,42,K,21,30,150,213,237,25,146,full_trace_mean_square,0.19269656153459627
100,-2,43,M,21,30,150,213,237,25,173,full_trace_mean_square,0.9114252606001645
100,-2,43,P,21,30,150,213,237,25,173,full_trace_mean_square,0.9432874837744346
100,-2,43,SLTA,21,30,150,213,237,25,173,full_trace_mean_square,0.7815352228580311
100,-2,43,Std,21,30,150,213,237,25,173,full_trace_mean_square,0.9390599568623179
100,-2,43,S,21,30,150,213,237,25,173,full_trace_mean_square,0.30934683947074815
100,-2,43,K,21,30,150,213,237,25,173,full_trace_mean_square,0.40534683031729796
100,-2,44,M,21,30,150,213,237,25,157,full_trace_mean_square,0.9166176567325945
100,-2,44,P,21,30,150,213,237,25,157,full_trace_mean_square,0.9454344563353042
100,-2,44,SLTA,21,30,150,213,237,25,157,full_trace_mean_square,0.8079701081160695
100,-2,44,Std,21,30,150,213,237,25,157,full_trace_mean_square,0.945165652546485
100,-2,44,S,21,30,150,213,237,25,157,full_trace_mean_square,0.3506635976064965
100,-2,44,K,21,30,150,213,237,25,157,full_trace_mean_square,0.4793998010214251
100,-2,45,M,21,30,150,213,237,25,131,full_trace_mean_square,0.923203033844735
100,-2,45,P,21,30,150,213,237,25,131,full_trace_mean_square,0.9463090080577223
100,-2,45,SLTA,21,30,150,213,237,25,131,full_trace_mean_square,0.8100466482455813
100,-2,45,Std,21,30,150,213,237,25,131,full_trace_mean_square,0.9380178964411615
100,-2,45,S,21,30,150,213,237,25,131,full_trace_mean_square,0.3629793409198393
100,-2,45,K,21,30,150,213,237,25,131,full_trace_mean_square,0.35212749947264427
100,-2,46,M,21,30,150,213,237,25,132,full_trace_mean_square,0.9186478153952172
100,-2,46,P,21,30,150,213,237,25,132,full_trace_mean_square,0.9437676426737731
100,-2,46,SLTA,21,30,150,213,237,25,132,full_trace_mean_square,0.8311697085720092
100,-2,46,Std,21,30,150,213,237,25,132,full_trace_mean_square,0.9384961584118644
100,-2,46,S,21,30,150,213,237,25,132,full_trace_mean_square,0.4062031388762398
100,-2,46,K,21,30,150,213,237,25,132,full_trace_mean_square,0.4368343979228682
100,-2,47,M,21,30,150,213,237,25,162,full_trace_mean_square,0.9193085910922052
100,-2,47,P,21,30,150,213,237,25,162,full_trace_mean_square,0.9430227555230907
100,-2,47,SLTA,21,30,150,213,237,25,162,full_trace_mean_square,0.8320702201536613
100,-2,47,Std,21,30,150,213,237,25,162,full_trace_mean_square,0.9435763152427634
100,-2,47,S,21,30,150,213,237,25,162,full_trace_mean_square,0.4419115787107599
100,-2,47,K,21,30,150,213,237,25,162,full_trace_mean_square,0.538875877676181
100,-2,48,M,21,30,150,213,237,25,136,full_trace_mean_square,0.9277291234935461
100,-2,48,P,21,30,150,213,237,25,136,full_trace_mean_square,0.9454511203990689
100,-2,48,SLTA,21,30,150,213,237,25,136,full_trace_mean_square,0.7817421772766853
100,-2,48,Std,21,30,150,213,237,25,136,full_trace_mean_square,0.945485113644164
100,-2,48,S,21,30,150,213,237,25,136,full_trace_mean_square,0.3880399707315289
100,-2,48,K,21,30,150,213,237,25,136,full_trace_mean_square,0.43412000472206774
100,-2,49,M,21,30,150,213,237,25,186,full_trace_mean_square,0.9160687401280665
100,-2,49,P,21,30,150,213,237,25,186,full_trace_mean_square,0.9438299876589568
100,-2,49,SLTA,21,30,150,213,237,25,186,full_trace_mean_square,0.7983289839945193
100,-2,49,Std,21,30,150,213,237,25,186,full_trace_mean_square,0.9380476516031385
100,-2,49,S,21,30,150,213,237,25,186,full_trace_mean_square,0.469183463799226
100,-2,49,K,21,30,150,213,237,25,186,full_trace_mean_square,0.5394318748406844
100,-2,50,M,21,30,150,213,237,25,144,full_trace_mean_square,0.9275160909698665
100,-2,50,P,21,30,150,213,237,25,144,full_trace_mean_square,0.944126159175131
100,-2,50,SLTA,21,30,150,213,237,25,144,full_trace_mean_square,0.8151957687225437
100,-2,50,Std,21,30,150,213,237,25,144,full_trace_mean_square,0.9427131049348424
100,-2,50,S,21,30,150,213,237,25,144,full_trace_mean_square,0.55409524968829
100,-2,50,K,21,30,150,213,237,25,144,full_trace_mean_square,0.5858389655397074
100,-2,51,M,21,30,150,213,237,25,145,full_trace_mean_square,0.925986467684008
100,-2,51,P,21,30,150,213,237,25,145,full_trace_mean_square,0.9437373827174698
100,-2,51,SLTA,21,30,150,213,237,25,145,full_trace_mean_square,0.8203465607289361
100,-2,51,Std,21,30,150,213,237,25,145,full_trace_mean_square,0.9419757276741798
100,-2,51,S,21,30,150,213,237,25,145,full_trace_mean_square,0.2764759550370708
100,-2,51,K,21,30,150,213,237,25,145,full_trace_mean_square,0.34299613104591103
100,-2,52,M,21,30,150,213,237,25,148,full_trace_mean_square,0.923846289041683
100,-2,52,P,21,30,150,213,237,25,148,full_trace_mean_square,0.9426249420574284
100,-2,52,SLTA,21,30,150,213,237,25,148,full_trace_mean_square,0.8446605799665556
100,-2,52,Std,21,30,150,213,237,25,148,full_trace_mean_square,0.9464249065313204
100,-2,52,S,21,30,150,213,237,25,148,full_trace_mean_square,0.3962484545597543
100,-2,52,K,21,30,150,213,237,25,148,full_trace_mean_square,0.522037815299023
100,-2,53,M,21,30,150,213,237,25,127,full_trace_mean_square,0.9279431532286609
100,-2,53,P,21,30,150,213,237,25,127,full_trace_mean_square,0.9452770955627684
100,-2,53,SLTA,21,30,150,213,237,25,127,full_trace_mean_square,0.8159351602499119
100,-2,53,Std,21,30,150,213,237,25,127,full_trace_mean_square,0.9416136198881165
100,-2,53,S,21,30,150,213,237,25,127,full_trace_mean_square,0.2443236476391264
100,-2,53,K,21,30,150,213,237,25,127,full_trace_mean_square,0.27032261919625417
100,-2,54,M,21,30,150,213,237,25,151,full_trace_mean_square,0.9315998268390251
100,-2,54,P,21,30,150,213,237,25,151,full_trace_mean_square,0.9422188197673556
100,-2,54,SLTA,21,30,150,213,237,25,151,full_trace_mean_square,0.8162181528028777
100,-2,54,Std,21,30,150,213,237,25,151,full_trace_mean_square,0.9459704237092557
100,-2,54,S,21,30,150,213,237,25,151,full_trace_mean_square,0.36542340444757965
100,-2,54,K,21,30,150,213,237,25,151,full_trace_mean_square,0.38835884530563464
100,-2,55,M,21,30,150,213,237,25,164,full_trace_mean_square,0.9192700347314123
100,-2,55,P,21,30,150,213,237,25,164,full_trace_mean_square,0.9448052377881571
100,-2,55,SLTA,21,30,150,213,237,25,164,full_trace_mean_square,0.8377816986448272
100,-2,55,Std,21,30,150,213,237,25,164,full_trace_mean_square,0.943374043071221
100,-2,55,S,21,30,150,213,237,25,164,full_trace_mean_square,0.2570905061294797
100,-2,55,K,21,30,150,213,237,25,164,full_trace_mean_square,0.34267809509409375
100,-2,56,M,21,30,150,213,237,25,158,full_trace_mean_square,0.9053394337316952
100,-2,56,P,21,30,150,213,237,25,158,full_trace_mean_square,0.940607595523243
100,-2,56,SLTA,21,30,150,213,237,25,158,full_trace_mean_square,0.8230079188030861
100,-2,56,Std,21,30,150,213,237,25,158,full_trace_mean_square,0.9335812199811541
100,-2,56,S,21,30,150,213,237,25,158,full_trace_mean_square,0.3022867451971118
100,-2,56,K,21,30,150,213,237,25,158,full_trace_mean_square,0.449290095504576
100,-2,57,M,21,30,150,213,237,25,180,full_trace_mean_square,0.9090233012455453
100,-2,57,P,21,30,150,213,237,25,180,full_trace_mean_square,0.9426126033146603
100,-2,57,SLTA,21,30,150,213,237,25,180,full_trace_mean_square,0.8288861442844795
100,-2,57,Std,21,30,150,213,237,25,180,full_trace_mean_square,0.9315742301244041
100,-2,57,S,21,30,150,213,237,25,180,full_trace_mean_square,0.4218300544749784
100,-2,57,K,21,30,150,213,237,25,180,full_trace_mean_square,0.4903486149837698
100,-2,58,M,21,30,150,213,237,25,152,full_trace_mean_square,0.9175568743240748
100,-2,58,P,21,30,150,213,237,25,152,full_trace_mean_square,0.9436955066741809
100,-2,58,SLTA,21,30,150,213,237,25,152,full_trace_mean_square,0.8232348505091381
100,-2,58,Std,21,30,150,213,237,25,152,full_trace_mean_square,0.9395374567385014
100,-2,58,S,21,30,150,213,237,25,152,full_trace_mean_square,0.44546498945310753
100,-2,58,K,21,30,150,213,237,25,152,full_trace_mean_square,0.46269723104718935
100,-2,59,M,21,30,150,213,237,25,136,full_trace_mean_square,0.9160234303408792
100,-2,59,P,21,30,150,213,237,25,136,full_trace_mean_square,0.9437632672972952
100,-2,59,SLTA,21,30,150,213,237,25,136,full_trace_mean_square,0.8076841708035349
100,-2,59,Std,21,30,150,213,237,25,136,full_trace_mean_square,0.9419263808921964
100,-2,59,S,21,30,150,213,237,25,136,full_trace_mean_square,0.3934545037878715
100,-2,59,K,21,30,150,213,237,25,136,full_trace_mean_square,0.4405076788755578
100,-2,60,M,21,30,150,213,237,25,155,full_trace_mean_square,0.9068941342774448
100,-2,60,P,21,30,150,213,237,25,155,full_trace_mean_square,0.9426245927214525
100,-2,60,SLTA,21,30,150,213,237,25,155,full_trace_mean_square,0.7913930711761558
100,-2,60,Std,21,30,150,213,237,25,155,full_trace_mean_square,0.9267961006722794
100,-2,60,S,21,30,150,213,237,25,155,full_trace_mean_square,0.3848326997596514
100,-2,60,K,21,30,150,213,237,25,155,full_trace_mean_square,0.3365093572957224
100,-2,61,M,21,30,150,213,237,25,173,full_trace_mean_square,0.933291370769833
100,-2,61,P,21,30,150,213,237,25,173,full_trace_mean_square,0.9447183092219743
100,-2,61,SLTA,21,30,150,213,237,25,173,full_trace_mean_square,0.8438967468628268
100,-2,61,Std,21,30,150,213,237,25,173,full_trace_mean_square,0.9544712682835704
100,-2,61,S,21,30,150,213,237,25,173,full_trace_mean_square,0.40642679371419926
100,-2,61,K,21,30,150,213,237,25,173,full_trace_mean_square,0.4325427709328178
100,-2,62,M,21,30,150,213,237,25,133,full_trace_mean_square,0.9155590221620585
100,-2,62,P,21,30,150,213,237,25,133,full_trace_mean_square,0.9433443575038157
100,-2,62,SLTA,21,30,150,213,237,25,133,full_trace_mean_square,0.8191778369475868
100,-2,62,Std,21,30,150,213,237,25,133,full_trace_mean_square,0.9384125045929231
100,-2,62,S,21,30,150,213,237,25,133,full_trace_mean_square,0.3844901078977259
100,-2,62,K,21,30,150,213,237,25,133,full_trace_mean_square,0.4220849097156867
100,-2,63,M,21,30,150,213,237,25,160,full_trace_mean_square,0.9240883797856014
100,-2,63,P,21,30,150,213,237,25,160,full_trace_mean_square,0.9453356247196409
100,-2,63,SLTA,21,30,150,213,237,25,160,full_trace_mean_square,0.7802285885440275
100,-2,63,Std,21,30,150,213,237,25,160,full_trace_mean_square,0.9432375257889624
100,-2,63,S,21,30,150,213,237,25,160,full_trace_mean_square,0.3744215367954023
100,-2,63,K,21,30,150,213,237,25,160,full_trace_mean_square,0.3819357310529712
100,-2,64,M,21,30,150,213,237,25,150,full_trace_mean_square,0.9156319127442272
100,-2,64,P,21,30,150,213,237,25,150,full_trace_mean_square,0.9453667124994276
100,-2,64,SLTA,21,30,150,213,237,25,150,full_trace_mean_square,0.8367192582152366
100,-2,64,Std,21,30,150,213,237,25,150,full_trace_mean_square,0.9413465538765471
100,-2,64,S,21,30,150,213,237,25,150,full_trace_mean_square,0.2995953517416048
100,-2,64,K,21,30,150,213,237,25,150,full_trace_mean_square,0.4407882447203356
100,-2,65,M,21,30,150,213,237,25,159,full_trace_mean_square,0.9234559259532774
100,-2,65,P,21,30,150,213,237,25,159,full_trace_mean_square,0.9445837552858524
100,-2,65,SLTA,21,30,150,213,237,25,159,full_trace_mean_square,0.8249508003215482
100,-2,65,Std,21,30,150,213,237,25,159,full_trace_mean_square,0.9426700970758395
100,-2,65,S,21,30,150,213,237,25,159,full_trace_mean_square,0.36131976582423314
100,-2,65,K,21,30,150,213,237,25,159,full_trace_mean_square,0.3575089741580288
100,-2,66,M,21,30,150,213,237,25,157,full_trace_mean_square,0.9317050391332461
100,-2,66,P,21,30,150,213,237,25,157,full_trace_mean_square,0.9461340774176757
100,-2,66,SLTA,21,30,150,213,237,25,157,full_trace_mean_square,0.8295276842778395
100,-2,66,Std,21,30,150,213,237,25,157,full_trace_mean_square,0.9471599517147644
100,-2,66,S,21,30,150,213,237,25,157,full_trace_mean_square,0.28656562724054535
100,-2,66,K,21,30,150,213,237,25,157,full_trace_mean_square,0.312871447640805
100,-2,67,M,21,30,150,213,237,25,108,full_trace_mean_square,0.9146071870850044
100,-2,67,P,21,30,150,213,237,25,108,full_trace_mean_square,0.945052878236787
100,-2,67,SLTA,21,30,150,213,237,25,108,full_trace_mean_square,0.8131622511602938
100,-2,67,Std,21,30,150,213,237,25,108,full_trace_mean_square,0.9403785861524497
100,-2,67,S,21,30,150,213,237,25,108,full_trace_mean_square,0.2472218193605204
100,-2,67,K,21,30,150,213,237,25,108,full_trace_mean_square,0.39875900723255236
100,-2,68,M,21,30,150,213,237,25,130,full_trace_mean_square,0.9165732476854443
100,-2,68,P,21,30,150,213,237,25,130,full_trace_mean_square,0.9449417881535149
100,-2,68,SLTA,21,30,150,213,237,25,130,full_trace_mean_square,0.7980551240362586
100,-2,68,Std,21,30,150,213,237,25,130,full_trace_mean_square,0.9344583892250194
100,-2,68,S,21,30,150,213,237,25,130,full_trace_mean_square,0.18455877540709237
100,-2,68,K,21,30,150,213,237,25,130,full_trace_mean_square,0.3406094761132395
100,-2,69,M,21,30,150,213,237,25,148,full_trace_mean_square,0.9272741794085133
100,-2,69,P,21,30,150,213,237,25,148,full_trace_mean_square,0.9462821012758009
100,-2,69,SLTA,21,30,150,213,237,25,148,full_trace_mean_square,0.7973927669501791
100,-2,69,Std,21,30,150,213,237,25,148,full_trace_mean_square,0.9428089279014689
100,-2,69,S,21,30,150,213,237,25,148,full_trace_mean_square,0.22844479352623448
100,-2,69,K,21,30,150,213,237,25,148,full_trace_mean_square,0.2783512245412918
100,-2,70,M,21,30,150,213,237,25,163,full_trace_mean_square,0.9206553349923566
100,-2,70,P,21,30,150,213,237,25,163,full_trace_mean_square,0.9456014954714292
100,-2,70,SLTA,21,30,150,213,237,25,163,full_trace_mean_square,0.827051978897545
100,-2,70,Std,21,30,150,213,237,25,163,full_trace_mean_square,0.941636614324925
100,-2,70,S,21,30,150,213,237,25,163,full_trace_mean_square,0.28078255110494355
100,-2,70,K,21,30,150,213,237,25,163,full_trace_mean_square,0.41563951595214493
100,-2,71,M,21,30,150,213,237,25,153,full_trace_mean_square,0.9262327120096492
100,-2,71,P,21,30,150,213,237,25,153,full_trace_mean_square,0.9462275101961973
100,-2,71,SLTA,21,30,150,213,237,25,153,full_trace_mean_square,0.836841600803397
100,-2,71,Std,21,30,150,213,237,25,153,full_trace_mean_square,0.9472627601859883
100,-2,71,S,21,30,150,213,237,25,153,full_trace_mean_square,0.30331485036557676
100,-2,71,K,21,30,150,213,237,25,153,full_trace_mean_square,0.3682318114136825
100,-2,72,M,21,30,150,213,237,25,156,full_trace_mean_square,0.9099384683470161
100,-2,72,P,21,30,150,213,237,25,156,full_trace_mean_square,0.943971942499796
100,-2,72,SLTA,21,30,150,213,237,25,156,full_trace_mean_square,0.817837465488038
100,-2,72,Std,21,30,150,213,237,25,156,full_trace_mean_square,0.9350938763792147
100,-2,72,S,21,30,150,213,237,25,156,full_trace_mean_square,0.31717031331426565
100,-2,72,K,21,30,150,213,237,25,156,full_trace_mean_square,0.42416197339297546
100,-2,73,M,21,30,150,213,237,25,113,full_trace_mean_square,0.9090017826252175
100,-2,73,P,21,30,150,213,237,25,113,full_trace_mean_square,0.9451132433752188
100,-2,73,SLTA,21,30,150,213,237,25,113,full_trace_mean_square,0.8150207933895829
100,-2,73,Std,21,30,150,213,237,25,113,full_trace_mean_square,0.9328027243681707
100,-2,73,S,21,30,150,213,237,25,113,full_trace_mean_square,0.19859484096750682
100,-2,73,K,21,30,150,213,237,25,113,full_trace_mean_square,0.2413953285207562
100,-2,74,M,21,30,150,213,237,25,187,full_trace_mean_square,0.906130731128246
100,-2,74,P,21,30,150,213,237,25,187,full_trace_mean_square,0.941348559161849
100,-2,74,SLTA,21,30,150,213,237,25,187,full_trace_mean_square,0.8266841492133948
100,-2,74,Std,21,30,150,213,237,25,187,full_trace_mean_square,0.939574865532881
100,-2,74,S,21,30,150,213,237,25,187,full_trace_mean_square,0.3955858124609013
100,-2,74,K,21,30,150,213,237,25,187,full_trace_mean_square,0.46592029168897076
100,-2,75,M,21,30,150,213,237,25,162,full_trace_mean_square,0.9275339153587623
100,-2,75,P,21,30,150,213,237,25,162,full_trace_mean_square,0.9446708300327409
100,-2,75,SLTA,21,30,150,213,237,25,162,full_trace_mean_square,0.8135699584714878
100,-2,75,Std,21,30,150,213,237,25,162,full_trace_mean_square,0.9410218826441697
100,-2,75,S,21,30,150,213,237,25,162,full_trace_mean_square,0.4052988003063363
100,-2,75,K,21,30,150,213,237,25,162,full_trace_mean_square,0.43549741506191836
100,-2,76,M,21,30,150,213,237,25,164,full_trace_mean_square,0.9107401588930685
100,-2,76,P,21,30,150,213,237,25,164,full_trace_mean_square,0.9377527014178818
100,-2,76,SLTA,21,30,150,213,237,25,164,full_trace_mean_square,0.7900300046490332
100,-2,76,Std,21,30,150,213,237,25,164,full_trace_mean_square,0.9302990693861194
100,-2,76,S,21,30,150,213,237,25,164,full_trace_mean_square,0.3041713273153532
100,-2,76,K,21,30,150,213,237,25,164,full_trace_mean_square,0.3561457053423147
100,-2,77,M,21,30,150,213,237,25,151,full_trace_mean_square,0.9205827382022741
100,-2,77,P,21,30,150,213,237,25,151,full_trace_mean_square,0.9449752519516346
100,-2,77,SLTA,21,30,150,213,237,25,151,full_trace_mean_square,0.7808295073907675
100,-2,77,Std,21,30,150,213,237,25,151,full_trace_mean_square,0.9382240234549978
100,-2,77,S,21,30,150,213,237,25,151,full_trace_mean_square,0.3208079770375056
100,-2,77,K,21,30,150,213,237,25,151,full_trace_mean_square,0.39235372470004154
100,-2,78,M,21,30,150,213,237,25,173,full_trace_mean_square,0.9286503680442608
100,-2,78,P,21,30,150,213,237,25,173,full_trace_mean_square,0.94525416701334
100,-2,78,SLTA,21,30,150,213,237,25,173,full_trace_mean_square,0.8112644245849511
100,-2,78,Std,21,30,150,213,237,25,173,full_trace_mean_square,0.9500050631819069
100,-2,78,S,21,30,150,213,237,25,173,full_trace_mean_square,0.39317749969308313
100,-2,78,K,21,30,150,213,237,25,173,full_trace_mean_square,0.46271421796889134
100,-2,79,M,21,30,150,213,237,25,154,full_trace_mean_square,0.9149457495465585
100,-2,79,P,21,30,150,213,237,25,154,full_trace_mean_square,0.9429567616638552
100,-2,79,SLTA,21,30,150,213,237,25,154,full_trace_mean_square,0.8272188040368275
100,-2,79,Std,21,30,150,213,237,25,154,full_trace_mean_square,0.9389246974013741
100,-2,79,S,21,30,150,213,237,25,154,full_trace_mean_square,0.39365322593694235
100,-2,79,K,21,30,150,213,237,25,154,full_trace_mean_square,0.4935444059841416
100,-2,80,M,21,30,150,213,237,25,167,full_trace_mean_square,0.9294628111243504
100,-2,80,P,21,30,150,213,237,25,167,full_trace_mean_square,0.9470842147304634
100,-2,80,SLTA,21,30,150,213,237,25,167,full_trace_mean_square,0.8145181043781531
100,-2,80,Std,21,30,150,213,237,25,167,full_trace_mean_square,0.9427523216731434
100,-2,80,S,21,30,150,213,237,25,167,full_trace_mean_square,0.3018230818341908
100,-2,80,K,21,30,150,213,237,25,167,full_trace_mean_square,0.3013889057789259
100,-2,81,M,21,30,150,213,237,25,147,full_trace_mean_square,0.9339217205542829
100,-2,81,P,21,30,150,213,237,25,147,full_trace_mean_square,0.9461685746326042
100,-2,81,SLTA,21,30,150,213,237,25,147,full_trace_mean_square,0.82627029960485
100,-2,81,Std,21,30,150,213,237,25,147,full_trace_mean_square,0.9469064056517372
100,-2,81,S,21,30,150,213,237,25,147,full_trace_mean_square,0.27149891869394566
100,-2,81,K,21,30,150,213,237,25,147,full_trace_mean_square,0.3674479733661901
100,-2,82,M,21,30,150,213,237,25,161,full_trace_mean_square,0.903657910104127
100,-2,82,P,21,30,150,213,237,25,161,full_trace_mean_square,0.941967331244334
100,-2,82,SLTA,21,30,150,213,237,25,161,full_trace_mean_square,0.8086697262210419
100,-2,82,Std,21,30,150,213,237,25,161,full_trace_mean_square,0.9380946814355454
100,-2,82,S,21,30,150,213,237,25,161,full_trace_mean_square,0.4556181434232342
100,-2,82,K,21,30,150,213,237,25,161,full_trace_mean_square,0.5136919327548034
100,-2,83,M,21,30,150,213,237,25,141,full_trace_mean_square,0.9212566847777015
100,-2,83,P,21,30,150,213,237,25,141,full_trace_mean_square,0.9453081893309855
100,-2,83,SLTA,21,30,150,213,237,25,141,full_trace_mean_square,0.8165188616340937
100,-2,83,Std,21,30,150,213,237,25,141,full_trace_mean_square,0.9391017708478202
100,-2,83,S,21,30,150,213,237,25,141,full_trace_mean_square,0.323629870954315
100,-2,83,K,21,30,150,213,237,25,141,full_trace_mean_square,0.3446004200290646
100,-2,84,M,21,30,150,213,237,25,150,full_trace_mean_square,0.9200739286832142
100,-2,84,P,21,30,150,213,237,25,150,full_trace_mean_square,0.944969677748607
100,-2,84,SLTA,21,30,150,213,237,25,150,full_trace_mean_square,0.7935037505942328
100,-2,84,Std,21,30,150,213,237,25,150,full_trace_mean_square,0.9390832177158758
100,-2,84,S,21,30,150,213,237,25,150,full_trace_mean_square,0.3360041040988958
100,-2,84,K,21,30,150,213,237,25,150,full_trace_mean_square,0.3521550212036551
100,-2,85,M,21,30,150,213,237,25,167,full_trace_mean_square,0.897194164530665
100,-2,85,P,21,30,150,213,237,25,167,full_trace_mean_square,0.942583490501909
100,-2,85,SLTA,21,30,150,213,237,25,167,full_trace_mean_square,0.8211738635163562
100,-2,85,Std,21,30,150,213,237,25,167,full_trace_mean_square,0.9362313724849156
100,-2,85,S,21,30,150,213,237,25,167,full_trace_mean_square,0.21503848189158326
100,-2,85,K,21,30,150,213,237,25,167,full_trace_mean_square,0.3677524759500536
100,-2,86,M,21,30,150,213,237,25,144,full_trace_mean_square,0.9250394269014631
100,-2,86,P,21,30,150,213,237,25,144,full_trace_mean_square,0.9458681284039779
100,-2,86,SLTA,21,30,150,213,237,25,144,full_trace_mean_square,0.8428803363284098
100,-2,86,Std,21,30,150,213,237,25,144,full_trace_mean_square,0.9484099882184664
100,-2,86,S,21,30,150,213,237,25,144,full_trace_mean_square,0.3183360651879288
100,-2,86,K,21,30,150,213,237,25,144,full_trace_mean_square,0.43585634870115797
100,-2,87,M,21,30,150,213,237,25,156,full_trace_mean_square,0.9298505315586274
100,-2,87,P,21,30,150,213,237,25,156,full_trace_mean_square,0.9437303554611861
100,-2,87,SLTA,21,30,150,213,237,25,156,full_trace_mean_square,0.8343448528919769
100,-2,87,Std,21,30,150,213,237,25,156,full_trace_mean_square,0.9458082775393052
100,-2,87,S,21,30,150,213,237,25,156,full_trace_mean_square,0.3234602245205513
100,-2,87,K,21,30,150,213,237,25,156,full_trace_mean_square,0.5169833253683686
100,-2,88,M,21,30,150,213,237,25,163,full_trace_mean_square,0.9196422313075006
100,-2,88,P,21,30,150,213,237,25,163,full_trace_mean_square,0.9458311249121546
100,-2,88,SLTA,21,30,150,213,237,25,163,full_trace_mean_square,0.8172508749161632
100,-2,88,Std,21,30,150,213,237,25,163,full_trace_mean_square,0.936303372407268
100,-2,88,S,21,30,150,213,237,25,163,full_trace_mean_square,0.3381262535323407
100,-2,88,K,21,30,150,213,237,25,163,full_trace_mean_square,0.34382209618727055
100,-2,89,M,21,30,150,213,237,25,160,full_trace_mean_square,0.9205360624796648
100,-2,89,P,21,30,150,213,237,25,160,full_trace_mean_square,0.9424806241225163
100,-2,89,SLTA,21,30,150,213,237,25,160,full_trace_mean_square,0.8430262093233779
100,-2,89,Std,21,30,150,213,237,25,160,full_trace_mean_square,0.9406531660274222
100,-2,89,S,21,30,150,213,237,25,160,full_trace_mean_square,0.3537151330014569
100,-2,89,K,21,30,150,213,237,25,160,full_trace_mean_square,0.3507632957435261
100,-2,90,M,21,30,150,213,237,25,163,full_trace_mean_square,0.9227673882645426
100,-2,90,P,21,30,150,213,237,25,163,full_trace_mean_square,0.9446948914571764
100,-2,90,SLTA,21,30,150,213,237,25,163,full_trace_mean_square,0.8374882422683567
100,-2,90,Std,21,30,150,213,237,25,163,full_trace_mean_square,0.9406720525904508
100,-2,90,S,21,30,150,213,237,25,163,full_trace_mean_square,0.3645132231889329
100,-2,90,K,21,30,150,213,237,25,163,full_trace_mean_square,0.3795071680949272
100,-2,91,M,21,30,150,213,237,25,131,full_trace_mean_square,0.9066491951849629
100,-2,91,P,21,30,150,213,237,25,131,full_trace_mean_square,0.9437857803681664
100,-2,91,SLTA,21,30,150,213,237,25,131,full_trace_mean_square,0.7904709949992613
100,-2,91,Std,21,30,150,213,237,25,131,full_trace_mean_square,0.9366297141173362
100,-2,91,S,21,30,150,213,237,25,131,full_trace_mean_square,0.3345603715376981
100,-2,91,K,21,30,150,213,237,25,131,full_trace_mean_square,0.4027045677607793
100,-2,92,M,21,30,150,213,237,25,147,full_trace_mean_square,0.9114553572859592
100,-2,92,P,21,30,150,213,237,25,147,full_trace_mean_square,0.9433200919513689
100,-2,92,SLTA,21,30,150,213,237,25,147,full_trace_mean_square,0.8153866712578867
100,-2,92,Std,21,30,150,213,237,25,147,full_trace_mean_square,0.945104774269951
100,-2,92,S,21,30,150,213,237,25,147,full_trace_mean_square,0.33559784412968163
100,-2,92,K,21,30,150,213,237,25,147,full_trace_mean_square,0.3923904408038626
100,-2,93,M,21,30,150,213,237,25,179,full_trace_mean_square,0.9320304515191745
100,-2,93,P,21,30,150,213,237,25,179,full_trace_mean_square,0.9447613673301212
100,-2,93,SLTA,21,30,150,213,237,25,179,full_trace_mean_square,0.8099129949293074
100,-2,93,Std,21,30,150,213,237,25,179,full_trace_mean_square,0.9466253151934207
100,-2,93,S,21,30,150,213,237,25,179,full_trace_mean_square,0.5174450789553685
100,-2,93,K,21,30,150,213,237,25,179,full_trace_mean_square,0.5764127923705569
100,-2,94,M,21,30,150,213,237,25,124,full_trace_mean_square,0.9292880625194802
100,-2,94,P,21,30,150,213,237,25,124,full_trace_mean_square,0.9474584063400547
100,-2,94,SLTA,21,30,150,213,237,25,124,full_trace_mean_square,0.8304691924017307
100,-2,94,Std,21,30,150,213,237,25,124,full_trace_mean_square,0.9442454229227726
100,-2,94,S,21,30,150,213,237,25,124,full_trace_mean_square,0.2665873673453105
100,-2,94,K,21,30,150,213,237,25,124,full_trace_mean_square,0.3776255398816599
100,-2,95,M,21,30,150,213,237,25,144,full_trace_mean_square,0.9227105292462803
100,-2,95,P,21,30,150,213,237,25,144,full_trace_mean_square,0.9449512157845275
100,-2,95,SLTA,21,30,150,213,237,25,144,full_trace_mean_square,0.8044903399991118
100,-2,95,Std,21,30,150,213,237,25,144,full_trace_mean_square,0.940318321054023
100,-2,95,S,21,30,150,213,237,25,144,full_trace_mean_square,0.35565746561592
100,-2,95,K,21,30,150,213,237,25,144,full_trace_mean_square,0.4306016756637423
100,-2,96,M,21,30,150,213,237,25,159,full_trace_mean_square,0.928614865420124
100,-2,96,P,21,30,150,213,237,25,159,full_trace_mean_square,0.9446285080694565
100,-2,96,SLTA,21,30,150,213,237,25,159,full_trace_mean_square,0.8341608539511888
100,-2,96,Std,21,30,150,213,237,25,159,full_trace_mean_square,0.944823759256935
100,-2,96,S,21,30,150,213,237,25,159,full_trace_mean_square,0.40955846894437004
100,-2,96,K,21,30,150,213,237,25,159,full_trace_mean_square,0.45539184528617543
100,-2,97,M,21,30,150,213,237,25,129,full_trace_mean_square,0.9075228392448248
100,-2,97,P,21,30,150,213,237,25,129,full_trace_mean_square,0.9408362192592603
100,-2,97,SLTA,21,30,150,213,237,25,129,full_trace_mean_square,0.7972154428322759
100,-2,97,Std,21,30,150,213,237,25,129,full_trace_mean_square,0.9350887272542495
100,-2,97,S,21,30,150,213,237,25,129,full_trace_mean_square,0.37518028709082274
100,-2,97,K,21,30,150,213,237,25,129,full_trace_mean_square,0.45788271926803936
100,-2,98,M,21,30,150,213,237,25,146,full_trace_mean_square,0.9188486314214588
100,-2,98,P,21,30,150,213,237,25,146,full_trace_mean_square,0.9442777940045007
100,-2,98,SLTA,21,30,150,213,237,25,146,full_trace_mean_square,0.8243344916871256
100,-2,98,Std,21,30,150,213,237,25,146,full_trace_mean_square,0.9368626181088568
100,-2,98,S,21,30,150,213,237,25,146,full_trace_mean_square,0.3618688445309839
100,-2,98,K,21,30,150,213,237,25,146,full_trace_mean_square,0.4066224057360619
100,-2,99,M,21,30,150,213,237,25,119,full_trace_mean_square,0.9295733738384925
100,-2,99,P,21,30,150,213,237,25,119,full_trace_mean_square,0.9461183659522333
100,-2,99,SLTA,21,30,150,213,237,25,119,full_trace_mean_square,0.8297232071440505
100,-2,99,Std,21,30,150,213,237,25,119,full_trace_mean_square,0.9466462053069211
100,-2,99,S,21,30,150,213,237,25,119,full_trace_mean_square,0.3666985387713641
100,-2,99,K,21,30,150,213,237,25,119,full_trace_mean_square,0.5076610958937401
100,-2,100,M,21,30,150,213,237,25,133,full_trace_mean_square,0.9282206546536206
100,-2,100,P,21,30,150,213,237,25,133,full_trace_mean_square,0.9458816805293834
100,-2,100,SLTA,21,30,150,213,237,25,133,full_trace_mean_square,0.8278061574493222
100,-2,100,Std,21,30,150,213,237,25,133,full_trace_mean_square,0.9453600003562362
100,-2,100,S,21,30,150,213,237,25,133,full_trace_mean_square,0.2566693719345003
100,-2,100,K,21,30,150,213,237,25,133,full_trace_mean_square,0.3547071107652076
100,-2,101,M,21,30,150,213,237,25,128,full_trace_mean_square,0.9050717841933454
100,-2,101,P,21,30,150,213,237,25,128,full_trace_mean_square,0.944571115018087
100,-2,101,SLTA,21,30,150,213,237,25,128,full_trace_mean_square,0.8188596168364093
100,-2,101,Std,21,30,150,213,237,25,128,full_trace_mean_square,0.9246365996895396
100,-2,101,S,21,30,150,213,237,25,128,full_trace_mean_square,0.2208648899902942
100,-2,101,K,21,30,150,213,237,25,128,full_trace_mean_square,0.30115297968775095
100,-2,102,M,21,30,150,213,237,25,146,full_trace_mean_square,0.8934687192413631
100,-2,102,P,21,30,150,213,237,25,146,full_trace_mean_square,0.9438512513878777
100,-2,102,SLTA,21,30,150,213,237,25,146,full_trace_mean_square,0.7757481864792501
100,-2,102,Std,21,30,150,213,237,25,146,full_trace_mean_square,0.9174855689361783
100,-2,102,S,21,30,150,213,237,25,146,full_trace_mean_square,0.2763866304721081
100,-2,102,K,21,30,150,213,237,25,146,full_trace_mean_square,0.2939984501554488
100,-2,103,M,21,30,150,213,237,25,139,full_trace_mean_square,0.9138561036284658
100,-2,103,P,21,30,150,213,237,25,139,full_trace_mean_square,0.943283275760334
100,-2,103,SLTA,21,30,150,213,237,25,139,full_trace_mean_square,0.8229162337505996
100,-2,103,Std,21,30,150,213,237,25,139,full_trace_mean_square,0.9363721256655502
100,-2,103,S,21,30,150,213,237,25,139,full_trace_mean_square,0.5306951416702106
100,-2,103,K,21,30,150,213,237,25,139,full_trace_mean_square,0.5531662292290469
100,-2,104,M,21,30,150,213,237,25,168,full_trace_mean_square,0.9002237581339525
100,-2,104,P,21,30,150,213,237,25,168,full_trace_mean_square,0.9404365197358489
100,-2,104,SLTA,21,30,150,213,237,25,168,full_trace_mean_square,0.8193033186607178
100,-2,104,Std,21,30,150,213,237,25,168,full_trace_mean_square,0.927857297174573
100,-2,104,S,21,30,150,213,237,25,168,full_trace_mean_square,0.4571687860807723
100,-2,104,K,21,30,150,213,237,25,168,full_trace_mean_square,0.5918420215715734
100,-2,105,M,21,30,150,213,237,25,137,full_trace_mean_square,0.9155785762328152
100,-2,105,P,21,30,150,213,237,25,137,full_trace_mean_square,0.9443508841700875
100,-2,105,SLTA,21,30,150,213,237,25,137,full_trace_mean_square,0.8172455941720145
100,-2,105,Std,21,30,150,213,237,25,137,full_trace_mean_square,0.9410336438067156
100,-2,105,S,21,30,150,213,237,25,137,full_trace_mean_square,0.2647575915462533
100,-2,105,K,21,30,150,213,237,25,137,full_trace_mean_square,0.334698484260718
100,-2,106,M,21,30,150,213,237,25,152,full_trace_mean_square,0.9292675843240991
100,-2,106,P,21,30,150,213,237,25,152,full_trace_mean_square,0.9448464047733505
100,-2,106,SLTA,21,30,150,213,237,25,152,full_trace_mean_square,0.830253117312485
100,-2,106,Std,21,30,150,213,237,25,152,full_trace_mean_square,0.9471440160976925
100,-2,106,S,21,30,150,213,237,25,152,full_trace_mean_square,0.4000902565546247
100,-2,106,K,21,30,150,213,237,25,152,full_trace_mean_square,0.43264920708317484
100,-2,107,M,21,30,150,213,237,25,160,full_trace_mean_square,0.9233508465519137
100,-2,107,P,21,30,150,213,237,25,160,full_trace_mean_square,0.9459324702440257
100,-2,107,SLTA,21,30,150,213,237,25,160,full_trace_mean_square,0.8220744317284135
100,-2,107,Std,21,30,150,213,237,25,160,full_trace_mean_square,0.9429404355044663
100,-2,107,S,21,30,150,213,237,25,160,full_trace_mean_square,0.24717473076030932
100,-2,107,K,21,30,150,213,237,25,160,full_trace_mean_square,0.3527409889400414
100,-2,108,M,21,30,150,213,237,25,147,full_trace_mean_square,0.9272779717463838
100,-2,108,P,21,30,150,213,237,25,147,full_trace_mean_square,0.9455500578189894
100,-2,108,SLTA,21,30,150,213,237,25,147,full_trace_mean_square,0.8368832918741967
100,-2,108,Std,21,30,150,213,237,25,147,full_trace_mean_square,0.9474845645063844
100,-2,108,S,21,30,150,213,237,25,147,full_trace_mean_square,0.27016599566930855
100,-2,108,K,21,30,150,213,237,25,147,full_trace_mean_square,0.39997819563499554
100,-2,109,M,21,30,150,213,237,25,154,full_trace_mean_square,0.908358884890636
100,-2,109,P,21,30,150,213,237,25,154,full_trace_mean_square,0.94145162211988
100,-2,109,SLTA,21,30,150,213,237,25,154,full_trace_mean_square,0.7817356460138383
100,-2,109,Std,21,30,150,213,237,25,154,full_trace_mean_square,0.9374178950938175
100,-2,109,S,21,30,150,213,237,25,154,full_trace_mean_square,0.5138799345469398
100,-2,109,K,21,30,150,213,237,25,154,full_trace_mean_square,0.6121282698895399
100,-2,110,M,21,30,150,213,237,25,142,full_trace_mean_square,0.8971948897901012
100,-2,110,P,21,30,150,213,237,25,142,full_trace_mean_square,0.942244789099656
100,-2,110,SLTA,21,30,150,213,237,25,142,full_trace_mean_square,0.7821751973389929
100,-2,110,Std,21,30,150,213,237,25,142,full_trace_mean_square,0.93211197469327
100,-2,110,S,21,30,150,213,237,25,142,full_trace_mean_square,0.40395130889296
100,-2,110,K,21,30,150,213,237,25,142,full_trace_mean_square,0.4742790426498856
100,-2,111,M,21,30,150,213,237,25,175,full_trace_mean_square,0.9137676886374917
100,-2,111,P,21,30,150,213,237,25,175,full_trace_mean_square,0.9418933564764558
100,-2,111,SLTA,21,30,150,213,237,25,175,full_trace_mean_square,0.814058671552463
100,-2,111,Std,21,30,150,213,237,25,175,full_trace_mean_square,0.940304080024301
100,-2,111,S,21,30,150,213,237,25,175,full_trace_mean_square,0.5174222028415806
100,-2,111,K,21,30,150,213,237,25,175,full_trace_mean_square,0.5666175474552405
100,-2,112,M,21,30,150,213,237,25,130,full_trace_mean_square,0.9151261645526682
100,-2,112,P,21,30,150,213,237,25,130,full_trace_mean_square,0.9444731216320786
100,-2,112,SLTA,21,30,150,213,237,25,130,full_trace_mean_square,0.8333701733110721
100,-2,112,Std,21,30,150,213,237,25,130,full_trace_mean_square,0.9439887189032692
100,-2,112,S,21,30,150,213,237,25,130,full_trace_mean_square,0.3219207480017081
100,-2,112,K,21,30,150,213,237,25,130,full_trace_mean_square,0.3696839647015677
100,-2,113,M,21,30,150,213,237,25,165,full_trace_mean_square,0.93307298305518
100,-2,113,P,21,30,150,213,237,25,165,full_trace_mean_square,0.9466171276753356
100,-2,113,SLTA,21,30,150,213,237,25,165,full_trace_mean_square,0.8407339921075029
100,-2,113,Std,21,30,150,213,237,25,165,full_trace_mean_square,0.9471324705936767
100,-2,113,S,21,30,150,213,237,25,165,full_trace_mean_square,0.3824713537145001
100,-2,113,K,21,30,150,213,237,25,165,full_trace_mean_square,0.3983961676182572
100,-2,114,M,21,30,150,213,237,25,151,full_trace_mean_square,0.9203175532435917
100,-2,114,P,21,30,150,213,237,25,151,full_trace_mean_square,0.9443652177547911
100,-2,114,SLTA,21,30,150,213,237,25,151,full_trace_mean_square,0.8359234999698895
100,-2,114,Std,21,30,150,213,237,25,151,full_trace_mean_square,0.9460413136457755
100,-2,114,S,21,30,150,213,237,25,151,full_trace_mean_square,0.37724819866497095
100,-2,114,K,21,30,150,213,237,25,151,full_trace_mean_square,0.4363385391143148
100,-2,115,M,21,30,150,213,237,25,140,full_trace_mean_square,0.9162860996296909
100,-2,115,P,21,30,150,213,237,25,140,full_trace_mean_square,0.9442051302447378
100,-2,115,SLTA,21,30,150,213,237,25,140,full_trace_mean_square,0.8349046921093914
100,-2,115,Std,21,30,150,213,237,25,140,full_trace_mean_square,0.9415840093005964
100,-2,115,S,21,30,150,213,237,25,140,full_trace_mean_square,0.3420059265488971
100,-2,115,K,21,30,150,213,237,25,140,full_trace_mean_square,0.41290792322810316
100,-2,116,M,21,30,150,213,237,25,147,full_trace_mean_square,0.9089273845944092
100,-2,116,P,21,30,150,213,237,25,147,full_trace_mean_square,0.9423725850201383
100,-2,116,SLTA,21,30,150,213,237,25,147,full_trace_mean_square,0.8243378033609847
100,-2,116,Std,21,30,150,213,237,25,147,full_trace_mean_square,0.9380316400209864
100,-2,116,S,21,30,150,213,237,25,147,full_trace_mean_square,0.3988242372189282
100,-2,116,K,21,30,150,213,237,25,147,full_trace_mean_square,0.4223222096658849
100,-2,117,M,21,30,150,213,237,25,152,full_trace_mean_square,0.9112999239961439
100,-2,117,P,21,30,150,213,237,25,152,full_trace_mean_square,0.9424146744100885
100,-2,117,SLTA,21,30,150,213,237,25,152,full_trace_mean_square,0.8397349326827506
100,-2,117,Std,21,30,150,213,237,25,152,full_trace_mean_square,0.9382624652727125
100,-2,117,S,21,30,150,213,237,25,152,full_trace_mean_square,0.439411992411936
100,-2,117,K,21,30,150,213,237,25,152,full_trace_mean_square,0.5482274244983959
100,-2,118,M,21,30,150,213,237,25,159,full_trace_mean_square,0.9178435197435397
100,-2,118,P,21,30,150,213,237,25,159,full_trace_mean_square,0.9433384234534025
100,-2,118,SLTA,21,30,150,213,237,25,159,full_trace_mean_square,0.8243731440905424
100,-2,118,Std,21,30,150,213,237,25,159,full_trace_mean_square,0.942680819221396
100,-2,118,S,21,30,150,213,237,25,159,full_trace_mean_square,0.42290957272488144
100,-2,118,K,21,30,150,213,237,25,159,full_trace_mean_square,0.46635929607253046
100,-2,119,M,21,30,150,213,237,25,142,full_trace_mean_square,0.9161791212123103
100,-2,119,P,21,30,150,213,237,25,142,full_trace_mean_square,0.9438625192527639
100,-2,119,SLTA,21,30,150,213,237,25,142,full_trace_mean_square,0.8052682247420425
100,-2,119,Std,21,30,150,213,237,25,142,full_trace_mean_square,0.9403551077217933
100,-2,119,S,21,30,150,213,237,25,142,full_trace_mean_square,0.30366034764390365
100,-2,119,K,21,30,150,213,237,25,142,full_trace_mean_square,0.3762561771423672
100,-2,120,M,21,30,150,213,237,25,157,full_trace_mean_square,0.9084708656648894
100,-2,120,P,21,30,150,213,237,25,157,full_trace_mean_square,0.9423324562998324
100,-2,120,SLTA,21,30,150,213,237,25,157,full_trace_mean_square,0.8366269589500445
100,-2,120,Std,21,30,150,213,237,25,157,full_trace_mean_square,0.9393229465379536
100,-2,120,S,21,30,150,213,237,25,157,full_trace_mean_square,0.41779526095502906
100,-2,120,K,21,30,150,213,237,25,157,full_trace_mean_square,0.4332706941886764
100,-2,121,M,21,30,150,213,237,25,167,full_trace_mean_square,0.9180320961225433
100,-2,121,P,21,30,150,213,237,25,167,full_trace_mean_square,0.9439397137523369
100,-2,121,SLTA,21,30,150,213,237,25,167,full_trace_mean_square,0.8351277314367201
100,-2,121,Std,21,30,150,213,237,25,167,full_trace_mean_square,0.9424192880482174
100,-2,121,S,21,30,150,213,237,25,167,full_trace_mean_square,0.39024440129751536
100,-2,121,K,21,30,150,213,237,25,167,full_trace_mean_square,0.4707028812802515
100,-2,122,M,21,30,150,213,237,25,166,full_trace_mean_square,0.9119227223815395
100,-2,122,P,21,30,150,213,237,25,166,full_trace_mean_square,0.9431461756800156
100,-2,122,SLTA,21,30,150,213,237,25,166,full_trace_mean_square,0.8157256445857716
100,-2,122,Std,21,30,150,213,237,25,166,full_trace_mean_square,0.9290147742715468
100,-2,122,S,21,30,150,213,237,25,166,full_trace_mean_square,0.3598841061583345
100,-2,122,K,21,30,150,213,237,25,166,full_trace_mean_square,0.36892205801205635
100,-2,123,M,21,30,150,213,237,25,133,full_trace_mean_square,0.9145654006068914
100,-2,123,P,21,30,150,213,237,25,133,full_trace_mean_square,0.9443910814957173
100,-2,123,SLTA,21,30,150,213,237,25,133,full_trace_mean_square,0.8307465227199498
100,-2,123,Std,21,30,150,213,237,25,133,full_trace_mean_square,0.9391092405927913
100,-2,123,S,21,30,150,213,237,25,133,full_trace_mean_square,0.3153467557002757
100,-2,123,K,21,30,150,213,237,25,133,full_trace_mean_square,0.37536286034918415
100,-2,124,M,21,30,150,213,237,25,142,full_trace_mean_square,0.9200419190008272
100,-2,124,P,21,30,150,213,237,25,142,full_trace_mean_square,0.9454200300116483
100,-2,124,SLTA,21,30,150,213,237,25,142,full_trace_mean_square,0.8343140440277241
100,-2,124,Std,21,30,150,213,237,25,142,full_trace_mean_square,0.9407904867119184
100,-2,124,S,21,30,150,213,237,25,142,full_trace_mean_square,0.27621532345452865
100,-2,124,K,21,30,150,213,237,25,142,full_trace_mean_square,0.4301337637175547
100,-2,125,M,21,30,150,213,237,25,179,full_trace_mean_square,0.9273287185180057
100,-2,125,P,21,30,150,213,237,25,179,full_trace_mean_square,0.9451788735029452
100,-2,125,SLTA,21,30,150,213,237,25,179,full_trace_mean_square,0.7994285796197067
100,-2,125,Std,21,30,150,213,237,25,179,full_trace_mean_square,0.9466649763738894
100,-2,125,S,21,30,150,213,237,25,179,full_trace_mean_square,0.38237155246449706
100,-2,125,K,21,30,150,213,237,25,179,full_trace_mean_square,0.5311327315155336
100,-2,126,M,21,30,150,213,237,25,149,full_trace_mean_square,0.9322380188106016
100,-2,126,P,21,30,150,213,237,25,149,full_trace_mean_square,0.9442450388809718
100,-2,126,SLTA,21,30,150,213,237,25,149,full_trace_mean_square,0.8496206005844615
100,-2,126,Std,21,30,150,213,237,25,149,full_trace_mean_square,0.9500159323027373
100,-2,126,S,21,30,150,213,237,25,149,full_trace_mean_square,0.4959100511383034
100,-2,126,K,21,30,150,213,237,25,149,full_trace_mean_square,0.550496078297694
100,-2,127,M,21,30,150,213,237,25,153,full_trace_mean_square,0.9172239289251041
100,-2,127,P,21,30,150,213,237,25,153,full_trace_mean_square,0.9438857675848155
100,-2,127,SLTA,21,30,150,213,237,25,153,full_trace_mean_square,0.8047729260950676
100,-2,127,Std,21,30,150,213,237,25,153,full_trace_mean_square,0.9348221041357916
100,-2,127,S,21,30,150,213,237,25,153,full_trace_mean_square,0.565031678998324
100,-2,127,K,21,30,150,213,237,25,153,full_trace_mean_square,0.48997195092141715
100,-2,128,M,21,30,150,213,237,25,162,full_trace_mean_square,0.9311537982983537
100,-2,128,P,21,30,150,213,237,25,162,full_trace_mean_square,0.9470323550834766
100,-2,128,SLTA,21,30,150,213,237,25,162,full_trace_mean_square,0.8428107279562754
100,-2,128,Std,21,30,150,213,237,25,162,full_trace_mean_square,0.9459243034528986
100,-2,128,S,21,30,150,213,237,25,162,full_trace_mean_square,0.31742880781728494
100,-2,128,K,21,30,150,213,237,25,162,full_trace_mean_square,0.376426558382023
100,-2,129,M,21,30,150,213,237,25,118,full_trace_mean_square,0.9264087986720246
100,-2,129,P,21,30,150,213,237,25,118,full_trace_mean_square,0.945468068109798
100,-2,129,SLTA,21,30,150,213,237,25,118,full_trace_mean_square,0.826608193115347
100,-2,129,Std,21,30,150,213,237,25,118,full_trace_mean_square,0.9439491470412379
100,-2,129,S,21,30,150,213,237,25,118,full_trace_mean_square,0.2990979941738811
100,-2,129,K,21,30,150,213,237,25,118,full_trace_mean_square,0.3407981411819032
100,-2,130,M,21,30,150,213,237,25,136,full_trace_mean_square,0.9159843756668467
100,-2,130,P,21,30,150,213,237,25,136,full_trace_mean_square,0.9458093680400151
100,-2,130,SLTA,21,30,150,213,237,25,136,full_trace_mean_square,0.7995751261924751
100,-2,130,Std,21,30,150,213,237,25,136,full_trace_mean_square,0.9399509452807697
100,-2,130,S,21,30,150,213,237,25,136,full_trace_mean_square,0.392416637992368
100,-2,130,K,21,30,150,213,237,25,136,full_trace_mean_square,0.4629196018211038
100,-2,131,M,21,30,150,213,237,25,148,full_trace_mean_square,0.9252687622574826
100,-2,131,P,21,30,150,213,237,25,148,full_trace_mean_square,0.9451403845098403
100,-2,131,SLTA,21,30,150,213,237,25,148,full_trace_mean_square,0.8304921325344815
100,-2,131,Std,21,30,150,213,237,25,148,full_trace_mean_square,0.940743243283672
100,-2,131,S,21,30,150,213,237,25,148,full_trace_mean_square,0.48765801109481327
100,-2,131,K,21,30,150,213,237,25,148,full_trace_mean_square,0.4764407127211584
100,-2,132,M,21,30,150,213,237,25,156,full_trace_mean_square,0.93747276820476
100,-2,132,P,21,30,150,213,237,25,156,full_trace_mean_square,0.9438070813296983
100,-2,132,SLTA,21,30,150,213,237,25,156,full_trace_mean_square,0.819131991186959
100,-2,132,Std,21,30,150,213,237,25,156,full_trace_mean_square,0.9513380946279998
100,-2,132,S,21,30,150,213,237,25,156,full_trace_mean_square,0.2747403862830549
100,-2,132,K,21,30,150,213,237,25,156,full_trace_mean_square,0.39176498855008646
100,-2,133,M,21,30,150,213,237,25,128,full_trace_mean_square,0.9112187908729954
100,-2,133,P,21,30,150,213,237,25,128,full_trace_mean_square,0.9421552149858035
100,-2,133,SLTA,21,30,150,213,237,25,128,full_trace_mean_square,0.8137240483181346
100,-2,133,Std,21,30,150,213,237,25,128,full_trace_mean_square,0.9350785734436412
100,-2,133,S,21,30,150,213,237,25,128,full_trace_mean_square,0.38248859562583826
100,-2,133,K,21,30,150,213,237,25,128,full_trace_mean_square,0.58311975229551
100,-2,134,M,21,30,150,213,237,25,135,full_trace_mean_square,0.9086597917723757
100,-2,134,P,21,30,150,213,237,25,135,full_trace_mean_square,0.9437929066093825
100,-2,134,SLTA,21,30,150,213,237,25,135,full_trace_mean_square,0.8298951396160444
100,-2,134,Std,21,30,150,213,237,25,135,full_trace_mean_square,0.9386265934360282
100,-2,134,S,21,30,150,213,237,25,135,full_trace_mean_square,0.36370941779034816
100,-2,134,K,21,30,150,213,237,25,135,full_trace_mean_square,0.490498695169297
100,-2,135,M,21,30,150,213,237,25,144,full_trace_mean_square,0.894688514244417
100,-2,135,P,21,30,150,213,237,25,144,full_trace_mean_square,0.9391866548686316
100,-2,135,SLTA,21,30,150,213,237,25,144,full_trace_mean_square,0.8042994712095064
100,-2,135,Std,21,30,150,213,237,25,144,full_trace_mean_square,0.9259468600484165
100,-2,135,S,21,30,150,213,237,25,144,full_trace_mean_square,0.463668195842385
100,-2,135,K,21,30,150,213,237,25,144,full_trace_mean_square,0.5578944224085012
100,-2,136,M,21,30,150,213,237,25,155,full_trace_mean_square,0.9296673141984144
100,-2,136,P,21,30,150,213,237,25,155,full_trace_mean_square,0.9450773998926977
100,-2,136,SLTA,21,30,150,213,237,25,155,full_trace_mean_square,0.8302961218082676
100,-2,136,Std,21,30,150,213,237,25,155,full_trace_mean_square,0.951429330001018
100,-2,136,S,21,30,150,213,237,25,155,full_trace_mean_square,0.42418474398902867
100,-2,136,K,21,30,150,213,237,25,155,full_trace_mean_square,0.5140098311015846
100,-2,137,M,21,30,150,213,237,25,165,full_trace_mean_square,0.9310116947107853
100,-2,137,P,21,30,150,213,237,25,165,full_trace_mean_square,0.9448312725333009
100,-2,137,SLTA,21,30,150,213,237,25,165,full_trace_mean_square,0.8314914535713052
100,-2,137,Std,21,30,150,213,237,25,165,full_trace_mean_square,0.9492388386657968
100,-2,137,S,21,30,150,213,237,25,165,full_trace_mean_square,0.39640777489185947
100,-2,137,K,21,30,150,213,237,25,165,full_trace_mean_square,0.4792513602573691
100,-2,138,M,21,30,150,213,237,25,142,full_trace_mean_square,0.9179794688337665
100,-2,138,P,21,30,150,213,237,25,142,full_trace_mean_square,0.9447885607379661
100,-2,138,SLTA,21,30,150,213,237,25,142,full_trace_mean_square,0.821789144342653
100,-2,138,Std,21,30,150,213,237,25,142,full_trace_mean_square,0.9387846788792975
100,-2,138,S,21,30,150,213,237,25,142,full_trace_mean_square,0.39431796849374645
100,-2,138,K,21,30,150,213,237,25,142,full_trace_mean_square,0.46850728473826514
100,-2,139,M,21,30,150,213,237,25,125,full_trace_mean_square,0.9205964471173385
100,-2,139,P,21,30,150,213,237,25,125,full_trace_mean_square,0.9461504349075421
100,-2,139,SLTA,21,30,150,213,237,25,125,full_trace_mean_square,0.8249487819557749
100,-2,139,Std,21,30,150,213,237,25,125,full_trace_mean_square,0.9423477163032297
100,-2,139,S,21,30,150,213,237,25,125,full_trace_mean_square,0.32700989052059704
100,-2,139,K,21,30,150,213,237,25,125,full_trace_mean_square,0.3418279751127689
100,-2,140,M,21,30,150,213,237,25,155,full_trace_mean_square,0.9240274523679507
100,-2,140,P,21,30,150,213,237,25,155,full_trace_mean_square,0.9432198538017946
100,-2,140,SLTA,21,30,150,213,237,25,155,full_trace_mean_square,0.8044512530783576
100,-2,140,Std,21,30,150,213,237,25,155,full_trace_mean_square,0.9417755745621355
100,-2,140,S,21,30,150,213,237,25,155,full_trace_mean_square,0.3816841981859663
100,-2,140,K,21,30,150,213,237,25,155,full_trace_mean_square,0.42241999527066953
100,-2,141,M,21,30,150,213,237,25,149,full_trace_mean_square,0.9410719894699443
100,-2,141,P,21,30,150,213,237,25,149,full_trace_mean_square,0.9476671352925876
100,-2,141,SLTA,21,30,150,213,237,25,149,full_trace_mean_square,0.8381942118634793
100,-2,141,Std,21,30,150,213,237,25,149,full_trace_mean_square,0.9532330376988055
100,-2,141,S,21,30,150,213,237,25,149,full_trace_mean_square,0.34270513401430613
100,-2,141,K,21,30,150,213,237,25,149,full_trace_mean_square,0.4121405873733178
100,-2,142,M,21,30,150,213,237,25,162,full_trace_mean_square,0.9241259654040539
100,-2,142,P,21,30,150,213,237,25,162,full_trace_mean_square,0.9426412627835159
100,-2,142,SLTA,21,30,150,213,237,25,162,full_trace_mean_square,0.8145019102352696
100,-2,142,Std,21,30,150,213,237,25,162,full_trace_mean_square,0.9445991722199583
100,-2,142,S,21,30,150,213,237,25,162,full_trace_mean_square,0.468359374851012
100,-2,142,K,21,30,150,213,237,25,162,full_trace_mean_square,0.48112322014186476
100,-2,143,M,21,30,150,213,237,25,117,full_trace_mean_square,0.9083933087694326
100,-2,143,P,21,30,150,213,237,25,117,full_trace_mean_square,0.9439557030200247
100,-2,143,SLTA,21,30,150,213,237,25,117,full_trace_mean_square,0.8190746285577865
100,-2,143,Std,21,30,150,213,237,25,117,full_trace_mean_square,0.9390239513353692
100,-2,143,S,21,30,150,213,237,25,117,full_trace_mean_square,0.35429774794492386
100,-2,143,K,21,30,150,213,237,25,117,full_trace_mean_square,0.38029495076019265
100,-2,144,M,21,30,150,213,237,25,162,full_trace_mean_square,0.9116891682128583
100,-2,144,P,21,30,150,213,237,25,162,full_trace_mean_square,0.9412677179781481
100,-2,144,SLTA,21,30,150,213,237,25,162,full_trace_mean_square,0.8294323499599049
100,-2,144,Std,21,30,150,213,237,25,162,full_trace_mean_square,0.9423031760884968
100,-2,144,S,21,30,150,213,237,25,162,full_trace_mean_square,0.3600899591749009
100,-2,144,K,21,30,150,213,237,25,162,full_trace_mean_square,0.4255787345693316
100,-2,145,M,21,30,150,213,237,25,133,full_trace_mean_square,0.9319155192158287
100,-2,145,P,21,30,150,213,237,25,133,full_trace_mean_square,0.9468166008413412
100,-2,145,SLTA,21,30,150,213,237,25,133,full_trace_mean_square,0.8209213586808706
100,-2,145,Std,21,30,150,213,237,25,133,full_trace_mean_square,0.9471005285007176
100,-2,145,S,21,30,150,213,237,25,133,full_trace_mean_square,0.39278575403831
100,-2,145,K,21,30,150,213,237,25,133,full_trace_mean_square,0.47502259992705137
100,-2,146,M,21,30,150,213,237,25,178,full_trace_mean_square,0.9149137313456955
100,-2,146,P,21,30,150,213,237,25,178,full_trace_mean_square,0.9421283763103192
100,-2,146,SLTA,21,30,150,213,237,25,178,full_trace_mean_square,0.8073123394835209
100,-2,146,Std,21,30,150,213,237,25,178,full_trace_mean_square,0.9383856892422346
100,-2,146,S,21,30,150,213,237,25,178,full_trace_mean_square,0.4845213173651393
100,-2,146,K,21,30,150,213,237,25,178,full_trace_mean_square,0.4426874386267419
100,-2,147,M,21,30,150,213,237,25,138,full_trace_mean_square,0.9169223068063166
100,-2,147,P,21,30,150,213,237,25,138,full_trace_mean_square,0.9434590995986398
100,-2,147,SLTA,21,30,150,213,237,25,138,full_trace_mean_square,0.8367411208715182
100,-2,147,Std,21,30,150,213,237,25,138,full_trace_mean_square,0.9415533700245914
100,-2,147,S,21,30,150,213,237,25,138,full_trace_mean_square,0.35725453056880035
100,-2,147,K,21,30,150,213,237,25,138,full_trace_mean_square,0.511992330627186
100,-2,148,M,21,30,150,213,237,25,173,full_trace_mean_square,0.9185874308889376
100,-2,148,P,21,30,150,213,237,25,173,full_trace_mean_square,0.9417088307087381
100,-2,148,SLTA,21,30,150,213,237,25,173,full_trace_mean_square,0.8158591567004368
100,-2,148,Std,21,30,150,213,237,25,173,full_trace_mean_square,0.9432305008847531
100,-2,148,S,21,30,150,213,237,25,173,full_trace_mean_square,0.4965919867070087
100,-2,148,K,21,30,150,213,237,25,173,full_trace_mean_square,0.5819420376503313
100,-2,149,M,21,30,150,213,237,25,121,full_trace_mean_square,0.917351393117941
100,-2,149,P,21,30,150,213,237,25,121,full_trace_mean_square,0.9443882756639365
100,-2,149,SLTA,21,30,150,213,237,25,121,full_trace_mean_square,0.8217761994712799
100,-2,149,Std,21,30,150,213,237,25,121,full_trace_mean_square,0.9384607236833545
100,-2,149,S,21,30,150,213,237,25,121,full_trace_mean_square,0.26317965954328365
100,-2,149,K,21,30,150,213,237,25,121,full_trace_mean_square,0.42002106368735
100,-2,150,M,21,30,150,213,237,25,157,full_trace_mean_square,0.9150806928406227
100,-2,150,P,21,30,150,213,237,25,157,full_trace_mean_square,0.9436431354260325
100,-2,150,SLTA,21,30,150,213,237,25,157,full_trace_mean_square,0.8196033310051082
100,-2,150,Std,21,30,150,213,237,25,157,full_trace_mean_square,0.9401652676753852
100,-2,150,S,21,30,150,213,237,25,157,full_trace_mean_square,0.31208635230156956
100,-2,150,K,21,30,150,213,237,25,157,full_trace_mean_square,0.3314346328407311
100,-2,151,M,21,30,150,213,237,25,174,full_trace_mean_square,0.9119177782899872
100,-2,151,P,21,30,150,213,237,25,174,full_trace_mean_square,0.9429744361198991
100,-2,151,SLTA,21,30,150,213,237,25,174,full_trace_mean_square,0.8260702179304839
100,-2,151,Std,21,30,150,213,237,25,174,full_trace_mean_square,0.9397107402838726
100,-2,151,S,21,30,150,213,237,25,174,full_trace_mean_square,0.2564844674790775
100,-2,151,K,21,30,150,213,237,25,174,full_trace_mean_square,0.3992038268899388
100,-2,152,M,21,30,150,213,237,25,170,full_trace_mean_square,0.92907762842831
100,-2,152,P,21,30,150,213,237,25,170,full_trace_mean_square,0.941677341755108
100,-2,152,SLTA,21,30,150,213,237,25,170,full_trace_mean_square,0.8382779849378065
100,-2,152,Std,21,30,150,213,237,25,170,full_trace_mean_square,0.9485263838298016
100,-2,152,S,21,30,150,213,237,25,170,full_trace_mean_square,0.3852379678681277
100,-2,152,K,21,30,150,213,237,25,170,full_trace_mean_square,0.47765411926782336
100,-2,153,M,21,30,150,213,237,25,141,full_trace_mean_square,0.904315925277199
100,-2,153,P,21,30,150,213,237,25,141,full_trace_mean_square,0.9415296024374566
100,-2,153,SLTA,21,30,150,213,237,25,141,full_trace_mean_square,0.806788370288172
100,-2,153,Std,21,30,150,213,237,25,141,full_trace_mean_square,0.9382881416701614
100,-2,153,S,21,30,150,213,237,25,141,full_trace_mean_square,0.3914068194752173
100,-2,153,K,21,30,150,213,237,25,141,full_trace_mean_square,0.5101287587282745
100,-2,154,M,21,30,150,213,237,25,137,full_trace_mean_square,0.9294784319086241
100,-2,154,P,21,30,150,213,237,25,137,full_trace_mean_square,0.9455917487775052
100,-2,154,SLTA,21,30,150,213,237,25,137,full_trace_mean_square,0.8394206060396611
100,-2,154,Std,21,30,150,213,237,25,137,full_trace_mean_square,0.9474762990735146
100,-2,154,S,21,30,150,213,237,25,137,full_trace_mean_square,0.3598099698882692
100,-2,154,K,21,30,150,213,237,25,137,full_trace_mean_square,0.4561383619044397
100,-2,155,M,21,30,150,213,237,25,115,full_trace_mean_square,0.9167082309363097
100,-2,155,P,21,30,150,213,237,25,115,full_trace_mean_square,0.946737781676905
100,-2,155,SLTA,21,30,150,213,237,25,115,full_trace_mean_square,0.8251157028173471
100,-2,155,Std,21,30,150,213,237,25,115,full_trace_mean_square,0.9400446934775357
100,-2,155,S,21,30,150,213,237,25,115,full_trace_mean_square,0.3780283520470595
100,-2,155,K,21,30,150,213,237,25,115,full_trace_mean_square,0.44221951078000754
100,-2,156,M,21,30,150,213,237,25,147,full_trace_mean_square,0.932987423584402
100,-2,156,P,21,30,150,213,237,25,147,full_trace_mean_square,0.9469965299852967
100,-2,156,SLTA,21,30,150,213,237,25,147,full_trace_mean_square,0.8265008888541926
100,-2,156,Std,21,30,150,213,237,25,147,full_trace_mean_square,0.948699410983427
100,-2,156,S,21,30,150,213,237,25,147,full_trace_mean_square,0.4152969352595584
100,-2,156,K,21,30,150,213,237,25,147,full_trace_mean_square,0.3923073452254218
100,-2,157,M,21,30,150,213,237,25,154,full_trace_mean_square,0.9121604821717232
100,-2,157,P,21,30,150,213,237,25,154,full_trace_mean_square,0.9444261665986731
100,-2,157,SLTA,21,30,150,213,237,25,154,full_trace_mean_square,0.8233981743191202
100,-2,157,Std,21,30,150,213,237,25,154,full_trace_mean_square,0.9342394268356365
100,-2,157,S,21,30,150,213,237,25,154,full_trace_mean_square,0.3878296271077659
100,-2,157,K,21,30,150,213,237,25,154,full_trace_mean_square,0.4887863520414133
100,-2,158,M,21,30,150,213,237,25,158,full_trace_mean_square,0.9089607063822803
100,-2,158,P,21,30,150,213,237,25,158,full_trace_mean_square,0.9436900164934642
100,-2,158,SLTA,21,30,150,213,237,25,158,full_trace_mean_square,0.8022425759224078
100,-2,158,Std,21,30,150,213,237,25,158,full_trace_mean_square,0.9358665997099114
100,-2,158,S,21,30,150,213,237,25,158,full_trace_mean_square,0.3828556948432318
100,-2,158,K,21,30,150,213,237,25,158,full_trace_mean_square,0.42936074776396277
100,-2,159,M,21,30,150,213,237,25,130,full_trace_mean_square,0.9189213185225373
100,-2,159,P,21,30,150,213,237,25,130,full_trace_mean_square,0.9459705695163442
100,-2,159,SLTA,21,30,150,213,237,25,130,full_trace_mean_square,0.807121324790802
100,-2,159,Std,21,30,150,213,237,25,130,full_trace_mean_square,0.9436452556011897
100,-2,159,S,21,30,150,213,237,25,130,full_trace_mean_square,0.21253081922320813
100,-2,159,K,21,30,150,213,237,25,130,full_trace_mean_square,0.26710895416660835
100,-2,160,M,21,30,150,213,237,25,164,full_trace_mean_square,0.9246633283498285
100,-2,160,P,21,30,150,213,237,25,164,full_trace_mean_square,0.9447750208384549
100,-2,160,SLTA,21,30,150,213,237,25,164,full_trace_mean_square,0.8146104427966107
100,-2,160,Std,21,30,150,213,237,25,164,full_trace_mean_square,0.941131675620585
100,-2,160,S,21,30,150,213,237,25,164,full_trace_mean_square,0.3478378550090338
100,-2,160,K,21,30,150,213,237,25,164,full_trace_mean_square,0.45043312539306557
100,-2,161,M,21,30,150,213,237,25,132,full_trace_mean_square,0.9345482183691849
100,-2,161,P,21,30,150,213,237,25,132,full_trace_mean_square,0.9457845191688611
100,-2,161,SLTA,21,30,150,213,237,25,132,full_trace_mean_square,0.8249967304236595
100,-2,161,Std,21,30,150,213,237,25,132,full_trace_mean_square,0.9489650368356785
100,-2,161,S,21,30,150,213,237,25,132,full_trace_mean_square,0.32046096224205156
100,-2,161,K,21,30,150,213,237,25,132,full_trace_mean_square,0.46624444003550036
100,-2,162,M,21,30,150,213,237,25,159,full_trace_mean_square,0.9315971503022836
100,-2,162,P,21,30,150,213,237,25,159,full_trace_mean_square,0.9458294787990895
100,-2,162,SLTA,21,30,150,213,237,25,159,full_trace_mean_square,0.8317679292936966
100,-2,162,Std,21,30,150,213,237,25,159,full_trace_mean_square,0.9450695824317378
100,-2,162,S,21,30,150,213,237,25,159,full_trace_mean_square,0.3582046330917321
100,-2,162,K,21,30,150,213,237,25,159,full_trace_mean_square,0.35350020010578137
100,-2,163,M,21,30,150,213,237,25,140,full_trace_mean_square,0.9154798674503368
100,-2,163,P,21,30,150,213,237,25,140,full_trace_mean_square,0.9433541719602441
100,-2,163,SLTA,21,30,150,213,237,25,140,full_trace_mean_square,0.8019725793825109
100,-2,163,Std,21,30,150,213,237,25,140,full_trace_mean_square,0.9343963572655737
100,-2,163,S,21,30,150,213,237,25,140,full_trace_mean_square,0.41593741677249957
100,-2,163,K,21,30,150,213,237,25,140,full_trace_mean_square,0.5188219048734399
100,-2,164,M,21,30,150,213,237,25,141,full_trace_mean_square,0.935602930712202
100,-2,164,P,21,30,150,213,237,25,141,full_trace_mean_square,0.946926512763292
100,-2,164,SLTA,21,30,150,213,237,25,141,full_trace_mean_square,0.819922854307215
100,-2,164,Std,21,30,150,213,237,25,141,full_trace_mean_square,0.9487963854797915
100,-2,164,S,21,30,150,213,237,25,141,full_trace_mean_square,0.30475985405555966
100,-2,164,K,21,30,150,213,237,25,141,full_trace_mean_square,0.41750090412632324
100,-2,165,M,21,30,150,213,237,25,152,full_trace_mean_square,0.9231849102793617
100,-2,165,P,21,30,150,213,237,25,152,full_trace_mean_square,0.9453147884737236
100,-2,165,SLTA,21,30,150,213,237,25,152,full_trace_mean_square,0.8249316092223955
100,-2,165,Std,21,30,150,213,237,25,152,full_trace_mean_square,0.9410515735289725
100,-2,165,S,21,30,150,213,237,25,152,full_trace_mean_square,0.19423119223555074
100,-2,165,K,21,30,150,213,237,25,152,full_trace_mean_square,0.284137380290344
100,-2,166,M,21,30,150,213,237,25,137,full_trace_mean_square,0.9072298157401738
100,-2,166,P,21,30,150,213,237,25,137,full_trace_mean_square,0.9426989318149284
100,-2,166,SLTA,21,30,150,213,237,25,137,full_trace_mean_square,0.8222313178718405
100,-2,166,Std,21,30,150,213,237,25,137,full_trace_mean_square,0.9338720421116217
100,-2,166,S,21,30,150,213,237,25,137,full_trace_mean_square,0.47150628161612107
100,-2,166,K,21,30,150,213,237,25,137,full_trace_mean_square,0.5710698273627941
100,-2,167,M,21,30,150,213,237,25,161,full_trace_mean_square,0.9272564687652374
100,-2,167,P,21,30,150,213,237,25,161,full_trace_mean_square,0.9424297688232093
100,-2,167,SLTA,21,30,150,213,237,25,161,full_trace_mean_square,0.820061661006931
100,-2,167,Std,21,30,150,213,237,25,161,full_trace_mean_square,0.9468140930352679
100,-2,167,S,21,30,150,213,237,25,161,full_trace_mean_square,0.503704906410894
100,-2,167,K,21,30,150,213,237,25,161,full_trace_mean_square,0.5321977040808671
100,-2,168,M,21,30,150,213,237,25,144,full_trace_mean_square,0.9308540437704699
100,-2,168,P,21,30,150,213,237,25,144,full_trace_mean_square,0.9457958451312656
100,-2,168,SLTA,21,30,150,213,237,25,144,full_trace_mean_square,0.8258888136386785
100,-2,168,Std,21,30,150,213,237,25,144,full_trace_mean_square,0.9444464848054666
100,-2,168,S,21,30,150,213,237,25,144,full_trace_mean_square,0.24713213600259376
100,-2,168,K,21,30,150,213,237,25,144,full_trace_mean_square,0.30093091317847054
100,-2,169,M,21,30,150,213,237,25,147,full_trace_mean_square,0.9325502556976096
100,-2,169,P,21,30,150,213,237,25,147,full_trace_mean_square,0.9458690248544365
100,-2,169,SLTA,21,30,150,213,237,25,147,full_trace_mean_square,0.8421949789539215
100,-2,169,Std,21,30,150,213,237,25,147,full_trace_mean_square,0.9482736576243941
100,-2,169,S,21,30,150,213,237,25,147,full_trace_mean_square,0.24177993638408068
100,-2,169,K,21,30,150,213,237,25,147,full_trace_mean_square,0.31391979816572363
100,-2,170,M,21,30,150,213,237,25,162,full_trace_mean_square,0.9288742645812564
100,-2,170,P,21,30,150,213,237,25,162,full_trace_mean_square,0.9449467456582931
100,-2,170,SLTA,21,30,150,213,237,25,162,full_trace_mean_square,0.8280343122022384
100,-2,170,Std,21,30,150,213,237,25,162,full_trace_mean_square,0.9480554584135189
100,-2,170,S,21,30,150,213,237,25,162,full_trace_mean_square,0.36808182683384083
100,-2,170,K,21,30,150,213,237,25,162,full_trace_mean_square,0.3293045809900135
100,-2,171,M,21,30,150,213,237,25,162,full_trace_mean_square,0.9167552802649787
100,-2,171,P,21,30,150,213,237,25,162,full_trace_mean_square,0.9448158419425708
100,-2,171,SLTA,21,30,150,213,237,25,162,full_trace_mean_square,0.8287467036145942
100,-2,171,Std,21,30,150,213,237,25,162,full_trace_mean_square,0.9382916294632428
100,-2,171,S,21,30,150,213,237,25,162,full_trace_mean_square,0.2654556699495707
100,-2,171,K,21,30,150,213,237,25,162,full_trace_mean_square,0.2692313606717165
100,-2,172,M,21,30,150,213,237,25,144,full_trace_mean_square,0.9141937134438193
100,-2,172,P,21,30,150,213,237,25,144,full_trace_mean_square,0.9435859282005455
100,-2,172,SLTA,21,30,150,213,237,25,144,full_trace_mean_square,0.8230333434448149
100,-2,172,Std,21,30,150,213,237,25,144,full_trace_mean_square,0.9396465761638588
100,-2,172,S,21,30,150,213,237,25,144,full_trace_mean_square,0.3479726981923894
100,-2,172,K,21,30,150,213,237,25,144,full_trace_mean_square,0.4882973980610992
100,-2,173,M,21,30,150,213,237,25,144,full_trace_mean_square,0.9188079703518367
100,-2,173,P,21,30,150,213,237,25,144,full_trace_mean_square,0.9443549949846363
100,-2,173,SLTA,21,30,150,213,237,25,144,full_trace_mean_square,0.8354823595975231
100,-2,173,Std,21,30,150,213,237,25,144,full_trace_mean_square,0.9404035667341903
100,-2,173,S,21,30,150,213,237,25,144,full_trace_mean_square,0.362212049561386
100,-2,173,K,21,30,150,213,237,25,144,full_trace_mean_square,0.3943350047786363
100,-2,174,M,21,30,150,213,237,25,164,full_trace_mean_square,0.9205179570381457
100,-2,174,P,21,30,150,213,237,25,164,full_trace_mean_square,0.943268810102532
100,-2,174,SLTA,21,30,150,213,237,25,164,full_trace_mean_square,0.8046885954247929
100,-2,174,Std,21,30,150,213,237,25,164,full_trace_mean_square,0.9471362278952832
100,-2,174,S,21,30,150,213,237,25,164,full_trace_mean_square,0.3925506063454524
100,-2,174,K,21,30,150,213,237,25,164,full_trace_mean_square,0.47489671224666385
100,-2,175,M,21,30,150,213,237,25,149,full_trace_mean_square,0.9184522572994666
100,-2,175,P,21,30,150,213,237,25,149,full_trace_mean_square,0.9432293641370223
100,-2,175,SLTA,21,30,150,213,237,25,149,full_trace_mean_square,0.810454543573639
100,-2,175,Std,21,30,150,213,237,25,149,full_trace_mean_square,0.9404845284820823
100,-2,175,S,21,30,150,213,237,25,149,full_trace_mean_square,0.45023233919285927
100,-2,175,K,21,30,150,213,237,25,149,full_trace_mean_square,0.53450158319249
100,-2,176,M,21,30,150,213,237,25,131,full_trace_mean_square,0.9096875941531944
100,-2,176,P,21,30,150,213,237,25,131,full_trace_mean_square,0.9443330284128606
100,-2,176,SLTA,21,30,150,213,237,25,131,full_trace_mean_square,0.8012459822215501
100,-2,176,Std,21,30,150,213,237,25,131,full_trace_mean_square,0.9364337910534932
100,-2,176,S,21,30,150,213,237,25,131,full_trace_mean_square,0.2778138701076904
100,-2,176,K,21,30,150,213,237,25,131,full_trace_mean_square,0.37932864862813337
100,-2,177,M,21,30,150,213,237,25,147,full_trace_mean_square,0.9212616670697468
100,-2,177,P,21,30,150,213,237,25,147,full_trace_mean_square,0.9453462192226894
100,-2,177,SLTA,21,30,150,213,237,25,147,full_trace_mean_square,0.819153361213961
100,-2,177,Std,21,30,150,213,237,25,147,full_trace_mean_square,0.9417938217467029
100,-2,177,S,21,30,150,213,237,25,147,full_trace_mean_square,0.3486805371902777
100,-2,177,K,21,30,150,213,237,25,147,full_trace_mean_square,0.5450158387495923
100,-2,178,M,21,30,150,213,237,25,162,full_trace_mean_square,0.9307589403886561
100,-2,178,P,21,30,150,213,237,25,162,full_trace_mean_square,0.9442099446805301
100,-2,178,SLTA,21,30,150,213,237,25,162,full_trace_mean_square,0.8304618626892349
100,-2,178,Std,21,30,150,213,237,25,162,full_trace_mean_square,0.9489234791897693
100,-2,178,S,21,30,150,213,237,25,162,full_trace_mean_square,0.28795450105260273
100,-2,178,K,21,30,150,213,237,25,162,full_trace_mean_square,0.3948838869143352
100,-2,179,M,21,30,150,213,237,25,121,full_trace_mean_square,0.9243811008662425
100,-2,179,P,21,30,150,213,237,25,121,full_trace_mean_square,0.946189830609469
100,-2,179,SLTA,21,30,150,213,237,25,121,full_trace_mean_square,0.8270459442814605
100,-2,179,Std,21,30,150,213,237,25,121,full_trace_mean_square,0.943802024712176
100,-2,179,S,21,30,150,213,237,25,121,full_trace_mean_square,0.27080582840608397
100,-2,179,K,21,30,150,213,237,25,121,full_trace_mean_square,0.29197788598430696
100,-2,180,M,21,30,150,213,237,25,163,full_trace_mean_square,0.9319215778182391
100,-2,180,P,21,30,150,213,237,25,163,full_trace_mean_square,0.9465861258131292
100,-2,180,SLTA,21,30,150,213,237,25,163,full_trace_mean_square,0.8453437055671149
100,-2,180,Std,21,30,150,213,237,25,163,full_trace_mean_square,0.9454353785640676
100,-2,180,S,21,30,150,213,237,25,163,full_trace_mean_square,0.2758729547393565
100,-2,180,K,21,30,150,213,237,25,163,full_trace_mean_square,0.2582557928847929
100,-2,181,M,21,30,150,213,237,25,134,full_trace_mean_square,0.9215595326457766
100,-2,181,P,21,30,150,213,237,25,134,full_trace_mean_square,0.9456048216601227
100,-2,181,SLTA,21,30,150,213,237,25,134,full_trace_mean_square,0.832858268617329
100,-2,181,Std,21,30,150,213,237,25,134,full_trace_mean_square,0.9403970472848625
100,-2,181,S,21,30,150,213,237,25,134,full_trace_mean_square,0.2685047537281562
100,-2,181,K,21,30,150,213,237,25,134,full_trace_mean_square,0.3624609570990821
100,-2,182,M,21,30,150,213,237,25,147,full_trace_mean_square,0.9243326009154099
100,-2,182,P,21,30,150,213,237,25,147,full_trace_mean_square,0.9447589434750807
100,-2,182,SLTA,21,30,150,213,237,25,147,full_trace_mean_square,0.8379776618305507
100,-2,182,Std,21,30,150,213,237,25,147,full_trace_mean_square,0.9449724399378234
100,-2,182,S,21,30,150,213,237,25,147,full_trace_mean_square,0.32398999940473866
100,-2,182,K,21,30,150,213,237,25,147,full_trace_mean_square,0.3763680125326077
100,-2,183,M,21,30,150,213,237,25,152,full_trace_mean_square,0.916152272671084
100,-2,183,P,21,30,150,213,237,25,152,full_trace_mean_square,0.9441909314049677
100,-2,183,SLTA,21,30,150,213,237,25,152,full_trace_mean_square,0.8076732739419374
100,-2,183,Std,21,30,150,213,237,25,152,full_trace_mean_square,0.9412065310611176
100,-2,183,S,21,30,150,213,237,25,152,full_trace_mean_square,0.3135528776951567
100,-2,183,K,21,30,150,213,237,25,152,full_trace_mean_square,0.37570222584246393
100,-2,184,M,21,30,150,213,237,25,144,full_trace_mean_square,0.9194970218237531
100,-2,184,P,21,30,150,213,237,25,144,full_trace_mean_square,0.9437773643387872
100,-2,184,SLTA,21,30,150,213,237,25,144,full_trace_mean_square,0.8184794831852468
100,-2,184,Std,21,30,150,213,237,25,144,full_trace_mean_square,0.9404118115090198
100,-2,184,S,21,30,150,213,237,25,144,full_trace_mean_square,0.27981251724722866
100,-2,184,K,21,30,150,213,237,25,144,full_trace_mean_square,0.45163724504253483
100,-2,185,M,21,30,150,213,237,25,122,full_trace_mean_square,0.9301217400472045
100,-2,185,P,21,30,150,213,237,25,122,full_trace_mean_square,0.9468390794843266
100,-2,185,SLTA,21,30,150,213,237,25,122,full_trace_mean_square,0.842502972233301
100,-2,185,Std,21,30,150,213,237,25,122,full_trace_mean_square,0.9460299007971752
100,-2,185,S,21,30,150,213,237,25,122,full_trace_mean_square,0.30512050381298605
100,-2,185,K,21,30,150,213,237,25,122,full_trace_mean_square,0.42054251347776633
100,-2,186,M,21,30,150,213,237,25,162,full_trace_mean_square,0.9202605937264684
100,-2,186,P,21,30,150,213,237,25,162,full_trace_mean_square,0.943943674879676
100,-2,186,SLTA,21,30,150,213,237,25,162,full_trace_mean_square,0.8281815502830588
100,-2,186,Std,21,30,150,213,237,25,162,full_trace_mean_square,0.9435048826924499
100,-2,186,S,21,30,150,213,237,25,162,full_trace_mean_square,0.3200041866961876
100,-2,186,K,21,30,150,213,237,25,162,full_trace_mean_square,0.37571433414945654
100,-2,187,M,21,30,150,213,237,25,156,full_trace_mean_square,0.9192548123443283
100,-2,187,P,21,30,150,213,237,25,156,full_trace_mean_square,0.9443764963859145
100,-2,187,SLTA,21,30,150,213,237,25,156,full_trace_mean_square,0.822283155538858
100,-2,187,Std,21,30,150,213,237,25,156,full_trace_mean_square,0.9386696264955265
100,-2,187,S,21,30,150,213,237,25,156,full_trace_mean_square,0.2243966546326655
100,-2,187,K,21,30,150,213,237,25,156,full_trace_mean_square,0.3173513817738509
100,-2,188,M,21,30,150,213,237,25,178,full_trace_mean_square,0.9098969183627938
100,-2,188,P,21,30,150,213,237,25,178,full_trace_mean_square,0.9434143831302436
100,-2,188,SLTA,21,30,150,213,237,25,178,full_trace_mean_square,0.8188426997382379
100,-2,188,Std,21,30,150,213,237,25,178,full_trace_mean_square,0.9356170164867574
100,-2,188,S,21,30,150,213,237,25,178,full_trace_mean_square,0.2567170707357077
100,-2,188,K,21,30,150,213,237,25,178,full_trace_mean_square,0.375586821220594
100,-2,189,M,21,30,150,213,237,25,161,full_trace_mean_square,0.9067446083004157
100,-2,189,P,21,30,150,213,237,25,161,full_trace_mean_square,0.9426916609180024
100,-2,189,SLTA,21,30,150,213,237,25,161,full_trace_mean_square,0.8276506658638667
100,-2,189,Std,21,30,150,213,237,25,161,full_trace_mean_square,0.9395061727527622
100,-2,189,S,21,30,150,213,237,25,161,full_trace_mean_square,0.34177448926141
100,-2,189,K,21,30,150,213,237,25,161,full_trace_mean_square,0.37558232343642
100,-2,190,M,21,30,150,213,237,25,138,full_trace_mean_square,0.9296811104762233
100,-2,190,P,21,30,150,213,237,25,138,full_trace_mean_square,0.9454118488612284
100,-2,190,SLTA,21,30,150,213,237,25,138,full_trace_mean_square,0.8243881051482734
100,-2,190,Std,21,30,150,213,237,25,138,full_trace_mean_square,0.9428646329257083
100,-2,190,S,21,30,150,213,237,25,138,full_trace_mean_square,0.36481382142571916
100,-2,190,K,21,30,150,213,237,25,138,full_trace_mean_square,0.45429141387414473
100,-2,191,M,21,30,150,213,237,25,153,full_trace_mean_square,0.9139628822132277
100,-2,191,P,21,30,150,213,237,25,153,full_trace_mean_square,0.9446978716914055
100,-2,191,SLTA,21,30,150,213,237,25,153,full_trace_mean_square,0.8084770390377067
100,-2,191,Std,21,30,150,213,237,25,153,full_trace_mean_square,0.939799292671687
100,-2,191,S,21,30,150,213,237,25,153,full_trace_mean_square,0.3433902427262609
100,-2,191,K,21,30,150,213,237,25,153,full_trace_mean_square,0.43824126420806897
100,-2,192,M,21,30,150,213,237,25,141,full_trace_mean_square,0.930040968130623
100,-2,192,P,21,30,150,213,237,25,141,full_trace_mean_square,0.9466259867589496
100,-2,192,SLTA,21,30,150,213,237,25,141,full_trace_mean_square,0.8397787430714203
100,-2,192,Std,21,30,150,213,237,25,141,full_trace_mean_square,0.9496089744917152
100,-2,192,S,21,30,150,213,237,25,141,full_trace_mean_square,0.2955493970602495
100,-2,192,K,21,30,150,213,237,25,141,full_trace_mean_square,0.27377221182696626
100,-2,193,M,21,30,150,213,237,25,165,full_trace_mean_square,0.9376448394619231
100,-2,193,P,21,30,150,213,237,25,165,full_trace_mean_square,0.9450104374167452
100,-2,193,SLTA,21,30,150,213,237,25,165,full_trace_mean_square,0.8311538493691064
100,-2,193,Std,21,30,150,213,237,25,165,full_trace_mean_square,0.9513956511897037
100,-2,193,S,21,30,150,213,237,25,165,full_trace_mean_square,0.41962306236329133
100,-2,193,K,21,30,150,213,237,25,165,full_trace_mean_square,0.4614602809285906
100,-2,194,M,21,30,150,213,237,25,156,full_trace_mean_square,0.9319134794913014
100,-2,194,P,21,30,150,213,237,25,156,full_trace_mean_square,0.9442768297266376
100,-2,194,SLTA,21,30,150,213,237,25,156,full_trace_mean_square,0.8381742595588412
100,-2,194,Std,21,30,150,213,237,25,156,full_trace_mean_square,0.9495986414915671
100,-2,194,S,21,30,150,213,237,25,156,full_trace_mean_square,0.3304205098433527
100,-2,194,K,21,30,150,213,237,25,156,full_trace_mean_square,0.49897501904738145
100,-2,195,M,21,30,150,213,237,25,156,full_trace_mean_square,0.9062742512373505
100,-2,195,P,21,30,150,213,237,25,156,full_trace_mean_square,0.9422544917143875
100,-2,195,SLTA,21,30,150,213,237,25,156,full_trace_mean_square,0.8174669320199197
100,-2,195,Std,21,30,150,213,237,25,156,full_trace_mean_square,0.9348439251823558
100,-2,195,S,21,30,150,213,237,25,156,full_trace_mean_square,0.5232467832657965
100,-2,195,K,21,30,150,213,237,25,156,full_trace_mean_square,0.46908952618946775
100,-2,196,M,21,30,150,213,237,25,152,full_trace_mean_square,0.9213926802254075
100,-2,196,P,21,30,150,213,237,25,152,full_trace_mean_square,0.9454021807897891
100,-2,196,SLTA,21,30,150,213,237,25,152,full_trace_mean_square,0.8434531164264074
100,-2,196,Std,21,30,150,213,237,25,152,full_trace_mean_square,0.942813644902924
100,-2,196,S,21,30,150,213,237,25,152,full_trace_mean_square,0.32853423529143483
100,-2,196,K,21,30,150,213,237,25,152,full_trace_mean_square,0.3969461263836699
100,-2,197,M,21,30,150,213,237,25,170,full_trace_mean_square,0.9233416963160731
100,-2,197,P,21,30,150,213,237,25,170,full_trace_mean_square,0.9450014195577441
100,-2,197,SLTA,21,30,150,213,237,25,170,full_trace_mean_square,0.7927411301968259
100,-2,197,Std,21,30,150,213,237,25,170,full_trace_mean_square,0.9464978059381493
100,-2,197,S,21,30,150,213,237,25,170,full_trace_mean_square,0.4249271979012554
100,-2,197,K,21,30,150,213,237,25,170,full_trace_mean_square,0.5152384080249406
100,-2,198,M,21,30,150,213,237,25,150,full_trace_mean_square,0.916809128565358
100,-2,198,P,21,30,150,213,237,25,150,full_trace_mean_square,0.9464066335200848
100,-2,198,SLTA,21,30,150,213,237,25,150,full_trace_mean_square,0.8015244763594778
100,-2,198,Std,21,30,150,213,237,25,150,full_trace_mean_square,0.9404060669588307
100,-2,198,S,21,30,150,213,237,25,150,full_trace_mean_square,0.17966111719216393
100,-2,198,K,21,30,150,213,237,25,150,full_trace_mean_square,0.3430873030286225
100,-2,199,M,21,30,150,213,237,25,150,full_trace_mean_square,0.9264978438580472
100,-2,199,P,21,30,150,213,237,25,150,full_trace_mean_square,0.9445181976592142
100,-2,199,SLTA,21,30,150,213,237,25,150,full_trace_mean_square,0.8399428619647955
100,-2,199,Std,21,30,150,213,237,25,150,full_trace_mean_square,0.9461731952679648
100,-2,199,S,21,30,150,213,237,25,150,full_trace_mean_square,0.4231408899196546
100,-2,199,K,21,30,150,213,237,25,150,full_trace_mean_square,0.5138502861360853
100,0,0,M,21,30,150,213,237,25,156,full_trace_mean_square,0.9298891491995706
100,0,0,P,21,30,150,213,237,25,156,full_trace_mean_square,0.9454435077233103
100,0,0,SLTA,21,30,150,213,237,25,156,full_trace_mean_square,0.8346798407933584
100,0,0,Std,21,30,150,213,237,25,156,full_trace_mean_square,0.9459269525291701
100,0,0,S,21,30,150,213,237,25,156,full_trace_mean_square,0.33151353191371713
100,0,0,K,21,30,150,213,237,25,156,full_trace_mean_square,0.342268146607613
100,0,1,M,21,30,150,213,237,25,163,full_trace_mean_square,0.9246326130206566
100,0,1,P,21,30,150,213,237,25,163,full_trace_mean_square,0.9446398858272378
100,0,1,SLTA,21,30,150,213,237,25,163,full_trace_mean_square,0.8220179056939116
100,0,1,Std,21,30,150,213,237,25,163,full_trace_mean_square,0.9468228595238314
100,0,1,S,21,30,150,213,237,25,163,full_trace_mean_square,0.3186025872059888
100,0,1,K,21,30,150,213,237,25,163,full_trace_mean_square,0.3603630883608115
100,0,2,M,21,30,150,213,237,25,168,full_trace_mean_square,0.9254377494195831
100,0,2,P,21,30,150,213,237,25,168,full_trace_mean_square,0.9444111187648346
100,0,2,SLTA,21,30,150,213,237,25,168,full_trace_mean_square,0.8222389393502149
100,0,2,Std,21,30,150,213,237,25,168,full_trace_mean_square,0.9498776982504493
100,0,2,S,21,30,150,213,237,25,168,full_trace_mean_square,0.4523147013275498
100,0,2,K,21,30,150,213,237,25,168,full_trace_mean_square,0.5551702507543999
100,0,3,M,21,30,150,213,237,25,167,full_trace_mean_square,0.9346641430728359
100,0,3,P,21,30,150,213,237,25,167,full_trace_mean_square,0.9444660376001335
100,0,3,SLTA,21,30,150,213,237,25,167,full_trace_mean_square,0.8289653957723109
100,0,3,Std,21,30,150,213,237,25,167,full_trace_mean_square,0.9504518652252721
100,0,3,S,21,30,150,213,237,25,167,full_trace_mean_square,0.4808475798769585
100,0,3,K,21,30,150,213,237,25,167,full_trace_mean_square,0.5492452493444301
100,0,4,M,21,30,150,213,237,25,169,full_trace_mean_square,0.9324524882187081
100,0,4,P,21,30,150,213,237,25,169,full_trace_mean_square,0.943817770568697
100,0,4,SLTA,21,30,150,213,237,25,169,full_trace_mean_square,0.8271149176990692
100,0,4,Std,21,30,150,213,237,25,169,full_trace_mean_square,0.95258193280898
100,0,4,S,21,30,150,213,237,25,169,full_trace_mean_square,0.47086902554448895
100,0,4,K,21,30,150,213,237,25,169,full_trace_mean_square,0.5503873360028766
100,0,5,M,21,30,150,213,237,25,150,full_trace_mean_square,0.9379964087227824
100,0,5,P,21,30,150,213,237,25,150,full_trace_mean_square,0.9461942439055603
100,0,5,SLTA,21,30,150,213,237,25,150,full_trace_mean_square,0.8433694459558602
100,0,5,Std,21,30,150,213,237,25,150,full_trace_mean_square,0.953236763211483
100,0,5,S,21,30,150,213,237,25,150,full_trace_mean_square,0.31393901579223665
100,0,5,K,21,30,150,213,237,25,150,full_trace_mean_square,0.4152663914233312
100,0,6,M,21,30,150,213,237,25,148,full_trace_mean_square,0.9353372651214208
100,0,6,P,21,30,150,213,237,25,148,full_trace_mean_square,0.9458625473361747
100,0,6,SLTA,21,30,150,213,237,25,148,full_trace_mean_square,0.8225044669011884
100,0,6,Std,21,30,150,213,237,25,148,full_trace_mean_square,0.9507268689438689
100,0,6,S,21,30,150,213,237,25,148,full_trace_mean_square,0.39352817302720006
100,0,6,K,21,30,150,213,237,25,148,full_trace_mean_square,0.44818746869104364
100,0,7,M,21,30,150,213,237,25,158,full_trace_mean_square,0.933928144804742
100,0,7,P,21,30,150,213,237,25,158,full_trace_mean_square,0.946107768951192
100,0,7,SLTA,21,30,150,213,237,25,158,full_trace_mean_square,0.806481456663778
100,0,7,Std,21,30,150,213,237,25,158,full_trace_mean_square,0.9526058010293427
100,0,7,S,21,30,150,213,237,25,158,full_trace_mean_square,0.358416802079973
100,0,7,K,21,30,150,213,237,25,158,full_trace_mean_square,0.3967644629301656
100,0,8,M,21,30,150,213,237,25,150,full_trace_mean_square,0.9302624498379896
100,0,8,P,21,30,150,213,237,25,150,full_trace_mean_square,0.9454123352860946
100,0,8,SLTA,21,30,150,213,237,25,150,full_trace_mean_square,0.7833479002352532
100,0,8,Std,21,30,150,213,237,25,150,full_trace_mean_square,0.9448665723333332
100,0,8,S,21,30,150,213,237,25,150,full_trace_mean_square,0.3371096924304387
100,0,8,K,21,30,150,213,237,25,150,full_trace_mean_square,0.42308955188872743
100,0,9,M,21,30,150,213,237,25,171,full_trace_mean_square,0.9205277803898693
100,0,9,P,21,30,150,213,237,25,171,full_trace_mean_square,0.9442747131371425
100,0,9,SLTA,21,30,150,213,237,25,171,full_trace_mean_square,0.8213415913104927
100,0,9,Std,21,30,150,213,237,25,171,full_trace_mean_square,0.9456402521963838
100,0,9,S,21,30,150,213,237,25,171,full_trace_mean_square,0.3731863507469283
100,0,9,K,21,30,150,213,237,25,171,full_trace_mean_square,0.4613926519376612
100,0,10,M,21,30,150,213,237,25,147,full_trace_mean_square,0.928457683831195
100,0,10,P,21,30,150,213,237,25,147,full_trace_mean_square,0.9458659005725023
100,0,10,SLTA,21,30,150,213,237,25,147,full_trace_mean_square,0.790925956379801
100,0,10,Std,21,30,150,213,237,25,147,full_trace_mean_square,0.9454936440299208
100,0,10,S,21,30,150,213,237,25,147,full_trace_mean_square,0.3349794155040153
100,0,10,K,21,30,150,213,237,25,147,full_trace_mean_square,0.40177737218358783
100,0,11,M,21,30,150,213,237,25,159,full_trace_mean_square,0.9407433298433957
100,0,11,P,21,30,150,213,237,25,159,full_trace_mean_square,0.9460933549781706
100,0,11,SLTA,21,30,150,213,237,25,159,full_trace_mean_square,0.846163075171089
100,0,11,Std,21,30,150,213,237,25,159,full_trace_mean_square,0.9567762733149978
100,0,11,S,21,30,150,213,237,25,159,full_trace_mean_square,0.3198994422117329
100,0,11,K,21,30,150,213,237,25,159,full_trace_mean_square,0.523501708322158
100,0,12,M,21,30,150,213,237,25,156,full_trace_mean_square,0.9415796664411061
100,0,12,P,21,30,150,213,237,25,156,full_trace_mean_square,0.9459671397241302
100,0,12,SLTA,21,30,150,213,237,25,156,full_trace_mean_square,0.8171574587137546
100,0,12,Std,21,30,150,213,237,25,156,full_trace_mean_square,0.9526264641837121
100,0,12,S,21,30,150,213,237,25,156,full_trace_mean_square,0.3632951772660612
100,0,12,K,21,30,150,213,237,25,156,full_trace_mean_square,0.5010104358714451
100,0,13,M,21,30,150,213,237,25,141,full_trace_mean_square,0.9299571266263399
100,0,13,P,21,30,150,213,237,25,141,full_trace_mean_square,0.9444384488361395
100,0,13,SLTA,21,30,150,213,237,25,141,full_trace_mean_square,0.8322068403964108
100,0,13,Std,21,30,150,213,237,25,141,full_trace_mean_square,0.9482406371482008
100,0,13,S,21,30,150,213,237,25,141,full_trace_mean_square,0.45554009333206413
100,0,13,K,21,30,150,213,237,25,141,full_trace_mean_square,0.478392396814049
100,0,14,M,21,30,150,213,237,25,152,full_trace_mean_square,0.9188822753225344
100,0,14,P,21,30,150,213,237,25,152,full_trace_mean_square,0.9448343727230977
100,0,14,SLTA,21,30,150,213,237,25,152,full_trace_mean_square,0.8035568300725716
100,0,14,Std,21,30,150,213,237,25,152,full_trace_mean_square,0.9384296048311397
100,0,14,S,21,30,150,213,237,25,152,full_trace_mean_square,0.31577509232313494
100,0,14,K,21,30,150,213,237,25,152,full_trace_mean_square,0.35672489718237993
100,0,15,M,21,30,150,213,237,25,175,full_trace_mean_square,0.9366111310733486
100,0,15,P,21,30,150,213,237,25,175,full_trace_mean_square,0.9451205728357079
100,0,15,SLTA,21,30,150,213,237,25,175,full_trace_mean_square,0.8304648088285246
100,0,15,Std,21,30,150,213,237,25,175,full_trace_mean_square,0.9491823495661181
100,0,15,S,21,30,150,213,237,25,175,full_trace_mean_square,0.4492379830336728
100,0,15,K,21,30,150,213,237,25,175,full_trace_mean_square,0.47306142416118296
100,0,16,M,21,30,150,213,237,25,174,full_trace_mean_square,0.9171387867814194
100,0,16,P,21,30,150,213,237,25,174,full_trace_mean_square,0.943974866062573
100,0,16,SLTA,21,30,150,213,237,25,174,full_trace_mean_square,0.8284333751656203
100,0,16,Std,21,30,150,213,237,25,174,full_trace_mean_square,0.9414376240520455
100,0,16,S,21,30,150,213,237,25,174,full_trace_mean_square,0.44688629941663544
100,0,16,K,21,30,150,213,237,25,174,full_trace_mean_square,0.4890077104800932
100,0,17,M,21,30,150,213,237,25,166,full_trace_mean_square,0.9328054855481486
100,0,17,P,21,30,150,213,237,25,166,full_trace_mean_square,0.9456946847377652
100,0,17,SLTA,21,30,150,213,237,25,166,full_trace_mean_square,0.8349231972023093
100,0,17,Std,21,30,150,213,237,25,166,full_trace_mean_square,0.952848010174985
100,0,17,S,21,30,150,213,237,25,166,full_trace_mean_square,0.37333906215624046
100,0,17,K,21,30,150,213,237,25,166,full_trace_mean_square,0.3701311769016903
100,0,18,M,21,30,150,213,237,25,154,full_trace_mean_square,0.931311810338779
100,0,18,P,21,30,150,213,237,25,154,full_trace_mean_square,0.9448414048895382
100,0,18,SLTA,21,30,150,213,237,25,154,full_trace_mean_square,0.8304457314763205
100,0,18,Std,21,30,150,213,237,25,154,full_trace_mean_square,0.9520393073349802
100,0,18,S,21,30,150,213,237,25,154,full_trace_mean_square,0.43300167831329583
100,0,18,K,21,30,150,213,237,25,154,full_trace_mean_square,0.49227238221183206
100,0,19,M,21,30,150,213,237,25,158,full_trace_mean_square,0.929027726438772
100,0,19,P,21,30,150,213,237,25,158,full_trace_mean_square,0.944731802640765
100,0,19,SLTA,21,30,150,213,237,25,158,full_trace_mean_square,0.8263226084817441
100,0,19,Std,21,30,150,213,237,25,158,full_trace_mean_square,0.9520391790123471
100,0,19,S,21,30,150,213,237,25,158,full_trace_mean_square,0.30687600704000156
100,0,19,K,21,30,150,213,237,25,158,full_trace_mean_square,0.3769214944082538
100,0,20,M,21,30,150,213,237,25,146,full_trace_mean_square,0.9244061226957472
100,0,20,P,21,30,150,213,237,25,146,full_trace_mean_square,0.9454860222323369
100,0,20,SLTA,21,30,150,213,237,25,146,full_trace_mean_square,0.8121578945746818
100,0,20,Std,21,30,150,213,237,25,146,full_trace_mean_square,0.948121707509806
100,0,20,S,21,30,150,213,237,25,146,full_trace_mean_square,0.3819848467917225
100,0,20,K,21,30,150,213,237,25,146,full_trace_mean_square,0.40645475197187864
100,0,21,M,21,30,150,213,237,25,188,full_trace_mean_square,0.9287049472226429
100,0,21,P,21,30,150,213,237,25,188,full_trace_mean_square,0.943811142905839
100,0,21,SLTA,21,30,150,213,237,25,188,full_trace_mean_square,0.8267302159207561
100,0,21,Std,21,30,150,213,237,25,188,full_trace_mean_square,0.9462047690324413
100,0,21,S,21,30,150,213,237,25,188,full_trace_mean_square,0.40316687344648816
100,0,21,K,21,30,150,213,237,25,188,full_trace_mean_square,0.4530060045562751
100,0,22,M,21,30,150,213,237,25,162,full_trace_mean_square,0.9231120134806469
100,0,22,P,21,30,150,213,237,25,162,full_trace_mean_square,0.9449220872034394
100,0,22,SLTA,21,30,150,213,237,25,162,full_trace_mean_square,0.8275804395982724
100,0,22,Std,21,30,150,213,237,25,162,full_trace_mean_square,0.9427749333314235
100,0,22,S,21,30,150,213,237,25,162,full_trace_mean_square,0.29098557046640944
100,0,22,K,21,30,150,213,237,25,162,full_trace_mean_square,0.3188061458848091
100,0,23,M,21,30,150,213,237,25,170,full_trace_mean_square,0.9312077403257591
100,0,23,P,21,30,150,213,237,25,170,full_trace_mean_square,0.944741261549654
100,0,23,SLTA,21,30,150,213,237,25,170,full_trace_mean_square,0.8330930654361631
100,0,23,Std,21,30,150,213,237,25,170,full_trace_mean_square,0.9505296440564521
100,0,23,S,21,30,150,213,237,25,170,full_trace_mean_square,0.3531129483268032
100,0,23,K,21,30,150,213,237,25,170,full_trace_mean_square,0.48402303475160285
100,0,24,M,21,30,150,213,237,25,142,full_trace_mean_square,0.9386506736636131
100,0,24,P,21,30,150,213,237,25,142,full_trace_mean_square,0.9455869696707463
100,0,24,SLTA,21,30,150,213,237,25,142,full_trace_mean_square,0.8352660053870388
100,0,24,Std,21,30,150,213,237,25,142,full_trace_mean_square,0.9550333877284408
100,0,24,S,21,30,150,213,237,25,142,full_trace_mean_square,0.38619279972080983
100,0,24,K,21,30,150,213,237,25,142,full_trace_mean_square,0.4673294118865879
100,0,25,M,21,30,150,213,237,25,146,full_trace_mean_square,0.9279215880149106
100,0,25,P,21,30,150,213,237,25,146,full_trace_mean_square,0.9437317149447151
100,0,25,SLTA,21,30,150,213,237,25,146,full_trace_mean_square,0.8327740179166093
100,0,25,Std,21,30,150,213,237,25,146,full_trace_mean_square,0.9470043373814307
100,0,25,S,21,30,150,213,237,25,146,full_trace_mean_square,0.49536264473959735
100,0,25,K,21,30,150,213,237,25,146,full_trace_mean_square,0.5173240850328449
100,0,26,M,21,30,150,213,237,25,167,full_trace_mean_square,0.9289025791293942
100,0,26,P,21,30,150,213,237,25,167,full_trace_mean_square,0.9453282800513665
100,0,26,SLTA,21,30,150,213,237,25,167,full_trace_mean_square,0.846555451763575
100,0,26,Std,21,30,150,213,237,25,167,full_trace_mean_square,0.9503322766149349
100,0,26,S,21,30,150,213,237,25,167,full_trace_mean_square,0.34226718052018135
100,0,26,K,21,30,150,213,237,25,167,full_trace_mean_square,0.38900486494287584
100,0,27,M,21,30,150,213,237,25,182,full_trace_mean_square,0.93350794479013
100,0,27,P,21,30,150,213,237,25,182,full_trace_mean_square,0.9456073503114321
100,0,27,SLTA,21,30,150,213,237,25,182,full_trace_mean_square,0.8365288985166843
100,0,27,Std,21,30,150,213,237,25,182,full_trace_mean_square,0.9521637762276153
100,0,27,S,21,30,150,213,237,25,182,full_trace_mean_square,0.3173006403245643
100,0,27,K,21,30,150,213,237,25,182,full_trace_mean_square,0.3735047668650706
100,0,28,M,21,30,150,213,237,25,157,full_trace_mean_square,0.9297061378444305
100,0,28,P,21,30,150,213,237,25,157,full_trace_mean_square,0.943498276789233
100,0,28,SLTA,21,30,150,213,237,25,157,full_trace_mean_square,0.8312556574164914
100,0,28,Std,21,30,150,213,237,25,157,full_trace_mean_square,0.9495328223999373
100,0,28,S,21,30,150,213,237,25,157,full_trace_mean_square,0.4443793658772309
100,0,28,K,21,30,150,213,237,25,157,full_trace_mean_square,0.5069731378076516
100,0,29,M,21,30,150,213,237,25,172,full_trace_mean_square,0.9329470640201757
100,0,29,P,21,30,150,213,237,25,172,full_trace_mean_square,0.9457345550150886
100,0,29,SLTA,21,30,150,213,237,25,172,full_trace_mean_square,0.8249817699240385
100,0,29,Std,21,30,150,213,237,25,172,full_trace_mean_square,0.9517742753056762
100,0,29,S,21,30,150,213,237,25,172,full_trace_mean_square,0.3226137308471291
100,0,29,K,21,30,150,213,237,25,172,full_trace_mean_square,0.3901278598061895
100,0,30,M,21,30,150,213,237,25,133,full_trace_mean_square,0.938022809132818
100,0,30,P,21,30,150,213,237,25,133,full_trace_mean_square,0.9465746586350675
100,0,30,SLTA,21,30,150,213,237,25,133,full_trace_mean_square,0.824375415149924
100,0,30,Std,21,30,150,213,237,25,133,full_trace_mean_square,0.9509719656240616
100,0,30,S,21,30,150,213,237,25,133,full_trace_mean_square,0.2620913405761526
100,0,30,K,21,30,150,213,237,25,133,full_trace_mean_square,0.31961858805870896
100,0,31,M,21,30,150,213,237,25,170,full_trace_mean_square,0.9351768972764128
100,0,31,P,21,30,150,213,237,25,170,full_trace_mean_square,0.9453924522033322
100,0,31,SLTA,21,30,150,213,237,25,170,full_trace_mean_square,0.8261075197351188
100,0,31,Std,21,30,150,213,237,25,170,full_trace_mean_square,0.9531419075180556
100,0,31,S,21,30,150,213,237,25,170,full_trace_mean_square,0.28931709979021414
100,0,31,K,21,30,150,213,237,25,170,full_trace_mean_square,0.30545322691929616
100,0,32,M,21,30,150,213,237,25,171,full_trace_mean_square,0.9315779452277426
100,0,32,P,21,30,150,213,237,25,171,full_trace_mean_square,0.9449220794066636
100,0,32,SLTA,21,30,150,213,237,25,171,full_trace_mean_square,0.8210235349046466
100,0,32,Std,21,30,150,213,237,25,171,full_trace_mean_square,0.9517179158915
100,0,32,S,21,30,150,213,237,25,171,full_trace_mean_square,0.4963755069791306
100,0,32,K,21,30,150,213,237,25,171,full_trace_mean_square,0.5326125816133696
100,0,33,M,21,30,150,213,237,25,147,full_trace_mean_square,0.9239605966564848
100,0,33,P,21,30,150,213,237,25,147,full_trace_mean_square,0.9441491269924592
100,0,33,SLTA,21,30,150,213,237,25,147,full_trace_mean_square,0.8237271260592033
100,0,33,Std,21,30,150,213,237,25,147,full_trace_mean_square,0.9450126894282127
100,0,33,S,21,30,150,213,237,25,147,full_trace_mean_square,0.3105446206910468
100,0,33,K,21,30,150,213,237,25,147,full_trace_mean_square,0.4060352877313111
100,0,34,M,21,30,150,213,237,25,170,full_trace_mean_square,0.9328726626373394
100,0,34,P,21,30,150,213,237,25,170,full_trace_mean_square,0.9456163862995312
100,0,34,SLTA,21,30,150,213,237,25,170,full_trace_mean_square,0.8316487436829731
100,0,34,Std,21,30,150,213,237,25,170,full_trace_mean_square,0.9516833240082476
100,0,34,S,21,30,150,213,237,25,170,full_trace_mean_square,0.3562317249201026
100,0,34,K,21,30,150,213,237,25,170,full_trace_mean_square,0.36372462012688533
100,0,35,M,21,30,150,213,237,25,140,full_trace_mean_square,0.9325438426794075
100,0,35,P,21,30,150,213,237,25,140,full_trace_mean_square,0.9467692415199327
100,0,35,SLTA,21,30,150,213,237,25,140,full_trace_mean_square,0.8399390388867546
100,0,35,Std,21,30,150,213,237,25,140,full_trace_mean_square,0.949290792609991
100,0,35,S,21,30,150,213,237,25,140,full_trace_mean_square,0.3668690686087732
100,0,35,K,21,30,150,213,237,25,140,full_trace_mean_square,0.4031651680142025
100,0,36,M,21,30,150,213,237,25,154,full_trace_mean_square,0.9379514997330977
100,0,36,P,21,30,150,213,237,25,154,full_trace_mean_square,0.946131139950214
100,0,36,SLTA,21,30,150,213,237,25,154,full_trace_mean_square,0.8392562401143309
100,0,36,Std,21,30,150,213,237,25,154,full_trace_mean_square,0.9534896022664573
100,0,36,S,21,30,150,213,237,25,154,full_trace_mean_square,0.41336371644607106
100,0,36,K,21,30,150,213,237,25,154,full_trace_mean_square,0.546677717788173
100,0,37,M,21,30,150,213,237,25,163,full_trace_mean_square,0.9398986306445204
100,0,37,P,21,30,150,213,237,25,163,full_trace_mean_square,0.9457193583865842
100,0,37,SLTA,21,30,150,213,237,25,163,full_trace_mean_square,0.8336219461265587
100,0,37,Std,21,30,150,213,237,25,163,full_trace_mean_square,0.9547620789985296
100,0,37,S,21,30,150,213,237,25,163,full_trace_mean_square,0.3277728909444157
100,0,37,K,21,30,150,213,237,25,163,full_trace_mean_square,0.39711060303443685
100,0,38,M,21,30,150,213,237,25,177,full_trace_mean_square,0.9256371804055294
100,0,38,P,21,30,150,213,237,25,177,full_trace_mean_square,0.9449496388453447
100,0,38,SLTA,21,30,150,213,237,25,177,full_trace_mean_square,0.8173554237646949
100,0,38,Std,21,30,150,213,237,25,177,full_trace_mean_square,0.9486224611687278
100,0,38,S,21,30,150,213,237,25,177,full_trace_mean_square,0.38720829863706185
100,0,38,K,21,30,150,213,237,25,177,full_trace_mean_square,0.3941692341609146
100,0,39,M,21,30,150,213,237,25,153,full_trace_mean_square,0.9273217561614152
100,0,39,P,21,30,150,213,237,25,153,full_trace_mean_square,0.9450906858086915
100,0,39,SLTA,21,30,150,213,237,25,153,full_trace_mean_square,0.8299423462009804
100,0,39,Std,21,30,150,213,237,25,153,full_trace_mean_square,0.9497819975963228
100,0,39,S,21,30,150,213,237,25,153,full_trace_mean_square,0.44299809793157213
100,0,39,K,21,30,150,213,237,25,153,full_trace_mean_square,0.40512155559272894
100,0,40,M,21,30,150,213,237,25,171,full_trace_mean_square,0.9394125078817774
100,0,40,P,21,30,150,213,237,25,171,full_trace_mean_square,0.9455378288790925
100,0,40,SLTA,21,30,150,213,237,25,171,full_trace_mean_square,0.8245975246162602
100,0,40,Std,21,30,150,213,237,25,171,full_trace_mean_square,0.9552155324844098
100,0,40,S,21,30,150,213,237,25,171,full_trace_mean_square,0.45061646453342674
100,0,40,K,21,30,150,213,237,25,171,full_trace_mean_square,0.5388081630232396
100,0,41,M,21,30,150,213,237,25,164,full_trace_mean_square,0.9273979524945511
100,0,41,P,21,30,150,213,237,25,164,full_trace_mean_square,0.9437195874169494
100,0,41,SLTA,21,30,150,213,237,25,164,full_trace_mean_square,0.8388495524970546
100,0,41,Std,21,30,150,213,237,25,164,full_trace_mean_square,0.9496096433649736
100,0,41,S,21,30,150,213,237,25,164,full_trace_mean_square,0.23090475443592032
100,0,41,K,21,30,150,213,237,25,164,full_trace_mean_square,0.29675136913833944
100,0,42,M,21,30,150,213,237,25,158,full_trace_mean_square,0.9298195584038546
100,0,42,P,21,30,150,213,237,25,158,full_trace_mean_square,0.9449865085364146
100,0,42,SLTA,21,30,150,213,237,25,158,full_trace_mean_square,0.8262495724875969
100,0,42,Std,21,30,150,213,237,25,158,full_trace_mean_square,0.9489752727070785
100,0,42,S,21,30,150,213,237,25,158,full_trace_mean_square,0.3938553617884418
100,0,42,K,21,30,150,213,237,25,158,full_trace_mean_square,0.520290361570464
100,0,43,M,21,30,150,213,237,25,142,full_trace_mean_square,0.9331691671908896
100,0,43,P,21,30,150,213,237,25,142,full_trace_mean_square,0.9455513253265462
100,0,43,SLTA,21,30,150,213,237,25,142,full_trace_mean_square,0.8141690362648718
100,0,43,Std,21,30,150,213,237,25,142,full_trace_mean_square,0.9487347199604075
100,0,43,S,21,30,150,213,237,25,142,full_trace_mean_square,0.37581112522806054
100,0,43,K,21,30,150,213,237,25,142,full_trace_mean_square,0.46743454653642574
100,0,44,M,21,30,150,213,237,25,133,full_trace_mean_square,0.9400470921713087
100,0,44,P,21,30,150,213,237,25,133,full_trace_mean_square,0.9471566234285671
100,0,44,SLTA,21,30,150,213,237,25,133,full_trace_mean_square,0.8414194368672847
100,0,44,Std,21,30,150,213,237,25,133,full_trace_mean_square,0.9533927643390439
100,0,44,S,21,30,150,213,237,25,133,full_trace_mean_square,0.41193665959907216
100,0,44,K,21,30,150,213,237,25,133,full_trace_mean_square,0.5085110323619939
100,0,45,M,21,30,150,213,237,25,156,full_trace_mean_square,0.9276242783871664
100,0,45,P,21,30,150,213,237,25,156,full_trace_mean_square,0.944381039768753
100,0,45,SLTA,21,30,150,213,237,25,156,full_trace_mean_square,0.8386046574103039
100,0,45,Std,21,30,150,213,237,25,156,full_trace_mean_square,0.949566557897759
100,0,45,S,21,30,150,213,237,25,156,full_trace_mean_square,0.3995928010208456
100,0,45,K,21,30,150,213,237,25,156,full_trace_mean_square,0.4712477067807513
100,0,46,M,21,30,150,213,237,25,144,full_trace_mean_square,0.9285521347033973
100,0,46,P,21,30,150,213,237,25,144,full_trace_mean_square,0.9462794599185452
100,0,46,SLTA,21,30,150,213,237,25,144,full_trace_mean_square,0.8336808243331915
100,0,46,Std,21,30,150,213,237,25,144,full_trace_mean_square,0.9482289969794979
100,0,46,S,21,30,150,213,237,25,144,full_trace_mean_square,0.2791136550967524
100,0,46,K,21,30,150,213,237,25,144,full_trace_mean_square,0.3734206000944586
100,0,47,M,21,30,150,213,237,25,150,full_trace_mean_square,0.9341186832185949
100,0,47,P,21,30,150,213,237,25,150,full_trace_mean_square,0.9453564438366431
100,0,47,SLTA,21,30,150,213,237,25,150,full_trace_mean_square,0.8325179367560741
100,0,47,Std,21,30,150,213,237,25,150,full_trace_mean_square,0.950689119568905
100,0,47,S,21,30,150,213,237,25,150,full_trace_mean_square,0.3163382084822541
100,0,47,K,21,30,150,213,237,25,150,full_trace_mean_square,0.4501851516094243
100,0,48,M,21,30,150,213,237,25,152,full_trace_mean_square,0.930207003811898
100,0,48,P,21,30,150,213,237,25,152,full_trace_mean_square,0.9450472517758937
100,0,48,SLTA,21,30,150,213,237,25,152,full_trace_mean_square,0.8340492522764733
100,0,48,Std,21,30,150,213,237,25,152,full_trace_mean_square,0.9502390314409016
100,0,48,S,21,30,150,213,237,25,152,full_trace_mean_square,0.39270371676095794
100,0,48,K,21,30,150,213,237,25,152,full_trace_mean_square,0.48791815759328516
100,0,49,M,21,30,150,213,237,25,155,full_trace_mean_square,0.923874591148028
100,0,49,P,21,30,150,213,237,25,155,full_trace_mean_square,0.9455352129228524
100,0,49,SLTA,21,30,150,213,237,25,155,full_trace_mean_square,0.8043977176977068
100,0,49,Std,21,30,150,213,237,25,155,full_trace_mean_square,0.9461800705486264
100,0,49,S,21,30,150,213,237,25,155,full_trace_mean_square,0.2719459613295698
100,0,49,K,21,30,150,213,237,25,155,full_trace_mean_square,0.32031001223693506
100,0,50,M,21,30,150,213,237,25,176,full_trace_mean_square,0.9208257544274695
100,0,50,P,21,30,150,213,237,25,176,full_trace_mean_square,0.9443602559752363
100,0,50,SLTA,21,30,150,213,237,25,176,full_trace_mean_square,0.8208681000310604
100,0,50,Std,21,30,150,213,237,25,176,full_trace_mean_square,0.9460938290685437
100,0,50,S,21,30,150,213,237,25,176,full_trace_mean_square,0.28625846139895933
100,0,50,K,21,30,150,213,237,25,176,full_trace_mean_square,0.35053903390260915
100,0,51,M,21,30,150,213,237,25,167,full_trace_mean_square,0.9267346819692925
100,0,51,P,21,30,150,213,237,25,167,full_trace_mean_square,0.9450690327146698
100,0,51,SLTA,21,30,150,213,237,25,167,full_trace_mean_square,0.8300834404901015
100,0,51,Std,21,30,150,213,237,25,167,full_trace_mean_square,0.9452044649657257
100,0,51,S,21,30,150,213,237,25,167,full_trace_mean_square,0.2606338690305447
100,0,51,K,21,30,150,213,237,25,167,full_trace_mean_square,0.37587166324593996
100,0,52,M,21,30,150,213,237,25,150,full_trace_mean_square,0.9249009600900336
100,0,52,P,21,30,150,213,237,25,150,full_trace_mean_square,0.9449779850214324
100,0,52,SLTA,21,30,150,213,237,25,150,full_trace_mean_square,0.81356566088928
100,0,52,Std,21,30,150,213,237,25,150,full_trace_mean_square,0.9457562358400615
100,0,52,S,21,30,150,213,237,25,150,full_trace_mean_square,0.3909456059874944
100,0,52,K,21,30,150,213,237,25,150,full_trace_mean_square,0.4130817876238419
100,0,53,M,21,30,150,213,237,25,167,full_trace_mean_square,0.9177990919027518
100,0,53,P,21,30,150,213,237,25,167,full_trace_mean_square,0.9427798660347511
100,0,53,SLTA,21,30,150,213,237,25,167,full_trace_mean_square,0.8315724981212959
100,0,53,Std,21,30,150,213,237,25,167,full_trace_mean_square,0.9413739844594466
100,0,53,S,21,30,150,213,237,25,167,full_trace_mean_square,0.34929317693357737
100,0,53,K,21,30,150,213,237,25,167,full_trace_mean_square,0.3638585974930091
100,0,54,M,21,30,150,213,237,25,168,full_trace_mean_square,0.9161236306157671
100,0,54,P,21,30,150,213,237,25,168,full_trace_mean_square,0.9433667621335222
100,0,54,SLTA,21,30,150,213,237,25,168,full_trace_mean_square,0.8167560383226941
100,0,54,Std,21,30,150,213,237,25,168,full_trace_mean_square,0.9397412795836927
100,0,54,S,21,30,150,213,237,25,168,full_trace_mean_square,0.4464914983198445
100,0,54,K,21,30,150,213,237,25,168,full_trace_mean_square,0.5077380663724542
100,0,55,M,21,30,150,213,237,25,161,full_trace_mean_square,0.9246581438619295
100,0,55,P,21,30,150,213,237,25,161,full_trace_mean_square,0.9443141249676998
100,0,55,SLTA,21,30,150,213,237,25,161,full_trace_mean_square,0.8209124986965501
100,0,55,Std,21,30,150,213,237,25,161,full_trace_mean_square,0.9477654772185053
100,0,55,S,21,30,150,213,237,25,161,full_trace_mean_square,0.4333815050184536
100,0,55,K,21,30,150,213,237,25,161,full_trace_mean_square,0.49348077307455
100,0,56,M,21,30,150,213,237,25,172,full_trace_mean_square,0.9361611648539976
100,0,56,P,21,30,150,213,237,25,172,full_trace_mean_square,0.9461270005294259
100,0,56,SLTA,21,30,150,213,237,25,172,full_trace_mean_square,0.8451127889057044
100,0,56,Std,21,30,150,213,237,25,172,full_trace_mean_square,0.9531110895106696
100,0,56,S,21,30,150,213,237,25,172,full_trace_mean_square,0.3478530648591767
100,0,56,K,21,30,150,213,237,25,172,full_trace_mean_square,0.3914308100980928
100,0,57,M,21,30,150,213,237,25,151,full_trace_mean_square,0.9312224229282063
100,0,57,P,21,30,150,213,237,25,151,full_trace_mean_square,0.9454843555547965
100,0,57,SLTA,21,30,150,213,237,25,151,full_trace_mean_square,0.8349881442224375
100,0,57,Std,21,30,150,213,237,25,151,full_trace_mean_square,0.9498242794874362
100,0,57,S,21,30,150,213,237,25,151,full_trace_mean_square,0.38804878287713945
100,0,57,K,21,30,150,213,237,25,151,full_trace_mean_square,0.34617100998494676
100,0,58,M,21,30,150,213,237,25,151,full_trace_mean_square,0.936600156683483
100,0,58,P,21,30,150,213,237,25,151,full_trace_mean_square,0.9457677068096738
100,0,58,SLTA,21,30,150,213,237,25,151,full_trace_mean_square,0.8417053236953529
100,0,58,Std,21,30,150,213,237,25,151,full_trace_mean_square,0.9545874823225485
100,0,58,S,21,30,150,213,237,25,151,full_trace_mean_square,0.41187401623274095
100,0,58,K,21,30,150,213,237,25,151,full_trace_mean_square,0.39418123212706985
100,0,59,M,21,30,150,213,237,25,147,full_trace_mean_square,0.9300960175955117
100,0,59,P,21,30,150,213,237,25,147,full_trace_mean_square,0.945551348580907
100,0,59,SLTA,21,30,150,213,237,25,147,full_trace_mean_square,0.8107034174325374
100,0,59,Std,21,30,150,213,237,25,147,full_trace_mean_square,0.9494151734168216
100,0,59,S,21,30,150,213,237,25,147,full_trace_mean_square,0.3887646958552376
100,0,59,K,21,30,150,213,237,25,147,full_trace_mean_square,0.3698102100943969
100,0,60,M,21,30,150,213,237,25,138,full_trace_mean_square,0.9291568640515966
100,0,60,P,21,30,150,213,237,25,138,full_trace_mean_square,0.9457302682508704
100,0,60,SLTA,21,30,150,213,237,25,138,full_trace_mean_square,0.8105761261490083
100,0,60,Std,21,30,150,213,237,25,138,full_trace_mean_square,0.9503034924559761
100,0,60,S,21,30,150,213,237,25,138,full_trace_mean_square,0.35987373100857795
100,0,60,K,21,30,150,213,237,25,138,full_trace_mean_square,0.36771834270444076
100,0,61,M,21,30,150,213,237,25,171,full_trace_mean_square,0.9270116047399458
100,0,61,P,21,30,150,213,237,25,171,full_trace_mean_square,0.9444145828899908
100,0,61,SLTA,21,30,150,213,237,25,171,full_trace_mean_square,0.8414065720733992
100,0,61,Std,21,30,150,213,237,25,171,full_trace_mean_square,0.9477357397700177
100,0,61,S,21,30,150,213,237,25,171,full_trace_mean_square,0.38951994386131983
100,0,61,K,21,30,150,213,237,25,171,full_trace_mean_square,0.5439838212554859
100,0,62,M,21,30,150,213,237,25,164,full_trace_mean_square,0.9276185173499117
100,0,62,P,21,30,150,213,237,25,164,full_trace_mean_square,0.9447591970763872
100,0,62,SLTA,21,30,150,213,237,25,164,full_trace_mean_square,0.8243010040595811
100,0,62,Std,21,30,150,213,237,25,164,full_trace_mean_square,0.9497427169077636
100,0,62,S,21,30,150,213,237,25,164,full_trace_mean_square,0.3732459402669999
100,0,62,K,21,30,150,213,237,25,164,full_trace_mean_square,0.3778899588348811
100,0,63,M,21,30,150,213,237,25,160,full_trace_mean_square,0.9328556021824229
100,0,63,P,21,30,150,213,237,25,160,full_trace_mean_square,0.9449432497946525
100,0,63,SLTA,21,30,150,213,237,25,160,full_trace_mean_square,0.8350108335408928
100,0,63,Std,21,30,150,213,237,25,160,full_trace_mean_square,0.9528240948232017
100,0,63,S,21,30,150,213,237,25,160,full_trace_mean_square,0.3874442285823211
100,0,63,K,21,30,150,213,237,25,160,full_trace_mean_square,0.44873643798280005
100,0,64,M,21,30,150,213,237,25,136,full_trace_mean_square,0.9373497896577812
100,0,64,P,21,30,150,213,237,25,136,full_trace_mean_square,0.9456032070757201
100,0,64,SLTA,21,30,150,213,237,25,136,full_trace_mean_square,0.8322559615215939
100,0,64,Std,21,30,150,213,237,25,136,full_trace_mean_square,0.9546038741116672
100,0,64,S,21,30,150,213,237,25,136,full_trace_mean_square,0.3934608848114382
100,0,64,K,21,30,150,213,237,25,136,full_trace_mean_square,0.3676718215580689
100,0,65,M,21,30,150,213,237,25,170,full_trace_mean_square,0.9292578950495397
100,0,65,P,21,30,150,213,237,25,170,full_trace_mean_square,0.9444952224328811
100,0,65,SLTA,21,30,150,213,237,25,170,full_trace_mean_square,0.8295756566606575
100,0,65,Std,21,30,150,213,237,25,170,full_trace_mean_square,0.9511507779824915
100,0,65,S,21,30,150,213,237,25,170,full_trace_mean_square,0.28367155642062986
100,0,65,K,21,30,150,213,237,25,170,full_trace_mean_square,0.36101950889462264
100,0,66,M,21,30,150,213,237,25,153,full_trace_mean_square,0.9370550234887285
100,0,66,P,21,30,150,213,237,25,153,full_trace_mean_square,0.946753612396751
100,0,66,SLTA,21,30,150,213,237,25,153,full_trace_mean_square,0.8371496062500767
100,0,66,Std,21,30,150,213,237,25,153,full_trace_mean_square,0.9526303622169439
100,0,66,S,21,30,150,213,237,25,153,full_trace_mean_square,0.2934525433682943
100,0,66,K,21,30,150,213,237,25,153,full_trace_mean_square,0.40027501552285205
100,0,67,M,21,30,150,213,237,25,160,full_trace_mean_square,0.9319445484280373
100,0,67,P,21,30,150,213,237,25,160,full_trace_mean_square,0.9463384085039127
100,0,67,SLTA,21,30,150,213,237,25,160,full_trace_mean_square,0.8308481409564721
100,0,67,Std,21,30,150,213,237,25,160,full_trace_mean_square,0.9481051988594281
100,0,67,S,21,30,150,213,237,25,160,full_trace_mean_square,0.28967718800847214
100,0,67,K,21,30,150,213,237,25,160,full_trace_mean_square,0.33207974434199766
100,0,68,M,21,30,150,213,237,25,178,full_trace_mean_square,0.9307003898267833
100,0,68,P,21,30,150,213,237,25,178,full_trace_mean_square,0.9434923607901123
100,0,68,SLTA,21,30,150,213,237,25,178,full_trace_mean_square,0.8286645094060189
100,0,68,Std,21,30,150,213,237,25,178,full_trace_mean_square,0.9502284978423768
100,0,68,S,21,30,150,213,237,25,178,full_trace_mean_square,0.5090097572649522
100,0,68,K,21,30,150,213,237,25,178,full_trace_mean_square,0.6301332123691274
100,0,69,M,21,30,150,213,237,25,165,full_trace_mean_square,0.9255422242142851
100,0,69,P,21,30,150,213,237,25,165,full_trace_mean_square,0.9445464701997058
100,0,69,SLTA,21,30,150,213,237,25,165,full_trace_mean_square,0.8089315334636499
100,0,69,Std,21,30,150,213,237,25,165,full_trace_mean_square,0.9458254000882004
100,0,69,S,21,30,150,213,237,25,165,full_trace_mean_square,0.4838868044240403
100,0,69,K,21,30,150,213,237,25,165,full_trace_mean_square,0.42297673910753086
100,0,70,M,21,30,150,213,237,25,174,full_trace_mean_square,0.9234146471292939
100,0,70,P,21,30,150,213,237,25,174,full_trace_mean_square,0.9445009518978871
100,0,70,SLTA,21,30,150,213,237,25,174,full_trace_mean_square,0.8049142708295907
100,0,70,Std,21,30,150,213,237,25,174,full_trace_mean_square,0.9421669921000732
100,0,70,S,21,30,150,213,237,25,174,full_trace_mean_square,0.46426760238173786
100,0,70,K,21,30,150,213,237,25,174,full_trace_mean_square,0.4946880621660318
100,0,71,M,21,30,150,213,237,25,148,full_trace_mean_square,0.9291988249808253
100,0,71,P,21,30,150,213,237,25,148,full_trace_mean_square,0.9450028027682804
100,0,71,SLTA,21,30,150,213,237,25,148,full_trace_mean_square,0.8261357393635663
100,0,71,Std,21,30,150,213,237,25,148,full_trace_mean_square,0.9493459922729685
100,0,71,S,21,30,150,213,237,25,148,full_trace_mean_square,0.3277520860775555
100,0,71,K,21,30,150,213,237,25,148,full_trace_mean_square,0.3882033418040524
100,0,72,M,21,30,150,213,237,25,162,full_trace_mean_square,0.9334243346893264
100,0,72,P,21,30,150,213,237,25,162,full_trace_mean_square,0.9462297961562508
100,0,72,SLTA,21,30,150,213,237,25,162,full_trace_mean_square,0.8199730986892025
100,0,72,Std,21,30,150,213,237,25,162,full_trace_mean_square,0.9507393459749017
100,0,72,S,21,30,150,213,237,25,162,full_trace_mean_square,0.27810407625400746
100,0,72,K,21,30,150,213,237,25,162,full_trace_mean_square,0.3705912190221146
100,0,73,M,21,30,150,213,237,25,163,full_trace_mean_square,0.9377676900854621
100,0,73,P,21,30,150,213,237,25,163,full_trace_mean_square,0.9463681421489
100,0,73,SLTA,21,30,150,213,237,25,163,full_trace_mean_square,0.8170955703791748
100,0,73,Std,21,30,150,213,237,25,163,full_trace_mean_square,0.9512819267285711
100,0,73,S,21,30,150,213,237,25,163,full_trace_mean_square,0.24806496087008081
100,0,73,K,21,30,150,213,237,25,163,full_trace_mean_square,0.3451747449125008
100,0,74,M,21,30,150,213,237,25,144,full_trace_mean_square,0.9256276544826556
100,0,74,P,21,30,150,213,237,25,144,full_trace_mean_square,0.9456782998285911
100,0,74,SLTA,21,30,150,213,237,25,144,full_trace_mean_square,0.8140997024061403
100,0,74,Std,21,30,150,213,237,25,144,full_trace_mean_square,0.9489537355279842
100,0,74,S,21,30,150,213,237,25,144,full_trace_mean_square,0.4530955316728604
100,0,74,K,21,30,150,213,237,25,144,full_trace_mean_square,0.4147728382731854
100,0,75,M,21,30,150,213,237,25,133,full_trace_mean_square,0.930172608274539
100,0,75,P,21,30,150,213,237,25,133,full_trace_mean_square,0.945908912225776
100,0,75,SLTA,21,30,150,213,237,25,133,full_trace_mean_square,0.8201773111414287
100,0,75,Std,21,30,150,213,237,25,133,full_trace_mean_square,0.9513156851652846
100,0,75,S,21,30,150,213,237,25,133,full_trace_mean_square,0.3339693412744821
100,0,75,K,21,30,150,213,237,25,133,full_trace_mean_square,0.4325112252089596
100,0,76,M,21,30,150,213,237,25,170,full_trace_mean_square,0.9338879009103643
100,0,76,P,21,30,150,213,237,25,170,full_trace_mean_square,0.9468963265044636
100,0,76,SLTA,21,30,150,213,237,25,170,full_trace_mean_square,0.8372426395438944
100,0,76,Std,21,30,150,213,237,25,170,full_trace_mean_square,0.9490115333501865
100,0,76,S,21,30,150,213,237,25,170,full_trace_mean_square,0.3540617664292092
100,0,76,K,21,30,150,213,237,25,170,full_trace_mean_square,0.4444729156830274
100,0,77,M,21,30,150,213,237,25,153,full_trace_mean_square,0.9192211484913987
100,0,77,P,21,30,150,213,237,25,153,full_trace_mean_square,0.9446825297745746
100,0,77,SLTA,21,30,150,213,237,25,153,full_trace_mean_square,0.7962967400964109
100,0,77,Std,21,30,150,213,237,25,153,full_trace_mean_square,0.9459819020299463
100,0,77,S,21,30,150,213,237,25,153,full_trace_mean_square,0.3794735519750056
100,0,77,K,21,30,150,213,237,25,153,full_trace_mean_square,0.5196060091046165
100,0,78,M,21,30,150,213,237,25,170,full_trace_mean_square,0.9304620168973924
100,0,78,P,21,30,150,213,237,25,170,full_trace_mean_square,0.9452051432267496
100,0,78,SLTA,21,30,150,213,237,25,170,full_trace_mean_square,0.8442793389509743
100,0,78,Std,21,30,150,213,237,25,170,full_trace_mean_square,0.9500467006941601
100,0,78,S,21,30,150,213,237,25,170,full_trace_mean_square,0.41569093879035696
100,0,78,K,21,30,150,213,237,25,170,full_trace_mean_square,0.5152344342809642
100,0,79,M,21,30,150,213,237,25,168,full_trace_mean_square,0.9354578775495118
100,0,79,P,21,30,150,213,237,25,168,full_trace_mean_square,0.9469258600385329
100,0,79,SLTA,21,30,150,213,237,25,168,full_trace_mean_square,0.8202981167796092
100,0,79,Std,21,30,150,213,237,25,168,full_trace_mean_square,0.9499983302092143
100,0,79,S,21,30,150,213,237,25,168,full_trace_mean_square,0.3414020148578441
100,0,79,K,21,30,150,213,237,25,168,full_trace_mean_square,0.3831124153127711
100,0,80,M,21,30,150,213,237,25,142,full_trace_mean_square,0.9287015476545059
100,0,80,P,21,30,150,213,237,25,142,full_trace_mean_square,0.9458960298782925
100,0,80,SLTA,21,30,150,213,237,25,142,full_trace_mean_square,0.8036952278891828
100,0,80,Std,21,30,150,213,237,25,142,full_trace_mean_square,0.9470844807819268
100,0,80,S,21,30,150,213,237,25,142,full_trace_mean_square,0.33907387152690904
100,0,80,K,21,30,150,213,237,25,142,full_trace_mean_square,0.46563713520352995
100,0,81,M,21,30,150,213,237,25,137,full_trace_mean_square,0.9370221228436794
100,0,81,P,21,30,150,213,237,25,137,full_trace_mean_square,0.9459662685959476
100,0,81,SLTA,21,30,150,213,237,25,137,full_trace_mean_square,0.8444770968343113
100,0,81,Std,21,30,150,213,237,25,137,full_trace_mean_square,0.9529477267628274
100,0,81,S,21,30,150,213,237,25,137,full_trace_mean_square,0.30744256125424724
100,0,81,K,21,30,150,213,237,25,137,full_trace_mean_square,0.48907916674270807
100,0,82,M,21,30,150,213,237,25,152,full_trace_mean_square,0.936908845236712
100,0,82,P,21,30,150,213,237,25,152,full_trace_mean_square,0.9459347910017943
100,0,82,SLTA,21,30,150,213,237,25,152,full_trace_mean_square,0.8331496032529822
100,0,82,Std,21,30,150,213,237,25,152,full_trace_mean_square,0.9528346213047216
100,0,82,S,21,30,150,213,237,25,152,full_trace_mean_square,0.3303315024545585
100,0,82,K,21,30,150,213,237,25,152,full_trace_mean_square,0.4759748799562231
100,0,83,M,21,30,150,213,237,25,169,full_trace_mean_square,0.940045322256879
100,0,83,P,21,30,150,213,237,25,169,full_trace_mean_square,0.945265478093047
100,0,83,SLTA,21,30,150,213,237,25,169,full_trace_mean_square,0.8392834762879983
100,0,83,Std,21,30,150,213,237,25,169,full_trace_mean_square,0.9546573081109228
100,0,83,S,21,30,150,213,237,25,169,full_trace_mean_square,0.3796501913719204
100,0,83,K,21,30,150,213,237,25,169,full_trace_mean_square,0.4877848755963821
100,0,84,M,21,30,150,213,237,25,188,full_trace_mean_square,0.9304371231663751
100,0,84,P,21,30,150,213,237,25,188,full_trace_mean_square,0.9451824261322036
100,0,84,SLTA,21,30,150,213,237,25,188,full_trace_mean_square,0.8218650840013549
100,0,84,Std,21,30,150,213,237,25,188,full_trace_mean_square,0.9498722504052786
100,0,84,S,21,30,150,213,237,25,188,full_trace_mean_square,0.3355590810498381
100,0,84,K,21,30,150,213,237,25,188,full_trace_mean_square,0.3530901085625112
100,0,85,M,21,30,150,213,237,25,172,full_trace_mean_square,0.9346477232258007
100,0,85,P,21,30,150,213,237,25,172,full_trace_mean_square,0.9445683614323448
100,0,85,SLTA,21,30,150,213,237,25,172,full_trace_mean_square,0.8327461533344696
100,0,85,Std,21,30,150,213,237,25,172,full_trace_mean_square,0.9515002664338054
100,0,85,S,21,30,150,213,237,25,172,full_trace_mean_square,0.30531891991594784
100,0,85,K,21,30,150,213,237,25,172,full_trace_mean_square,0.4187770507746248
100,0,86,M,21,30,150,213,237,25,160,full_trace_mean_square,0.9312926801342818
100,0,86,P,21,30,150,213,237,25,160,full_trace_mean_square,0.9441261023066063
100,0,86,SLTA,21,30,150,213,237,25,160,full_trace_mean_square,0.8215719247048829
100,0,86,Std,21,30,150,213,237,25,160,full_trace_mean_square,0.9506286082503759
100,0,86,S,21,30,150,213,237,25,160,full_trace_mean_square,0.3653035719627178
100,0,86,K,21,30,150,213,237,25,160,full_trace_mean_square,0.425764314119639
100,0,87,M,21,30,150,213,237,25,172,full_trace_mean_square,0.9239722066443452
100,0,87,P,21,30,150,213,237,25,172,full_trace_mean_square,0.9468885985782503
100,0,87,SLTA,21,30,150,213,237,25,172,full_trace_mean_square,0.7975947379952736
100,0,87,Std,21,30,150,213,237,25,172,full_trace_mean_square,0.94558985182423
100,0,87,S,21,30,150,213,237,25,172,full_trace_mean_square,0.21735719670007173
100,0,87,K,21,30,150,213,237,25,172,full_trace_mean_square,0.23773101617925022
100,0,88,M,21,30,150,213,237,25,175,full_trace_mean_square,0.9337418011691625
100,0,88,P,21,30,150,213,237,25,175,full_trace_mean_square,0.9444278773704186
100,0,88,SLTA,21,30,150,213,237,25,175,full_trace_mean_square,0.8310861616283518
100,0,88,Std,21,30,150,213,237,25,175,full_trace_mean_square,0.9534357982023799
100,0,88,S,21,30,150,213,237,25,175,full_trace_mean_square,0.46353830226132403
100,0,88,K,21,30,150,213,237,25,175,full_trace_mean_square,0.4870757695546814
100,0,89,M,21,30,150,213,237,25,139,full_trace_mean_square,0.9270151215820462
100,0,89,P,21,30,150,213,237,25,139,full_trace_mean_square,0.9440414461810251
100,0,89,SLTA,21,30,150,213,237,25,139,full_trace_mean_square,0.8165126420030061
100,0,89,Std,21,30,150,213,237,25,139,full_trace_mean_square,0.9471885137469522
100,0,89,S,21,30,150,213,237,25,139,full_trace_mean_square,0.3608506691908826
100,0,89,K,21,30,150,213,237,25,139,full_trace_mean_square,0.44801228266177817
100,0,90,M,21,30,150,213,237,25,161,full_trace_mean_square,0.9218823974873178
100,0,90,P,21,30,150,213,237,25,161,full_trace_mean_square,0.9459861201934856
100,0,90,SLTA,21,30,150,213,237,25,161,full_trace_mean_square,0.8357858096811938
100,0,90,Std,21,30,150,213,237,25,161,full_trace_mean_square,0.9433033686453527
100,0,90,S,21,30,150,213,237,25,161,full_trace_mean_square,0.2880390129152866
100,0,90,K,21,30,150,213,237,25,161,full_trace_mean_square,0.3019026821280453
100,0,91,M,21,30,150,213,237,25,149,full_trace_mean_square,0.931884008536695
100,0,91,P,21,30,150,213,237,25,149,full_trace_mean_square,0.9461713130678915
100,0,91,SLTA,21,30,150,213,237,25,149,full_trace_mean_square,0.8132473469215569
100,0,91,Std,21,30,150,213,237,25,149,full_trace_mean_square,0.9504007822532996
100,0,91,S,21,30,150,213,237,25,149,full_trace_mean_square,0.3560762906645395
100,0,91,K,21,30,150,213,237,25,149,full_trace_mean_square,0.34168332963440323
100,0,92,M,21,30,150,213,237,25,135,full_trace_mean_square,0.9418693928094192
100,0,92,P,21,30,150,213,237,25,135,full_trace_mean_square,0.9465871948259784
100,0,92,SLTA,21,30,150,213,237,25,135,full_trace_mean_square,0.8302182474694259
100,0,92,Std,21,30,150,213,237,25,135,full_trace_mean_square,0.956407835832484
100,0,92,S,21,30,150,213,237,25,135,full_trace_mean_square,0.38087417143220176
100,0,92,K,21,30,150,213,237,25,135,full_trace_mean_square,0.40896373486009624
100,0,93,M,21,30,150,213,237,25,180,full_trace_mean_square,0.9344501457779726
100,0,93,P,21,30,150,213,237,25,180,full_trace_mean_square,0.9457186789803892
100,0,93,SLTA,21,30,150,213,237,25,180,full_trace_mean_square,0.8372718771148028
100,0,93,Std,21,30,150,213,237,25,180,full_trace_mean_square,0.9508738572501715
100,0,93,S,21,30,150,213,237,25,180,full_trace_mean_square,0.345146751474267
100,0,93,K,21,30,150,213,237,25,180,full_trace_mean_square,0.42310706880973903
100,0,94,M,21,30,150,213,237,25,150,full_trace_mean_square,0.9314126445411436
100,0,94,P,21,30,150,213,237,25,150,full_trace_mean_square,0.9458704021870932
100,0,94,SLTA,21,30,150,213,237,25,150,full_trace_mean_square,0.8312735807837935
100,0,94,Std,21,30,150,213,237,25,150,full_trace_mean_square,0.948700318338628
100,0,94,S,21,30,150,213,237,25,150,full_trace_mean_square,0.1940743794329027
100,0,94,K,21,30,150,213,237,25,150,full_trace_mean_square,0.3148366400412089
100,0,95,M,21,30,150,213,237,25,154,full_trace_mean_square,0.9242132903246006
100,0,95,P,21,30,150,213,237,25,154,full_trace_mean_square,0.9444076177945583
100,0,95,SLTA,21,30,150,213,237,25,154,full_trace_mean_square,0.8409604788635064
100,0,95,Std,21,30,150,213,237,25,154,full_trace_mean_square,0.9500770830435304
100,0,95,S,21,30,150,213,237,25,154,full_trace_mean_square,0.40448733204271037
100,0,95,K,21,30,150,213,237,25,154,full_trace_mean_square,0.3901742701655226
100,0,96,M,21,30,150,213,237,25,142,full_trace_mean_square,0.9286867135540716
100,0,96,P,21,30,150,213,237,25,142,full_trace_mean_square,0.9453030029661781
100,0,96,SLTA,21,30,150,213,237,25,142,full_trace_mean_square,0.8218171262320668
100,0,96,Std,21,30,150,213,237,25,142,full_trace_mean_square,0.9456959536147375
100,0,96,S,21,30,150,213,237,25,142,full_trace_mean_square,0.383204103792714
100,0,96,K,21,30,150,213,237,25,142,full_trace_mean_square,0.405333467075605
100,0,97,M,21,30,150,213,237,25,138,full_trace_mean_square,0.9341182206624219
100,0,97,P,21,30,150,213,237,25,138,full_trace_mean_square,0.9454640553178801
100,0,97,SLTA,21,30,150,213,237,25,138,full_trace_mean_square,0.8395242019065974
100,0,97,Std,21,30,150,213,237,25,138,full_trace_mean_square,0.9512675671265185
100,0,97,S,21,30,150,213,237,25,138,full_trace_mean_square,0.39996526092814955
100,0,97,K,21,30,150,213,237,25,138,full_trace_mean_square,0.39607656978988154
100,0,98,M,21,30,150,213,237,25,168,full_trace_mean_square,0.9346913686376683
100,0,98,P,21,30,150,213,237,25,168,full_trace_mean_square,0.9466595776669257
100,0,98,SLTA,21,30,150,213,237,25,168,full_trace_mean_square,0.8496575714925257
100,0,98,Std,21,30,150,213,237,25,168,full_trace_mean_square,0.9515494362464115
100,0,98,S,21,30,150,213,237,25,168,full_trace_mean_square,0.33989295722453505
100,0,98,K,21,30,150,213,237,25,168,full_trace_mean_square,0.4302072908570538
100,0,99,M,21,30,150,213,237,25,137,full_trace_mean_square,0.9187935924357303
100,0,99,P,21,30,150,213,237,25,137,full_trace_mean_square,0.9432645419554471
100,0,99,SLTA,21,30,150,213,237,25,137,full_trace_mean_square,0.8234863551805558
100,0,99,Std,21,30,150,213,237,25,137,full_trace_mean_square,0.9426973511600631
100,0,99,S,21,30,150,213,237,25,137,full_trace_mean_square,0.440549398414065
100,0,99,K,21,30,150,213,237,25,137,full_trace_mean_square,0.46443563379870795
100,0,100,M,21,30,150,213,237,25,170,full_trace_mean_square,0.9287956831196489
100,0,100,P,21,30,150,213,237,25,170,full_trace_mean_square,0.945249919636844
100,0,100,SLTA,21,30,150,213,237,25,170,full_trace_mean_square,0.8213309698745981
100,0,100,Std,21,30,150,213,237,25,170,full_trace_mean_square,0.9500777495617858
100,0,100,S,21,30,150,213,237,25,170,full_trace_mean_square,0.26529552421533154
100,0,100,K,21,30,150,213,237,25,170,full_trace_mean_square,0.35940964039176676
100,0,101,M,21,30,150,213,237,25,162,full_trace_mean_square,0.936961277404927
100,0,101,P,21,30,150,213,237,25,162,full_trace_mean_square,0.9462127912125257
100,0,101,SLTA,21,30,150,213,237,25,162,full_trace_mean_square,0.8135724047000867
100,0,101,Std,21,30,150,213,237,25,162,full_trace_mean_square,0.9511572188992056
100,0,101,S,21,30,150,213,237,25,162,full_trace_mean_square,0.3268013951531647
100,0,101,K,21,30,150,213,237,25,162,full_trace_mean_square,0.44993453541604933
100,0,102,M,21,30,150,213,237,25,152,full_trace_mean_square,0.9346531384377953
100,0,102,P,21,30,150,213,237,25,152,full_trace_mean_square,0.9449646404279943
100,0,102,SLTA,21,30,150,213,237,25,152,full_trace_mean_square,0.8324348075600855
100,0,102,Std,21,30,150,213,237,25,152,full_trace_mean_square,0.953798395587115
100,0,102,S,21,30,150,213,237,25,152,full_trace_mean_square,0.46318534907664394
100,0,102,K,21,30,150,213,237,25,152,full_trace_mean_square,0.5363971368983906
100,0,103,M,21,30,150,213,237,25,174,full_trace_mean_square,0.9182805517418899
100,0,103,P,21,30,150,213,237,25,174,full_trace_mean_square,0.9414195653214322
100,0,103,SLTA,21,30,150,213,237,25,174,full_trace_mean_square,0.8279672303745248
100,0,103,Std,21,30,150,213,237,25,174,full_trace_mean_square,0.9431873873406694
100,0,103,S,21,30,150,213,237,25,174,full_trace_mean_square,0.49450022502005225
100,0,103,K,21,30,150,213,237,25,174,full_trace_mean_square,0.5383784805469305
100,0,104,M,21,30,150,213,237,25,155,full_trace_mean_square,0.923437588304108
100,0,104,P,21,30,150,213,237,25,155,full_trace_mean_square,0.9449223702105316
100,0,104,SLTA,21,30,150,213,237,25,155,full_trace_mean_square,0.8270500554901223
100,0,104,Std,21,30,150,213,237,25,155,full_trace_mean_square,0.9464873097705416
100,0,104,S,21,30,150,213,237,25,155,full_trace_mean_square,0.3858220531727677
100,0,104,K,21,30,150,213,237,25,155,full_trace_mean_square,0.42641161554446244
100,0,105,M,21,30,150,213,237,25,162,full_trace_mean_square,0.93979535263786
100,0,105,P,21,30,150,213,237,25,162,full_trace_mean_square,0.946133069959529
100,0,105,SLTA,21,30,150,213,237,25,162,full_trace_mean_square,0.8343190115397227
100,0,105,Std,21,30,150,213,237,25,162,full_trace_mean_square,0.9531406967045303
100,0,105,S,21,30,150,213,237,25,162,full_trace_mean_square,0.32842471362335823
100,0,105,K,21,30,150,213,237,25,162,full_trace_mean_square,0.4140913557948974
100,0,106,M,21,30,150,213,237,25,149,full_trace_mean_square,0.9326614436857814
100,0,106,P,21,30,150,213,237,25,149,full_trace_mean_square,0.9453954371878289
100,0,106,SLTA,21,30,150,213,237,25,149,full_trace_mean_square,0.8335386854324194
100,0,106,Std,21,30,150,213,237,25,149,full_trace_mean_square,0.9473978826194064
100,0,106,S,21,30,150,213,237,25,149,full_trace_mean_square,0.43380041437495864
100,0,106,K,21,30,150,213,237,25,149,full_trace_mean_square,0.5556731729445864
100,0,107,M,21,30,150,213,237,25,157,full_trace_mean_square,0.9268463043959879
100,0,107,P,21,30,150,213,237,25,157,full_trace_mean_square,0.9446990181158998
100,0,107,SLTA,21,30,150,213,237,25,157,full_trace_mean_square,0.8310702978537148
100,0,107,Std,21,30,150,213,237,25,157,full_trace_mean_square,0.9492096754469848
100,0,107,S,21,30,150,213,237,25,157,full_trace_mean_square,0.27606298382727207
100,0,107,K,21,30,150,213,237,25,157,full_trace_mean_square,0.3782456900131697
100,0,108,M,21,30,150,213,237,25,148,full_trace_mean_square,0.9278116702214891
100,0,108,P,21,30,150,213,237,25,148,full_trace_mean_square,0.9450621227930361
100,0,108,SLTA,21,30,150,213,237,25,148,full_trace_mean_square,0.8385907285717752
100,0,108,Std,21,30,150,213,237,25,148,full_trace_mean_square,0.9492168714054773
100,0,108,S,21,30,150,213,237,25,148,full_trace_mean_square,0.35838968307584573
100,0,108,K,21,30,150,213,237,25,148,full_trace_mean_square,0.3692607808471581
100,0,109,M,21,30,150,213,237,25,168,full_trace_mean_square,0.9296660150977722
100,0,109,P,21,30,150,213,237,25,168,full_trace_mean_square,0.9455142030955859
100,0,109,SLTA,21,30,150,213,237,25,168,full_trace_mean_square,0.8257453293613272
100,0,109,Std,21,30,150,213,237,25,168,full_trace_mean_square,0.9498491198033908
100,0,109,S,21,30,150,213,237,25,168,full_trace_mean_square,0.36828300458249996
100,0,109,K,21,30,150,213,237,25,168,full_trace_mean_square,0.3655127732103824
100,0,110,M,21,30,150,213,237,25,152,full_trace_mean_square,0.935818902221526
100,0,110,P,21,30,150,213,237,25,152,full_trace_mean_square,0.9454340687150546
100,0,110,SLTA,21,30,150,213,237,25,152,full_trace_mean_square,0.8305467146558001
100,0,110,Std,21,30,150,213,237,25,152,full_trace_mean_square,0.9531021670462723
100,0,110,S,21,30,150,213,237,25,152,full_trace_mean_square,0.39810327972487175
100,0,110,K,21,30,150,213,237,25,152,full_trace_mean_square,0.4508941830999832
100,0,111,M,21,30,150,213,237,25,122,full_trace_mean_square,0.9268350013359695
100,0,111,P,21,30,150,213,237,25,122,full_trace_mean_square,0.9466235669977561
100,0,111,SLTA,21,30,150,213,237,25,122,full_trace_mean_square,0.8317305872606439
100,0,111,Std,21,30,150,213,237,25,122,full_trace_mean_square,0.9454024953841638
100,0,111,S,21,30,150,213,237,25,122,full_trace_mean_square,0.23550218659945502
100,0,111,K,21,30,150,213,237,25,122,full_trace_mean_square,0.3084390527670021
100,0,112,M,21,30,150,213,237,25,153,full_trace_mean_square,0.9274088770438781
100,0,112,P,21,30,150,213,237,25,153,full_trace_mean_square,0.9448509573799077
100,0,112,SLTA,21,30,150,213,237,25,153,full_trace_mean_square,0.8169348868709841
100,0,112,Std,21,30,150,213,237,25,153,full_trace_mean_square,0.947759666936998
100,0,112,S,21,30,150,213,237,25,153,full_trace_mean_square,0.3660234123035945
100,0,112,K,21,30,150,213,237,25,153,full_trace_mean_square,0.4811101824053581
100,0,113,M,21,30,150,213,237,25,166,full_trace_mean_square,0.9309394491713097
100,0,113,P,21,30,150,213,237,25,166,full_trace_mean_square,0.9462871051289906
100,0,113,SLTA,21,30,150,213,237,25,166,full_trace_mean_square,0.8189503634002916
100,0,113,Std,21,30,150,213,237,25,166,full_trace_mean_square,0.9514781105624119
100,0,113,S,21,30,150,213,237,25,166,full_trace_mean_square,0.29198603199290807
100,0,113,K,21,30,150,213,237,25,166,full_trace_mean_square,0.29204502185672
100,0,114,M,21,30,150,213,237,25,166,full_trace_mean_square,0.9318219314428688
100,0,114,P,21,30,150,213,237,25,166,full_trace_mean_square,0.9450795907106426
100,0,114,SLTA,21,30,150,213,237,25,166,full_trace_mean_square,0.8087340516797329
100,0,114,Std,21,30,150,213,237,25,166,full_trace_mean_square,0.9513083019968712
100,0,114,S,21,30,150,213,237,25,166,full_trace_mean_square,0.5096654562786718
100,0,114,K,21,30,150,213,237,25,166,full_trace_mean_square,0.5559964315768414
100,0,115,M,21,30,150,213,237,25,155,full_trace_mean_square,0.9214899604737492
100,0,115,P,21,30,150,213,237,25,155,full_trace_mean_square,0.9455218540134398
100,0,115,SLTA,21,30,150,213,237,25,155,full_trace_mean_square,0.80055318949297
100,0,115,Std,21,30,150,213,237,25,155,full_trace_mean_square,0.9443458436114236
100,0,115,S,21,30,150,213,237,25,155,full_trace_mean_square,0.295840767886787
100,0,115,K,21,30,150,213,237,25,155,full_trace_mean_square,0.3578241824519311
100,0,116,M,21,30,150,213,237,25,153,full_trace_mean_square,0.9343728118500405
100,0,116,P,21,30,150,213,237,25,153,full_trace_mean_square,0.9454213343618619
100,0,116,SLTA,21,30,150,213,237,25,153,full_trace_mean_square,0.8473019323057588
100,0,116,Std,21,30,150,213,237,25,153,full_trace_mean_square,0.952594249933707
100,0,116,S,21,30,150,213,237,25,153,full_trace_mean_square,0.3733241580813199
100,0,116,K,21,30,150,213,237,25,153,full_trace_mean_square,0.384584578416107
100,0,117,M,21,30,150,213,237,25,163,full_trace_mean_square,0.9340084467482674
100,0,117,P,21,30,150,213,237,25,163,full_trace_mean_square,0.9442102521023734
100,0,117,SLTA,21,30,150,213,237,25,163,full_trace_mean_square,0.8392202163641931
100,0,117,Std,21,30,150,213,237,25,163,full_trace_mean_square,0.9542176727273942
100,0,117,S,21,30,150,213,237,25,163,full_trace_mean_square,0.548939863432519
100,0,117,K,21,30,150,213,237,25,163,full_trace_mean_square,0.480545471507161
100,0,118,M,21,30,150,213,237,25,146,full_trace_mean_square,0.938507414891983
100,0,118,P,21,30,150,213,237,25,146,full_trace_mean_square,0.9467282290920855
100,0,118,SLTA,21,30,150,213,237,25,146,full_trace_mean_square,0.8394020284720373
100,0,118,Std,21,30,150,213,237,25,146,full_trace_mean_square,0.9530543985165116
100,0,118,S,21,30,150,213,237,25,146,full_trace_mean_square,0.26673409741498155
100,0,118,K,21,30,150,213,237,25,146,full_trace_mean_square,0.39264364576925803
100,0,119,M,21,30,150,213,237,25,153,full_trace_mean_square,0.9401129458152068
100,0,119,P,21,30,150,213,237,25,153,full_trace_mean_square,0.9465687533445782
100,0,119,SLTA,21,30,150,213,237,25,153,full_trace_mean_square,0.8480592332507814
100,0,119,Std,21,30,150,213,237,25,153,full_trace_mean_square,0.9535250664513966
100,0,119,S,21,30,150,213,237,25,153,full_trace_mean_square,0.31840785918117215
100,0,119,K,21,30,150,213,237,25,153,full_trace_mean_square,0.3150777980992275
100,0,120,M,21,30,150,213,237,25,152,full_trace_mean_square,0.9329092636618862
100,0,120,P,21,30,150,213,237,25,152,full_trace_mean_square,0.9456775344252173
100,0,120,SLTA,21,30,150,213,237,25,152,full_trace_mean_square,0.823304519398146
100,0,120,Std,21,30,150,213,237,25,152,full_trace_mean_square,0.9514706148462431
100,0,120,S,21,30,150,213,237,25,152,full_trace_mean_square,0.3401681958031451
100,0,120,K,21,30,150,213,237,25,152,full_trace_mean_square,0.4091018799820105
100,0,121,M,21,30,150,213,237,25,163,full_trace_mean_square,0.9248761414751724
100,0,121,P,21,30,150,213,237,25,163,full_trace_mean_square,0.9434942317130501
100,0,121,SLTA,21,30,150,213,237,25,163,full_trace_mean_square,0.8285479458449084
100,0,121,Std,21,30,150,213,237,25,163,full_trace_mean_square,0.945680360868287
100,0,121,S,21,30,150,213,237,25,163,full_trace_mean_square,0.32167379920167627
100,0,121,K,21,30,150,213,237,25,163,full_trace_mean_square,0.35427527859699504
100,0,122,M,21,30,150,213,237,25,135,full_trace_mean_square,0.9307007293423691
100,0,122,P,21,30,150,213,237,25,135,full_trace_mean_square,0.9444303023118978
100,0,122,SLTA,21,30,150,213,237,25,135,full_trace_mean_square,0.8278617290401148
100,0,122,Std,21,30,150,213,237,25,135,full_trace_mean_square,0.9485828799539804
100,0,122,S,21,30,150,213,237,25,135,full_trace_mean_square,0.39849543046491886
100,0,122,K,21,30,150,213,237,25,135,full_trace_mean_square,0.478854638392762
100,0,123,M,21,30,150,213,237,25,174,full_trace_mean_square,0.925838754269685
100,0,123,P,21,30,150,213,237,25,174,full_trace_mean_square,0.9427374799434092
100,0,123,SLTA,21,30,150,213,237,25,174,full_trace_mean_square,0.8271229483239915
100,0,123,Std,21,30,150,213,237,25,174,full_trace_mean_square,0.950317447298563
100,0,123,S,21,30,150,213,237,25,174,full_trace_mean_square,0.39138405355759853
100,0,123,K,21,30,150,213,237,25,174,full_trace_mean_square,0.5033612824430133
100,0,124,M,21,30,150,213,237,25,160,full_trace_mean_square,0.9330741542278099
100,0,124,P,21,30,150,213,237,25,160,full_trace_mean_square,0.9451601061198067
100,0,124,SLTA,21,30,150,213,237,25,160,full_trace_mean_square,0.8263650176653583
100,0,124,Std,21,30,150,213,237,25,160,full_trace_mean_square,0.9529127024508457
100,0,124,S,21,30,150,213,237,25,160,full_trace_mean_square,0.3446174973070749
100,0,124,K,21,30,150,213,237,25,160,full_trace_mean_square,0.40737254843459864
100,0,125,M,21,30,150,213,237,25,163,full_trace_mean_square,0.9325384385020564
100,0,125,P,21,30,150,213,237,25,163,full_trace_mean_square,0.9440378955403855
100,0,125,SLTA,21,30,150,213,237,25,163,full_trace_mean_square,0.8225052705859536
100,0,125,Std,21,30,150,213,237,25,163,full_trace_mean_square,0.9509501822039682
100,0,125,S,21,30,150,213,237,25,163,full_trace_mean_square,0.4030333807339316
100,0,125,K,21,30,150,213,237,25,163,full_trace_mean_square,0.5858483092253172
100,0,126,M,21,30,150,213,237,25,148,full_trace_mean_square,0.9228959711696012
100,0,126,P,21,30,150,213,237,25,148,full_trace_mean_square,0.9458669639149234
100,0,126,SLTA,21,30,150,213,237,25,148,full_trace_mean_square,0.8319325956066282
100,0,126,Std,21,30,150,213,237,25,148,full_trace_mean_square,0.9443206596424214
100,0,126,S,21,30,150,213,237,25,148,full_trace_mean_square,0.2911466152840602
100,0,126,K,21,30,150,213,237,25,148,full_trace_mean_square,0.36156569566877217
100,0,127,M,21,30,150,213,237,25,149,full_trace_mean_square,0.9361859156784657
100,0,127,P,21,30,150,213,237,25,149,full_trace_mean_square,0.9452880511571019
100,0,127,SLTA,21,30,150,213,237,25,149,full_trace_mean_square,0.8336914495519888
100,0,127,Std,21,30,150,213,237,25,149,full_trace_mean_square,0.9528541013834585
100,0,127,S,21,30,150,213,237,25,149,full_trace_mean_square,0.462944371481962
100,0,127,K,21,30,150,213,237,25,149,full_trace_mean_square,0.44125722174773724
100,0,128,M,21,30,150,213,237,25,151,full_trace_mean_square,0.9346408477668547
100,0,128,P,21,30,150,213,237,25,151,full_trace_mean_square,0.9455613484027732
100,0,128,SLTA,21,30,150,213,237,25,151,full_trace_mean_square,0.8025067503296561
100,0,128,Std,21,30,150,213,237,25,151,full_trace_mean_square,0.9461406929668985
100,0,128,S,21,30,150,213,237,25,151,full_trace_mean_square,0.2935494563675177
100,0,128,K,21,30,150,213,237,25,151,full_trace_mean_square,0.22844552549863337
100,0,129,M,21,30,150,213,237,25,145,full_trace_mean_square,0.9290660633475883
100,0,129,P,21,30,150,213,237,25,145,full_trace_mean_square,0.9450045637257674
100,0,129,SLTA,21,30,150,213,237,25,145,full_trace_mean_square,0.8266784595435053
100,0,129,Std,21,30,150,213,237,25,145,full_trace_mean_square,0.9496755590630542
100,0,129,S,21,30,150,213,237,25,145,full_trace_mean_square,0.26788693912606076
100,0,129,K,21,30,150,213,237,25,145,full_trace_mean_square,0.35339004957623343
100,0,130,M,21,30,150,213,237,25,151,full_trace_mean_square,0.9270353856771626
100,0,130,P,21,30,150,213,237,25,151,full_trace_mean_square,0.9459153277569803
100,0,130,SLTA,21,30,150,213,237,25,151,full_trace_mean_square,0.8153349973596452
100,0,130,Std,21,30,150,213,237,25,151,full_trace_mean_square,0.946230020268149
100,0,130,S,21,30,150,213,237,25,151,full_trace_mean_square,0.3496185866279284
100,0,130,K,21,30,150,213,237,25,151,full_trace_mean_square,0.42775906214607373
100,0,131,M,21,30,150,213,237,25,170,full_trace_mean_square,0.9309828459780759
100,0,131,P,21,30,150,213,237,25,170,full_trace_mean_square,0.9439871161433764
100,0,131,SLTA,21,30,150,213,237,25,170,full_trace_mean_square,0.8393224947186521
100,0,131,Std,21,30,150,213,237,25,170,full_trace_mean_square,0.9517501277387209
100,0,131,S,21,30,150,213,237,25,170,full_trace_mean_square,0.5034373350707836
100,0,131,K,21,30,150,213,237,25,170,full_trace_mean_square,0.5501111686527943
100,0,132,M,21,30,150,213,237,25,135,full_trace_mean_square,0.9203510462380949
100,0,132,P,21,30,150,213,237,25,135,full_trace_mean_square,0.9446752071605373
100,0,132,SLTA,21,30,150,213,237,25,135,full_trace_mean_square,0.8085375869348557
100,0,132,Std,21,30,150,213,237,25,135,full_trace_mean_square,0.9489437888602523
100,0,132,S,21,30,150,213,237,25,135,full_trace_mean_square,0.31125255339812485
100,0,132,K,21,30,150,213,237,25,135,full_trace_mean_square,0.4161421764216382
100,0,133,M,21,30,150,213,237,25,165,full_trace_mean_square,0.9282435843749085
100,0,133,P,21,30,150,213,237,25,165,full_trace_mean_square,0.9441018958460213
100,0,133,SLTA,21,30,150,213,237,25,165,full_trace_mean_square,0.83041749776959
100,0,133,Std,21,30,150,213,237,25,165,full_trace_mean_square,0.9507049657854791
100,0,133,S,21,30,150,213,237,25,165,full_trace_mean_square,0.39837692865340135
100,0,133,K,21,30,150,213,237,25,165,full_trace_mean_square,0.45596831358878176
100,0,134,M,21,30,150,213,237,25,159,full_trace_mean_square,0.9346191889400733
100,0,134,P,21,30,150,213,237,25,159,full_trace_mean_square,0.9456224849934597
100,0,134,SLTA,21,30,150,213,237,25,159,full_trace_mean_square,0.821071443664872
100,0,134,Std,21,30,150,213,237,25,159,full_trace_mean_square,0.9515253552843007
100,0,134,S,21,30,150,213,237,25,159,full_trace_mean_square,0.3704586764840776
100,0,134,K,21,30,150,213,237,25,159,full_trace_mean_square,0.42645328316241377
100,0,135,M,21,30,150,213,237,25,160,full_trace_mean_square,0.9410035924124348
100,0,135,P,21,30,150,213,237,25,160,full_trace_mean_square,0.9452843544826528
100,0,135,SLTA,21,30,150,213,237,25,160,full_trace_mean_square,0.8453772941991455
100,0,135,Std,21,30,150,213,237,25,160,full_trace_mean_square,0.9549263346994424
100,0,135,S,21,30,150,213,237,25,160,full_trace_mean_square,0.48962312361392585
100,0,135,K,21,30,150,213,237,25,160,full_trace_mean_square,0.5230461899583301
100,0,136,M,21,30,150,213,237,25,159,full_trace_mean_square,0.9312708838034517
100,0,136,P,21,30,150,213,237,25,159,full_trace_mean_square,0.9453959978051352
100,0,136,SLTA,21,30,150,213,237,25,159,full_trace_mean_square,0.8083016993820453
100,0,136,Std,21,30,150,213,237,25,159,full_trace_mean_square,0.9484961036867376
100,0,136,S,21,30,150,213,237,25,159,full_trace_mean_square,0.5382188234171084
100,0,136,K,21,30,150,213,237,25,159,full_trace_mean_square,0.5817839196156588
100,0,137,M,21,30,150,213,237,25,166,full_trace_mean_square,0.9372663586252808
100,0,137,P,21,30,150,213,237,25,166,full_trace_mean_square,0.9457778993548002
100,0,137,SLTA,21,30,150,213,237,25,166,full_trace_mean_square,0.8107574557495189
100,0,137,Std,21,30,150,213,237,25,166,full_trace_mean_square,0.9484876186957718
100,0,137,S,21,30,150,213,237,25,166,full_trace_mean_square,0.4330181639833188
100,0,137,K,21,30,150,213,237,25,166,full_trace_mean_square,0.541883699235387
100,0,138,M,21,30,150,213,237,25,145,full_trace_mean_square,0.9314989563374585
100,0,138,P,21,30,150,213,237,25,145,full_trace_mean_square,0.945469104580023
100,0,138,SLTA,21,30,150,213,237,25,145,full_trace_mean_square,0.827457819300922
100,0,138,Std,21,30,150,213,237,25,145,full_trace_mean_square,0.9502306230951869
100,0,138,S,21,30,150,213,237,25,145,full_trace_mean_square,0.3100832350523594
100,0,138,K,21,30,150,213,237,25,145,full_trace_mean_square,0.4625671913439516
100,0,139,M,21,30,150,213,237,25,152,full_trace_mean_square,0.9271312410237348
100,0,139,P,21,30,150,213,237,25,152,full_trace_mean_square,0.9461377321303513
100,0,139,SLTA,21,30,150,213,237,25,152,full_trace_mean_square,0.8209077483675109
100,0,139,Std,21,30,150,213,237,25,152,full_trace_mean_square,0.9485051356795825
100,0,139,S,21,30,150,213,237,25,152,full_trace_mean_square,0.4327052263142961
100,0,139,K,21,30,150,213,237,25,152,full_trace_mean_square,0.4452616032083749
100,0,140,M,21,30,150,213,237,25,168,full_trace_mean_square,0.9399927052454039
100,0,140,P,21,30,150,213,237,25,168,full_trace_mean_square,0.9457636283999358
100,0,140,SLTA,21,30,150,213,237,25,168,full_trace_mean_square,0.8282745760982447
100,0,140,Std,21,30,150,213,237,25,168,full_trace_mean_square,0.9549793180758204
100,0,140,S,21,30,150,213,237,25,168,full_trace_mean_square,0.41865682077199684
100,0,140,K,21,30,150,213,237,25,168,full_trace_mean_square,0.4310121182759916
100,0,141,M,21,30,150,213,237,25,159,full_trace_mean_square,0.9340116192478592
100,0,141,P,21,30,150,213,237,25,159,full_trace_mean_square,0.9455936180796614
100,0,141,SLTA,21,30,150,213,237,25,159,full_trace_mean_square,0.8228003004860724
100,0,141,Std,21,30,150,213,237,25,159,full_trace_mean_square,0.9511702912738256
100,0,141,S,21,30,150,213,237,25,159,full_trace_mean_square,0.4101769680385924
100,0,141,K,21,30,150,213,237,25,159,full_trace_mean_square,0.5241221760866225
100,0,142,M,21,30,150,213,237,25,157,full_trace_mean_square,0.9287040611351814
100,0,142,P,21,30,150,213,237,25,157,full_trace_mean_square,0.944254248454671
100,0,142,SLTA,21,30,150,213,237,25,157,full_trace_mean_square,0.8126034014006434
100,0,142,Std,21,30,150,213,237,25,157,full_trace_mean_square,0.9489653533070895
100,0,142,S,21,30,150,213,237,25,157,full_trace_mean_square,0.46164046247240503
100,0,142,K,21,30,150,213,237,25,157,full_trace_mean_square,0.5286798955125609
100,0,143,M,21,30,150,213,237,25,152,full_trace_mean_square,0.9225778742692888
100,0,143,P,21,30,150,213,237,25,152,full_trace_mean_square,0.9445022082392699
100,0,143,SLTA,21,30,150,213,237,25,152,full_trace_mean_square,0.7769204199432934
100,0,143,Std,21,30,150,213,237,25,152,full_trace_mean_square,0.9406616408001938
100,0,143,S,21,30,150,213,237,25,152,full_trace_mean_square,0.4509654179657776
100,0,143,K,21,30,150,213,237,25,152,full_trace_mean_square,0.4903160899276754
100,0,144,M,21,30,150,213,237,25,133,full_trace_mean_square,0.9299525549372624
100,0,144,P,21,30,150,213,237,25,133,full_trace_mean_square,0.94636207790303
100,0,144,SLTA,21,30,150,213,237,25,133,full_trace_mean_square,0.8246049686316588
100,0,144,Std,21,30,150,213,237,25,133,full_trace_mean_square,0.951074636304821
100,0,144,S,21,30,150,213,237,25,133,full_trace_mean_square,0.3041466154047956
100,0,144,K,21,30,150,213,237,25,133,full_trace_mean_square,0.365099893156578
100,0,145,M,21,30,150,213,237,25,163,full_trace_mean_square,0.9383935844321243
100,0,145,P,21,30,150,213,237,25,163,full_trace_mean_square,0.9462559169565623
100,0,145,SLTA,21,30,150,213,237,25,163,full_trace_mean_square,0.8399994712526009
100,0,145,Std,21,30,150,213,237,25,163,full_trace_mean_square,0.9531272775011449
100,0,145,S,21,30,150,213,237,25,163,full_trace_mean_square,0.34521883348590005
100,0,145,K,21,30,150,213,237,25,163,full_trace_mean_square,0.43446026457721204
100,0,146,M,21,30,150,213,237,25,156,full_trace_mean_square,0.9372280889522534
100,0,146,P,21,30,150,213,237,25,156,full_trace_mean_square,0.9456611194831436
100,0,146,SLTA,21,30,150,213,237,25,156,full_trace_mean_square,0.832149616088507
100,0,146,Std,21,30,150,213,237,25,156,full_trace_mean_square,0.9520221146592166
100,0,146,S,21,30,150,213,237,25,156,full_trace_mean_square,0.40392948352006225
100,0,146,K,21,30,150,213,237,25,156,full_trace_mean_square,0.507602038976925
100,0,147,M,21,30,150,213,237,25,171,full_trace_mean_square,0.9301865744108828
100,0,147,P,21,30,150,213,237,25,171,full_trace_mean_square,0.9438359361631988
100,0,147,SLTA,21,30,150,213,237,25,171,full_trace_mean_square,0.8382283398005858
100,0,147,Std,21,30,150,213,237,25,171,full_trace_mean_square,0.9499487329492148
100,0,147,S,21,30,150,213,237,25,171,full_trace_mean_square,0.3754583490135705
100,0,147,K,21,30,150,213,237,25,171,full_trace_mean_square,0.45091289022574127
100,0,148,M,21,30,150,213,237,25,162,full_trace_mean_square,0.9344737274356215
100,0,148,P,21,30,150,213,237,25,162,full_trace_mean_square,0.9470120715849067
100,0,148,SLTA,21,30,150,213,237,25,162,full_trace_mean_square,0.8317821060949617
100,0,148,Std,21,30,150,213,237,25,162,full_trace_mean_square,0.9478764285569409
100,0,148,S,21,30,150,213,237,25,162,full_trace_mean_square,0.261357362890348
100,0,148,K,21,30,150,213,237,25,162,full_trace_mean_square,0.3098318142746006
100,0,149,M,21,30,150,213,237,25,144,full_trace_mean_square,0.9337038270160047
100,0,149,P,21,30,150,213,237,25,144,full_trace_mean_square,0.945469499075455
100,0,149,SLTA,21,30,150,213,237,25,144,full_trace_mean_square,0.8130101846315488
100,0,149,Std,21,30,150,213,237,25,144,full_trace_mean_square,0.9458731094617868
100,0,149,S,21,30,150,213,237,25,144,full_trace_mean_square,0.40025409319643784
100,0,149,K,21,30,150,213,237,25,144,full_trace_mean_square,0.43092014469842366
100,0,150,M,21,30,150,213,237,25,168,full_trace_mean_square,0.9326294344291641
100,0,150,P,21,30,150,213,237,25,168,full_trace_mean_square,0.9453907529110854
100,0,150,SLTA,21,30,150,213,237,25,168,full_trace_mean_square,0.8422318567300313
100,0,150,Std,21,30,150,213,237,25,168,full_trace_mean_square,0.9537779871381874
100,0,150,S,21,30,150,213,237,25,168,full_trace_mean_square,0.370800191379997
100,0,150,K,21,30,150,213,237,25,168,full_trace_mean_square,0.3403576620810418
100,0,151,M,21,30,150,213,237,25,175,full_trace_mean_square,0.9306021227485946
100,0,151,P,21,30,150,213,237,25,175,full_trace_mean_square,0.9432966088457545
100,0,151,SLTA,21,30,150,213,237,25,175,full_trace_mean_square,0.834127536848627
100,0,151,Std,21,30,150,213,237,25,175,full_trace_mean_square,0.9492999524252428
100,0,151,S,21,30,150,213,237,25,175,full_trace_mean_square,0.5100348445373284
100,0,151,K,21,30,150,213,237,25,175,full_trace_mean_square,0.5927214181761966
100,0,152,M,21,30,150,213,237,25,150,full_trace_mean_square,0.9358858732410987
100,0,152,P,21,30,150,213,237,25,150,full_trace_mean_square,0.9470944136659158
100,0,152,SLTA,21,30,150,213,237,25,150,full_trace_mean_square,0.8208149522784759
100,0,152,Std,21,30,150,213,237,25,150,full_trace_mean_square,0.9483747187563147
100,0,152,S,21,30,150,213,237,25,150,full_trace_mean_square,0.26451669091244695
100,0,152,K,21,30,150,213,237,25,150,full_trace_mean_square,0.33083347514421346
100,0,153,M,21,30,150,213,237,25,172,full_trace_mean_square,0.9243908754671014
100,0,153,P,21,30,150,213,237,25,172,full_trace_mean_square,0.9436873920081132
100,0,153,SLTA,21,30,150,213,237,25,172,full_trace_mean_square,0.8039099127789442
100,0,153,Std,21,30,150,213,237,25,172,full_trace_mean_square,0.9458364343342391
100,0,153,S,21,30,150,213,237,25,172,full_trace_mean_square,0.44647098822930587
100,0,153,K,21,30,150,213,237,25,172,full_trace_mean_square,0.5563233700267516
100,0,154,M,21,30,150,213,237,25,147,full_trace_mean_square,0.9325707673950511
100,0,154,P,21,30,150,213,237,25,147,full_trace_mean_square,0.9450009186298515
100,0,154,SLTA,21,30,150,213,237,25,147,full_trace_mean_square,0.8416454479719363
100,0,154,Std,21,30,150,213,237,25,147,full_trace_mean_square,0.9511331208615134
100,0,154,S,21,30,150,213,237,25,147,full_trace_mean_square,0.3789986098751349
100,0,154,K,21,30,150,213,237,25,147,full_trace_mean_square,0.4428490308581493
100,0,155,M,21,30,150,213,237,25,150,full_trace_mean_square,0.9302838563289485
100,0,155,P,21,30,150,213,237,25,150,full_trace_mean_square,0.9448273431106008
100,0,155,SLTA,21,30,150,213,237,25,150,full_trace_mean_square,0.8253605187063977
100,0,155,Std,21,30,150,213,237,25,150,full_trace_mean_square,0.949054277813533
100,0,155,S,21,30,150,213,237,25,150,full_trace_mean_square,0.35945574785887896
100,0,155,K,21,30,150,213,237,25,150,full_trace_mean_square,0.3473799049277635
100,0,156,M,21,30,150,213,237,25,160,full_trace_mean_square,0.9321035214763412
100,0,156,P,21,30,150,213,237,25,160,full_trace_mean_square,0.9450165275884276
100,0,156,SLTA,21,30,150,213,237,25,160,full_trace_mean_square,0.8098984690278916
100,0,156,Std,21,30,150,213,237,25,160,full_trace_mean_square,0.9482390063501044
100,0,156,S,21,30,150,213,237,25,160,full_trace_mean_square,0.3297385040328676
100,0,156,K,21,30,150,213,237,25,160,full_trace_mean_square,0.4121481670859283
100,0,157,M,21,30,150,213,237,25,146,full_trace_mean_square,0.9392568812866527
100,0,157,P,21,30,150,213,237,25,146,full_trace_mean_square,0.9464886144611728
100,0,157,SLTA,21,30,150,213,237,25,146,full_trace_mean_square,0.8424774904980095
100,0,157,Std,21,30,150,213,237,25,146,full_trace_mean_square,0.9532251019037089
100,0,157,S,21,30,150,213,237,25,146,full_trace_mean_square,0.39421673906508425
100,0,157,K,21,30,150,213,237,25,146,full_trace_mean_square,0.31629234350516766
100,0,158,M,21,30,150,213,237,25,147,full_trace_mean_square,0.9343026876406603
100,0,158,P,21,30,150,213,237,25,147,full_trace_mean_square,0.9463427551191497
100,0,158,SLTA,21,30,150,213,237,25,147,full_trace_mean_square,0.8292915633561071
100,0,158,Std,21,30,150,213,237,25,147,full_trace_mean_square,0.9488300418522091
100,0,158,S,21,30,150,213,237,25,147,full_trace_mean_square,0.2967674072399288
100,0,158,K,21,30,150,213,237,25,147,full_trace_mean_square,0.3039836985807721
100,0,159,M,21,30,150,213,237,25,143,full_trace_mean_square,0.9385649360541206
100,0,159,P,21,30,150,213,237,25,143,full_trace_mean_square,0.9462743737345997
100,0,159,SLTA,21,30,150,213,237,25,143,full_trace_mean_square,0.8442136701907456
100,0,159,Std,21,30,150,213,237,25,143,full_trace_mean_square,0.9547667782438584
100,0,159,S,21,30,150,213,237,25,143,full_trace_mean_square,0.4203832506231055
100,0,159,K,21,30,150,213,237,25,143,full_trace_mean_square,0.3946859940066043
100,0,160,M,21,30,150,213,237,25,176,full_trace_mean_square,0.9385902878395347
100,0,160,P,21,30,150,213,237,25,176,full_trace_mean_square,0.9457953446849691
100,0,160,SLTA,21,30,150,213,237,25,176,full_trace_mean_square,0.8325437855312903
100,0,160,Std,21,30,150,213,237,25,176,full_trace_mean_square,0.9543399694651972
100,0,160,S,21,30,150,213,237,25,176,full_trace_mean_square,0.3888459579963294
100,0,160,K,21,30,150,213,237,25,176,full_trace_mean_square,0.4700320428624171
100,0,161,M,21,30,150,213,237,25,155,full_trace_mean_square,0.9389678250608423
100,0,161,P,21,30,150,213,237,25,155,full_trace_mean_square,0.9459657442400551
100,0,161,SLTA,21,30,150,213,237,25,155,full_trace_mean_square,0.8407218113255278
100,0,161,Std,21,30,150,213,237,25,155,full_trace_mean_square,0.9534543380391561
100,0,161,S,21,30,150,213,237,25,155,full_trace_mean_square,0.2684365965417579
100,0,161,K,21,30,150,213,237,25,155,full_trace_mean_square,0.3131192186592702
100,0,162,M,21,30,150,213,237,25,182,full_trace_mean_square,0.9364341931165681
100,0,162,P,21,30,150,213,237,25,182,full_trace_mean_square,0.9447308058781866
100,0,162,SLTA,21,30,150,213,237,25,182,full_trace_mean_square,0.829474883039539
100,0,162,Std,21,30,150,213,237,25,182,full_trace_mean_square,0.9509491016810446
100,0,162,S,21,30,150,213,237,25,182,full_trace_mean_square,0.4635720929782764
100,0,162,K,21,30,150,213,237,25,182,full_trace_mean_square,0.4946141484601733
100,0,163,M,21,30,150,213,237,25,163,full_trace_mean_square,0.9345321755668967
100,0,163,P,21,30,150,213,237,25,163,full_trace_mean_square,0.9465752960062872
100,0,163,SLTA,21,30,150,213,237,25,163,full_trace_mean_square,0.8105189921400279
100,0,163,Std,21,30,150,213,237,25,163,full_trace_mean_square,0.950314409495418
100,0,163,S,21,30,150,213,237,25,163,full_trace_mean_square,0.3569832039210351
100,0,163,K,21,30,150,213,237,25,163,full_trace_mean_square,0.3699810381177806
100,0,164,M,21,30,150,213,237,25,153,full_trace_mean_square,0.9299776767380683
100,0,164,P,21,30,150,213,237,25,153,full_trace_mean_square,0.9440460272364598
100,0,164,SLTA,21,30,150,213,237,25,153,full_trace_mean_square,0.8053119783953114
100,0,164,Std,21,30,150,213,237,25,153,full_trace_mean_square,0.9487126556017159
100,0,164,S,21,30,150,213,237,25,153,full_trace_mean_square,0.38942088340941333
100,0,164,K,21,30,150,213,237,25,153,full_trace_mean_square,0.374337421151056
100,0,165,M,21,30,150,213,237,25,179,full_trace_mean_square,0.9298539899348189
100,0,165,P,21,30,150,213,237,25,179,full_trace_mean_square,0.9433330530357504
100,0,165,SLTA,21,30,150,213,237,25,179,full_trace_mean_square,0.8191512512441012
100,0,165,Std,21,30,150,213,237,25,179,full_trace_mean_square,0.9484992079044655
100,0,165,S,21,30,150,213,237,25,179,full_trace_mean_square,0.37039625953352817
100,0,165,K,21,30,150,213,237,25,179,full_trace_mean_square,0.44687657324627394
100,0,166,M,21,30,150,213,237,25,162,full_trace_mean_square,0.9385099056232432
100,0,166,P,21,30,150,213,237,25,162,full_trace_mean_square,0.9446129965751314
100,0,166,SLTA,21,30,150,213,237,25,162,full_trace_mean_square,0.843855988425871
100,0,166,Std,21,30,150,213,237,25,162,full_trace_mean_square,0.9552046266713561
100,0,166,S,21,30,150,213,237,25,162,full_trace_mean_square,0.4211500088586136
100,0,166,K,21,30,150,213,237,25,162,full_trace_mean_square,0.5234539635828757
100,0,167,M,21,30,150,213,237,25,138,full_trace_mean_square,0.9366287440938368
100,0,167,P,21,30,150,213,237,25,138,full_trace_mean_square,0.9455291037525613
100,0,167,SLTA,21,30,150,213,237,25,138,full_trace_mean_square,0.8175821432092842
100,0,167,Std,21,30,150,213,237,25,138,full_trace_mean_square,0.9512315220274798
100,0,167,S,21,30,150,213,237,25,138,full_trace_mean_square,0.4185455556747169
100,0,167,K,21,30,150,213,237,25,138,full_trace_mean_square,0.49986344345141376
100,0,168,M,21,30,150,213,237,25,151,full_trace_mean_square,0.9313359385154373
100,0,168,P,21,30,150,213,237,25,151,full_trace_mean_square,0.9454495117776596
100,0,168,SLTA,21,30,150,213,237,25,151,full_trace_mean_square,0.8296189908658108
100,0,168,Std,21,30,150,213,237,25,151,full_trace_mean_square,0.950528461955472
100,0,168,S,21,30,150,213,237,25,151,full_trace_mean_square,0.3844030615918306
100,0,168,K,21,30,150,213,237,25,151,full_trace_mean_square,0.38897016292751957
100,0,169,M,21,30,150,213,237,25,152,full_trace_mean_square,0.9393988156369782
100,0,169,P,21,30,150,213,237,25,152,full_trace_mean_square,0.9470461141087998
100,0,169,SLTA,21,30,150,213,237,25,152,full_trace_mean_square,0.8484817297998115
100,0,169,Std,21,30,150,213,237,25,152,full_trace_mean_square,0.9551480396808246
100,0,169,S,21,30,150,213,237,25,152,full_trace_mean_square,0.3130440310053017
100,0,169,K,21,30,150,213,237,25,152,full_trace_mean_square,0.3627250278588956
100,0,170,M,21,30,150,213,237,25,157,full_trace_mean_square,0.9290905748778517
100,0,170,P,21,30,150,213,237,25,157,full_trace_mean_square,0.9449059750688737
100,0,170,SLTA,21,30,150,213,237,25,157,full_trace_mean_square,0.8192554535570038
100,0,170,Std,21,30,150,213,237,25,157,full_trace_mean_square,0.9477319687821246
100,0,170,S,21,30,150,213,237,25,157,full_trace_mean_square,0.35506598848271026
100,0,170,K,21,30,150,213,237,25,157,full_trace_mean_square,0.4158182772780872
100,0,171,M,21,30,150,213,237,25,145,full_trace_mean_square,0.9288469594888411
100,0,171,P,21,30,150,213,237,25,145,full_trace_mean_square,0.9443876108589531
100,0,171,SLTA,21,30,150,213,237,25,145,full_trace_mean_square,0.817061012079062
100,0,171,Std,21,30,150,213,237,25,145,full_trace_mean_square,0.9468469838109937
100,0,171,S,21,30,150,213,237,25,145,full_trace_mean_square,0.4619902001514168
100,0,171,K,21,30,150,213,237,25,145,full_trace_mean_square,0.5559381732878494
100,0,172,M,21,30,150,213,237,25,145,full_trace_mean_square,0.9117568933408883
100,0,172,P,21,30,150,213,237,25,145,full_trace_mean_square,0.9444391950313149
100,0,172,SLTA,21,30,150,213,237,25,145,full_trace_mean_square,0.8029779402647566
100,0,172,Std,21,30,150,213,237,25,145,full_trace_mean_square,0.9420783433955404
100,0,172,S,21,30,150,213,237,25,145,full_trace_mean_square,0.28563607331641394
100,0,172,K,21,30,150,213,237,25,145,full_trace_mean_square,0.3061468308440805
100,0,173,M,21,30,150,213,237,25,158,full_trace_mean_square,0.9364315170418248
100,0,173,P,21,30,150,213,237,25,158,full_trace_mean_square,0.9461948600597293
100,0,173,SLTA,21,30,150,213,237,25,158,full_trace_mean_square,0.8304973130829848
100,0,173,Std,21,30,150,213,237,25,158,full_trace_mean_square,0.9505250216908441
100,0,173,S,21,30,150,213,237,25,158,full_trace_mean_square,0.21724609533171896
100,0,173,K,21,30,150,213,237,25,158,full_trace_mean_square,0.3357544423253191
100,0,174,M,21,30,150,213,237,25,143,full_trace_mean_square,0.9364697191113568
100,0,174,P,21,30,150,213,237,25,143,full_trace_mean_square,0.9468143561072953
100,0,174,SLTA,21,30,150,213,237,25,143,full_trace_mean_square,0.8231590912190241
100,0,174,Std,21,30,150,213,237,25,143,full_trace_mean_square,0.952077668540651
100,0,174,S,21,30,150,213,237,25,143,full_trace_mean_square,0.26104920658609965
100,0,174,K,21,30,150,213,237,25,143,full_trace_mean_square,0.32275132311940474
100,0,175,M,21,30,150,213,237,25,141,full_trace_mean_square,0.9374633163234394
100,0,175,P,21,30,150,213,237,25,141,full_trace_mean_square,0.9448122021520442
100,0,175,SLTA,21,30,150,213,237,25,141,full_trace_mean_square,0.8387690061646805
100,0,175,Std,21,30,150,213,237,25,141,full_trace_mean_square,0.9531341467020146
100,0,175,S,21,30,150,213,237,25,141,full_trace_mean_square,0.4335579255962428
100,0,175,K,21,30,150,213,237,25,141,full_trace_mean_square,0.5333487785560364
100,0,176,M,21,30,150,213,237,25,165,full_trace_mean_square,0.9385488749929727
100,0,176,P,21,30,150,213,237,25,165,full_trace_mean_square,0.9459531992274658
100,0,176,SLTA,21,30,150,213,237,25,165,full_trace_mean_square,0.8478848595572773
100,0,176,Std,21,30,150,213,237,25,165,full_trace_mean_square,0.9555614418845813
100,0,176,S,21,30,150,213,237,25,165,full_trace_mean_square,0.36171469693326214
100,0,176,K,21,30,150,213,237,25,165,full_trace_mean_square,0.4401864305596522
100,0,177,M,21,30,150,213,237,25,157,full_trace_mean_square,0.934805845667544
100,0,177,P,21,30,150,213,237,25,157,full_trace_mean_square,0.9459641554582324
100,0,177,SLTA,21,30,150,213,237,25,157,full_trace_mean_square,0.8220197882677435
100,0,177,Std,21,30,150,213,237,25,157,full_trace_mean_square,0.9542143159113893
100,0,177,S,21,30,150,213,237,25,157,full_trace_mean_square,0.38160536056531175
100,0,177,K,21,30,150,213,237,25,157,full_trace_mean_square,0.4873684761361104
100,0,178,M,21,30,150,213,237,25,137,full_trace_mean_square,0.9129306997397587
100,0,178,P,21,30,150,213,237,25,137,full_trace_mean_square,0.9438151253218637
100,0,178,SLTA,21,30,150,213,237,25,137,full_trace_mean_square,0.8107556875534911
100,0,178,Std,21,30,150,213,237,25,137,full_trace_mean_square,0.9429223102132134
100,0,178,S,21,30,150,213,237,25,137,full_trace_mean_square,0.28452738152217866
100,0,178,K,21,30,150,213,237,25,137,full_trace_mean_square,0.4261504324225178
100,0,179,M,21,30,150,213,237,25,165,full_trace_mean_square,0.9290766915682156
100,0,179,P,21,30,150,213,237,25,165,full_trace_mean_square,0.9442031576892704
100,0,179,SLTA,21,30,150,213,237,25,165,full_trace_mean_square,0.8276354468385244
100,0,179,Std,21,30,150,213,237,25,165,full_trace_mean_square,0.9458124557818104
100,0,179,S,21,30,150,213,237,25,165,full_trace_mean_square,0.32151314952656257
100,0,179,K,21,30,150,213,237,25,165,full_trace_mean_square,0.4827552915319719
100,0,180,M,21,30,150,213,237,25,174,full_trace_mean_square,0.9304517985091647
100,0,180,P,21,30,150,213,237,25,174,full_trace_mean_square,0.9446737292023373
100,0,180,SLTA,21,30,150,213,237,25,174,full_trace_mean_square,0.8439478848302088
100,0,180,Std,21,30,150,213,237,25,174,full_trace_mean_square,0.9476624305306112
100,0,180,S,21,30,150,213,237,25,174,full_trace_mean_square,0.43343613578530205
100,0,180,K,21,30,150,213,237,25,174,full_trace_mean_square,0.48679543385044055
100,0,181,M,21,30,150,213,237,25,179,full_trace_mean_square,0.9198996699624935
100,0,181,P,21,30,150,213,237,25,179,full_trace_mean_square,0.9441344191191198
100,0,181,SLTA,21,30,150,213,237,25,179,full_trace_mean_square,0.8307406221888866
100,0,181,Std,21,30,150,213,237,25,179,full_trace_mean_square,0.9465216541131888
100,0,181,S,21,30,150,213,237,25,179,full_trace_mean_square,0.3844014044427594
100,0,181,K,21,30,150,213,237,25,179,full_trace_mean_square,0.4401468587973654
100,0,182,M,21,30,150,213,237,25,125,full_trace_mean_square,0.9314253085872493
100,0,182,P,21,30,150,213,237,25,125,full_trace_mean_square,0.9456546859957685
100,0,182,SLTA,21,30,150,213,237,25,125,full_trace_mean_square,0.8180148448329438
100,0,182,Std,21,30,150,213,237,25,125,full_trace_mean_square,0.9477165916663288
100,0,182,S,21,30,150,213,237,25,125,full_trace_mean_square,0.34982781947744124
100,0,182,K,21,30,150,213,237,25,125,full_trace_mean_square,0.4235238099281594
100,0,183,M,21,30,150,213,237,25,167,full_trace_mean_square,0.9313276014788548
100,0,183,P,21,30,150,213,237,25,167,full_trace_mean_square,0.9446639421089379
100,0,183,SLTA,21,30,150,213,237,25,167,full_trace_mean_square,0.8217504395884146
100,0,183,Std,21,30,150,213,237,25,167,full_trace_mean_square,0.947501186223787
100,0,183,S,21,30,150,213,237,25,167,full_trace_mean_square,0.3449851286742606
100,0,183,K,21,30,150,213,237,25,167,full_trace_mean_square,0.37170737259878867
100,0,184,M,21,30,150,213,237,25,148,full_trace_mean_square,0.9334182012140829
100,0,184,P,21,30,150,213,237,25,148,full_trace_mean_square,0.9454893880142511
100,0,184,SLTA,21,30,150,213,237,25,148,full_trace_mean_square,0.8269270889195961
100,0,184,Std,21,30,150,213,237,25,148,full_trace_mean_square,0.9503886116815369
100,0,184,S,21,30,150,213,237,25,148,full_trace_mean_square,0.38004001397401027
100,0,184,K,21,30,150,213,237,25,148,full_trace_mean_square,0.45729883567134455
100,0,185,M,21,30,150,213,237,25,170,full_trace_mean_square,0.9311522311144699
100,0,185,P,21,30,150,213,237,25,170,full_trace_mean_square,0.9448425099862272
100,0,185,SLTA,21,30,150,213,237,25,170,full_trace_mean_square,0.8428971852810296
100,0,185,Std,21,30,150,213,237,25,170,full_trace_mean_square,0.9515000048714681
100,0,185,S,21,30,150,213,237,25,170,full_trace_mean_square,0.32808661212655016
100,0,185,K,21,30,150,213,237,25,170,full_trace_mean_square,0.38592823926087455
100,0,186,M,21,30,150,213,237,25,168,full_trace_mean_square,0.9320730697030425
100,0,186,P,21,30,150,213,237,25,168,full_trace_mean_square,0.9443149991434101
100,0,186,SLTA,21,30,150,213,237,25,168,full_trace_mean_square,0.8058308429465588
100,0,186,Std,21,30,150,213,237,25,168,full_trace_mean_square,0.9493057024837842
100,0,186,S,21,30,150,213,237,25,168,full_trace_mean_square,0.41808289342447563
100,0,186,K,21,30,150,213,237,25,168,full_trace_mean_square,0.4728263873080406
100,0,187,M,21,30,150,213,237,25,153,full_trace_mean_square,0.9388833093432647
100,0,187,P,21,30,150,213,237,25,153,full_trace_mean_square,0.9459510019028807
100,0,187,SLTA,21,30,150,213,237,25,153,full_trace_mean_square,0.8445374663797359
100,0,187,Std,21,30,150,213,237,25,153,full_trace_mean_square,0.9536528306356682
100,0,187,S,21,30,150,213,237,25,153,full_trace_mean_square,0.4857114508531528
100,0,187,K,21,30,150,213,237,25,153,full_trace_mean_square,0.5663333644958228
100,0,188,M,21,30,150,213,237,25,137,full_trace_mean_square,0.933327015248408
100,0,188,P,21,30,150,213,237,25,137,full_trace_mean_square,0.9446941326613942
100,0,188,SLTA,21,30,150,213,237,25,137,full_trace_mean_square,0.8260220919138664
100,0,188,Std,21,30,150,213,237,25,137,full_trace_mean_square,0.9513189030972333
100,0,188,S,21,30,150,213,237,25,137,full_trace_mean_square,0.4549594994722935
100,0,188,K,21,30,150,213,237,25,137,full_trace_mean_square,0.49326250898200985
100,0,189,M,21,30,150,213,237,25,132,full_trace_mean_square,0.9266768923228478
100,0,189,P,21,30,150,213,237,25,132,full_trace_mean_square,0.9453794507088091
100,0,189,SLTA,21,30,150,213,237,25,132,full_trace_mean_square,0.8061205622037244
100,0,189,Std,21,30,150,213,237,25,132,full_trace_mean_square,0.9483575577176685
100,0,189,S,21,30,150,213,237,25,132,full_trace_mean_square,0.26387054141672533
100,0,189,K,21,30,150,213,237,25,132,full_trace_mean_square,0.3678437031292248
100,0,190,M,21,30,150,213,237,25,149,full_trace_mean_square,0.941184033259882
100,0,190,P,21,30,150,213,237,25,149,full_trace_mean_square,0.9465899989558125
100,0,190,SLTA,21,30,150,213,237,25,149,full_trace_mean_square,0.8218166606598758
100,0,190,Std,21,30,150,213,237,25,149,full_trace_mean_square,0.954574701380823
100,0,190,S,21,30,150,213,237,25,149,full_trace_mean_square,0.40405235072592977
100,0,190,K,21,30,150,213,237,25,149,full_trace_mean_square,0.4776797307043648
100,0,191,M,21,30,150,213,237,25,137,full_trace_mean_square,0.934582254069895
100,0,191,P,21,30,150,213,237,25,137,full_trace_mean_square,0.9462109704905122
100,0,191,SLTA,21,30,150,213,237,25,137,full_trace_mean_square,0.8327141366875623
100,0,191,Std,21,30,150,213,237,25,137,full_trace_mean_square,0.9514076615678676
100,0,191,S,21,30,150,213,237,25,137,full_trace_mean_square,0.28565444064991735
100,0,191,K,21,30,150,213,237,25,137,full_trace_mean_square,0.3847453763498883
100,0,192,M,21,30,150,213,237,25,155,full_trace_mean_square,0.9278668188787362
100,0,192,P,21,30,150,213,237,25,155,full_trace_mean_square,0.9451413684687323
100,0,192,SLTA,21,30,150,213,237,25,155,full_trace_mean_square,0.8395368479952727
100,0,192,Std,21,30,150,213,237,25,155,full_trace_mean_square,0.9477304911669379
100,0,192,S,21,30,150,213,237,25,155,full_trace_mean_square,0.3099762148540562
100,0,192,K,21,30,150,213,237,25,155,full_trace_mean_square,0.3544228803517396
100,0,193,M,21,30,150,213,237,25,152,full_trace_mean_square,0.9359514330254209
100,0,193,P,21,30,150,213,237,25,152,full_trace_mean_square,0.945017700541664
100,0,193,SLTA,21,30,150,213,237,25,152,full_trace_mean_square,0.8414315714619193
100,0,193,Std,21,30,150,213,237,25,152,full_trace_mean_square,0.9545032569852465
100,0,193,S,21,30,150,213,237,25,152,full_trace_mean_square,0.36989563939146686
100,0,193,K,21,30,150,213,237,25,152,full_trace_mean_square,0.4463511571295487
100,0,194,M,21,30,150,213,237,25,159,full_trace_mean_square,0.9375782248356799
100,0,194,P,21,30,150,213,237,25,159,full_trace_mean_square,0.9452888870858629
100,0,194,SLTA,21,30,150,213,237,25,159,full_trace_mean_square,0.8486308152432804
100,0,194,Std,21,30,150,213,237,25,159,full_trace_mean_square,0.9543029063787655
100,0,194,S,21,30,150,213,237,25,159,full_trace_mean_square,0.378483828969147
100,0,194,K,21,30,150,213,237,25,159,full_trace_mean_square,0.4764641816472941
100,0,195,M,21,30,150,213,237,25,149,full_trace_mean_square,0.9268243089138731
100,0,195,P,21,30,150,213,237,25,149,full_trace_mean_square,0.9437326310568983
100,0,195,SLTA,21,30,150,213,237,25,149,full_trace_mean_square,0.8402343945090063
100,0,195,Std,21,30,150,213,237,25,149,full_trace_mean_square,0.9504544412651869
100,0,195,S,21,30,150,213,237,25,149,full_trace_mean_square,0.4539217255907516
100,0,195,K,21,30,150,213,237,25,149,full_trace_mean_square,0.4808328885115815
100,0,196,M,21,30,150,213,237,25,146,full_trace_mean_square,0.9225179311332946
100,0,196,P,21,30,150,213,237,25,146,full_trace_mean_square,0.9443804071035751
100,0,196,SLTA,21,30,150,213,237,25,146,full_trace_mean_square,0.8142323046966856
100,0,196,Std,21,30,150,213,237,25,146,full_trace_mean_square,0.9454206942281037
100,0,196,S,21,30,150,213,237,25,146,full_trace_mean_square,0.396393529894503
100,0,196,K,21,30,150,213,237,25,146,full_trace_mean_square,0.5169861825501122
100,0,197,M,21,30,150,213,237,25,166,full_trace_mean_square,0.933021748893405
100,0,197,P,21,30,150,213,237,25,166,full_trace_mean_square,0.9453166472383193
100,0,197,SLTA,21,30,150,213,237,25,166,full_trace_mean_square,0.8368979943142677
100,0,197,Std,21,30,150,213,237,25,166,full_trace_mean_square,0.9508854331158246
100,0,197,S,21,30,150,213,237,25,166,full_trace_mean_square,0.3871896060698192
100,0,197,K,21,30,150,213,237,25,166,full_trace_mean_square,0.46833275150106274
100,0,198,M,21,30,150,213,237,25,163,full_trace_mean_square,0.9322851535957458
100,0,198,P,21,30,150,213,237,25,163,full_trace_mean_square,0.9439102120642788
100,0,198,SLTA,21,30,150,213,237,25,163,full_trace_mean_square,0.8424820479282994
100,0,198,Std,21,30,150,213,237,25,163,full_trace_mean_square,0.9506011650667394
100,0,198,S,21,30,150,213,237,25,163,full_trace_mean_square,0.46260168558038817
100,0,198,K,21,30,150,213,237,25,163,full_trace_mean_square,0.5334773772820555
100,0,199,M,21,30,150,213,237,25,145,full_trace_mean_square,0.9252766088336704
100,0,199,P,21,30,150,213,237,25,145,full_trace_mean_square,0.9450273466651967
100,0,199,SLTA,21,30,150,213,237,25,145,full_trace_mean_square,0.8366856848248937
100,0,199,Std,21,30,150,213,237,25,145,full_trace_mean_square,0.9482510190677624
100,0,199,S,21,30,150,213,237,25,145,full_trace_mean_square,0.39456223223126785
100,0,199,K,21,30,150,213,237,25,145,full_trace_mean_square,0.42121887764214966
100,2,0,M,21,30,150,213,237,25,148,full_trace_mean_square,0.9341534896477587
100,2,0,P,21,30,150,213,237,25,148,full_trace_mean_square,0.9456262173471828
100,2,0,SLTA,21,30,150,213,237,25,148,full_trace_mean_square,0.8296542957858553
100,2,0,Std,21,30,150,213,237,25,148,full_trace_mean_square,0.9499542728781766
100,2,0,S,21,30,150,213,237,25,148,full_trace_mean_square,0.3488290776891434
100,2,0,K,21,30,150,213,237,25,148,full_trace_mean_square,0.3832806669443753
100,2,1,M,21,30,150,213,237,25,165,full_trace_mean_square,0.9323779275365596
100,2,1,P,21,30,150,213,237,25,165,full_trace_mean_square,0.9454108588453877
100,2,1,SLTA,21,30,150,213,237,25,165,full_trace_mean_square,0.8263835647336751
100,2,1,Std,21,30,150,213,237,25,165,full_trace_mean_square,0.9537544399498172
100,2,1,S,21,30,150,213,237,25,165,full_trace_mean_square,0.3017045166096212
100,2,1,K,21,30,150,213,237,25,165,full_trace_mean_square,0.3753861872919126
100,2,2,M,21,30,150,213,237,25,182,full_trace_mean_square,0.9354905564410431
100,2,2,P,21,30,150,213,237,25,182,full_trace_mean_square,0.9434819598383952
100,2,2,SLTA,21,30,150,213,237,25,182,full_trace_mean_square,0.8183061528615145
100,2,2,Std,21,30,150,213,237,25,182,full_trace_mean_square,0.9521438684979867
100,2,2,S,21,30,150,213,237,25,182,full_trace_mean_square,0.42566151818114945
100,2,2,K,21,30,150,213,237,25,182,full_trace_mean_square,0.4714158740767613
100,2,3,M,21,30,150,213,237,25,161,full_trace_mean_square,0.9365585385832506
100,2,3,P,21,30,150,213,237,25,161,full_trace_mean_square,0.9466841561869739
100,2,3,SLTA,21,30,150,213,237,25,161,full_trace_mean_square,0.8033172357441952
100,2,3,Std,21,30,150,213,237,25,161,full_trace_mean_square,0.952045405274897
100,2,3,S,21,30,150,213,237,25,161,full_trace_mean_square,0.3087168797893316
100,2,3,K,21,30,150,213,237,25,161,full_trace_mean_square,0.29800978820010166
100,2,4,M,21,30,150,213,237,25,170,full_trace_mean_square,0.9378517530513739
100,2,4,P,21,30,150,213,237,25,170,full_trace_mean_square,0.9451997720007635
100,2,4,SLTA,21,30,150,213,237,25,170,full_trace_mean_square,0.8219687989644605
100,2,4,Std,21,30,150,213,237,25,170,full_trace_mean_square,0.9544614586464294
100,2,4,S,21,30,150,213,237,25,170,full_trace_mean_square,0.437061896309222
100,2,4,K,21,30,150,213,237,25,170,full_trace_mean_square,0.4624336682335435
100,2,5,M,21,30,150,213,237,25,155,full_trace_mean_square,0.9383193389764868
100,2,5,P,21,30,150,213,237,25,155,full_trace_mean_square,0.9461200177465374
100,2,5,SLTA,21,30,150,213,237,25,155,full_trace_mean_square,0.8191351356877237
100,2,5,Std,21,30,150,213,237,25,155,full_trace_mean_square,0.9520626835317161
100,2,5,S,21,30,150,213,237,25,155,full_trace_mean_square,0.47178105757057315
100,2,5,K,21,30,150,213,237,25,155,full_trace_mean_square,0.4841707201030248
100,2,6,M,21,30,150,213,237,25,165,full_trace_mean_square,0.9406471849947827
100,2,6,P,21,30,150,213,237,25,165,full_trace_mean_square,0.9457198509467784
100,2,6,SLTA,21,30,150,213,237,25,165,full_trace_mean_square,0.8262413252477594
100,2,6,Std,21,30,150,213,237,25,165,full_trace_mean_square,0.9547105903981605
100,2,6,S,21,30,150,213,237,25,165,full_trace_mean_square,0.35781791380578315
100,2,6,K,21,30,150,213,237,25,165,full_trace_mean_square,0.4033376743344501
100,2,7,M,21,30,150,213,237,25,157,full_trace_mean_square,0.9310739516912707
100,2,7,P,21,30,150,213,237,25,157,full_trace_mean_square,0.9456313499755998
100,2,7,SLTA,21,30,150,213,237,25,157,full_trace_mean_square,0.7983364890065842
100,2,7,Std,21,30,150,213,237,25,157,full_trace_mean_square,0.952410695707937
100,2,7,S,21,30,150,213,237,25,157,full_trace_mean_square,0.42798280297532365
100,2,7,K,21,30,150,213,237,25,157,full_trace_mean_square,0.33211374505181945
100,2,8,M,21,30,150,213,237,25,160,full_trace_mean_square,0.9370683353046073
100,2,8,P,21,30,150,213,237,25,160,full_trace_mean_square,0.945269703833028
100,2,8,SLTA,21,30,150,213,237,25,160,full_trace_mean_square,0.7985942884824765
100,2,8,Std,21,30,150,213,237,25,160,full_trace_mean_square,0.9549784698645587
100,2,8,S,21,30,150,213,237,25,160,full_trace_mean_square,0.3416418319172603
100,2,8,K,21,30,150,213,237,25,160,full_trace_mean_square,0.38499018872964996
100,2,9,M,21,30,150,213,237,25,159,full_trace_mean_square,0.9394932201881564
100,2,9,P,21,30,150,213,237,25,159,full_trace_mean_square,0.9449544411342798
100,2,9,SLTA,21,30,150,213,237,25,159,full_trace_mean_square,0.8292615116922477
100,2,9,Std,21,30,150,213,237,25,159,full_trace_mean_square,0.9566160468004359
100,2,9,S,21,30,150,213,237,25,159,full_trace_mean_square,0.4460301395887239
100,2,9,K,21,30,150,213,237,25,159,full_trace_mean_square,0.4664021376100725
100,2,10,M,21,30,150,213,237,25,156,full_trace_mean_square,0.9391290818404229
100,2,10,P,21,30,150,213,237,25,156,full_trace_mean_square,0.9459442849429919
100,2,10,SLTA,21,30,150,213,237,25,156,full_trace_mean_square,0.8499924227322707
100,2,10,Std,21,30,150,213,237,25,156,full_trace_mean_square,0.9563582599941296
100,2,10,S,21,30,150,213,237,25,156,full_trace_mean_square,0.43932339425144357
100,2,10,K,21,30,150,213,237,25,156,full_trace_mean_square,0.4303319861220478
100,2,11,M,21,30,150,213,237,25,145,full_trace_mean_square,0.9374311429560713
100,2,11,P,21,30,150,213,237,25,145,full_trace_mean_square,0.9459926297711551
100,2,11,SLTA,21,30,150,213,237,25,145,full_trace_mean_square,0.8386701659268412
100,2,11,Std,21,30,150,213,237,25,145,full_trace_mean_square,0.95446983439466
100,2,11,S,21,30,150,213,237,25,145,full_trace_mean_square,0.3714311873307707
100,2,11,K,21,30,150,213,237,25,145,full_trace_mean_square,0.35690639973125865
100,2,12,M,21,30,150,213,237,25,166,full_trace_mean_square,0.9374705244224777
100,2,12,P,21,30,150,213,237,25,166,full_trace_mean_square,0.9453267016898218
100,2,12,SLTA,21,30,150,213,237,25,166,full_trace_mean_square,0.8227899696080186
100,2,12,Std,21,30,150,213,237,25,166,full_trace_mean_square,0.9505723234679436
100,2,12,S,21,30,150,213,237,25,166,full_trace_mean_square,0.46166567893895427
100,2,12,K,21,30,150,213,237,25,166,full_trace_mean_square,0.5137891455176132
100,2,13,M,21,30,150,213,237,25,142,full_trace_mean_square,0.9406341320707069
100,2,13,P,21,30,150,213,237,25,142,full_trace_mean_square,0.9456805849746555
100,2,13,SLTA,21,30,150,213,237,25,142,full_trace_mean_square,0.8033500186991288
100,2,13,Std,21,30,150,213,237,25,142,full_trace_mean_square,0.9549602857097356
100,2,13,S,21,30,150,213,237,25,142,full_trace_mean_square,0.32960003129527504
100,2,13,K,21,30,150,213,237,25,142,full_trace_mean_square,0.4082255906241058
100,2,14,M,21,30,150,213,237,25,154,full_trace_mean_square,0.9395492949207451
100,2,14,P,21,30,150,213,237,25,154,full_trace_mean_square,0.9457104452089528
100,2,14,SLTA,21,30,150,213,237,25,154,full_trace_mean_square,0.8265827982556628
100,2,14,Std,21,30,150,213,237,25,154,full_trace_mean_square,0.9565256501595171
100,2,14,S,21,30,150,213,237,25,154,full_trace_mean_square,0.3396361856578037
100,2,14,K,21,30,150,213,237,25,154,full_trace_mean_square,0.38283644801325467
100,2,15,M,21,30,150,213,237,25,170,full_trace_mean_square,0.9356082193535221
100,2,15,P,21,30,150,213,237,25,170,full_trace_mean_square,0.9457393895031897
100,2,15,SLTA,21,30,150,213,237,25,170,full_trace_mean_square,0.8153870240727585
100,2,15,Std,21,30,150,213,237,25,170,full_trace_mean_square,0.9539972088151866
100,2,15,S,21,30,150,213,237,25,170,full_trace_mean_square,0.34439613229089366
100,2,15,K,21,30,150,213,237,25,170,full_trace_mean_square,0.40875888592309323
100,2,16,M,21,30,150,213,237,25,148,full_trace_mean_square,0.9296449574641413
100,2,16,P,21,30,150,213,237,25,148,full_trace_mean_square,0.9444552569546155
100,2,16,SLTA,21,30,150,213,237,25,148,full_trace_mean_square,0.8233299500117014
100,2,16,Std,21,30,150,213,237,25,148,full_trace_mean_square,0.9519773257075606
100,2,16,S,21,30,150,213,237,25,148,full_trace_mean_square,0.40780642592580324
100,2,16,K,21,30,150,213,237,25,148,full_trace_mean_square,0.4280171721766396
100,2,17,M,21,30,150,213,237,25,153,full_trace_mean_square,0.9419556016706485
100,2,17,P,21,30,150,213,237,25,153,full_trace_mean_square,0.9463234733265943
100,2,17,SLTA,21,30,150,213,237,25,153,full_trace_mean_square,0.8336558081869933
100,2,17,Std,21,30,150,213,237,25,153,full_trace_mean_square,0.9542873691744068
100,2,17,S,21,30,150,213,237,25,153,full_trace_mean_square,0.338527639917555
100,2,17,K,21,30,150,213,237,25,153,full_trace_mean_square,0.4943058038220215
100,2,18,M,21,30,150,213,237,25,175,full_trace_mean_square,0.9327059065808314
100,2,18,P,21,30,150,213,237,25,175,full_trace_mean_square,0.9453216073942735
100,2,18,SLTA,21,30,150,213,237,25,175,full_trace_mean_square,0.7946159781910798
100,2,18,Std,21,30,150,213,237,25,175,full_trace_mean_square,0.9501682787268445
100,2,18,S,21,30,150,213,237,25,175,full_trace_mean_square,0.4444342610724057
100,2,18,K,21,30,150,213,237,25,175,full_trace_mean_square,0.460537176940253
100,2,19,M,21,30,150,213,237,25,177,full_trace_mean_square,0.9368602517076778
100,2,19,P,21,30,150,213,237,25,177,full_trace_mean_square,0.944891413025683
100,2,19,SLTA,21,30,150,213,237,25,177,full_trace_mean_square,0.8189699092478221
100,2,19,Std,21,30,150,213,237,25,177,full_trace_mean_square,0.9546569284197419
100,2,19,S,21,30,150,213,237,25,177,full_trace_mean_square,0.3435201979298474
100,2,19,K,21,30,150,213,237,25,177,full_trace_mean_square,0.4029396403078892
100,2,20,M,21,30,150,213,237,25,152,full_trace_mean_square,0.9370394406922903
100,2,20,P,21,30,150,213,237,25,152,full_trace_mean_square,0.945061802319433
100,2,20,SLTA,21,30,150,213,237,25,152,full_trace_mean_square,0.8414642044299304
100,2,20,Std,21,30,150,213,237,25,152,full_trace_mean_square,0.9568568752970573
100,2,20,S,21,30,150,213,237,25,152,full_trace_mean_square,0.4218515375946125
100,2,20,K,21,30,150,213,237,25,152,full_trace_mean_square,0.4383828128665024
100,2,21,M,21,30,150,213,237,25,154,full_trace_mean_square,0.944742601766321
100,2,21,P,21,30,150,213,237,25,154,full_trace_mean_square,0.9461068900683518
100,2,21,SLTA,21,30,150,213,237,25,154,full_trace_mean_square,0.8461798101223367
100,2,21,Std,21,30,150,213,237,25,154,full_trace_mean_square,0.9582436528384334
100,2,21,S,21,30,150,213,237,25,154,full_trace_mean_square,0.33740790954619754
100,2,21,K,21,30,150,213,237,25,154,full_trace_mean_square,0.38942862768301906
100,2,22,M,21,30,150,213,237,25,190,full_trace_mean_square,0.9324544244136719
100,2,22,P,21,30,150,213,237,25,190,full_trace_mean_square,0.9448267486653781
100,2,22,SLTA,21,30,150,213,237,25,190,full_trace_mean_square,0.8335220294398762
100,2,22,Std,21,30,150,213,237,25,190,full_trace_mean_square,0.9547724942969066
100,2,22,S,21,30,150,213,237,25,190,full_trace_mean_square,0.377104781926392
100,2,22,K,21,30,150,213,237,25,190,full_trace_mean_square,0.4081673568024607
100,2,23,M,21,30,150,213,237,25,142,full_trace_mean_square,0.9384164788470509
100,2,23,P,21,30,150,213,237,25,142,full_trace_mean_square,0.9461250174270385
100,2,23,SLTA,21,30,150,213,237,25,142,full_trace_mean_square,0.8416537396599962
100,2,23,Std,21,30,150,213,237,25,142,full_trace_mean_square,0.955129436210242
100,2,23,S,21,30,150,213,237,25,142,full_trace_mean_square,0.4327339139145519
100,2,23,K,21,30,150,213,237,25,142,full_trace_mean_square,0.41358646100418245
100,2,24,M,21,30,150,213,237,25,168,full_trace_mean_square,0.9413407766244929
100,2,24,P,21,30,150,213,237,25,168,full_trace_mean_square,0.9457429541482608
100,2,24,SLTA,21,30,150,213,237,25,168,full_trace_mean_square,0.8426813362822797
100,2,24,Std,21,30,150,213,237,25,168,full_trace_mean_square,0.9556169225782247
100,2,24,S,21,30,150,213,237,25,168,full_trace_mean_square,0.4145788715010166
100,2,24,K,21,30,150,213,237,25,168,full_trace_mean_square,0.538261987523625
100,2,25,M,21,30,150,213,237,25,177,full_trace_mean_square,0.9376531118126951
100,2,25,P,21,30,150,213,237,25,177,full_trace_mean_square,0.9454441431386879
100,2,25,SLTA,21,30,150,213,237,25,177,full_trace_mean_square,0.8239535970661763
100,2,25,Std,21,30,150,213,237,25,177,full_trace_mean_square,0.9545681938070062
100,2,25,S,21,30,150,213,237,25,177,full_trace_mean_square,0.39822948347160797
100,2,25,K,21,30,150,213,237,25,177,full_trace_mean_square,0.43189527156047736
100,2,26,M,21,30,150,213,237,25,127,full_trace_mean_square,0.9406083234842011
100,2,26,P,21,30,150,213,237,25,127,full_trace_mean_square,0.9459607356826528
100,2,26,SLTA,21,30,150,213,237,25,127,full_trace_mean_square,0.8239372283294649
100,2,26,Std,21,30,150,213,237,25,127,full_trace_mean_square,0.9556635822012188
100,2,26,S,21,30,150,213,237,25,127,full_trace_mean_square,0.4424392940767612
100,2,26,K,21,30,150,213,237,25,127,full_trace_mean_square,0.49563336045299394
100,2,27,M,21,30,150,213,237,25,165,full_trace_mean_square,0.9333632381605698
100,2,27,P,21,30,150,213,237,25,165,full_trace_mean_square,0.9444184972507015
100,2,27,SLTA,21,30,150,213,237,25,165,full_trace_mean_square,0.8098938411894481
100,2,27,Std,21,30,150,213,237,25,165,full_trace_mean_square,0.9517217061543257
100,2,27,S,21,30,150,213,237,25,165,full_trace_mean_square,0.4053262132638821
100,2,27,K,21,30,150,213,237,25,165,full_trace_mean_square,0.5124270010446771
100,2,28,M,21,30,150,213,237,25,163,full_trace_mean_square,0.9399015600403375
100,2,28,P,21,30,150,213,237,25,163,full_trace_mean_square,0.9468813822865821
100,2,28,SLTA,21,30,150,213,237,25,163,full_trace_mean_square,0.8220802164207783
100,2,28,Std,21,30,150,213,237,25,163,full_trace_mean_square,0.9561914546371911
100,2,28,S,21,30,150,213,237,25,163,full_trace_mean_square,0.34598530283600154
100,2,28,K,21,30,150,213,237,25,163,full_trace_mean_square,0.3268971376076884
100,2,29,M,21,30,150,213,237,25,174,full_trace_mean_square,0.931857038761452
100,2,29,P,21,30,150,213,237,25,174,full_trace_mean_square,0.9452847664176283
100,2,29,SLTA,21,30,150,213,237,25,174,full_trace_mean_square,0.8226709957792504
100,2,29,Std,21,30,150,213,237,25,174,full_trace_mean_square,0.9533395346227325
100,2,29,S,21,30,150,213,237,25,174,full_trace_mean_square,0.3092629916539315
100,2,29,K,21,30,150,213,237,25,174,full_trace_mean_square,0.3019882815745551
100,2,30,M,21,30,150,213,237,25,177,full_trace_mean_square,0.9405357635043154
100,2,30,P,21,30,150,213,237,25,177,full_trace_mean_square,0.9460430768718079
100,2,30,SLTA,21,30,150,213,237,25,177,full_trace_mean_square,0.8265529977780175
100,2,30,Std,21,30,150,213,237,25,177,full_trace_mean_square,0.9549972021309252
100,2,30,S,21,30,150,213,237,25,177,full_trace_mean_square,0.33073610576567425
100,2,30,K,21,30,150,213,237,25,177,full_trace_mean_square,0.3607990575841678
100,2,31,M,21,30,150,213,237,25,153,full_trace_mean_square,0.9393755536411122
100,2,31,P,21,30,150,213,237,25,153,full_trace_mean_square,0.9455351891990996
100,2,31,SLTA,21,30,150,213,237,25,153,full_trace_mean_square,0.8134497402476435
100,2,31,Std,21,30,150,213,237,25,153,full_trace_mean_square,0.9547445288814783
100,2,31,S,21,30,150,213,237,25,153,full_trace_mean_square,0.47983899634201277
100,2,31,K,21,30,150,213,237,25,153,full_trace_mean_square,0.49462985448207447
100,2,32,M,21,30,150,213,237,25,146,full_trace_mean_square,0.9420905566467263
100,2,32,P,21,30,150,213,237,25,146,full_trace_mean_square,0.9464469882041631
100,2,32,SLTA,21,30,150,213,237,25,146,full_trace_mean_square,0.8301241684962531
100,2,32,Std,21,30,150,213,237,25,146,full_trace_mean_square,0.9535076340577797
100,2,32,S,21,30,150,213,237,25,146,full_trace_mean_square,0.31298526364799506
100,2,32,K,21,30,150,213,237,25,146,full_trace_mean_square,0.3277406230098947
100,2,33,M,21,30,150,213,237,25,170,full_trace_mean_square,0.937359869737932
100,2,33,P,21,30,150,213,237,25,170,full_trace_mean_square,0.9448408367583007
100,2,33,SLTA,21,30,150,213,237,25,170,full_trace_mean_square,0.8265082013883126
100,2,33,Std,21,30,150,213,237,25,170,full_trace_mean_square,0.955077562805455
100,2,33,S,21,30,150,213,237,25,170,full_trace_mean_square,0.36986369231102706
100,2,33,K,21,30,150,213,237,25,170,full_trace_mean_square,0.4242745679765449
100,2,34,M,21,30,150,213,237,25,174,full_trace_mean_square,0.9374682926176474
100,2,34,P,21,30,150,213,237,25,174,full_trace_mean_square,0.946312014856704
100,2,34,SLTA,21,30,150,213,237,25,174,full_trace_mean_square,0.8260584366831846
100,2,34,Std,21,30,150,213,237,25,174,full_trace_mean_square,0.9518208916411576
100,2,34,S,21,30,150,213,237,25,174,full_trace_mean_square,0.35120191770808
100,2,34,K,21,30,150,213,237,25,174,full_trace_mean_square,0.33715117321242916
100,2,35,M,21,30,150,213,237,25,160,full_trace_mean_square,0.9290294379757805
100,2,35,P,21,30,150,213,237,25,160,full_trace_mean_square,0.9446182722329466
100,2,35,SLTA,21,30,150,213,237,25,160,full_trace_mean_square,0.7938572139257385
100,2,35,Std,21,30,150,213,237,25,160,full_trace_mean_square,0.950801910236695
100,2,35,S,21,30,150,213,237,25,160,full_trace_mean_square,0.4315999505258592
100,2,35,K,21,30,150,213,237,25,160,full_trace_mean_square,0.4649335866557475
100,2,36,M,21,30,150,213,237,25,164,full_trace_mean_square,0.9419998898502746
100,2,36,P,21,30,150,213,237,25,164,full_trace_mean_square,0.9455439857116552
100,2,36,SLTA,21,30,150,213,237,25,164,full_trace_mean_square,0.8410282762972112
100,2,36,Std,21,30,150,213,237,25,164,full_trace_mean_square,0.9560678782935066
100,2,36,S,21,30,150,213,237,25,164,full_trace_mean_square,0.36949966446380317
100,2,36,K,21,30,150,213,237,25,164,full_trace_mean_square,0.4478536462363861
100,2,37,M,21,30,150,213,237,25,153,full_trace_mean_square,0.9301775562669428
100,2,37,P,21,30,150,213,237,25,153,full_trace_mean_square,0.9447632861975492
100,2,37,SLTA,21,30,150,213,237,25,153,full_trace_mean_square,0.8108593256207598
100,2,37,Std,21,30,150,213,237,25,153,full_trace_mean_square,0.9499909884418618
100,2,37,S,21,30,150,213,237,25,153,full_trace_mean_square,0.33861090478812456
100,2,37,K,21,30,150,213,237,25,153,full_trace_mean_square,0.401155445786794
100,2,38,M,21,30,150,213,237,25,160,full_trace_mean_square,0.9407278250670188
100,2,38,P,21,30,150,213,237,25,160,full_trace_mean_square,0.9462728934015185
100,2,38,SLTA,21,30,150,213,237,25,160,full_trace_mean_square,0.8219666766582148
100,2,38,Std,21,30,150,213,237,25,160,full_trace_mean_square,0.9556086774091287
100,2,38,S,21,30,150,213,237,25,160,full_trace_mean_square,0.29477243499664446
100,2,38,K,21,30,150,213,237,25,160,full_trace_mean_square,0.35133288704479293
100,2,39,M,21,30,150,213,237,25,142,full_trace_mean_square,0.940415334883041
100,2,39,P,21,30,150,213,237,25,142,full_trace_mean_square,0.9461474918174215
100,2,39,SLTA,21,30,150,213,237,25,142,full_trace_mean_square,0.8500419599832455
100,2,39,Std,21,30,150,213,237,25,142,full_trace_mean_square,0.9563950932488244
100,2,39,S,21,30,150,213,237,25,142,full_trace_mean_square,0.3944357625059455
100,2,39,K,21,30,150,213,237,25,142,full_trace_mean_square,0.4683769512411804
100,2,40,M,21,30,150,213,237,25,161,full_trace_mean_square,0.9395797096648947
100,2,40,P,21,30,150,213,237,25,161,full_trace_mean_square,0.945303007183339
100,2,40,SLTA,21,30,150,213,237,25,161,full_trace_mean_square,0.8486558355154961
100,2,40,Std,21,30,150,213,237,25,161,full_trace_mean_square,0.9563417659919343
100,2,40,S,21,30,150,213,237,25,161,full_trace_mean_square,0.3104682849630161
100,2,40,K,21,30,150,213,237,25,161,full_trace_mean_square,0.3635534003531825
100,2,41,M,21,30,150,213,237,25,163,full_trace_mean_square,0.9372614206617358
100,2,41,P,21,30,150,213,237,25,163,full_trace_mean_square,0.9464670895757752
100,2,41,SLTA,21,30,150,213,237,25,163,full_trace_mean_square,0.8220816314190746
100,2,41,Std,21,30,150,213,237,25,163,full_trace_mean_square,0.9517878095808652
100,2,41,S,21,30,150,213,237,25,163,full_trace_mean_square,0.2542089497891564
100,2,41,K,21,30,150,213,237,25,163,full_trace_mean_square,0.2611949201628948
100,2,42,M,21,30,150,213,237,25,166,full_trace_mean_square,0.9355455922249584
100,2,42,P,21,30,150,213,237,25,166,full_trace_mean_square,0.9449811585040592
100,2,42,SLTA,21,30,150,213,237,25,166,full_trace_mean_square,0.8227409788577223
100,2,42,Std,21,30,150,213,237,25,166,full_trace_mean_square,0.9545536883469673
100,2,42,S,21,30,150,213,237,25,166,full_trace_mean_square,0.45741074938247733
100,2,42,K,21,30,150,213,237,25,166,full_trace_mean_square,0.41794994816676767
100,2,43,M,21,30,150,213,237,25,169,full_trace_mean_square,0.9381953540011608
100,2,43,P,21,30,150,213,237,25,169,full_trace_mean_square,0.9453037526708291
100,2,43,SLTA,21,30,150,213,237,25,169,full_trace_mean_square,0.8146549728283083
100,2,43,Std,21,30,150,213,237,25,169,full_trace_mean_square,0.9537223089884523
100,2,43,S,21,30,150,213,237,25,169,full_trace_mean_square,0.35636760812856055
100,2,43,K,21,30,150,213,237,25,169,full_trace_mean_square,0.3987761420608995
100,2,44,M,21,30,150,213,237,25,179,full_trace_mean_square,0.9382348187074572
100,2,44,P,21,30,150,213,237,25,179,full_trace_mean_square,0.9465228495726891
100,2,44,SLTA,21,30,150,213,237,25,179,full_trace_mean_square,0.8135494093226433
100,2,44,Std,21,30,150,213,237,25,179,full_trace_mean_square,0.9528819699474674
100,2,44,S,21,30,150,213,237,25,179,full_trace_mean_square,0.3431615698213689
100,2,44,K,21,30,150,213,237,25,179,full_trace_mean_square,0.3665862216397566
100,2,45,M,21,30,150,213,237,25,121,full_trace_mean_square,0.9409290545671966
100,2,45,P,21,30,150,213,237,25,121,full_trace_mean_square,0.9468472405111986
100,2,45,SLTA,21,30,150,213,237,25,121,full_trace_mean_square,0.8356257821921863
100,2,45,Std,21,30,150,213,237,25,121,full_trace_mean_square,0.9553866222561319
100,2,45,S,21,30,150,213,237,25,121,full_trace_mean_square,0.28552205895498034
100,2,45,K,21,30,150,213,237,25,121,full_trace_mean_square,0.4225198489244719
100,2,46,M,21,30,150,213,237,25,153,full_trace_mean_square,0.9303281569308797
100,2,46,P,21,30,150,213,237,25,153,full_trace_mean_square,0.944766943550743
100,2,46,SLTA,21,30,150,213,237,25,153,full_trace_mean_square,0.8080296316730367
100,2,46,Std,21,30,150,213,237,25,153,full_trace_mean_square,0.9501488167721047
100,2,46,S,21,30,150,213,237,25,153,full_trace_mean_square,0.42936309582922144
100,2,46,K,21,30,150,213,237,25,153,full_trace_mean_square,0.38059661622357793
100,2,47,M,21,30,150,213,237,25,159,full_trace_mean_square,0.9359755096735402
100,2,47,P,21,30,150,213,237,25,159,full_trace_mean_square,0.9442799966020292
100,2,47,SLTA,21,30,150,213,237,25,159,full_trace_mean_square,0.8407689596510395
100,2,47,Std,21,30,150,213,237,25,159,full_trace_mean_square,0.9555340135072846
100,2,47,S,21,30,150,213,237,25,159,full_trace_mean_square,0.515273700467242
100,2,47,K,21,30,150,213,237,25,159,full_trace_mean_square,0.47574443328129984
100,2,48,M,21,30,150,213,237,25,146,full_trace_mean_square,0.9290240153756325
100,2,48,P,21,30,150,213,237,25,146,full_trace_mean_square,0.945391932753073
100,2,48,SLTA,21,30,150,213,237,25,146,full_trace_mean_square,0.8432988702246775
100,2,48,Std,21,30,150,213,237,25,146,full_trace_mean_square,0.9488556981338028
100,2,48,S,21,30,150,213,237,25,146,full_trace_mean_square,0.38442851925506055
100,2,48,K,21,30,150,213,237,25,146,full_trace_mean_square,0.3835761813695714
100,2,49,M,21,30,150,213,237,25,157,full_trace_mean_square,0.9354214365135278
100,2,49,P,21,30,150,213,237,25,157,full_trace_mean_square,0.94590825759874
100,2,49,SLTA,21,30,150,213,237,25,157,full_trace_mean_square,0.821184417417768
100,2,49,Std,21,30,150,213,237,25,157,full_trace_mean_square,0.9526569637940004
100,2,49,S,21,30,150,213,237,25,157,full_trace_mean_square,0.4651085691563318
100,2,49,K,21,30,150,213,237,25,157,full_trace_mean_square,0.37734513611143156
100,2,50,M,21,30,150,213,237,25,156,full_trace_mean_square,0.9393068003385563
100,2,50,P,21,30,150,213,237,25,156,full_trace_mean_square,0.9459543923453193
100,2,50,SLTA,21,30,150,213,237,25,156,full_trace_mean_square,0.8351598856014545
100,2,50,Std,21,30,150,213,237,25,156,full_trace_mean_square,0.9554151143790687
100,2,50,S,21,30,150,213,237,25,156,full_trace_mean_square,0.4777487613884933
100,2,50,K,21,30,150,213,237,25,156,full_trace_mean_square,0.42592801735999325
100,2,51,M,21,30,150,213,237,25,154,full_trace_mean_square,0.9400473921446526
100,2,51,P,21,30,150,213,237,25,154,full_trace_mean_square,0.9470159170380615
100,2,51,SLTA,21,30,150,213,237,25,154,full_trace_mean_square,0.7969702744053331
100,2,51,Std,21,30,150,213,237,25,154,full_trace_mean_square,0.9535207367480862
100,2,51,S,21,30,150,213,237,25,154,full_trace_mean_square,0.2951025480044731
100,2,51,K,21,30,150,213,237,25,154,full_trace_mean_square,0.3538694938531115
100,2,52,M,21,30,150,213,237,25,157,full_trace_mean_square,0.9428140277463704
100,2,52,P,21,30,150,213,237,25,157,full_trace_mean_square,0.9460972920575759
100,2,52,SLTA,21,30,150,213,237,25,157,full_trace_mean_square,0.8329211111195101
100,2,52,Std,21,30,150,213,237,25,157,full_trace_mean_square,0.9569058159756095
100,2,52,S,21,30,150,213,237,25,157,full_trace_mean_square,0.3604923257962911
100,2,52,K,21,30,150,213,237,25,157,full_trace_mean_square,0.39255967140435893
100,2,53,M,21,30,150,213,237,25,176,full_trace_mean_square,0.9406470459171685
100,2,53,P,21,30,150,213,237,25,176,full_trace_mean_square,0.9464796967653577
100,2,53,SLTA,21,30,150,213,237,25,176,full_trace_mean_square,0.8416788472505955
100,2,53,Std,21,30,150,213,237,25,176,full_trace_mean_square,0.9562092485580608
100,2,53,S,21,30,150,213,237,25,176,full_trace_mean_square,0.37540349109175886
100,2,53,K,21,30,150,213,237,25,176,full_trace_mean_square,0.42818517561781805
100,2,54,M,21,30,150,213,237,25,145,full_trace_mean_square,0.9376983487725499
100,2,54,P,21,30,150,213,237,25,145,full_trace_mean_square,0.9458453458305817
100,2,54,SLTA,21,30,150,213,237,25,145,full_trace_mean_square,0.8296232996540668
100,2,54,Std,21,30,150,213,237,25,145,full_trace_mean_square,0.954267243060214
100,2,54,S,21,30,150,213,237,25,145,full_trace_mean_square,0.34722490481889023
100,2,54,K,21,30,150,213,237,25,145,full_trace_mean_square,0.3548711630429766
100,2,55,M,21,30,150,213,237,25,169,full_trace_mean_square,0.9407036383020814
100,2,55,P,21,30,150,213,237,25,169,full_trace_mean_square,0.9459188765679819
100,2,55,SLTA,21,30,150,213,237,25,169,full_trace_mean_square,0.8276672371064954
100,2,55,Std,21,30,150,213,237,25,169,full_trace_mean_square,0.9556126328405301
100,2,55,S,21,30,150,213,237,25,169,full_trace_mean_square,0.37200927798566835
100,2,55,K,21,30,150,213,237,25,169,full_trace_mean_square,0.4000593002663632
100,2,56,M,21,30,150,213,237,25,144,full_trace_mean_square,0.9289229456736972
100,2,56,P,21,30,150,213,237,25,144,full_trace_mean_square,0.9436825038415295
100,2,56,SLTA,21,30,150,213,237,25,144,full_trace_mean_square,0.8205354323825392
100,2,56,Std,21,30,150,213,237,25,144,full_trace_mean_square,0.9513248565188168
100,2,56,S,21,30,150,213,237,25,144,full_trace_mean_square,0.43007962951783013
100,2,56,K,21,30,150,213,237,25,144,full_trace_mean_square,0.44193208828869246
100,2,57,M,21,30,150,213,237,25,164,full_trace_mean_square,0.9370900917068988
100,2,57,P,21,30,150,213,237,25,164,full_trace_mean_square,0.9449319444528718
100,2,57,SLTA,21,30,150,213,237,25,164,full_trace_mean_square,0.8366285840695042
100,2,57,Std,21,30,150,213,237,25,164,full_trace_mean_square,0.9570932314501217
100,2,57,S,21,30,150,213,237,25,164,full_trace_mean_square,0.4004004463405128
100,2,57,K,21,30,150,213,237,25,164,full_trace_mean_square,0.43992978713387865
100,2,58,M,21,30,150,213,237,25,138,full_trace_mean_square,0.935076079606708
100,2,58,P,21,30,150,213,237,25,138,full_trace_mean_square,0.9449641169487079
100,2,58,SLTA,21,30,150,213,237,25,138,full_trace_mean_square,0.8325280485905542
100,2,58,Std,21,30,150,213,237,25,138,full_trace_mean_square,0.9521858549081943
100,2,58,S,21,30,150,213,237,25,138,full_trace_mean_square,0.39350604884701035
100,2,58,K,21,30,150,213,237,25,138,full_trace_mean_square,0.43743586132126877
100,2,59,M,21,30,150,213,237,25,176,full_trace_mean_square,0.9407163063878371
100,2,59,P,21,30,150,213,237,25,176,full_trace_mean_square,0.9456447377648068
100,2,59,SLTA,21,30,150,213,237,25,176,full_trace_mean_square,0.8375499075315564
100,2,59,Std,21,30,150,213,237,25,176,full_trace_mean_square,0.957078359455371
100,2,59,S,21,30,150,213,237,25,176,full_trace_mean_square,0.48081894528329444
100,2,59,K,21,30,150,213,237,25,176,full_trace_mean_square,0.5067624597732527
100,2,60,M,21,30,150,213,237,25,171,full_trace_mean_square,0.9385852918456347
100,2,60,P,21,30,150,213,237,25,171,full_trace_mean_square,0.945343617081462
100,2,60,SLTA,21,30,150,213,237,25,171,full_trace_mean_square,0.8343832940821583
100,2,60,Std,21,30,150,213,237,25,171,full_trace_mean_square,0.9547544145217194
100,2,60,S,21,30,150,213,237,25,171,full_trace_mean_square,0.3875820342630313
100,2,60,K,21,30,150,213,237,25,171,full_trace_mean_square,0.5307397152460452
100,2,61,M,21,30,150,213,237,25,166,full_trace_mean_square,0.939961133922682
100,2,61,P,21,30,150,213,237,25,166,full_trace_mean_square,0.9443109572889401
100,2,61,SLTA,21,30,150,213,237,25,166,full_trace_mean_square,0.8204021820626768
100,2,61,Std,21,30,150,213,237,25,166,full_trace_mean_square,0.9561450365953333
100,2,61,S,21,30,150,213,237,25,166,full_trace_mean_square,0.44475301361338887
100,2,61,K,21,30,150,213,237,25,166,full_trace_mean_square,0.5579864454296566
100,2,62,M,21,30,150,213,237,25,172,full_trace_mean_square,0.9330401168765216
100,2,62,P,21,30,150,213,237,25,172,full_trace_mean_square,0.9446930518089873
100,2,62,SLTA,21,30,150,213,237,25,172,full_trace_mean_square,0.8102319888887761
100,2,62,Std,21,30,150,213,237,25,172,full_trace_mean_square,0.9530531003742555
100,2,62,S,21,30,150,213,237,25,172,full_trace_mean_square,0.447780546296754
100,2,62,K,21,30,150,213,237,25,172,full_trace_mean_square,0.44073444456524175
100,2,63,M,21,30,150,213,237,25,167,full_trace_mean_square,0.9410030502736227
100,2,63,P,21,30,150,213,237,25,167,full_trace_mean_square,0.946100896118315
100,2,63,SLTA,21,30,150,213,237,25,167,full_trace_mean_square,0.8115244018092976
100,2,63,Std,21,30,150,213,237,25,167,full_trace_mean_square,0.9550148019788481
100,2,63,S,21,30,150,213,237,25,167,full_trace_mean_square,0.3406811145950322
100,2,63,K,21,30,150,213,237,25,167,full_trace_mean_square,0.35816589498783
100,2,64,M,21,30,150,213,237,25,159,full_trace_mean_square,0.9397892373140764
100,2,64,P,21,30,150,213,237,25,159,full_trace_mean_square,0.9461772988735971
100,2,64,SLTA,21,30,150,213,237,25,159,full_trace_mean_square,0.8320064565769169
100,2,64,Std,21,30,150,213,237,25,159,full_trace_mean_square,0.9537182504638457
100,2,64,S,21,30,150,213,237,25,159,full_trace_mean_square,0.343534683734848
100,2,64,K,21,30,150,213,237,25,159,full_trace_mean_square,0.346970042276853
100,2,65,M,21,30,150,213,237,25,143,full_trace_mean_square,0.940195584809857
100,2,65,P,21,30,150,213,237,25,143,full_trace_mean_square,0.9459706962530906
100,2,65,SLTA,21,30,150,213,237,25,143,full_trace_mean_square,0.8424520194470583
100,2,65,Std,21,30,150,213,237,25,143,full_trace_mean_square,0.956342277578315
100,2,65,S,21,30,150,213,237,25,143,full_trace_mean_square,0.42396074084742685
100,2,65,K,21,30,150,213,237,25,143,full_trace_mean_square,0.3705072868509468
100,2,66,M,21,30,150,213,237,25,162,full_trace_mean_square,0.9454935497856118
100,2,66,P,21,30,150,213,237,25,162,full_trace_mean_square,0.9464454960803621
100,2,66,SLTA,21,30,150,213,237,25,162,full_trace_mean_square,0.8491209293886598
100,2,66,Std,21,30,150,213,237,25,162,full_trace_mean_square,0.9584530188616478
100,2,66,S,21,30,150,213,237,25,162,full_trace_mean_square,0.32499741445543207
100,2,66,K,21,30,150,213,237,25,162,full_trace_mean_square,0.41380379812568446
100,2,67,M,21,30,150,213,237,25,168,full_trace_mean_square,0.9343938123453251
100,2,67,P,21,30,150,213,237,25,168,full_trace_mean_square,0.9462983259859001
100,2,67,SLTA,21,30,150,213,237,25,168,full_trace_mean_square,0.8374839631105567
100,2,67,Std,21,30,150,213,237,25,168,full_trace_mean_square,0.9522848553667618
100,2,67,S,21,30,150,213,237,25,168,full_trace_mean_square,0.2668004715582414
100,2,67,K,21,30,150,213,237,25,168,full_trace_mean_square,0.33508725774692716
100,2,68,M,21,30,150,213,237,25,156,full_trace_mean_square,0.9343713461016437
100,2,68,P,21,30,150,213,237,25,156,full_trace_mean_square,0.9453714686862111
100,2,68,SLTA,21,30,150,213,237,25,156,full_trace_mean_square,0.8186611173138558
100,2,68,Std,21,30,150,213,237,25,156,full_trace_mean_square,0.9515980127224766
100,2,68,S,21,30,150,213,237,25,156,full_trace_mean_square,0.40743299288849577
100,2,68,K,21,30,150,213,237,25,156,full_trace_mean_square,0.4733756908941483
100,2,69,M,21,30,150,213,237,25,165,full_trace_mean_square,0.9289307973140359
100,2,69,P,21,30,150,213,237,25,165,full_trace_mean_square,0.9441926295432457
100,2,69,SLTA,21,30,150,213,237,25,165,full_trace_mean_square,0.7940177196789016
100,2,69,Std,21,30,150,213,237,25,165,full_trace_mean_square,0.9483936364149841
100,2,69,S,21,30,150,213,237,25,165,full_trace_mean_square,0.46578530188216416
100,2,69,K,21,30,150,213,237,25,165,full_trace_mean_square,0.46309029447693517
100,2,70,M,21,30,150,213,237,25,142,full_trace_mean_square,0.9294573450260268
100,2,70,P,21,30,150,213,237,25,142,full_trace_mean_square,0.9461238476598105
100,2,70,SLTA,21,30,150,213,237,25,142,full_trace_mean_square,0.8086774824647678
100,2,70,Std,21,30,150,213,237,25,142,full_trace_mean_square,0.9505478389047841
100,2,70,S,21,30,150,213,237,25,142,full_trace_mean_square,0.302854704544831
100,2,70,K,21,30,150,213,237,25,142,full_trace_mean_square,0.3568384446596117
100,2,71,M,21,30,150,213,237,25,180,full_trace_mean_square,0.9391769287772456
100,2,71,P,21,30,150,213,237,25,180,full_trace_mean_square,0.9453307443674897
100,2,71,SLTA,21,30,150,213,237,25,180,full_trace_mean_square,0.831619747350025
100,2,71,Std,21,30,150,213,237,25,180,full_trace_mean_square,0.9543919165383645
100,2,71,S,21,30,150,213,237,25,180,full_trace_mean_square,0.37622474520051297
100,2,71,K,21,30,150,213,237,25,180,full_trace_mean_square,0.4147257252190665
100,2,72,M,21,30,150,213,237,25,174,full_trace_mean_square,0.9393475019720546
100,2,72,P,21,30,150,213,237,25,174,full_trace_mean_square,0.9463574110644746
100,2,72,SLTA,21,30,150,213,237,25,174,full_trace_mean_square,0.8176979976494664
100,2,72,Std,21,30,150,213,237,25,174,full_trace_mean_square,0.9549137905878098
100,2,72,S,21,30,150,213,237,25,174,full_trace_mean_square,0.34347302863979057
100,2,72,K,21,30,150,213,237,25,174,full_trace_mean_square,0.37433150705152524
100,2,73,M,21,30,150,213,237,25,164,full_trace_mean_square,0.9380606173812973
100,2,73,P,21,30,150,213,237,25,164,full_trace_mean_square,0.9464081919156261
100,2,73,SLTA,21,30,150,213,237,25,164,full_trace_mean_square,0.808370522150753
100,2,73,Std,21,30,150,213,237,25,164,full_trace_mean_square,0.9545004310837296
100,2,73,S,21,30,150,213,237,25,164,full_trace_mean_square,0.3681065200485317
100,2,73,K,21,30,150,213,237,25,164,full_trace_mean_square,0.3588208699200705
100,2,74,M,21,30,150,213,237,25,170,full_trace_mean_square,0.9364998319316796
100,2,74,P,21,30,150,213,237,25,170,full_trace_mean_square,0.9437440941019524
100,2,74,SLTA,21,30,150,213,237,25,170,full_trace_mean_square,0.8329059200663366
100,2,74,Std,21,30,150,213,237,25,170,full_trace_mean_square,0.9527983957847027
100,2,74,S,21,30,150,213,237,25,170,full_trace_mean_square,0.3815760154281134
100,2,74,K,21,30,150,213,237,25,170,full_trace_mean_square,0.4816630094486157
100,2,75,M,21,30,150,213,237,25,152,full_trace_mean_square,0.9420289281925772
100,2,75,P,21,30,150,213,237,25,152,full_trace_mean_square,0.9470823852542916
100,2,75,SLTA,21,30,150,213,237,25,152,full_trace_mean_square,0.8326388450333589
100,2,75,Std,21,30,150,213,237,25,152,full_trace_mean_square,0.9564109578294795
100,2,75,S,21,30,150,213,237,25,152,full_trace_mean_square,0.366553869388904
100,2,75,K,21,30,150,213,237,25,152,full_trace_mean_square,0.3975517551667611
100,2,76,M,21,30,150,213,237,25,184,full_trace_mean_square,0.9379148893027067
100,2,76,P,21,30,150,213,237,25,184,full_trace_mean_square,0.9453541284492207
100,2,76,SLTA,21,30,150,213,237,25,184,full_trace_mean_square,0.8342622031688719
100,2,76,Std,21,30,150,213,237,25,184,full_trace_mean_square,0.9546695839124297
100,2,76,S,21,30,150,213,237,25,184,full_trace_mean_square,0.31205685772014186
100,2,76,K,21,30,150,213,237,25,184,full_trace_mean_square,0.4270265699768238
100,2,77,M,21,30,150,213,237,25,131,full_trace_mean_square,0.9393471317845397
100,2,77,P,21,30,150,213,237,25,131,full_trace_mean_square,0.9462238868010872
100,2,77,SLTA,21,30,150,213,237,25,131,full_trace_mean_square,0.8211581520843771
100,2,77,Std,21,30,150,213,237,25,131,full_trace_mean_square,0.9541565111082906
100,2,77,S,21,30,150,213,237,25,131,full_trace_mean_square,0.3694281815032058
100,2,77,K,21,30,150,213,237,25,131,full_trace_mean_square,0.45978527217060206
100,2,78,M,21,30,150,213,237,25,183,full_trace_mean_square,0.9397704416409535
100,2,78,P,21,30,150,213,237,25,183,full_trace_mean_square,0.9459343446469928
100,2,78,SLTA,21,30,150,213,237,25,183,full_trace_mean_square,0.8258449554609376
100,2,78,Std,21,30,150,213,237,25,183,full_trace_mean_square,0.9530896362495095
100,2,78,S,21,30,150,213,237,25,183,full_trace_mean_square,0.26299808027940225
100,2,78,K,21,30,150,213,237,25,183,full_trace_mean_square,0.2758338625251519
100,2,79,M,21,30,150,213,237,25,158,full_trace_mean_square,0.9386505846347185
100,2,79,P,21,30,150,213,237,25,158,full_trace_mean_square,0.9455192862704284
100,2,79,SLTA,21,30,150,213,237,25,158,full_trace_mean_square,0.8118365835250456
100,2,79,Std,21,30,150,213,237,25,158,full_trace_mean_square,0.9510927317837555
100,2,79,S,21,30,150,213,237,25,158,full_trace_mean_square,0.2634712698331367
100,2,79,K,21,30,150,213,237,25,158,full_trace_mean_square,0.386676386607924
100,2,80,M,21,30,150,213,237,25,152,full_trace_mean_square,0.9423717535863857
100,2,80,P,21,30,150,213,237,25,152,full_trace_mean_square,0.9467052333010353
100,2,80,SLTA,21,30,150,213,237,25,152,full_trace_mean_square,0.8328743387407732
100,2,80,Std,21,30,150,213,237,25,152,full_trace_mean_square,0.9546645231545787
100,2,80,S,21,30,150,213,237,25,152,full_trace_mean_square,0.36994524799224787
100,2,80,K,21,30,150,213,237,25,152,full_trace_mean_square,0.37052879933702265
100,2,81,M,21,30,150,213,237,25,154,full_trace_mean_square,0.9389281012471
100,2,81,P,21,30,150,213,237,25,154,full_trace_mean_square,0.9463481402610318
100,2,81,SLTA,21,30,150,213,237,25,154,full_trace_mean_square,0.8036177057363181
100,2,81,Std,21,30,150,213,237,25,154,full_trace_mean_square,0.9533107933171506
100,2,81,S,21,30,150,213,237,25,154,full_trace_mean_square,0.34406340969414523
100,2,81,K,21,30,150,213,237,25,154,full_trace_mean_square,0.48393611212521437
100,2,82,M,21,30,150,213,237,25,158,full_trace_mean_square,0.9406178552689662
100,2,82,P,21,30,150,213,237,25,158,full_trace_mean_square,0.946312460133702
100,2,82,SLTA,21,30,150,213,237,25,158,full_trace_mean_square,0.8142718440452795
100,2,82,Std,21,30,150,213,237,25,158,full_trace_mean_square,0.9519854870092386
100,2,82,S,21,30,150,213,237,25,158,full_trace_mean_square,0.44003474587932406
100,2,82,K,21,30,150,213,237,25,158,full_trace_mean_square,0.47643794550463764
100,2,83,M,21,30,150,213,237,25,165,full_trace_mean_square,0.9296564835406329
100,2,83,P,21,30,150,213,237,25,165,full_trace_mean_square,0.9452168713274752
100,2,83,SLTA,21,30,150,213,237,25,165,full_trace_mean_square,0.8304137571120465
100,2,83,Std,21,30,150,213,237,25,165,full_trace_mean_square,0.951479315318411
100,2,83,S,21,30,150,213,237,25,165,full_trace_mean_square,0.3390049422273993
100,2,83,K,21,30,150,213,237,25,165,full_trace_mean_square,0.3361660479512659
100,2,84,M,21,30,150,213,237,25,169,full_trace_mean_square,0.941067417338351
100,2,84,P,21,30,150,213,237,25,169,full_trace_mean_square,0.9457747603739798
100,2,84,SLTA,21,30,150,213,237,25,169,full_trace_mean_square,0.8337692660730189
100,2,84,Std,21,30,150,213,237,25,169,full_trace_mean_square,0.9563109634769459
100,2,84,S,21,30,150,213,237,25,169,full_trace_mean_square,0.47308704100043303
100,2,84,K,21,30,150,213,237,25,169,full_trace_mean_square,0.4746548998642561
100,2,85,M,21,30,150,213,237,25,155,full_trace_mean_square,0.942763599725468
100,2,85,P,21,30,150,213,237,25,155,full_trace_mean_square,0.9461867877660143
100,2,85,SLTA,21,30,150,213,237,25,155,full_trace_mean_square,0.8347328503269943
100,2,85,Std,21,30,150,213,237,25,155,full_trace_mean_square,0.9568059688593118
100,2,85,S,21,30,150,213,237,25,155,full_trace_mean_square,0.4534616105720803
100,2,85,K,21,30,150,213,237,25,155,full_trace_mean_square,0.497116240999244
100,2,86,M,21,30,150,213,237,25,134,full_trace_mean_square,0.9419462346645042
100,2,86,P,21,30,150,213,237,25,134,full_trace_mean_square,0.946873292905102
100,2,86,SLTA,21,30,150,213,237,25,134,full_trace_mean_square,0.8035247840381834
100,2,86,Std,21,30,150,213,237,25,134,full_trace_mean_square,0.9559477030874713
100,2,86,S,21,30,150,213,237,25,134,full_trace_mean_square,0.3105060302916082
100,2,86,K,21,30,150,213,237,25,134,full_trace_mean_square,0.40499909702329523
100,2,87,M,21,30,150,213,237,25,170,full_trace_mean_square,0.937113757158913
100,2,87,P,21,30,150,213,237,25,170,full_trace_mean_square,0.944008489279738
100,2,87,SLTA,21,30,150,213,237,25,170,full_trace_mean_square,0.8196717818001694
100,2,87,Std,21,30,150,213,237,25,170,full_trace_mean_square,0.9546008301331832
100,2,87,S,21,30,150,213,237,25,170,full_trace_mean_square,0.4796505269447809
100,2,87,K,21,30,150,213,237,25,170,full_trace_mean_square,0.5359975626905632
100,2,88,M,21,30,150,213,237,25,153,full_trace_mean_square,0.9335622514895628
100,2,88,P,21,30,150,213,237,25,153,full_trace_mean_square,0.9449464135390969
100,2,88,SLTA,21,30,150,213,237,25,153,full_trace_mean_square,0.8268257618191028
100,2,88,Std,21,30,150,213,237,25,153,full_trace_mean_square,0.9518882362281884
100,2,88,S,21,30,150,213,237,25,153,full_trace_mean_square,0.44634479321768245
100,2,88,K,21,30,150,213,237,25,153,full_trace_mean_square,0.537164263479872
100,2,89,M,21,30,150,213,237,25,152,full_trace_mean_square,0.9395813984865227
100,2,89,P,21,30,150,213,237,25,152,full_trace_mean_square,0.9461881881071584
100,2,89,SLTA,21,30,150,213,237,25,152,full_trace_mean_square,0.8300480317872869
100,2,89,Std,21,30,150,213,237,25,152,full_trace_mean_square,0.9543830243918382
100,2,89,S,21,30,150,213,237,25,152,full_trace_mean_square,0.3749837414279639
100,2,89,K,21,30,150,213,237,25,152,full_trace_mean_square,0.47499221793908797
100,2,90,M,21,30,150,213,237,25,161,full_trace_mean_square,0.9347449248244919
100,2,90,P,21,30,150,213,237,25,161,full_trace_mean_square,0.9449982610119433
100,2,90,SLTA,21,30,150,213,237,25,161,full_trace_mean_square,0.8345295527609327
100,2,90,Std,21,30,150,213,237,25,161,full_trace_mean_square,0.9543478517969674
100,2,90,S,21,30,150,213,237,25,161,full_trace_mean_square,0.39180525566223673
100,2,90,K,21,30,150,213,237,25,161,full_trace_mean_square,0.3959690424654557
100,2,91,M,21,30,150,213,237,25,163,full_trace_mean_square,0.9285362588676712
100,2,91,P,21,30,150,213,237,25,163,full_trace_mean_square,0.9450503216693203
100,2,91,SLTA,21,30,150,213,237,25,163,full_trace_mean_square,0.7894990790573062
100,2,91,Std,21,30,150,213,237,25,163,full_trace_mean_square,0.9502823597399982
100,2,91,S,21,30,150,213,237,25,163,full_trace_mean_square,0.37914495012463967
100,2,91,K,21,30,150,213,237,25,163,full_trace_mean_square,0.4677751472155267
100,2,92,M,21,30,150,213,237,25,183,full_trace_mean_square,0.9385774284044993
100,2,92,P,21,30,150,213,237,25,183,full_trace_mean_square,0.9454980018687943
100,2,92,SLTA,21,30,150,213,237,25,183,full_trace_mean_square,0.817075807064631
100,2,92,Std,21,30,150,213,237,25,183,full_trace_mean_square,0.9528625078526919
100,2,92,S,21,30,150,213,237,25,183,full_trace_mean_square,0.4118027924772428
100,2,92,K,21,30,150,213,237,25,183,full_trace_mean_square,0.40745791188410363
100,2,93,M,21,30,150,213,237,25,158,full_trace_mean_square,0.9296682830165124
100,2,93,P,21,30,150,213,237,25,158,full_trace_mean_square,0.9447719933559863
100,2,93,SLTA,21,30,150,213,237,25,158,full_trace_mean_square,0.8071710542565349
100,2,93,Std,21,30,150,213,237,25,158,full_trace_mean_square,0.9514973937302765
100,2,93,S,21,30,150,213,237,25,158,full_trace_mean_square,0.4435112878409757
100,2,93,K,21,30,150,213,237,25,158,full_trace_mean_square,0.4227496168040918
100,2,94,M,21,30,150,213,237,25,173,full_trace_mean_square,0.9347147150573326
100,2,94,P,21,30,150,213,237,25,173,full_trace_mean_square,0.9451262905104486
100,2,94,SLTA,21,30,150,213,237,25,173,full_trace_mean_square,0.8145132196957878
100,2,94,Std,21,30,150,213,237,25,173,full_trace_mean_square,0.9519655372437424
100,2,94,S,21,30,150,213,237,25,173,full_trace_mean_square,0.39690301108062154
100,2,94,K,21,30,150,213,237,25,173,full_trace_mean_square,0.36316059544161905
100,2,95,M,21,30,150,213,237,25,170,full_trace_mean_square,0.9383190661219086
100,2,95,P,21,30,150,213,237,25,170,full_trace_mean_square,0.9461138750267559
100,2,95,SLTA,21,30,150,213,237,25,170,full_trace_mean_square,0.8019297225431683
100,2,95,Std,21,30,150,213,237,25,170,full_trace_mean_square,0.9549823808449583
100,2,95,S,21,30,150,213,237,25,170,full_trace_mean_square,0.39857398336398814
100,2,95,K,21,30,150,213,237,25,170,full_trace_mean_square,0.43740194917278136
100,2,96,M,21,30,150,213,237,25,163,full_trace_mean_square,0.9388287565868174
100,2,96,P,21,30,150,213,237,25,163,full_trace_mean_square,0.9450884182804783
100,2,96,SLTA,21,30,150,213,237,25,163,full_trace_mean_square,0.8186709460988421
100,2,96,Std,21,30,150,213,237,25,163,full_trace_mean_square,0.9563481426095066
100,2,96,S,21,30,150,213,237,25,163,full_trace_mean_square,0.3415384841861923
100,2,96,K,21,30,150,213,237,25,163,full_trace_mean_square,0.3865876072513055
100,2,97,M,21,30,150,213,237,25,159,full_trace_mean_square,0.9397194426478628
100,2,97,P,21,30,150,213,237,25,159,full_trace_mean_square,0.9450422829105699
100,2,97,SLTA,21,30,150,213,237,25,159,full_trace_mean_square,0.8198509222583235
100,2,97,Std,21,30,150,213,237,25,159,full_trace_mean_square,0.9555522306085045
100,2,97,S,21,30,150,213,237,25,159,full_trace_mean_square,0.4774011448468638
100,2,97,K,21,30,150,213,237,25,159,full_trace_mean_square,0.4006163344226007
100,2,98,M,21,30,150,213,237,25,169,full_trace_mean_square,0.9387985194782246
100,2,98,P,21,30,150,213,237,25,169,full_trace_mean_square,0.9461998547174401
100,2,98,SLTA,21,30,150,213,237,25,169,full_trace_mean_square,0.8418840339871619
100,2,98,Std,21,30,150,213,237,25,169,full_trace_mean_square,0.9556819272410784
100,2,98,S,21,30,150,213,237,25,169,full_trace_mean_square,0.44145578311301675
100,2,98,K,21,30,150,213,237,25,169,full_trace_mean_square,0.3899971928355806
100,2,99,M,21,30,150,213,237,25,178,full_trace_mean_square,0.9456090425002617
100,2,99,P,21,30,150,213,237,25,178,full_trace_mean_square,0.9451574879362445
100,2,99,SLTA,21,30,150,213,237,25,178,full_trace_mean_square,0.8395186647455781
100,2,99,Std,21,30,150,213,237,25,178,full_trace_mean_square,0.9588934140487071
100,2,99,S,21,30,150,213,237,25,178,full_trace_mean_square,0.47566671738553623
100,2,99,K,21,30,150,213,237,25,178,full_trace_mean_square,0.49957828184838954
100,2,100,M,21,30,150,213,237,25,160,full_trace_mean_square,0.9264217505623515
100,2,100,P,21,30,150,213,237,25,160,full_trace_mean_square,0.9449735140059589
100,2,100,SLTA,21,30,150,213,237,25,160,full_trace_mean_square,0.8138423341990593
100,2,100,Std,21,30,150,213,237,25,160,full_trace_mean_square,0.9479007308308326
100,2,100,S,21,30,150,213,237,25,160,full_trace_mean_square,0.2753222630016199
100,2,100,K,21,30,150,213,237,25,160,full_trace_mean_square,0.37218680098345713
100,2,101,M,21,30,150,213,237,25,135,full_trace_mean_square,0.9426952771351045
100,2,101,P,21,30,150,213,237,25,135,full_trace_mean_square,0.9468469761908865
100,2,101,SLTA,21,30,150,213,237,25,135,full_trace_mean_square,0.8401790424777977
100,2,101,Std,21,30,150,213,237,25,135,full_trace_mean_square,0.9559182012155579
100,2,101,S,21,30,150,213,237,25,135,full_trace_mean_square,0.34049519145389145
100,2,101,K,21,30,150,213,237,25,135,full_trace_mean_square,0.42577070594145444
100,2,102,M,21,30,150,213,237,25,161,full_trace_mean_square,0.9353904588608565
100,2,102,P,21,30,150,213,237,25,161,full_trace_mean_square,0.9463346794360814
100,2,102,SLTA,21,30,150,213,237,25,161,full_trace_mean_square,0.8166593298315357
100,2,102,Std,21,30,150,213,237,25,161,full_trace_mean_square,0.9525181113301644
100,2,102,S,21,30,150,213,237,25,161,full_trace_mean_square,0.3586701944349021
100,2,102,K,21,30,150,213,237,25,161,full_trace_mean_square,0.40581573307602
100,2,103,M,21,30,150,213,237,25,169,full_trace_mean_square,0.9341747169204677
100,2,103,P,21,30,150,213,237,25,169,full_trace_mean_square,0.9443819425393314
100,2,103,SLTA,21,30,150,213,237,25,169,full_trace_mean_square,0.8335045541786381
100,2,103,Std,21,30,150,213,237,25,169,full_trace_mean_square,0.9537557328141859
100,2,103,S,21,30,150,213,237,25,169,full_trace_mean_square,0.35898619312632774
100,2,103,K,21,30,150,213,237,25,169,full_trace_mean_square,0.35949143127437594
100,2,104,M,21,30,150,213,237,25,171,full_trace_mean_square,0.9291523650074882
100,2,104,P,21,30,150,213,237,25,171,full_trace_mean_square,0.9448918374250732
100,2,104,SLTA,21,30,150,213,237,25,171,full_trace_mean_square,0.8172838386763933
100,2,104,Std,21,30,150,213,237,25,171,full_trace_mean_square,0.9512783904956356
100,2,104,S,21,30,150,213,237,25,171,full_trace_mean_square,0.2828476286186918
100,2,104,K,21,30,150,213,237,25,171,full_trace_mean_square,0.4130962744304266
100,2,105,M,21,30,150,213,237,25,134,full_trace_mean_square,0.9355957973457408
100,2,105,P,21,30,150,213,237,25,134,full_trace_mean_square,0.94575411243243
100,2,105,SLTA,21,30,150,213,237,25,134,full_trace_mean_square,0.8111434609140967
100,2,105,Std,21,30,150,213,237,25,134,full_trace_mean_square,0.9543174469056708
100,2,105,S,21,30,150,213,237,25,134,full_trace_mean_square,0.3455115517773922
100,2,105,K,21,30,150,213,237,25,134,full_trace_mean_square,0.3660092598133955
100,2,106,M,21,30,150,213,237,25,163,full_trace_mean_square,0.9386841769137295
100,2,106,P,21,30,150,213,237,25,163,full_trace_mean_square,0.9457676287275057
100,2,106,SLTA,21,30,150,213,237,25,163,full_trace_mean_square,0.8398963850424782
100,2,106,Std,21,30,150,213,237,25,163,full_trace_mean_square,0.9558690920949405
100,2,106,S,21,30,150,213,237,25,163,full_trace_mean_square,0.3541858632052668
100,2,106,K,21,30,150,213,237,25,163,full_trace_mean_square,0.39306892758706935
100,2,107,M,21,30,150,213,237,25,158,full_trace_mean_square,0.9399635102055564
100,2,107,P,21,30,150,213,237,25,158,full_trace_mean_square,0.9464929573982929
100,2,107,SLTA,21,30,150,213,237,25,158,full_trace_mean_square,0.825357199433476
100,2,107,Std,21,30,150,213,237,25,158,full_trace_mean_square,0.9530405648082364
100,2,107,S,21,30,150,213,237,25,158,full_trace_mean_square,0.38503164772489273
100,2,107,K,21,30,150,213,237,25,158,full_trace_mean_square,0.40017401488819226
100,2,108,M,21,30,150,213,237,25,166,full_trace_mean_square,0.9417173823248876
100,2,108,P,21,30,150,213,237,25,166,full_trace_mean_square,0.9447649498725343
100,2,108,SLTA,21,30,150,213,237,25,166,full_trace_mean_square,0.8455823376438668
100,2,108,Std,21,30,150,213,237,25,166,full_trace_mean_square,0.9578579391490829
100,2,108,S,21,30,150,213,237,25,166,full_trace_mean_square,0.36149086029293914
100,2,108,K,21,30,150,213,237,25,166,full_trace_mean_square,0.44231104417475575
100,2,109,M,21,30,150,213,237,25,167,full_trace_mean_square,0.9382244866267053
100,2,109,P,21,30,150,213,237,25,167,full_trace_mean_square,0.9457857438049568
100,2,109,SLTA,21,30,150,213,237,25,167,full_trace_mean_square,0.8015697540238411
100,2,109,Std,21,30,150,213,237,25,167,full_trace_mean_square,0.9525861326788148
100,2,109,S,21,30,150,213,237,25,167,full_trace_mean_square,0.3278851314818251
100,2,109,K,21,30,150,213,237,25,167,full_trace_mean_square,0.3375755919180354
100,2,110,M,21,30,150,213,237,25,154,full_trace_mean_square,0.9429033822395445
100,2,110,P,21,30,150,213,237,25,154,full_trace_mean_square,0.9453094119238188
100,2,110,SLTA,21,30,150,213,237,25,154,full_trace_mean_square,0.8336606747461247
100,2,110,Std,21,30,150,213,237,25,154,full_trace_mean_square,0.9573291019285021
100,2,110,S,21,30,150,213,237,25,154,full_trace_mean_square,0.5191214364355181
100,2,110,K,21,30,150,213,237,25,154,full_trace_mean_square,0.5605192500801868
100,2,111,M,21,30,150,213,237,25,149,full_trace_mean_square,0.9379998334350372
100,2,111,P,21,30,150,213,237,25,149,full_trace_mean_square,0.9460842296467261
100,2,111,SLTA,21,30,150,213,237,25,149,full_trace_mean_square,0.8267488746016961
100,2,111,Std,21,30,150,213,237,25,149,full_trace_mean_square,0.9529817109952872
100,2,111,S,21,30,150,213,237,25,149,full_trace_mean_square,0.34353830638844174
100,2,111,K,21,30,150,213,237,25,149,full_trace_mean_square,0.29145923434265814
100,2,112,M,21,30,150,213,237,25,148,full_trace_mean_square,0.9292621854872144
100,2,112,P,21,30,150,213,237,25,148,full_trace_mean_square,0.9454705612774039
100,2,112,SLTA,21,30,150,213,237,25,148,full_trace_mean_square,0.8138258454525071
100,2,112,Std,21,30,150,213,237,25,148,full_trace_mean_square,0.951280185404855
100,2,112,S,21,30,150,213,237,25,148,full_trace_mean_square,0.3672064666580223
100,2,112,K,21,30,150,213,237,25,148,full_trace_mean_square,0.40705322318204407
100,2,113,M,21,30,150,213,237,25,139,full_trace_mean_square,0.9407085357082808
100,2,113,P,21,30,150,213,237,25,139,full_trace_mean_square,0.9463304814778125
100,2,113,SLTA,21,30,150,213,237,25,139,full_trace_mean_square,0.808061170550288
100,2,113,Std,21,30,150,213,237,25,139,full_trace_mean_square,0.9538959766050413
100,2,113,S,21,30,150,213,237,25,139,full_trace_mean_square,0.40765809911329354
100,2,113,K,21,30,150,213,237,25,139,full_trace_mean_square,0.4960446071642245
100,2,114,M,21,30,150,213,237,25,132,full_trace_mean_square,0.934546051356911
100,2,114,P,21,30,150,213,237,25,132,full_trace_mean_square,0.9459476667257247
100,2,114,SLTA,21,30,150,213,237,25,132,full_trace_mean_square,0.8152910142634807
100,2,114,Std,21,30,150,213,237,25,132,full_trace_mean_square,0.9498122260396018
100,2,114,S,21,30,150,213,237,25,132,full_trace_mean_square,0.33816156429654454
100,2,114,K,21,30,150,213,237,25,132,full_trace_mean_square,0.3339180307974216
100,2,115,M,21,30,150,213,237,25,154,full_trace_mean_square,0.9428413882084202
100,2,115,P,21,30,150,213,237,25,154,full_trace_mean_square,0.9468113587654048
100,2,115,SLTA,21,30,150,213,237,25,154,full_trace_mean_square,0.8422388081398949
100,2,115,Std,21,30,150,213,237,25,154,full_trace_mean_square,0.9563544338510502
100,2,115,S,21,30,150,213,237,25,154,full_trace_mean_square,0.3274422707409275
100,2,115,K,21,30,150,213,237,25,154,full_trace_mean_square,0.4278475642000281
100,2,116,M,21,30,150,213,237,25,168,full_trace_mean_square,0.9328102606555873
100,2,116,P,21,30,150,213,237,25,168,full_trace_mean_square,0.9438554529978362
100,2,116,SLTA,21,30,150,213,237,25,168,full_trace_mean_square,0.8166973115291897
100,2,116,Std,21,30,150,213,237,25,168,full_trace_mean_square,0.9523103347021554
100,2,116,S,21,30,150,213,237,25,168,full_trace_mean_square,0.45924441992744564
100,2,116,K,21,30,150,213,237,25,168,full_trace_mean_square,0.42365262647141677
100,2,117,M,21,30,150,213,237,25,164,full_trace_mean_square,0.9429311195906135
100,2,117,P,21,30,150,213,237,25,164,full_trace_mean_square,0.9457798436661327
100,2,117,SLTA,21,30,150,213,237,25,164,full_trace_mean_square,0.8303712896773935
100,2,117,Std,21,30,150,213,237,25,164,full_trace_mean_square,0.9569828370213377
100,2,117,S,21,30,150,213,237,25,164,full_trace_mean_square,0.3787685555416973
100,2,117,K,21,30,150,213,237,25,164,full_trace_mean_square,0.4161703678679602
100,2,118,M,21,30,150,213,237,25,136,full_trace_mean_square,0.9351541524392576
100,2,118,P,21,30,150,213,237,25,136,full_trace_mean_square,0.9465188973269153
100,2,118,SLTA,21,30,150,213,237,25,136,full_trace_mean_square,0.8422291265426637
100,2,118,Std,21,30,150,213,237,25,136,full_trace_mean_square,0.952741335764931
100,2,118,S,21,30,150,213,237,25,136,full_trace_mean_square,0.31499054315869024
100,2,118,K,21,30,150,213,237,25,136,full_trace_mean_square,0.34466944499450164
100,2,119,M,21,30,150,213,237,25,161,full_trace_mean_square,0.9372720526063
100,2,119,P,21,30,150,213,237,25,161,full_trace_mean_square,0.9459865726544648
100,2,119,SLTA,21,30,150,213,237,25,161,full_trace_mean_square,0.8123134318063819
100,2,119,Std,21,30,150,213,237,25,161,full_trace_mean_square,0.9528572749073695
100,2,119,S,21,30,150,213,237,25,161,full_trace_mean_square,0.3397150652638178
100,2,119,K,21,30,150,213,237,25,161,full_trace_mean_square,0.4683171928634225
100,2,120,M,21,30,150,213,237,25,165,full_trace_mean_square,0.9384653285335824
100,2,120,P,21,30,150,213,237,25,165,full_trace_mean_square,0.9454409683485899
100,2,120,SLTA,21,30,150,213,237,25,165,full_trace_mean_square,0.8404920335771209
100,2,120,Std,21,30,150,213,237,25,165,full_trace_mean_square,0.9559241629341553
100,2,120,S,21,30,150,213,237,25,165,full_trace_mean_square,0.38084286928408523
100,2,120,K,21,30,150,213,237,25,165,full_trace_mean_square,0.4293916884908916
100,2,121,M,21,30,150,213,237,25,162,full_trace_mean_square,0.9401639434127063
100,2,121,P,21,30,150,213,237,25,162,full_trace_mean_square,0.9458372862113271
100,2,121,SLTA,21,30,150,213,237,25,162,full_trace_mean_square,0.8319830864372938
100,2,121,Std,21,30,150,213,237,25,162,full_trace_mean_square,0.9553947601262938
100,2,121,S,21,30,150,213,237,25,162,full_trace_mean_square,0.28626961139344886
100,2,121,K,21,30,150,213,237,25,162,full_trace_mean_square,0.35301332129407487
100,2,122,M,21,30,150,213,237,25,158,full_trace_mean_square,0.9421177099151234
100,2,122,P,21,30,150,213,237,25,158,full_trace_mean_square,0.9473360754687894
100,2,122,SLTA,21,30,150,213,237,25,158,full_trace_mean_square,0.8192083387610973
100,2,122,Std,21,30,150,213,237,25,158,full_trace_mean_square,0.9545410977826984
100,2,122,S,21,30,150,213,237,25,158,full_trace_mean_square,0.2897212784190961
100,2,122,K,21,30,150,213,237,25,158,full_trace_mean_square,0.37125826058777367
100,2,123,M,21,30,150,213,237,25,139,full_trace_mean_square,0.9406631872408082
100,2,123,P,21,30,150,213,237,25,139,full_trace_mean_square,0.9465166958827509
100,2,123,SLTA,21,30,150,213,237,25,139,full_trace_mean_square,0.8081455488117294
100,2,123,Std,21,30,150,213,237,25,139,full_trace_mean_square,0.9534189922727734
100,2,123,S,21,30,150,213,237,25,139,full_trace_mean_square,0.31397457415674174
100,2,123,K,21,30,150,213,237,25,139,full_trace_mean_square,0.36878974525319186
100,2,124,M,21,30,150,213,237,25,162,full_trace_mean_square,0.9360638412456495
100,2,124,P,21,30,150,213,237,25,162,full_trace_mean_square,0.9455631214088067
100,2,124,SLTA,21,30,150,213,237,25,162,full_trace_mean_square,0.8266974571935372
100,2,124,Std,21,30,150,213,237,25,162,full_trace_mean_square,0.9540163952612124
100,2,124,S,21,30,150,213,237,25,162,full_trace_mean_square,0.40103316150789914
100,2,124,K,21,30,150,213,237,25,162,full_trace_mean_square,0.40464559845614795
100,2,125,M,21,30,150,213,237,25,178,full_trace_mean_square,0.9365608510158107
100,2,125,P,21,30,150,213,237,25,178,full_trace_mean_square,0.9442689513820159
100,2,125,SLTA,21,30,150,213,237,25,178,full_trace_mean_square,0.8202286082180665
100,2,125,Std,21,30,150,213,237,25,178,full_trace_mean_square,0.9532640327483353
100,2,125,S,21,30,150,213,237,25,178,full_trace_mean_square,0.3981635959906979
100,2,125,K,21,30,150,213,237,25,178,full_trace_mean_square,0.3916311396938729
100,2,126,M,21,30,150,213,237,25,169,full_trace_mean_square,0.928966340430565
100,2,126,P,21,30,150,213,237,25,169,full_trace_mean_square,0.9464520030859446
100,2,126,SLTA,21,30,150,213,237,25,169,full_trace_mean_square,0.8207122529021205
100,2,126,Std,21,30,150,213,237,25,169,full_trace_mean_square,0.9510467799576858
100,2,126,S,21,30,150,213,237,25,169,full_trace_mean_square,0.34669779162720493
100,2,126,K,21,30,150,213,237,25,169,full_trace_mean_square,0.36133419500338415
100,2,127,M,21,30,150,213,237,25,158,full_trace_mean_square,0.9369246660653864
100,2,127,P,21,30,150,213,237,25,158,full_trace_mean_square,0.9459672902222631
100,2,127,SLTA,21,30,150,213,237,25,158,full_trace_mean_square,0.8227833543537613
100,2,127,Std,21,30,150,213,237,25,158,full_trace_mean_square,0.9540170540862654
100,2,127,S,21,30,150,213,237,25,158,full_trace_mean_square,0.37971680505181243
100,2,127,K,21,30,150,213,237,25,158,full_trace_mean_square,0.40161338573508687
100,2,128,M,21,30,150,213,237,25,168,full_trace_mean_square,0.9377891346640815
100,2,128,P,21,30,150,213,237,25,168,full_trace_mean_square,0.9444394651679118
100,2,128,SLTA,21,30,150,213,237,25,168,full_trace_mean_square,0.8314878881572536
100,2,128,Std,21,30,150,213,237,25,168,full_trace_mean_square,0.9550587166002987
100,2,128,S,21,30,150,213,237,25,168,full_trace_mean_square,0.3764597325255804
100,2,128,K,21,30,150,213,237,25,168,full_trace_mean_square,0.4718440194081805
100,2,129,M,21,30,150,213,237,25,174,full_trace_mean_square,0.9375261728165567
100,2,129,P,21,30,150,213,237,25,174,full_trace_mean_square,0.9439537544848873
100,2,129,SLTA,21,30,150,213,237,25,174,full_trace_mean_square,0.8326288135124084
100,2,129,Std,21,30,150,213,237,25,174,full_trace_mean_square,0.9561500240599605
100,2,129,S,21,30,150,213,237,25,174,full_trace_mean_square,0.4756808592871554
100,2,129,K,21,30,150,213,237,25,174,full_trace_mean_square,0.49375517767533594
100,2,130,M,21,30,150,213,237,25,151,full_trace_mean_square,0.9419427082772259
100,2,130,P,21,30,150,213,237,25,151,full_trace_mean_square,0.9459352270025463
100,2,130,SLTA,21,30,150,213,237,25,151,full_trace_mean_square,0.8333764225938856
100,2,130,Std,21,30,150,213,237,25,151,full_trace_mean_square,0.9564779227714812
100,2,130,S,21,30,150,213,237,25,151,full_trace_mean_square,0.3535378535827763
100,2,130,K,21,30,150,213,237,25,151,full_trace_mean_square,0.39918184633276216
100,2,131,M,21,30,150,213,237,25,164,full_trace_mean_square,0.9417957216774079
100,2,131,P,21,30,150,213,237,25,164,full_trace_mean_square,0.9457161859937346
100,2,131,SLTA,21,30,150,213,237,25,164,full_trace_mean_square,0.8227152665281533
100,2,131,Std,21,30,150,213,237,25,164,full_trace_mean_square,0.9561461398438439
100,2,131,S,21,30,150,213,237,25,164,full_trace_mean_square,0.426563489169687
100,2,131,K,21,30,150,213,237,25,164,full_trace_mean_square,0.4171274693815918
100,2,132,M,21,30,150,213,237,25,161,full_trace_mean_square,0.9418191235210276
100,2,132,P,21,30,150,213,237,25,161,full_trace_mean_square,0.9452582079825841
100,2,132,SLTA,21,30,150,213,237,25,161,full_trace_mean_square,0.8437700219128574
100,2,132,Std,21,30,150,213,237,25,161,full_trace_mean_square,0.9551515185588321
100,2,132,S,21,30,150,213,237,25,161,full_trace_mean_square,0.4185626261160694
100,2,132,K,21,30,150,213,237,25,161,full_trace_mean_square,0.48836883958493826
100,2,133,M,21,30,150,213,237,25,141,full_trace_mean_square,0.9372884392499155
100,2,133,P,21,30,150,213,237,25,141,full_trace_mean_square,0.9464877332625743
100,2,133,SLTA,21,30,150,213,237,25,141,full_trace_mean_square,0.8252206624340418
100,2,133,Std,21,30,150,213,237,25,141,full_trace_mean_square,0.9551118562837668
100,2,133,S,21,30,150,213,237,25,141,full_trace_mean_square,0.32494341728351367
100,2,133,K,21,30,150,213,237,25,141,full_trace_mean_square,0.31422202956499384
100,2,134,M,21,30,150,213,237,25,164,full_trace_mean_square,0.9363878373845044
100,2,134,P,21,30,150,213,237,25,164,full_trace_mean_square,0.9449430638617277
100,2,134,SLTA,21,30,150,213,237,25,164,full_trace_mean_square,0.8383018689370233
100,2,134,Std,21,30,150,213,237,25,164,full_trace_mean_square,0.9523372314825782
100,2,134,S,21,30,150,213,237,25,164,full_trace_mean_square,0.2945960896963024
100,2,134,K,21,30,150,213,237,25,164,full_trace_mean_square,0.4292034116776523
100,2,135,M,21,30,150,213,237,25,159,full_trace_mean_square,0.9334778302801092
100,2,135,P,21,30,150,213,237,25,159,full_trace_mean_square,0.9455891527054404
100,2,135,SLTA,21,30,150,213,237,25,159,full_trace_mean_square,0.8313622189944176
100,2,135,Std,21,30,150,213,237,25,159,full_trace_mean_square,0.952535576888864
100,2,135,S,21,30,150,213,237,25,159,full_trace_mean_square,0.38468159569229415
100,2,135,K,21,30,150,213,237,25,159,full_trace_mean_square,0.3149473701077532
100,2,136,M,21,30,150,213,237,25,172,full_trace_mean_square,0.9374046570971132
100,2,136,P,21,30,150,213,237,25,172,full_trace_mean_square,0.9447901996181247
100,2,136,SLTA,21,30,150,213,237,25,172,full_trace_mean_square,0.8263255686435705
100,2,136,Std,21,30,150,213,237,25,172,full_trace_mean_square,0.9556627452189893
100,2,136,S,21,30,150,213,237,25,172,full_trace_mean_square,0.3816507727857554
100,2,136,K,21,30,150,213,237,25,172,full_trace_mean_square,0.48289469032178933
100,2,137,M,21,30,150,213,237,25,158,full_trace_mean_square,0.9315383729078855
100,2,137,P,21,30,150,213,237,25,158,full_trace_mean_square,0.9450139223531944
100,2,137,SLTA,21,30,150,213,237,25,158,full_trace_mean_square,0.8147670659086725
100,2,137,Std,21,30,150,213,237,25,158,full_trace_mean_square,0.949308204361638
100,2,137,S,21,30,150,213,237,25,158,full_trace_mean_square,0.20294077978517525
100,2,137,K,21,30,150,213,237,25,158,full_trace_mean_square,0.3819386475145577
100,2,138,M,21,30,150,213,237,25,156,full_trace_mean_square,0.934226420754536
100,2,138,P,21,30,150,213,237,25,156,full_trace_mean_square,0.9455004472892654
100,2,138,SLTA,21,30,150,213,237,25,156,full_trace_mean_square,0.8176149709012065
100,2,138,Std,21,30,150,213,237,25,156,full_trace_mean_square,0.9520557109006936
100,2,138,S,21,30,150,213,237,25,156,full_trace_mean_square,0.4079498271792686
100,2,138,K,21,30,150,213,237,25,156,full_trace_mean_square,0.4831707959223094
100,2,139,M,21,30,150,213,237,25,141,full_trace_mean_square,0.9370172640884035
100,2,139,P,21,30,150,213,237,25,141,full_trace_mean_square,0.9461871512849871
100,2,139,SLTA,21,30,150,213,237,25,141,full_trace_mean_square,0.7802822394849971
100,2,139,Std,21,30,150,213,237,25,141,full_trace_mean_square,0.9530207576115568
100,2,139,S,21,30,150,213,237,25,141,full_trace_mean_square,0.39740997898467323
100,2,139,K,21,30,150,213,237,25,141,full_trace_mean_square,0.4021384354990682
100,2,140,M,21,30,150,213,237,25,147,full_trace_mean_square,0.9377080961484826
100,2,140,P,21,30,150,213,237,25,147,full_trace_mean_square,0.9453105452690264
100,2,140,SLTA,21,30,150,213,237,25,147,full_trace_mean_square,0.8404646828412075
100,2,140,Std,21,30,150,213,237,25,147,full_trace_mean_square,0.9540044274912132
100,2,140,S,21,30,150,213,237,25,147,full_trace_mean_square,0.3912492707683067
100,2,140,K,21,30,150,213,237,25,147,full_trace_mean_square,0.411198281750003
100,2,141,M,21,30,150,213,237,25,154,full_trace_mean_square,0.9378744114556992
100,2,141,P,21,30,150,213,237,25,154,full_trace_mean_square,0.9462256552494019
100,2,141,SLTA,21,30,150,213,237,25,154,full_trace_mean_square,0.8280620791965547
100,2,141,Std,21,30,150,213,237,25,154,full_trace_mean_square,0.9549930247807924
100,2,141,S,21,30,150,213,237,25,154,full_trace_mean_square,0.39987297380023024
100,2,141,K,21,30,150,213,237,25,154,full_trace_mean_square,0.520592759650832
100,2,142,M,21,30,150,213,237,25,165,full_trace_mean_square,0.9343550657593008
100,2,142,P,21,30,150,213,237,25,165,full_trace_mean_square,0.9452611653999322
100,2,142,SLTA,21,30,150,213,237,25,165,full_trace_mean_square,0.8128944446371477
100,2,142,Std,21,30,150,213,237,25,165,full_trace_mean_square,0.9523937475139634
100,2,142,S,21,30,150,213,237,25,165,full_trace_mean_square,0.315437184908025
100,2,142,K,21,30,150,213,237,25,165,full_trace_mean_square,0.5150415102212589
100,2,143,M,21,30,150,213,237,25,151,full_trace_mean_square,0.9403097963409277
100,2,143,P,21,30,150,213,237,25,151,full_trace_mean_square,0.9448422461637876
100,2,143,SLTA,21,30,150,213,237,25,151,full_trace_mean_square,0.8364013246016143
100,2,143,Std,21,30,150,213,237,25,151,full_trace_mean_square,0.9564772406432018
100,2,143,S,21,30,150,213,237,25,151,full_trace_mean_square,0.28007256872124536
100,2,143,K,21,30,150,213,237,25,151,full_trace_mean_square,0.3667143122078794
100,2,144,M,21,30,150,213,237,25,152,full_trace_mean_square,0.9444033674666142
100,2,144,P,21,30,150,213,237,25,152,full_trace_mean_square,0.945937265286901
100,2,144,SLTA,21,30,150,213,237,25,152,full_trace_mean_square,0.8442422826545575
100,2,144,Std,21,30,150,213,237,25,152,full_trace_mean_square,0.9582547289518443
100,2,144,S,21,30,150,213,237,25,152,full_trace_mean_square,0.4496126360075513
100,2,144,K,21,30,150,213,237,25,152,full_trace_mean_square,0.44600905002637026
100,2,145,M,21,30,150,213,237,25,156,full_trace_mean_square,0.940270809867908
100,2,145,P,21,30,150,213,237,25,156,full_trace_mean_square,0.9461591264069342
100,2,145,SLTA,21,30,150,213,237,25,156,full_trace_mean_square,0.8396067289947828
100,2,145,Std,21,30,150,213,237,25,156,full_trace_mean_square,0.9559335336153225
100,2,145,S,21,30,150,213,237,25,156,full_trace_mean_square,0.3781346627048389
100,2,145,K,21,30,150,213,237,25,156,full_trace_mean_square,0.4078742800534602
100,2,146,M,21,30,150,213,237,25,161,full_trace_mean_square,0.9299636852427573
100,2,146,P,21,30,150,213,237,25,161,full_trace_mean_square,0.9444162891395156
100,2,146,SLTA,21,30,150,213,237,25,161,full_trace_mean_square,0.8187098761415047
100,2,146,Std,21,30,150,213,237,25,161,full_trace_mean_square,0.9505633826487064
100,2,146,S,21,30,150,213,237,25,161,full_trace_mean_square,0.3903218305866538
100,2,146,K,21,30,150,213,237,25,161,full_trace_mean_square,0.4349510671755428
100,2,147,M,21,30,150,213,237,25,169,full_trace_mean_square,0.9430925560858062
100,2,147,P,21,30,150,213,237,25,169,full_trace_mean_square,0.9454997779642319
100,2,147,SLTA,21,30,150,213,237,25,169,full_trace_mean_square,0.8285387175189349
100,2,147,Std,21,30,150,213,237,25,169,full_trace_mean_square,0.9564653631087409
100,2,147,S,21,30,150,213,237,25,169,full_trace_mean_square,0.3191663216405062
100,2,147,K,21,30,150,213,237,25,169,full_trace_mean_square,0.4421597325897752
100,2,148,M,21,30,150,213,237,25,147,full_trace_mean_square,0.9431704759029905
100,2,148,P,21,30,150,213,237,25,147,full_trace_mean_square,0.9461010630806208
100,2,148,SLTA,21,30,150,213,237,25,147,full_trace_mean_square,0.8188958689248185
100,2,148,Std,21,30,150,213,237,25,147,full_trace_mean_square,0.9566629716512598
100,2,148,S,21,30,150,213,237,25,147,full_trace_mean_square,0.46504755478329923
100,2,148,K,21,30,150,213,237,25,147,full_trace_mean_square,0.4573416690950762
100,2,149,M,21,30,150,213,237,25,159,full_trace_mean_square,0.9339486347959493
100,2,149,P,21,30,150,213,237,25,159,full_trace_mean_square,0.9449881676827578
100,2,149,SLTA,21,30,150,213,237,25,159,full_trace_mean_square,0.8385267509140818
100,2,149,Std,21,30,150,213,237,25,159,full_trace_mean_square,0.9548189562822162
100,2,149,S,21,30,150,213,237,25,159,full_trace_mean_square,0.3281610593886705
100,2,149,K,21,30,150,213,237,25,159,full_trace_mean_square,0.4127435255028064
100,2,150,M,21,30,150,213,237,25,152,full_trace_mean_square,0.9407231660193469
100,2,150,P,21,30,150,213,237,25,152,full_trace_mean_square,0.9470192466715558
100,2,150,SLTA,21,30,150,213,237,25,152,full_trace_mean_square,0.8386957387132935
100,2,150,Std,21,30,150,213,237,25,152,full_trace_mean_square,0.9526616701604934
100,2,150,S,21,30,150,213,237,25,152,full_trace_mean_square,0.33667137249772244
100,2,150,K,21,30,150,213,237,25,152,full_trace_mean_square,0.24579867929832697
100,2,151,M,21,30,150,213,237,25,162,full_trace_mean_square,0.9402352023420708
100,2,151,P,21,30,150,213,237,25,162,full_trace_mean_square,0.9458055853113423
100,2,151,SLTA,21,30,150,213,237,25,162,full_trace_mean_square,0.8313920892240029
100,2,151,Std,21,30,150,213,237,25,162,full_trace_mean_square,0.9560225549404545
100,2,151,S,21,30,150,213,237,25,162,full_trace_mean_square,0.37347132751969064
100,2,151,K,21,30,150,213,237,25,162,full_trace_mean_square,0.40798369870479667
100,2,152,M,21,30,150,213,237,25,172,full_trace_mean_square,0.9404840397728045
100,2,152,P,21,30,150,213,237,25,172,full_trace_mean_square,0.9462767176489106
100,2,152,SLTA,21,30,150,213,237,25,172,full_trace_mean_square,0.8252107829087948
100,2,152,Std,21,30,150,213,237,25,172,full_trace_mean_square,0.9553101660948672
100,2,152,S,21,30,150,213,237,25,172,full_trace_mean_square,0.39533868857108573
100,2,152,K,21,30,150,213,237,25,172,full_trace_mean_square,0.34328325885258626
100,2,153,M,21,30,150,213,237,25,148,full_trace_mean_square,0.9365622157664469
100,2,153,P,21,30,150,213,237,25,148,full_trace_mean_square,0.9454898964971633
100,2,153,SLTA,21,30,150,213,237,25,148,full_trace_mean_square,0.8415329394782995
100,2,153,Std,21,30,150,213,237,25,148,full_trace_mean_square,0.9535964333309684
100,2,153,S,21,30,150,213,237,25,148,full_trace_mean_square,0.3976222359408223
100,2,153,K,21,30,150,213,237,25,148,full_trace_mean_square,0.43929514075024184
100,2,154,M,21,30,150,213,237,25,168,full_trace_mean_square,0.9399383813425051
100,2,154,P,21,30,150,213,237,25,168,full_trace_mean_square,0.9456549550723421
100,2,154,SLTA,21,30,150,213,237,25,168,full_trace_mean_square,0.8360146452745041
100,2,154,Std,21,30,150,213,237,25,168,full_trace_mean_square,0.9561431603307751
100,2,154,S,21,30,150,213,237,25,168,full_trace_mean_square,0.30915557118352693
100,2,154,K,21,30,150,213,237,25,168,full_trace_mean_square,0.391339604524296
100,2,155,M,21,30,150,213,237,25,176,full_trace_mean_square,0.9327598850108355
100,2,155,P,21,30,150,213,237,25,176,full_trace_mean_square,0.9454367418992888
100,2,155,SLTA,21,30,150,213,237,25,176,full_trace_mean_square,0.8159479581849832
100,2,155,Std,21,30,150,213,237,25,176,full_trace_mean_square,0.9527377183613814
100,2,155,S,21,30,150,213,237,25,176,full_trace_mean_square,0.34489860434696284
100,2,155,K,21,30,150,213,237,25,176,full_trace_mean_square,0.46305492637812495
100,2,156,M,21,30,150,213,237,25,145,full_trace_mean_square,0.9363017548768953
100,2,156,P,21,30,150,213,237,25,145,full_trace_mean_square,0.9457614596424522
100,2,156,SLTA,21,30,150,213,237,25,145,full_trace_mean_square,0.7909586311304762
100,2,156,Std,21,30,150,213,237,25,145,full_trace_mean_square,0.9515473003107678
100,2,156,S,21,30,150,213,237,25,145,full_trace_mean_square,0.3645184890856885
100,2,156,K,21,30,150,213,237,25,145,full_trace_mean_square,0.34343058344613936
100,2,157,M,21,30,150,213,237,25,154,full_trace_mean_square,0.9388389947545066
100,2,157,P,21,30,150,213,237,25,154,full_trace_mean_square,0.9450724185801043
100,2,157,SLTA,21,30,150,213,237,25,154,full_trace_mean_square,0.8368004497764324
100,2,157,Std,21,30,150,213,237,25,154,full_trace_mean_square,0.9554585563983194
100,2,157,S,21,30,150,213,237,25,154,full_trace_mean_square,0.49425157954301047
100,2,157,K,21,30,150,213,237,25,154,full_trace_mean_square,0.49820044116926515
100,2,158,M,21,30,150,213,237,25,169,full_trace_mean_square,0.9410970520798345
100,2,158,P,21,30,150,213,237,25,169,full_trace_mean_square,0.9455450871675998
100,2,158,SLTA,21,30,150,213,237,25,169,full_trace_mean_square,0.800715007614556
100,2,158,Std,21,30,150,213,237,25,169,full_trace_mean_square,0.9548633368906784
100,2,158,S,21,30,150,213,237,25,169,full_trace_mean_square,0.4230571993280368
100,2,158,K,21,30,150,213,237,25,169,full_trace_mean_square,0.5082803497926238
100,2,159,M,21,30,150,213,237,25,154,full_trace_mean_square,0.9409868978150064
100,2,159,P,21,30,150,213,237,25,154,full_trace_mean_square,0.9472059732098561
100,2,159,SLTA,21,30,150,213,237,25,154,full_trace_mean_square,0.8296730042464582
100,2,159,Std,21,30,150,213,237,25,154,full_trace_mean_square,0.9536636803064361
100,2,159,S,21,30,150,213,237,25,154,full_trace_mean_square,0.3187375815809759
100,2,159,K,21,30,150,213,237,25,154,full_trace_mean_square,0.37224769305251565
100,2,160,M,21,30,150,213,237,25,172,full_trace_mean_square,0.9308915024944017
100,2,160,P,21,30,150,213,237,25,172,full_trace_mean_square,0.9445579454066875
100,2,160,SLTA,21,30,150,213,237,25,172,full_trace_mean_square,0.8110155812679893
100,2,160,Std,21,30,150,213,237,25,172,full_trace_mean_square,0.9519252080762336
100,2,160,S,21,30,150,213,237,25,172,full_trace_mean_square,0.3413143105044575
100,2,160,K,21,30,150,213,237,25,172,full_trace_mean_square,0.34674945881927693
100,2,161,M,21,30,150,213,237,25,183,full_trace_mean_square,0.9425974535053374
100,2,161,P,21,30,150,213,237,25,183,full_trace_mean_square,0.9447929184953416
100,2,161,SLTA,21,30,150,213,237,25,183,full_trace_mean_square,0.8297943334419252
100,2,161,Std,21,30,150,213,237,25,183,full_trace_mean_square,0.956436661117893
100,2,161,S,21,30,150,213,237,25,183,full_trace_mean_square,0.571477665914156
100,2,161,K,21,30,150,213,237,25,183,full_trace_mean_square,0.5258745778836287
100,2,162,M,21,30,150,213,237,25,165,full_trace_mean_square,0.9379866037687051
100,2,162,P,21,30,150,213,237,25,165,full_trace_mean_square,0.9450967970255859
100,2,162,SLTA,21,30,150,213,237,25,165,full_trace_mean_square,0.8342639192491194
100,2,162,Std,21,30,150,213,237,25,165,full_trace_mean_square,0.9548021551428916
100,2,162,S,21,30,150,213,237,25,165,full_trace_mean_square,0.47044868870449624
100,2,162,K,21,30,150,213,237,25,165,full_trace_mean_square,0.4076595053459602
100,2,163,M,21,30,150,213,237,25,150,full_trace_mean_square,0.941744524331293
100,2,163,P,21,30,150,213,237,25,150,full_trace_mean_square,0.945875692293579
100,2,163,SLTA,21,30,150,213,237,25,150,full_trace_mean_square,0.8260531190296759
100,2,163,Std,21,30,150,213,237,25,150,full_trace_mean_square,0.9561311127123974
100,2,163,S,21,30,150,213,237,25,150,full_trace_mean_square,0.36666854557751555
100,2,163,K,21,30,150,213,237,25,150,full_trace_mean_square,0.40440832391396964
100,2,164,M,21,30,150,213,237,25,133,full_trace_mean_square,0.9402347625718984
100,2,164,P,21,30,150,213,237,25,133,full_trace_mean_square,0.9458237141812087
100,2,164,SLTA,21,30,150,213,237,25,133,full_trace_mean_square,0.7868806476494724
100,2,164,Std,21,30,150,213,237,25,133,full_trace_mean_square,0.9534380201353828
100,2,164,S,21,30,150,213,237,25,133,full_trace_mean_square,0.3684039423635413
100,2,164,K,21,30,150,213,237,25,133,full_trace_mean_square,0.42302323014618426
100,2,165,M,21,30,150,213,237,25,169,full_trace_mean_square,0.9371741001468247
100,2,165,P,21,30,150,213,237,25,169,full_trace_mean_square,0.946560747141396
100,2,165,SLTA,21,30,150,213,237,25,169,full_trace_mean_square,0.8312466854533603
100,2,165,Std,21,30,150,213,237,25,169,full_trace_mean_square,0.9541548256748726
100,2,165,S,21,30,150,213,237,25,169,full_trace_mean_square,0.31659954998699547
100,2,165,K,21,30,150,213,237,25,169,full_trace_mean_square,0.3053975309289421
100,2,166,M,21,30,150,213,237,25,170,full_trace_mean_square,0.9400986023373819
100,2,166,P,21,30,150,213,237,25,170,full_trace_mean_square,0.9460295161006197
100,2,166,SLTA,21,30,150,213,237,25,170,full_trace_mean_square,0.8378270275875463
100,2,166,Std,21,30,150,213,237,25,170,full_trace_mean_square,0.9553318801935211
100,2,166,S,21,30,150,213,237,25,170,full_trace_mean_square,0.49906231605319623
100,2,166,K,21,30,150,213,237,25,170,full_trace_mean_square,0.509174176837728
100,2,167,M,21,30,150,213,237,25,145,full_trace_mean_square,0.9386393556607422
100,2,167,P,21,30,150,213,237,25,145,full_trace_mean_square,0.9470828205528993
100,2,167,SLTA,21,30,150,213,237,25,145,full_trace_mean_square,0.8191321365274061
100,2,167,Std,21,30,150,213,237,25,145,full_trace_mean_square,0.954674281543507
100,2,167,S,21,30,150,213,237,25,145,full_trace_mean_square,0.28238790936534985
100,2,167,K,21,30,150,213,237,25,145,full_trace_mean_square,0.3184481293318019
100,2,168,M,21,30,150,213,237,25,153,full_trace_mean_square,0.9319690385403696
100,2,168,P,21,30,150,213,237,25,153,full_trace_mean_square,0.9462215881048709
100,2,168,SLTA,21,30,150,213,237,25,153,full_trace_mean_square,0.8116393085485273
100,2,168,Std,21,30,150,213,237,25,153,full_trace_mean_square,0.950803739127324
100,2,168,S,21,30,150,213,237,25,153,full_trace_mean_square,0.32276688518477764
100,2,168,K,21,30,150,213,237,25,153,full_trace_mean_square,0.35207342486815973
100,2,169,M,21,30,150,213,237,25,157,full_trace_mean_square,0.934503721124906
100,2,169,P,21,30,150,213,237,25,157,full_trace_mean_square,0.9452477698751092
100,2,169,SLTA,21,30,150,213,237,25,157,full_trace_mean_square,0.8184826784110358
100,2,169,Std,21,30,150,213,237,25,157,full_trace_mean_square,0.9552912926754079
100,2,169,S,21,30,150,213,237,25,157,full_trace_mean_square,0.40696349813155913
100,2,169,K,21,30,150,213,237,25,157,full_trace_mean_square,0.391342056540624
100,2,170,M,21,30,150,213,237,25,152,full_trace_mean_square,0.9389524886080929
100,2,170,P,21,30,150,213,237,25,152,full_trace_mean_square,0.9466182780059988
100,2,170,SLTA,21,30,150,213,237,25,152,full_trace_mean_square,0.8383641323039466
100,2,170,Std,21,30,150,213,237,25,152,full_trace_mean_square,0.9568823997855368
100,2,170,S,21,30,150,213,237,25,152,full_trace_mean_square,0.41608495358907505
100,2,170,K,21,30,150,213,237,25,152,full_trace_mean_square,0.3486904142067116
100,2,171,M,21,30,150,213,237,25,186,full_trace_mean_square,0.9389256487229211
100,2,171,P,21,30,150,213,237,25,186,full_trace_mean_square,0.9447202398675871
100,2,171,SLTA,21,30,150,213,237,25,186,full_trace_mean_square,0.8356257126308654
100,2,171,Std,21,30,150,213,237,25,186,full_trace_mean_square,0.9565826994601324
100,2,171,S,21,30,150,213,237,25,186,full_trace_mean_square,0.3764668069941997
100,2,171,K,21,30,150,213,237,25,186,full_trace_mean_square,0.38945166808422943
100,2,172,M,21,30,150,213,237,25,168,full_trace_mean_square,0.9425036900653532
100,2,172,P,21,30,150,213,237,25,168,full_trace_mean_square,0.9467252275253301
100,2,172,SLTA,21,30,150,213,237,25,168,full_trace_mean_square,0.8498947293777638
100,2,172,Std,21,30,150,213,237,25,168,full_trace_mean_square,0.9550747246793949
100,2,172,S,21,30,150,213,237,25,168,full_trace_mean_square,0.3781494267775532
100,2,172,K,21,30,150,213,237,25,168,full_trace_mean_square,0.3671816364237237
100,2,173,M,21,30,150,213,237,25,156,full_trace_mean_square,0.939769893579993
100,2,173,P,21,30,150,213,237,25,156,full_trace_mean_square,0.946192431049387
100,2,173,SLTA,21,30,150,213,237,25,156,full_trace_mean_square,0.8240090296273818
100,2,173,Std,21,30,150,213,237,25,156,full_trace_mean_square,0.9531473566886294
100,2,173,S,21,30,150,213,237,25,156,full_trace_mean_square,0.45447554074764185
100,2,173,K,21,30,150,213,237,25,156,full_trace_mean_square,0.47198555646722046
100,2,174,M,21,30,150,213,237,25,169,full_trace_mean_square,0.9406659603264048
100,2,174,P,21,30,150,213,237,25,169,full_trace_mean_square,0.9445572404943258
100,2,174,SLTA,21,30,150,213,237,25,169,full_trace_mean_square,0.8166816620018467
100,2,174,Std,21,30,150,213,237,25,169,full_trace_mean_square,0.9563293164532454
100,2,174,S,21,30,150,213,237,25,169,full_trace_mean_square,0.39476167657686695
100,2,174,K,21,30,150,213,237,25,169,full_trace_mean_square,0.5016504787784137
100,2,175,M,21,30,150,213,237,25,154,full_trace_mean_square,0.9408466387678381
100,2,175,P,21,30,150,213,237,25,154,full_trace_mean_square,0.9457935539891846
100,2,175,SLTA,21,30,150,213,237,25,154,full_trace_mean_square,0.8343531759796589
100,2,175,Std,21,30,150,213,237,25,154,full_trace_mean_square,0.9572867187894786
100,2,175,S,21,30,150,213,237,25,154,full_trace_mean_square,0.2798320868383738
100,2,175,K,21,30,150,213,237,25,154,full_trace_mean_square,0.3668932289633331
100,2,176,M,21,30,150,213,237,25,177,full_trace_mean_square,0.9356572300907944
100,2,176,P,21,30,150,213,237,25,177,full_trace_mean_square,0.9458375482735517
100,2,176,SLTA,21,30,150,213,237,25,177,full_trace_mean_square,0.8022612961856846
100,2,176,Std,21,30,150,213,237,25,177,full_trace_mean_square,0.9512407305124291
100,2,176,S,21,30,150,213,237,25,177,full_trace_mean_square,0.5197964608931076
100,2,176,K,21,30,150,213,237,25,177,full_trace_mean_square,0.43382512853712457
100,2,177,M,21,30,150,213,237,25,164,full_trace_mean_square,0.9460936504487242
100,2,177,P,21,30,150,213,237,25,164,full_trace_mean_square,0.9462800917495469
100,2,177,SLTA,21,30,150,213,237,25,164,full_trace_mean_square,0.8489169442651188
100,2,177,Std,21,30,150,213,237,25,164,full_trace_mean_square,0.9592051518886457
100,2,177,S,21,30,150,213,237,25,164,full_trace_mean_square,0.359519043568172
100,2,177,K,21,30,150,213,237,25,164,full_trace_mean_square,0.37761991697414726
100,2,178,M,21,30,150,213,237,25,152,full_trace_mean_square,0.9438944864079861
100,2,178,P,21,30,150,213,237,25,152,full_trace_mean_square,0.946141582184793
100,2,178,SLTA,21,30,150,213,237,25,152,full_trace_mean_square,0.8305790694570026
100,2,178,Std,21,30,150,213,237,25,152,full_trace_mean_square,0.9580296710854497
100,2,178,S,21,30,150,213,237,25,152,full_trace_mean_square,0.39531744789114975
100,2,178,K,21,30,150,213,237,25,152,full_trace_mean_square,0.45426963930853304
100,2,179,M,21,30,150,213,237,25,170,full_trace_mean_square,0.9351398331748713
100,2,179,P,21,30,150,213,237,25,170,full_trace_mean_square,0.9460219805029096
100,2,179,SLTA,21,30,150,213,237,25,170,full_trace_mean_square,0.8291053578581162
100,2,179,Std,21,30,150,213,237,25,170,full_trace_mean_square,0.9512183065516521
100,2,179,S,21,30,150,213,237,25,170,full_trace_mean_square,0.34334550708007217
100,2,179,K,21,30,150,213,237,25,170,full_trace_mean_square,0.46614509996008574
100,2,180,M,21,30,150,213,237,25,146,full_trace_mean_square,0.9373500879962758
100,2,180,P,21,30,150,213,237,25,146,full_trace_mean_square,0.944482114496825
100,2,180,SLTA,21,30,150,213,237,25,146,full_trace_mean_square,0.8151193674596185
100,2,180,Std,21,30,150,213,237,25,146,full_trace_mean_square,0.9547547853803307
100,2,180,S,21,30,150,213,237,25,146,full_trace_mean_square,0.3812457170995728
100,2,180,K,21,30,150,213,237,25,146,full_trace_mean_square,0.43564715084903344
100,2,181,M,21,30,150,213,237,25,169,full_trace_mean_square,0.9327765674118851
100,2,181,P,21,30,150,213,237,25,169,full_trace_mean_square,0.9467973794107954
100,2,181,SLTA,21,30,150,213,237,25,169,full_trace_mean_square,0.8132798651567154
100,2,181,Std,21,30,150,213,237,25,169,full_trace_mean_square,0.9478138512142372
100,2,181,S,21,30,150,213,237,25,169,full_trace_mean_square,0.3375359569877824
100,2,181,K,21,30,150,213,237,25,169,full_trace_mean_square,0.36009610467572317
100,2,182,M,21,30,150,213,237,25,141,full_trace_mean_square,0.9396077681888957
100,2,182,P,21,30,150,213,237,25,141,full_trace_mean_square,0.9460679123939316
100,2,182,SLTA,21,30,150,213,237,25,141,full_trace_mean_square,0.810654659022455
100,2,182,Std,21,30,150,213,237,25,141,full_trace_mean_square,0.9537133686088889
100,2,182,S,21,30,150,213,237,25,141,full_trace_mean_square,0.3696500923939391
100,2,182,K,21,30,150,213,237,25,141,full_trace_mean_square,0.4231432296840576
100,2,183,M,21,30,150,213,237,25,150,full_trace_mean_square,0.9376203196035655
100,2,183,P,21,30,150,213,237,25,150,full_trace_mean_square,0.9462624546312769
100,2,183,SLTA,21,30,150,213,237,25,150,full_trace_mean_square,0.8416111387717622
100,2,183,Std,21,30,150,213,237,25,150,full_trace_mean_square,0.9538357032506134
100,2,183,S,21,30,150,213,237,25,150,full_trace_mean_square,0.33271241753246644
100,2,183,K,21,30,150,213,237,25,150,full_trace_mean_square,0.3682879557770432
100,2,184,M,21,30,150,213,237,25,142,full_trace_mean_square,0.9374775161631592
100,2,184,P,21,30,150,213,237,25,142,full_trace_mean_square,0.9468007117476898
100,2,184,SLTA,21,30,150,213,237,25,142,full_trace_mean_square,0.8382974894202878
100,2,184,Std,21,30,150,213,237,25,142,full_trace_mean_square,0.9552065253005484
100,2,184,S,21,30,150,213,237,25,142,full_trace_mean_square,0.3339399549450287
100,2,184,K,21,30,150,213,237,25,142,full_trace_mean_square,0.32743832122915895
100,2,185,M,21,30,150,213,237,25,169,full_trace_mean_square,0.9383331308077335
100,2,185,P,21,30,150,213,237,25,169,full_trace_mean_square,0.9450288102620533
100,2,185,SLTA,21,30,150,213,237,25,169,full_trace_mean_square,0.8333072706980619
100,2,185,Std,21,30,150,213,237,25,169,full_trace_mean_square,0.9554118554013576
100,2,185,S,21,30,150,213,237,25,169,full_trace_mean_square,0.42845172880651305
100,2,185,K,21,30,150,213,237,25,169,full_trace_mean_square,0.4573620509571048
100,2,186,M,21,30,150,213,237,25,165,full_trace_mean_square,0.920397424021596
100,2,186,P,21,30,150,213,237,25,165,full_trace_mean_square,0.9451779676363368
100,2,186,SLTA,21,30,150,213,237,25,165,full_trace_mean_square,0.8033551172541037
100,2,186,Std,21,30,150,213,237,25,165,full_trace_mean_square,0.9465581307216215
100,2,186,S,21,30,150,213,237,25,165,full_trace_mean_square,0.3458224054475372
100,2,186,K,21,30,150,213,237,25,165,full_trace_mean_square,0.4030881190144241
100,2,187,M,21,30,150,213,237,25,175,full_trace_mean_square,0.9441051442182324
100,2,187,P,21,30,150,213,237,25,175,full_trace_mean_square,0.9454936816489843
100,2,187,SLTA,21,30,150,213,237,25,175,full_trace_mean_square,0.8340526351904493
100,2,187,Std,21,30,150,213,237,25,175,full_trace_mean_square,0.9575944465048705
100,2,187,S,21,30,150,213,237,25,175,full_trace_mean_square,0.480656052010666
100,2,187,K,21,30,150,213,237,25,175,full_trace_mean_square,0.4868632250910009
100,2,188,M,21,30,150,213,237,25,169,full_trace_mean_square,0.9426368893877832
100,2,188,P,21,30,150,213,237,25,169,full_trace_mean_square,0.9458252597512017
100,2,188,SLTA,21,30,150,213,237,25,169,full_trace_mean_square,0.836995205643881
100,2,188,Std,21,30,150,213,237,25,169,full_trace_mean_square,0.9561970512842686
100,2,188,S,21,30,150,213,237,25,169,full_trace_mean_square,0.40327294451303153
100,2,188,K,21,30,150,213,237,25,169,full_trace_mean_square,0.42973418299627314
100,2,189,M,21,30,150,213,237,25,160,full_trace_mean_square,0.9403603099259065
100,2,189,P,21,30,150,213,237,25,160,full_trace_mean_square,0.9466615519097907
100,2,189,SLTA,21,30,150,213,237,25,160,full_trace_mean_square,0.8335586649534409
100,2,189,Std,21,30,150,213,237,25,160,full_trace_mean_square,0.955533210517523
100,2,189,S,21,30,150,213,237,25,160,full_trace_mean_square,0.2965948427892762
100,2,189,K,21,30,150,213,237,25,160,full_trace_mean_square,0.3701986694951683
100,2,190,M,21,30,150,213,237,25,171,full_trace_mean_square,0.9435260570510873
100,2,190,P,21,30,150,213,237,25,171,full_trace_mean_square,0.9463321807079073
100,2,190,SLTA,21,30,150,213,237,25,171,full_trace_mean_square,0.8408641650636969
100,2,190,Std,21,30,150,213,237,25,171,full_trace_mean_square,0.9578914161014124
100,2,190,S,21,30,150,213,237,25,171,full_trace_mean_square,0.3643737382247331
100,2,190,K,21,30,150,213,237,25,171,full_trace_mean_square,0.4390985806015887
100,2,191,M,21,30,150,213,237,25,165,full_trace_mean_square,0.9390146560307898
100,2,191,P,21,30,150,213,237,25,165,full_trace_mean_square,0.9452411417277464
100,2,191,SLTA,21,30,150,213,237,25,165,full_trace_mean_square,0.8147891080774079
100,2,191,Std,21,30,150,213,237,25,165,full_trace_mean_square,0.9541681393226545
100,2,191,S,21,30,150,213,237,25,165,full_trace_mean_square,0.4195848084032276
100,2,191,K,21,30,150,213,237,25,165,full_trace_mean_square,0.5390858940252666
100,2,192,M,21,30,150,213,237,25,163,full_trace_mean_square,0.9416115420992445
100,2,192,P,21,30,150,213,237,25,163,full_trace_mean_square,0.9440646658664331
100,2,192,SLTA,21,30,150,213,237,25,163,full_trace_mean_square,0.8460003190103585
100,2,192,Std,21,30,150,213,237,25,163,full_trace_mean_square,0.958156445529776
100,2,192,S,21,30,150,213,237,25,163,full_trace_mean_square,0.4379612713216849
100,2,192,K,21,30,150,213,237,25,163,full_trace_mean_square,0.4484913800796075
100,2,193,M,21,30,150,213,237,25,155,full_trace_mean_square,0.9377556187641891
100,2,193,P,21,30,150,213,237,25,155,full_trace_mean_square,0.9462205219619582
100,2,193,SLTA,21,30,150,213,237,25,155,full_trace_mean_square,0.8182629872848852
100,2,193,Std,21,30,150,213,237,25,155,full_trace_mean_square,0.953785060625556
100,2,193,S,21,30,150,213,237,25,155,full_trace_mean_square,0.31655689697725126
100,2,193,K,21,30,150,213,237,25,155,full_trace_mean_square,0.3719340069158036
100,2,194,M,21,30,150,213,237,25,165,full_trace_mean_square,0.9390029469530976
100,2,194,P,21,30,150,213,237,25,165,full_trace_mean_square,0.9450422208376836
100,2,194,SLTA,21,30,150,213,237,25,165,full_trace_mean_square,0.8331298968774673
100,2,194,Std,21,30,150,213,237,25,165,full_trace_mean_square,0.9550961157874991
100,2,194,S,21,30,150,213,237,25,165,full_trace_mean_square,0.4610413307366627
100,2,194,K,21,30,150,213,237,25,165,full_trace_mean_square,0.44230863350511734
100,2,195,M,21,30,150,213,237,25,139,full_trace_mean_square,0.9412423203455553
100,2,195,P,21,30,150,213,237,25,139,full_trace_mean_square,0.9462196112569616
100,2,195,SLTA,21,30,150,213,237,25,139,full_trace_mean_square,0.8506973148789195
100,2,195,Std,21,30,150,213,237,25,139,full_trace_mean_square,0.9572770331341286
100,2,195,S,21,30,150,213,237,25,139,full_trace_mean_square,0.21695291354412313
100,2,195,K,21,30,150,213,237,25,139,full_trace_mean_square,0.31669250598012705
100,2,196,M,21,30,150,213,237,25,139,full_trace_mean_square,0.9377316813628387
100,2,196,P,21,30,150,213,237,25,139,full_trace_mean_square,0.9447729074943835
100,2,196,SLTA,21,30,150,213,237,25,139,full_trace_mean_square,0.8275019059233255
100,2,196,Std,21,30,150,213,237,25,139,full_trace_mean_square,0.9530843806165394
100,2,196,S,21,30,150,213,237,25,139,full_trace_mean_square,0.46435955932715695
100,2,196,K,21,30,150,213,237,25,139,full_trace_mean_square,0.5188864777375195
100,2,197,M,21,30,150,213,237,25,190,full_trace_mean_square,0.9352793378297337
100,2,197,P,21,30,150,213,237,25,190,full_trace_mean_square,0.9442998129660068
100,2,197,SLTA,21,30,150,213,237,25,190,full_trace_mean_square,0.8357877905177934
100,2,197,Std,21,30,150,213,237,25,190,full_trace_mean_square,0.9558916161720229
100,2,197,S,21,30,150,213,237,25,190,full_trace_mean_square,0.4791464075450428
100,2,197,K,21,30,150,213,237,25,190,full_trace_mean_square,0.41593290393951726
100,2,198,M,21,30,150,213,237,25,160,full_trace_mean_square,0.9331176496522336
100,2,198,P,21,30,150,213,237,25,160,full_trace_mean_square,0.9451798247748003
100,2,198,SLTA,21,30,150,213,237,25,160,full_trace_mean_square,0.8268688516580418
100,2,198,Std,21,30,150,213,237,25,160,full_trace_mean_square,0.9548827393015351
100,2,198,S,21,30,150,213,237,25,160,full_trace_mean_square,0.35420420187660706
100,2,198,K,21,30,150,213,237,25,160,full_trace_mean_square,0.4415397720903723
100,2,199,M,21,30,150,213,237,25,139,full_trace_mean_square,0.9362536350314221
100,2,199,P,21,30,150,213,237,25,139,full_trace_mean_square,0.9447416231267589
100,2,199,SLTA,21,30,150,213,237,25,139,full_trace_mean_square,0.8374358908468441
100,2,199,Std,21,30,150,213,237,25,139,full_trace_mean_square,0.9571310972894239
100,2,199,S,21,30,150,213,237,25,139,full_trace_mean_square,0.3681302776899162
100,2,199,K,21,30,150,213,237,25,139,full_trace_mean_square,0.45661172680739076
100,4,0,M,21,30,150,213,237,25,175,full_trace_mean_square,0.9393314452688698
100,4,0,P,21,30,150,213,237,25,175,full_trace_mean_square,0.945936483192119
100,4,0,SLTA,21,30,150,213,237,25,175,full_trace_mean_square,0.8293830508991367
100,4,0,Std,21,30,150,213,237,25,175,full_trace_mean_square,0.9554579735396366
100,4,0,S,21,30,150,213,237,25,175,full_trace_mean_square,0.29832699794984424
100,4,0,K,21,30,150,213,237,25,175,full_trace_mean_square,0.41151492942946316
100,4,1,M,21,30,150,213,237,25,181,full_trace_mean_square,0.9405094303729804
100,4,1,P,21,30,150,213,237,25,181,full_trace_mean_square,0.9436139521408456
100,4,1,SLTA,21,30,150,213,237,25,181,full_trace_mean_square,0.8213541534510495
100,4,1,Std,21,30,150,213,237,25,181,full_trace_mean_square,0.9571521084760685
100,4,1,S,21,30,150,213,237,25,181,full_trace_mean_square,0.4165163075839103
100,4,1,K,21,30,150,213,237,25,181,full_trace_mean_square,0.42865099848038724
100,4,2,M,21,30,150,213,237,25,154,full_trace_mean_square,0.942050728041814
100,4,2,P,21,30,150,213,237,25,154,full_trace_mean_square,0.9459209358695062
100,4,2,SLTA,21,30,150,213,237,25,154,full_trace_mean_square,0.8070927543960699
100,4,2,Std,21,30,150,213,237,25,154,full_trace_mean_square,0.9571271902381865
100,4,2,S,21,30,150,213,237,25,154,full_trace_mean_square,0.36967666560399587
100,4,2,K,21,30,150,213,237,25,154,full_trace_mean_square,0.33790370442751033
100,4,3,M,21,30,150,213,237,25,153,full_trace_mean_square,0.9452377070489643
100,4,3,P,21,30,150,213,237,25,153,full_trace_mean_square,0.9462861066822374
100,4,3,SLTA,21,30,150,213,237,25,153,full_trace_mean_square,0.8287030795697868
100,4,3,Std,21,30,150,213,237,25,153,full_trace_mean_square,0.9584838999276541
100,4,3,S,21,30,150,213,237,25,153,full_trace_mean_square,0.3826553879512254
100,4,3,K,21,30,150,213,237,25,153,full_trace_mean_square,0.3789936854052765
100,4,4,M,21,30,150,213,237,25,174,full_trace_mean_square,0.9443786303518691
100,4,4,P,21,30,150,213,237,25,174,full_trace_mean_square,0.9464061847112852
100,4,4,SLTA,21,30,150,213,237,25,174,full_trace_mean_square,0.8271496991889706
100,4,4,Std,21,30,150,213,237,25,174,full_trace_mean_square,0.9573222205618632
100,4,4,S,21,30,150,213,237,25,174,full_trace_mean_square,0.3121623584533502
100,4,4,K,21,30,150,213,237,25,174,full_trace_mean_square,0.3209546949050333
100,4,5,M,21,30,150,213,237,25,163,full_trace_mean_square,0.9399509697660976
100,4,5,P,21,30,150,213,237,25,163,full_trace_mean_square,0.9441439291624913
100,4,5,SLTA,21,30,150,213,237,25,163,full_trace_mean_square,0.8175529216421453
100,4,5,Std,21,30,150,213,237,25,163,full_trace_mean_square,0.957860381975132
100,4,5,S,21,30,150,213,237,25,163,full_trace_mean_square,0.5035486981295593
100,4,5,K,21,30,150,213,237,25,163,full_trace_mean_square,0.5305152759549284
100,4,6,M,21,30,150,213,237,25,159,full_trace_mean_square,0.9404746862313521
100,4,6,P,21,30,150,213,237,25,159,full_trace_mean_square,0.9453532149208799
100,4,6,SLTA,21,30,150,213,237,25,159,full_trace_mean_square,0.8194567391810981
100,4,6,Std,21,30,150,213,237,25,159,full_trace_mean_square,0.957519936717691
100,4,6,S,21,30,150,213,237,25,159,full_trace_mean_square,0.3733039821284077
100,4,6,K,21,30,150,213,237,25,159,full_trace_mean_square,0.4411357086133535
100,4,7,M,21,30,150,213,237,25,168,full_trace_mean_square,0.9439585275787625
100,4,7,P,21,30,150,213,237,25,168,full_trace_mean_square,0.9463616821710065
100,4,7,SLTA,21,30,150,213,237,25,168,full_trace_mean_square,0.82547536478952
100,4,7,Std,21,30,150,213,237,25,168,full_trace_mean_square,0.9575522596666135
100,4,7,S,21,30,150,213,237,25,168,full_trace_mean_square,0.35687791123485463
100,4,7,K,21,30,150,213,237,25,168,full_trace_mean_square,0.37476582160033206
100,4,8,M,21,30,150,213,237,25,174,full_trace_mean_square,0.9425251523635788
100,4,8,P,21,30,150,213,237,25,174,full_trace_mean_square,0.9454848644806357
100,4,8,SLTA,21,30,150,213,237,25,174,full_trace_mean_square,0.8354979446897906
100,4,8,Std,21,30,150,213,237,25,174,full_trace_mean_square,0.9589105166431952
100,4,8,S,21,30,150,213,237,25,174,full_trace_mean_square,0.3566967957405013
100,4,8,K,21,30,150,213,237,25,174,full_trace_mean_square,0.3576217905714322
100,4,9,M,21,30,150,213,237,25,171,full_trace_mean_square,0.9432338539439643
100,4,9,P,21,30,150,213,237,25,171,full_trace_mean_square,0.9463526343419071
100,4,9,SLTA,21,30,150,213,237,25,171,full_trace_mean_square,0.8306109035074662
100,4,9,Std,21,30,150,213,237,25,171,full_trace_mean_square,0.9574504254043458
100,4,9,S,21,30,150,213,237,25,171,full_trace_mean_square,0.38617580308839566
100,4,9,K,21,30,150,213,237,25,171,full_trace_mean_square,0.3326560643784561
100,4,10,M,21,30,150,213,237,25,177,full_trace_mean_square,0.9398324369241516
100,4,10,P,21,30,150,213,237,25,177,full_trace_mean_square,0.9457707540397574
100,4,10,SLTA,21,30,150,213,237,25,177,full_trace_mean_square,0.7996152704608276
100,4,10,Std,21,30,150,213,237,25,177,full_trace_mean_square,0.9570626511430197
100,4,10,S,21,30,150,213,237,25,177,full_trace_mean_square,0.3397366210102569
100,4,10,K,21,30,150,213,237,25,177,full_trace_mean_square,0.363398115576571
100,4,11,M,21,30,150,213,237,25,159,full_trace_mean_square,0.9403514981537253
100,4,11,P,21,30,150,213,237,25,159,full_trace_mean_square,0.946063678111987
100,4,11,SLTA,21,30,150,213,237,25,159,full_trace_mean_square,0.8291324236787486
100,4,11,Std,21,30,150,213,237,25,159,full_trace_mean_square,0.9585778748218561
100,4,11,S,21,30,150,213,237,25,159,full_trace_mean_square,0.36431639986028347
100,4,11,K,21,30,150,213,237,25,159,full_trace_mean_square,0.3448399815566763
100,4,12,M,21,30,150,213,237,25,166,full_trace_mean_square,0.94282026101775
100,4,12,P,21,30,150,213,237,25,166,full_trace_mean_square,0.9452210496598938
100,4,12,SLTA,21,30,150,213,237,25,166,full_trace_mean_square,0.8385490845553684
100,4,12,Std,21,30,150,213,237,25,166,full_trace_mean_square,0.9568927223949483
100,4,12,S,21,30,150,213,237,25,166,full_trace_mean_square,0.4268623648013782
100,4,12,K,21,30,150,213,237,25,166,full_trace_mean_square,0.4240666622072003
100,4,13,M,21,30,150,213,237,25,169,full_trace_mean_square,0.9460207099511465
100,4,13,P,21,30,150,213,237,25,169,full_trace_mean_square,0.9460947067799403
100,4,13,SLTA,21,30,150,213,237,25,169,full_trace_mean_square,0.8380972046222822
100,4,13,Std,21,30,150,213,237,25,169,full_trace_mean_square,0.9584946670025211
100,4,13,S,21,30,150,213,237,25,169,full_trace_mean_square,0.49361343764962473
100,4,13,K,21,30,150,213,237,25,169,full_trace_mean_square,0.4566831613651678
100,4,14,M,21,30,150,213,237,25,154,full_trace_mean_square,0.9413768634820864
100,4,14,P,21,30,150,213,237,25,154,full_trace_mean_square,0.9457110377100889
100,4,14,SLTA,21,30,150,213,237,25,154,full_trace_mean_square,0.8441501245977048
100,4,14,Std,21,30,150,213,237,25,154,full_trace_mean_square,0.958051987160121
100,4,14,S,21,30,150,213,237,25,154,full_trace_mean_square,0.43574593595562744
100,4,14,K,21,30,150,213,237,25,154,full_trace_mean_square,0.4894560278371716
100,4,15,M,21,30,150,213,237,25,173,full_trace_mean_square,0.9407738958793953
100,4,15,P,21,30,150,213,237,25,173,full_trace_mean_square,0.9463457880654988
100,4,15,SLTA,21,30,150,213,237,25,173,full_trace_mean_square,0.8280266836520527
100,4,15,Std,21,30,150,213,237,25,173,full_trace_mean_square,0.9555598116768401
100,4,15,S,21,30,150,213,237,25,173,full_trace_mean_square,0.3982702268089359
100,4,15,K,21,30,150,213,237,25,173,full_trace_mean_square,0.40486850354603027
100,4,16,M,21,30,150,213,237,25,184,full_trace_mean_square,0.9466198719370614
100,4,16,P,21,30,150,213,237,25,184,full_trace_mean_square,0.9465223791222148
100,4,16,SLTA,21,30,150,213,237,25,184,full_trace_mean_square,0.8364734795617864
100,4,16,Std,21,30,150,213,237,25,184,full_trace_mean_square,0.9587557856887784
100,4,16,S,21,30,150,213,237,25,184,full_trace_mean_square,0.4173599307849942
100,4,16,K,21,30,150,213,237,25,184,full_trace_mean_square,0.39562889630877646
100,4,17,M,21,30,150,213,237,25,163,full_trace_mean_square,0.9425662614301659
100,4,17,P,21,30,150,213,237,25,163,full_trace_mean_square,0.944786812361659
100,4,17,SLTA,21,30,150,213,237,25,163,full_trace_mean_square,0.8268261984797929
100,4,17,Std,21,30,150,213,237,25,163,full_trace_mean_square,0.9569361410929977
100,4,17,S,21,30,150,213,237,25,163,full_trace_mean_square,0.533740503239972
100,4,17,K,21,30,150,213,237,25,163,full_trace_mean_square,0.5009092325184349
100,4,18,M,21,30,150,213,237,25,150,full_trace_mean_square,0.9412574572678678
100,4,18,P,21,30,150,213,237,25,150,full_trace_mean_square,0.9447354886666822
100,4,18,SLTA,21,30,150,213,237,25,150,full_trace_mean_square,0.8171700053277803
100,4,18,Std,21,30,150,213,237,25,150,full_trace_mean_square,0.9562122458319897
100,4,18,S,21,30,150,213,237,25,150,full_trace_mean_square,0.31902478183129507
100,4,18,K,21,30,150,213,237,25,150,full_trace_mean_square,0.3598593671391885
100,4,19,M,21,30,150,213,237,25,166,full_trace_mean_square,0.943452299838804
100,4,19,P,21,30,150,213,237,25,166,full_trace_mean_square,0.945760305464161
100,4,19,SLTA,21,30,150,213,237,25,166,full_trace_mean_square,0.8453280023689042
100,4,19,Std,21,30,150,213,237,25,166,full_trace_mean_square,0.9582281495891949
100,4,19,S,21,30,150,213,237,25,166,full_trace_mean_square,0.3847307773305884
100,4,19,K,21,30,150,213,237,25,166,full_trace_mean_square,0.48044572557218596
100,4,20,M,21,30,150,213,237,25,175,full_trace_mean_square,0.9369138117662567
100,4,20,P,21,30,150,213,237,25,175,full_trace_mean_square,0.9463432385597895
100,4,20,SLTA,21,30,150,213,237,25,175,full_trace_mean_square,0.8220234862017252
100,4,20,Std,21,30,150,213,237,25,175,full_trace_mean_square,0.9528261962601212
100,4,20,S,21,30,150,213,237,25,175,full_trace_mean_square,0.27743077476958883
100,4,20,K,21,30,150,213,237,25,175,full_trace_mean_square,0.31972244996810767
100,4,21,M,21,30,150,213,237,25,161,full_trace_mean_square,0.9439647477776211
100,4,21,P,21,30,150,213,237,25,161,full_trace_mean_square,0.9460756684985525
100,4,21,SLTA,21,30,150,213,237,25,161,full_trace_mean_square,0.8235646346836019
100,4,21,Std,21,30,150,213,237,25,161,full_trace_mean_square,0.9579893607314934
100,4,21,S,21,30,150,213,237,25,161,full_trace_mean_square,0.4077439867313934
100,4,21,K,21,30,150,213,237,25,161,full_trace_mean_square,0.4068679255523179
100,4,22,M,21,30,150,213,237,25,154,full_trace_mean_square,0.9430895178249673
100,4,22,P,21,30,150,213,237,25,154,full_trace_mean_square,0.9455642233794997
100,4,22,SLTA,21,30,150,213,237,25,154,full_trace_mean_square,0.8257223634811006
100,4,22,Std,21,30,150,213,237,25,154,full_trace_mean_square,0.9570069416460579
100,4,22,S,21,30,150,213,237,25,154,full_trace_mean_square,0.4364038309997065
100,4,22,K,21,30,150,213,237,25,154,full_trace_mean_square,0.42693417355686397
100,4,23,M,21,30,150,213,237,25,174,full_trace_mean_square,0.9397826325449182
100,4,23,P,21,30,150,213,237,25,174,full_trace_mean_square,0.9447152430902296
100,4,23,SLTA,21,30,150,213,237,25,174,full_trace_mean_square,0.8230011800933386
100,4,23,Std,21,30,150,213,237,25,174,full_trace_mean_square,0.955316609760423
100,4,23,S,21,30,150,213,237,25,174,full_trace_mean_square,0.40399116827236586
100,4,23,K,21,30,150,213,237,25,174,full_trace_mean_square,0.4193239463481283
100,4,24,M,21,30,150,213,237,25,151,full_trace_mean_square,0.946770478906358
100,4,24,P,21,30,150,213,237,25,151,full_trace_mean_square,0.9461498009589256
100,4,24,SLTA,21,30,150,213,237,25,151,full_trace_mean_square,0.8353719946440586
100,4,24,Std,21,30,150,213,237,25,151,full_trace_mean_square,0.9587186810493378
100,4,24,S,21,30,150,213,237,25,151,full_trace_mean_square,0.47518003561765776
100,4,24,K,21,30,150,213,237,25,151,full_trace_mean_square,0.42810151165410726
100,4,25,M,21,30,150,213,237,25,166,full_trace_mean_square,0.9436713887362803
100,4,25,P,21,30,150,213,237,25,166,full_trace_mean_square,0.9452980623754945
100,4,25,SLTA,21,30,150,213,237,25,166,full_trace_mean_square,0.8395097028382145
100,4,25,Std,21,30,150,213,237,25,166,full_trace_mean_square,0.9587572698524071
100,4,25,S,21,30,150,213,237,25,166,full_trace_mean_square,0.4721698427851934
100,4,25,K,21,30,150,213,237,25,166,full_trace_mean_square,0.43397356711151236
100,4,26,M,21,30,150,213,237,25,160,full_trace_mean_square,0.9447722565210663
100,4,26,P,21,30,150,213,237,25,160,full_trace_mean_square,0.9459695212961382
100,4,26,SLTA,21,30,150,213,237,25,160,full_trace_mean_square,0.8199717413723709
100,4,26,Std,21,30,150,213,237,25,160,full_trace_mean_square,0.9587293295141692
100,4,26,S,21,30,150,213,237,25,160,full_trace_mean_square,0.3515911557046856
100,4,26,K,21,30,150,213,237,25,160,full_trace_mean_square,0.43468849064786164
100,4,27,M,21,30,150,213,237,25,153,full_trace_mean_square,0.9417214775814735
100,4,27,P,21,30,150,213,237,25,153,full_trace_mean_square,0.9458686495276256
100,4,27,SLTA,21,30,150,213,237,25,153,full_trace_mean_square,0.8183194741910348
100,4,27,Std,21,30,150,213,237,25,153,full_trace_mean_square,0.9568320332054576
100,4,27,S,21,30,150,213,237,25,153,full_trace_mean_square,0.44824004065576956
100,4,27,K,21,30,150,213,237,25,153,full_trace_mean_square,0.3867845967170709
100,4,28,M,21,30,150,213,237,25,149,full_trace_mean_square,0.9412630189849313
100,4,28,P,21,30,150,213,237,25,149,full_trace_mean_square,0.9461150656741276
100,4,28,SLTA,21,30,150,213,237,25,149,full_trace_mean_square,0.8219850164833202
100,4,28,Std,21,30,150,213,237,25,149,full_trace_mean_square,0.9569881610238388
100,4,28,S,21,30,150,213,237,25,149,full_trace_mean_square,0.34642169343227464
100,4,28,K,21,30,150,213,237,25,149,full_trace_mean_square,0.3963590835088909
100,4,29,M,21,30,150,213,237,25,166,full_trace_mean_square,0.9405832884189872
100,4,29,P,21,30,150,213,237,25,166,full_trace_mean_square,0.945148375348141
100,4,29,SLTA,21,30,150,213,237,25,166,full_trace_mean_square,0.8274780822546051
100,4,29,Std,21,30,150,213,237,25,166,full_trace_mean_square,0.9576390528068686
100,4,29,S,21,30,150,213,237,25,166,full_trace_mean_square,0.3290767080883609
100,4,29,K,21,30,150,213,237,25,166,full_trace_mean_square,0.3644939180339749
100,4,30,M,21,30,150,213,237,25,166,full_trace_mean_square,0.9440657796506777
100,4,30,P,21,30,150,213,237,25,166,full_trace_mean_square,0.9454824299068596
100,4,30,SLTA,21,30,150,213,237,25,166,full_trace_mean_square,0.8331241510255458
100,4,30,Std,21,30,150,213,237,25,166,full_trace_mean_square,0.95704571890525
100,4,30,S,21,30,150,213,237,25,166,full_trace_mean_square,0.35661656791391866
100,4,30,K,21,30,150,213,237,25,166,full_trace_mean_square,0.39676265181745185
100,4,31,M,21,30,150,213,237,25,164,full_trace_mean_square,0.9447416633374003
100,4,31,P,21,30,150,213,237,25,164,full_trace_mean_square,0.945558720589772
100,4,31,SLTA,21,30,150,213,237,25,164,full_trace_mean_square,0.8414748648681747
100,4,31,Std,21,30,150,213,237,25,164,full_trace_mean_square,0.9582292090565081
100,4,31,S,21,30,150,213,237,25,164,full_trace_mean_square,0.45177508443607844
100,4,31,K,21,30,150,213,237,25,164,full_trace_mean_square,0.44304283999358474
100,4,32,M,21,30,150,213,237,25,148,full_trace_mean_square,0.9411023161923864
100,4,32,P,21,30,150,213,237,25,148,full_trace_mean_square,0.9465580523395304
100,4,32,SLTA,21,30,150,213,237,25,148,full_trace_mean_square,0.8237470605216374
100,4,32,Std,21,30,150,213,237,25,148,full_trace_mean_square,0.9572708467861588
100,4,32,S,21,30,150,213,237,25,148,full_trace_mean_square,0.3720391029096439
100,4,32,K,21,30,150,213,237,25,148,full_trace_mean_square,0.2969976897736597
100,4,33,M,21,30,150,213,237,25,176,full_trace_mean_square,0.9450511482488717
100,4,33,P,21,30,150,213,237,25,176,full_trace_mean_square,0.9464598973415147
100,4,33,SLTA,21,30,150,213,237,25,176,full_trace_mean_square,0.851262896038355
100,4,33,Std,21,30,150,213,237,25,176,full_trace_mean_square,0.9576785075184793
100,4,33,S,21,30,150,213,237,25,176,full_trace_mean_square,0.3802652162682377
100,4,33,K,21,30,150,213,237,25,176,full_trace_mean_square,0.415183471127198
100,4,34,M,21,30,150,213,237,25,136,full_trace_mean_square,0.9456481298909569
100,4,34,P,21,30,150,213,237,25,136,full_trace_mean_square,0.9458867169486678
100,4,34,SLTA,21,30,150,213,237,25,136,full_trace_mean_square,0.84100362434508
100,4,34,Std,21,30,150,213,237,25,136,full_trace_mean_square,0.9586352329494815
100,4,34,S,21,30,150,213,237,25,136,full_trace_mean_square,0.47780163063200226
100,4,34,K,21,30,150,213,237,25,136,full_trace_mean_square,0.5331510072566435
100,4,35,M,21,30,150,213,237,25,153,full_trace_mean_square,0.9424902018518169
100,4,35,P,21,30,150,213,237,25,153,full_trace_mean_square,0.9458303671772579
100,4,35,SLTA,21,30,150,213,237,25,153,full_trace_mean_square,0.8335042365020665
100,4,35,Std,21,30,150,213,237,25,153,full_trace_mean_square,0.9566817727630389
100,4,35,S,21,30,150,213,237,25,153,full_trace_mean_square,0.3280259455043438
100,4,35,K,21,30,150,213,237,25,153,full_trace_mean_square,0.38337900412411846
100,4,36,M,21,30,150,213,237,25,188,full_trace_mean_square,0.9449877698274955
100,4,36,P,21,30,150,213,237,25,188,full_trace_mean_square,0.9459608098556179
100,4,36,SLTA,21,30,150,213,237,25,188,full_trace_mean_square,0.8259710289615818
100,4,36,Std,21,30,150,213,237,25,188,full_trace_mean_square,0.9577185988447231
100,4,36,S,21,30,150,213,237,25,188,full_trace_mean_square,0.3707348166949605
100,4,36,K,21,30,150,213,237,25,188,full_trace_mean_square,0.38553947997590116
100,4,37,M,21,30,150,213,237,25,177,full_trace_mean_square,0.9425971614344925
100,4,37,P,21,30,150,213,237,25,177,full_trace_mean_square,0.9456356672606048
100,4,37,SLTA,21,30,150,213,237,25,177,full_trace_mean_square,0.8263660312924943
100,4,37,Std,21,30,150,213,237,25,177,full_trace_mean_square,0.9573249470952379
100,4,37,S,21,30,150,213,237,25,177,full_trace_mean_square,0.4080404593371464
100,4,37,K,21,30,150,213,237,25,177,full_trace_mean_square,0.3823226549774996
100,4,38,M,21,30,150,213,237,25,164,full_trace_mean_square,0.9430992796258653
100,4,38,P,21,30,150,213,237,25,164,full_trace_mean_square,0.9458912955347899
100,4,38,SLTA,21,30,150,213,237,25,164,full_trace_mean_square,0.8227368498735312
100,4,38,Std,21,30,150,213,237,25,164,full_trace_mean_square,0.9568671552768545
100,4,38,S,21,30,150,213,237,25,164,full_trace_mean_square,0.3681474350873633
100,4,38,K,21,30,150,213,237,25,164,full_trace_mean_square,0.4444388514041872
100,4,39,M,21,30,150,213,237,25,146,full_trace_mean_square,0.9437347793842197
100,4,39,P,21,30,150,213,237,25,146,full_trace_mean_square,0.9457711052007842
100,4,39,SLTA,21,30,150,213,237,25,146,full_trace_mean_square,0.8213240705850477
100,4,39,Std,21,30,150,213,237,25,146,full_trace_mean_square,0.9577406224503016
100,4,39,S,21,30,150,213,237,25,146,full_trace_mean_square,0.4447544401545838
100,4,39,K,21,30,150,213,237,25,146,full_trace_mean_square,0.4261022861647409
100,4,40,M,21,30,150,213,237,25,149,full_trace_mean_square,0.9417269204889185
100,4,40,P,21,30,150,213,237,25,149,full_trace_mean_square,0.9459981930929312
100,4,40,SLTA,21,30,150,213,237,25,149,full_trace_mean_square,0.8205561997504848
100,4,40,Std,21,30,150,213,237,25,149,full_trace_mean_square,0.9563357502955933
100,4,40,S,21,30,150,213,237,25,149,full_trace_mean_square,0.3829950489313025
100,4,40,K,21,30,150,213,237,25,149,full_trace_mean_square,0.4394780733678978
100,4,41,M,21,30,150,213,237,25,156,full_trace_mean_square,0.9438214664953478
100,4,41,P,21,30,150,213,237,25,156,full_trace_mean_square,0.9465246868040823
100,4,41,SLTA,21,30,150,213,237,25,156,full_trace_mean_square,0.835944054444349
100,4,41,Std,21,30,150,213,237,25,156,full_trace_mean_square,0.9584045569697682
100,4,41,S,21,30,150,213,237,25,156,full_trace_mean_square,0.31937044901018363
100,4,41,K,21,30,150,213,237,25,156,full_trace_mean_square,0.3548294114442498
100,4,42,M,21,30,150,213,237,25,161,full_trace_mean_square,0.9412167496450338
100,4,42,P,21,30,150,213,237,25,161,full_trace_mean_square,0.945489981481015
100,4,42,SLTA,21,30,150,213,237,25,161,full_trace_mean_square,0.8319830177662381
100,4,42,Std,21,30,150,213,237,25,161,full_trace_mean_square,0.9588120691005633
100,4,42,S,21,30,150,213,237,25,161,full_trace_mean_square,0.3818213351076495
100,4,42,K,21,30,150,213,237,25,161,full_trace_mean_square,0.37505019885005175
100,4,43,M,21,30,150,213,237,25,167,full_trace_mean_square,0.9409443017766577
100,4,43,P,21,30,150,213,237,25,167,full_trace_mean_square,0.9456006930818038
100,4,43,SLTA,21,30,150,213,237,25,167,full_trace_mean_square,0.8275224202979715
100,4,43,Std,21,30,150,213,237,25,167,full_trace_mean_square,0.9561246883347987
100,4,43,S,21,30,150,213,237,25,167,full_trace_mean_square,0.40681166627002674
100,4,43,K,21,30,150,213,237,25,167,full_trace_mean_square,0.44692625307386546
100,4,44,M,21,30,150,213,237,25,171,full_trace_mean_square,0.9435156728528571
100,4,44,P,21,30,150,213,237,25,171,full_trace_mean_square,0.9453068728591558
100,4,44,SLTA,21,30,150,213,237,25,171,full_trace_mean_square,0.8307985116320981
100,4,44,Std,21,30,150,213,237,25,171,full_trace_mean_square,0.9572337987610176
100,4,44,S,21,30,150,213,237,25,171,full_trace_mean_square,0.35831840063566756
100,4,44,K,21,30,150,213,237,25,171,full_trace_mean_square,0.37259837527332856
100,4,45,M,21,30,150,213,237,25,157,full_trace_mean_square,0.9425772598077647
100,4,45,P,21,30,150,213,237,25,157,full_trace_mean_square,0.9455022369375764
100,4,45,SLTA,21,30,150,213,237,25,157,full_trace_mean_square,0.8222686447528545
100,4,45,Std,21,30,150,213,237,25,157,full_trace_mean_square,0.9587061986142787
100,4,45,S,21,30,150,213,237,25,157,full_trace_mean_square,0.36420973568265175
100,4,45,K,21,30,150,213,237,25,157,full_trace_mean_square,0.41071020391154445
100,4,46,M,21,30,150,213,237,25,158,full_trace_mean_square,0.941698700258233
100,4,46,P,21,30,150,213,237,25,158,full_trace_mean_square,0.945379172972551
100,4,46,SLTA,21,30,150,213,237,25,158,full_trace_mean_square,0.827043765757488
100,4,46,Std,21,30,150,213,237,25,158,full_trace_mean_square,0.9576786979001953
100,4,46,S,21,30,150,213,237,25,158,full_trace_mean_square,0.4377627989582165
100,4,46,K,21,30,150,213,237,25,158,full_trace_mean_square,0.4765653545075994
100,4,47,M,21,30,150,213,237,25,177,full_trace_mean_square,0.9384703789487361
100,4,47,P,21,30,150,213,237,25,177,full_trace_mean_square,0.9447404623524237
100,4,47,SLTA,21,30,150,213,237,25,177,full_trace_mean_square,0.8144264726109088
100,4,47,Std,21,30,150,213,237,25,177,full_trace_mean_square,0.9554527637737561
100,4,47,S,21,30,150,213,237,25,177,full_trace_mean_square,0.42350028484201263
100,4,47,K,21,30,150,213,237,25,177,full_trace_mean_square,0.45023618947112587
100,4,48,M,21,30,150,213,237,25,185,full_trace_mean_square,0.9450996168881207
100,4,48,P,21,30,150,213,237,25,185,full_trace_mean_square,0.9456839608482203
100,4,48,SLTA,21,30,150,213,237,25,185,full_trace_mean_square,0.831569507081584
100,4,48,Std,21,30,150,213,237,25,185,full_trace_mean_square,0.9584429829108803
100,4,48,S,21,30,150,213,237,25,185,full_trace_mean_square,0.33815781843166515
100,4,48,K,21,30,150,213,237,25,185,full_trace_mean_square,0.42217349813014393
100,4,49,M,21,30,150,213,237,25,164,full_trace_mean_square,0.9406357954141964
100,4,49,P,21,30,150,213,237,25,164,full_trace_mean_square,0.9461737211327004
100,4,49,SLTA,21,30,150,213,237,25,164,full_trace_mean_square,0.8422100775648336
100,4,49,Std,21,30,150,213,237,25,164,full_trace_mean_square,0.9554572068702807
100,4,49,S,21,30,150,213,237,25,164,full_trace_mean_square,0.3594337383870229
100,4,49,K,21,30,150,213,237,25,164,full_trace_mean_square,0.2843860219611139
100,4,50,M,21,30,150,213,237,25,157,full_trace_mean_square,0.9460244038187587
100,4,50,P,21,30,150,213,237,25,157,full_trace_mean_square,0.945952321369356
100,4,50,SLTA,21,30,150,213,237,25,157,full_trace_mean_square,0.8367089009681987
100,4,50,Std,21,30,150,213,237,25,157,full_trace_mean_square,0.9588724437185515
100,4,50,S,21,30,150,213,237,25,157,full_trace_mean_square,0.4579107464316197
100,4,50,K,21,30,150,213,237,25,157,full_trace_mean_square,0.5186599769368235
100,4,51,M,21,30,150,213,237,25,165,full_trace_mean_square,0.9422707958125358
100,4,51,P,21,30,150,213,237,25,165,full_trace_mean_square,0.9448726188434184
100,4,51,SLTA,21,30,150,213,237,25,165,full_trace_mean_square,0.83225700361022
100,4,51,Std,21,30,150,213,237,25,165,full_trace_mean_square,0.9566044250154129
100,4,51,S,21,30,150,213,237,25,165,full_trace_mean_square,0.4548104530268005
100,4,51,K,21,30,150,213,237,25,165,full_trace_mean_square,0.5291841101238361
100,4,52,M,21,30,150,213,237,25,146,full_trace_mean_square,0.9398540893665346
100,4,52,P,21,30,150,213,237,25,146,full_trace_mean_square,0.9456242362882472
100,4,52,SLTA,21,30,150,213,237,25,146,full_trace_mean_square,0.8281081892936892
100,4,52,Std,21,30,150,213,237,25,146,full_trace_mean_square,0.9573305014593766
100,4,52,S,21,30,150,213,237,25,146,full_trace_mean_square,0.4638822164746538
100,4,52,K,21,30,150,213,237,25,146,full_trace_mean_square,0.44736299598114826
100,4,53,M,21,30,150,213,237,25,145,full_trace_mean_square,0.9422260352755933
100,4,53,P,21,30,150,213,237,25,145,full_trace_mean_square,0.945133117416876
100,4,53,SLTA,21,30,150,213,237,25,145,full_trace_mean_square,0.8334337434897071
100,4,53,Std,21,30,150,213,237,25,145,full_trace_mean_square,0.9578272958544632
100,4,53,S,21,30,150,213,237,25,145,full_trace_mean_square,0.38321133831184656
100,4,53,K,21,30,150,213,237,25,145,full_trace_mean_square,0.41475456704580604
100,4,54,M,21,30,150,213,237,25,166,full_trace_mean_square,0.9426743538583354
100,4,54,P,21,30,150,213,237,25,166,full_trace_mean_square,0.9451282518463129
100,4,54,SLTA,21,30,150,213,237,25,166,full_trace_mean_square,0.8153588541120487
100,4,54,Std,21,30,150,213,237,25,166,full_trace_mean_square,0.9571434991552142
100,4,54,S,21,30,150,213,237,25,166,full_trace_mean_square,0.38354607006361147
100,4,54,K,21,30,150,213,237,25,166,full_trace_mean_square,0.42442120828983504
100,4,55,M,21,30,150,213,237,25,176,full_trace_mean_square,0.9437418312182494
100,4,55,P,21,30,150,213,237,25,176,full_trace_mean_square,0.9451480441761961
100,4,55,SLTA,21,30,150,213,237,25,176,full_trace_mean_square,0.8399381220461128
100,4,55,Std,21,30,150,213,237,25,176,full_trace_mean_square,0.9587825346661193
100,4,55,S,21,30,150,213,237,25,176,full_trace_mean_square,0.37460131312981626
100,4,55,K,21,30,150,213,237,25,176,full_trace_mean_square,0.44495566978277185
100,4,56,M,21,30,150,213,237,25,155,full_trace_mean_square,0.9355687287937203
100,4,56,P,21,30,150,213,237,25,155,full_trace_mean_square,0.9456442285600936
100,4,56,SLTA,21,30,150,213,237,25,155,full_trace_mean_square,0.8194787061522621
100,4,56,Std,21,30,150,213,237,25,155,full_trace_mean_square,0.953970671880552
100,4,56,S,21,30,150,213,237,25,155,full_trace_mean_square,0.3594769940510061
100,4,56,K,21,30,150,213,237,25,155,full_trace_mean_square,0.3998124568052745
100,4,57,M,21,30,150,213,237,25,176,full_trace_mean_square,0.9453894767962914
100,4,57,P,21,30,150,213,237,25,176,full_trace_mean_square,0.9452980916203058
100,4,57,SLTA,21,30,150,213,237,25,176,full_trace_mean_square,0.8340675116038316
100,4,57,Std,21,30,150,213,237,25,176,full_trace_mean_square,0.9582063323465898
100,4,57,S,21,30,150,213,237,25,176,full_trace_mean_square,0.4786964750620671
100,4,57,K,21,30,150,213,237,25,176,full_trace_mean_square,0.5035707702266229
100,4,58,M,21,30,150,213,237,25,184,full_trace_mean_square,0.9382963501799173
100,4,58,P,21,30,150,213,237,25,184,full_trace_mean_square,0.9448890702107795
100,4,58,SLTA,21,30,150,213,237,25,184,full_trace_mean_square,0.8277712005025054
100,4,58,Std,21,30,150,213,237,25,184,full_trace_mean_square,0.9563763594434195
100,4,58,S,21,30,150,213,237,25,184,full_trace_mean_square,0.4133288641465177
100,4,58,K,21,30,150,213,237,25,184,full_trace_mean_square,0.39563256820025045
100,4,59,M,21,30,150,213,237,25,186,full_trace_mean_square,0.9428008937327951
100,4,59,P,21,30,150,213,237,25,186,full_trace_mean_square,0.9459720942215856
100,4,59,SLTA,21,30,150,213,237,25,186,full_trace_mean_square,0.8222431473195919
100,4,59,Std,21,30,150,213,237,25,186,full_trace_mean_square,0.9570353256989644
100,4,59,S,21,30,150,213,237,25,186,full_trace_mean_square,0.3538734637697215
100,4,59,K,21,30,150,213,237,25,186,full_trace_mean_square,0.36280182241731235
100,4,60,M,21,30,150,213,237,25,175,full_trace_mean_square,0.947278398312543
100,4,60,P,21,30,150,213,237,25,175,full_trace_mean_square,0.9460240361707087
100,4,60,SLTA,21,30,150,213,237,25,175,full_trace_mean_square,0.8298984077200472
100,4,60,Std,21,30,150,213,237,25,175,full_trace_mean_square,0.9593068479929383
100,4,60,S,21,30,150,213,237,25,175,full_trace_mean_square,0.4326915142919599
100,4,60,K,21,30,150,213,237,25,175,full_trace_mean_square,0.4769728843431766
100,4,61,M,21,30,150,213,237,25,153,full_trace_mean_square,0.9417244599943735
100,4,61,P,21,30,150,213,237,25,153,full_trace_mean_square,0.9447092624857915
100,4,61,SLTA,21,30,150,213,237,25,153,full_trace_mean_square,0.8139319596278508
100,4,61,Std,21,30,150,213,237,25,153,full_trace_mean_square,0.9557747938913057
100,4,61,S,21,30,150,213,237,25,153,full_trace_mean_square,0.3781084583658046
100,4,61,K,21,30,150,213,237,25,153,full_trace_mean_square,0.49914314430140666
100,4,62,M,21,30,150,213,237,25,166,full_trace_mean_square,0.9433087148967516
100,4,62,P,21,30,150,213,237,25,166,full_trace_mean_square,0.9464808579414484
100,4,62,SLTA,21,30,150,213,237,25,166,full_trace_mean_square,0.8248738290162038
100,4,62,Std,21,30,150,213,237,25,166,full_trace_mean_square,0.9581444528889743
100,4,62,S,21,30,150,213,237,25,166,full_trace_mean_square,0.46182275335654216
100,4,62,K,21,30,150,213,237,25,166,full_trace_mean_square,0.4879718570272189
100,4,63,M,21,30,150,213,237,25,157,full_trace_mean_square,0.946744404887595
100,4,63,P,21,30,150,213,237,25,157,full_trace_mean_square,0.946137701388374
100,4,63,SLTA,21,30,150,213,237,25,157,full_trace_mean_square,0.8311534730793337
100,4,63,Std,21,30,150,213,237,25,157,full_trace_mean_square,0.9583634454798926
100,4,63,S,21,30,150,213,237,25,157,full_trace_mean_square,0.406730218755534
100,4,63,K,21,30,150,213,237,25,157,full_trace_mean_square,0.4707541217193134
100,4,64,M,21,30,150,213,237,25,172,full_trace_mean_square,0.943543213750117
100,4,64,P,21,30,150,213,237,25,172,full_trace_mean_square,0.946116043373005
100,4,64,SLTA,21,30,150,213,237,25,172,full_trace_mean_square,0.82499546179427
100,4,64,Std,21,30,150,213,237,25,172,full_trace_mean_square,0.9585743520946929
100,4,64,S,21,30,150,213,237,25,172,full_trace_mean_square,0.3381872984728272
100,4,64,K,21,30,150,213,237,25,172,full_trace_mean_square,0.40399092329322805
100,4,65,M,21,30,150,213,237,25,161,full_trace_mean_square,0.9424752849712305
100,4,65,P,21,30,150,213,237,25,161,full_trace_mean_square,0.94515278777646
100,4,65,SLTA,21,30,150,213,237,25,161,full_trace_mean_square,0.8268566304628601
100,4,65,Std,21,30,150,213,237,25,161,full_trace_mean_square,0.9574143851203725
100,4,65,S,21,30,150,213,237,25,161,full_trace_mean_square,0.34365154841235956
100,4,65,K,21,30,150,213,237,25,161,full_trace_mean_square,0.3855710430529475
100,4,66,M,21,30,150,213,237,25,169,full_trace_mean_square,0.9414387916392641
100,4,66,P,21,30,150,213,237,25,169,full_trace_mean_square,0.9463095838611614
100,4,66,SLTA,21,30,150,213,237,25,169,full_trace_mean_square,0.8330756779810189
100,4,66,Std,21,30,150,213,237,25,169,full_trace_mean_square,0.9560967767835038
100,4,66,S,21,30,150,213,237,25,169,full_trace_mean_square,0.31727379393482225
100,4,66,K,21,30,150,213,237,25,169,full_trace_mean_square,0.38823719225936315
100,4,67,M,21,30,150,213,237,25,150,full_trace_mean_square,0.9434172260839615
100,4,67,P,21,30,150,213,237,25,150,full_trace_mean_square,0.9457969482886476
100,4,67,SLTA,21,30,150,213,237,25,150,full_trace_mean_square,0.81402197476076
100,4,67,Std,21,30,150,213,237,25,150,full_trace_mean_square,0.958397266712879
100,4,67,S,21,30,150,213,237,25,150,full_trace_mean_square,0.40082646328742305
100,4,67,K,21,30,150,213,237,25,150,full_trace_mean_square,0.34312535624541524
100,4,68,M,21,30,150,213,237,25,178,full_trace_mean_square,0.9423556070165744
100,4,68,P,21,30,150,213,237,25,178,full_trace_mean_square,0.945694617617702
100,4,68,SLTA,21,30,150,213,237,25,178,full_trace_mean_square,0.8416735806774891
100,4,68,Std,21,30,150,213,237,25,178,full_trace_mean_square,0.9585053330208707
100,4,68,S,21,30,150,213,237,25,178,full_trace_mean_square,0.27439863330340425
100,4,68,K,21,30,150,213,237,25,178,full_trace_mean_square,0.3515231676008263
100,4,69,M,21,30,150,213,237,25,149,full_trace_mean_square,0.9412331636869556
100,4,69,P,21,30,150,213,237,25,149,full_trace_mean_square,0.9450302067384052
100,4,69,SLTA,21,30,150,213,237,25,149,full_trace_mean_square,0.8335028222025828
100,4,69,Std,21,30,150,213,237,25,149,full_trace_mean_square,0.9566530255277726
100,4,69,S,21,30,150,213,237,25,149,full_trace_mean_square,0.3749090713873752
100,4,69,K,21,30,150,213,237,25,149,full_trace_mean_square,0.36592820147557686
100,4,70,M,21,30,150,213,237,25,156,full_trace_mean_square,0.9399615676113565
100,4,70,P,21,30,150,213,237,25,156,full_trace_mean_square,0.9453011176500132
100,4,70,SLTA,21,30,150,213,237,25,156,full_trace_mean_square,0.825723976216973
100,4,70,Std,21,30,150,213,237,25,156,full_trace_mean_square,0.9563160038556372
100,4,70,S,21,30,150,213,237,25,156,full_trace_mean_square,0.4365833794730219
100,4,70,K,21,30,150,213,237,25,156,full_trace_mean_square,0.39695388358958883
100,4,71,M,21,30,150,213,237,25,179,full_trace_mean_square,0.9438086373972407
100,4,71,P,21,30,150,213,237,25,179,full_trace_mean_square,0.945713128242327
100,4,71,SLTA,21,30,150,213,237,25,179,full_trace_mean_square,0.8401058433244332
100,4,71,Std,21,30,150,213,237,25,179,full_trace_mean_square,0.9586197841376917
100,4,71,S,21,30,150,213,237,25,179,full_trace_mean_square,0.28464293117523953
100,4,71,K,21,30,150,213,237,25,179,full_trace_mean_square,0.3573269262313658
100,4,72,M,21,30,150,213,237,25,184,full_trace_mean_square,0.9375659426639309
100,4,72,P,21,30,150,213,237,25,184,full_trace_mean_square,0.9460434609844156
100,4,72,SLTA,21,30,150,213,237,25,184,full_trace_mean_square,0.8399475693895783
100,4,72,Std,21,30,150,213,237,25,184,full_trace_mean_square,0.9556544136010542
100,4,72,S,21,30,150,213,237,25,184,full_trace_mean_square,0.24816809604503906
100,4,72,K,21,30,150,213,237,25,184,full_trace_mean_square,0.32250938337398183
100,4,73,M,21,30,150,213,237,25,170,full_trace_mean_square,0.9454038947072563
100,4,73,P,21,30,150,213,237,25,170,full_trace_mean_square,0.9458162006659357
100,4,73,SLTA,21,30,150,213,237,25,170,full_trace_mean_square,0.8397648967892448
100,4,73,Std,21,30,150,213,237,25,170,full_trace_mean_square,0.9596434131211442
100,4,73,S,21,30,150,213,237,25,170,full_trace_mean_square,0.3215140527556493
100,4,73,K,21,30,150,213,237,25,170,full_trace_mean_square,0.3704744777077956
100,4,74,M,21,30,150,213,237,25,162,full_trace_mean_square,0.9445292332673216
100,4,74,P,21,30,150,213,237,25,162,full_trace_mean_square,0.9456941544368959
100,4,74,SLTA,21,30,150,213,237,25,162,full_trace_mean_square,0.8366528865396358
100,4,74,Std,21,30,150,213,237,25,162,full_trace_mean_square,0.9583401605876598
100,4,74,S,21,30,150,213,237,25,162,full_trace_mean_square,0.40749753639582054
100,4,74,K,21,30,150,213,237,25,162,full_trace_mean_square,0.41771574005049555
100,4,75,M,21,30,150,213,237,25,177,full_trace_mean_square,0.9387835945180303
100,4,75,P,21,30,150,213,237,25,177,full_trace_mean_square,0.9458717892904939
100,4,75,SLTA,21,30,150,213,237,25,177,full_trace_mean_square,0.8177464728425773
100,4,75,Std,21,30,150,213,237,25,177,full_trace_mean_square,0.9559011001884716
100,4,75,S,21,30,150,213,237,25,177,full_trace_mean_square,0.41450005311220534
100,4,75,K,21,30,150,213,237,25,177,full_trace_mean_square,0.41088724087169487
100,4,76,M,21,30,150,213,237,25,167,full_trace_mean_square,0.94542594168502
100,4,76,P,21,30,150,213,237,25,167,full_trace_mean_square,0.9462846648818546
100,4,76,SLTA,21,30,150,213,237,25,167,full_trace_mean_square,0.8403525631069624
100,4,76,Std,21,30,150,213,237,25,167,full_trace_mean_square,0.9594029209750654
100,4,76,S,21,30,150,213,237,25,167,full_trace_mean_square,0.3149768955628652
100,4,76,K,21,30,150,213,237,25,167,full_trace_mean_square,0.33589973358267117
100,4,77,M,21,30,150,213,237,25,131,full_trace_mean_square,0.9440045330986732
100,4,77,P,21,30,150,213,237,25,131,full_trace_mean_square,0.9460757618772414
100,4,77,SLTA,21,30,150,213,237,25,131,full_trace_mean_square,0.8244140082215111
100,4,77,Std,21,30,150,213,237,25,131,full_trace_mean_square,0.957040903974821
100,4,77,S,21,30,150,213,237,25,131,full_trace_mean_square,0.35519884205013524
100,4,77,K,21,30,150,213,237,25,131,full_trace_mean_square,0.4633806856689478
100,4,78,M,21,30,150,213,237,25,174,full_trace_mean_square,0.941250897851453
100,4,78,P,21,30,150,213,237,25,174,full_trace_mean_square,0.9453821470321121
100,4,78,SLTA,21,30,150,213,237,25,174,full_trace_mean_square,0.8345818837482666
100,4,78,Std,21,30,150,213,237,25,174,full_trace_mean_square,0.9570862490738223
100,4,78,S,21,30,150,213,237,25,174,full_trace_mean_square,0.3579196778552036
100,4,78,K,21,30,150,213,237,25,174,full_trace_mean_square,0.375005759278795
100,4,79,M,21,30,150,213,237,25,153,full_trace_mean_square,0.9382259647575824
100,4,79,P,21,30,150,213,237,25,153,full_trace_mean_square,0.9457995489473786
100,4,79,SLTA,21,30,150,213,237,25,153,full_trace_mean_square,0.7868535345043312
100,4,79,Std,21,30,150,213,237,25,153,full_trace_mean_square,0.9551825840086977
100,4,79,S,21,30,150,213,237,25,153,full_trace_mean_square,0.3547634871021818
100,4,79,K,21,30,150,213,237,25,153,full_trace_mean_square,0.3767708685564258
100,4,80,M,21,30,150,213,237,25,173,full_trace_mean_square,0.9458153151121914
100,4,80,P,21,30,150,213,237,25,173,full_trace_mean_square,0.9455340693324532
100,4,80,SLTA,21,30,150,213,237,25,173,full_trace_mean_square,0.8370721077290741
100,4,80,Std,21,30,150,213,237,25,173,full_trace_mean_square,0.9586800066723705
100,4,80,S,21,30,150,213,237,25,173,full_trace_mean_square,0.3894978481417269
100,4,80,K,21,30,150,213,237,25,173,full_trace_mean_square,0.40018661934056693
100,4,81,M,21,30,150,213,237,25,141,full_trace_mean_square,0.9421343119847272
100,4,81,P,21,30,150,213,237,25,141,full_trace_mean_square,0.9463618920953976
100,4,81,SLTA,21,30,150,213,237,25,141,full_trace_mean_square,0.8337381776212637
100,4,81,Std,21,30,150,213,237,25,141,full_trace_mean_square,0.9550304564725961
100,4,81,S,21,30,150,213,237,25,141,full_trace_mean_square,0.3514760383761611
100,4,81,K,21,30,150,213,237,25,141,full_trace_mean_square,0.40754892015179534
100,4,82,M,21,30,150,213,237,25,176,full_trace_mean_square,0.9356862915358757
100,4,82,P,21,30,150,213,237,25,176,full_trace_mean_square,0.9442976083099112
100,4,82,SLTA,21,30,150,213,237,25,176,full_trace_mean_square,0.8076626000071065
100,4,82,Std,21,30,150,213,237,25,176,full_trace_mean_square,0.9554239627801487
100,4,82,S,21,30,150,213,237,25,176,full_trace_mean_square,0.45559479741631564
100,4,82,K,21,30,150,213,237,25,176,full_trace_mean_square,0.40124247499774446
100,4,83,M,21,30,150,213,237,25,178,full_trace_mean_square,0.9411410340812746
100,4,83,P,21,30,150,213,237,25,178,full_trace_mean_square,0.9453068853784128
100,4,83,SLTA,21,30,150,213,237,25,178,full_trace_mean_square,0.8301109723322222
100,4,83,Std,21,30,150,213,237,25,178,full_trace_mean_square,0.9578667011116077
100,4,83,S,21,30,150,213,237,25,178,full_trace_mean_square,0.3787339256242129
100,4,83,K,21,30,150,213,237,25,178,full_trace_mean_square,0.42023754784682155
100,4,84,M,21,30,150,213,237,25,157,full_trace_mean_square,0.9412906444282229
100,4,84,P,21,30,150,213,237,25,157,full_trace_mean_square,0.9470438367780836
100,4,84,SLTA,21,30,150,213,237,25,157,full_trace_mean_square,0.8449819500782196
100,4,84,Std,21,30,150,213,237,25,157,full_trace_mean_square,0.9562917421761381
100,4,84,S,21,30,150,213,237,25,157,full_trace_mean_square,0.20186972921027213
100,4,84,K,21,30,150,213,237,25,157,full_trace_mean_square,0.23328295244443897
100,4,85,M,21,30,150,213,237,25,174,full_trace_mean_square,0.9444288720919604
100,4,85,P,21,30,150,213,237,25,174,full_trace_mean_square,0.9451122372185339
100,4,85,SLTA,21,30,150,213,237,25,174,full_trace_mean_square,0.8419764890022493
100,4,85,Std,21,30,150,213,237,25,174,full_trace_mean_square,0.9582758785023832
100,4,85,S,21,30,150,213,237,25,174,full_trace_mean_square,0.418853711058512
100,4,85,K,21,30,150,213,237,25,174,full_trace_mean_square,0.4092133438266006
100,4,86,M,21,30,150,213,237,25,161,full_trace_mean_square,0.9397114331882542
100,4,86,P,21,30,150,213,237,25,161,full_trace_mean_square,0.944653083582444
100,4,86,SLTA,21,30,150,213,237,25,161,full_trace_mean_square,0.8235366907519358
100,4,86,Std,21,30,150,213,237,25,161,full_trace_mean_square,0.9578324711168628
100,4,86,S,21,30,150,213,237,25,161,full_trace_mean_square,0.3521237724836785
100,4,86,K,21,30,150,213,237,25,161,full_trace_mean_square,0.4115208308307767
100,4,87,M,21,30,150,213,237,25,157,full_trace_mean_square,0.9392311594499319
100,4,87,P,21,30,150,213,237,25,157,full_trace_mean_square,0.9459369650785887
100,4,87,SLTA,21,30,150,213,237,25,157,full_trace_mean_square,0.8297114456463955
100,4,87,Std,21,30,150,213,237,25,157,full_trace_mean_square,0.9558011197701006
100,4,87,S,21,30,150,213,237,25,157,full_trace_mean_square,0.3980038884922637
100,4,87,K,21,30,150,213,237,25,157,full_trace_mean_square,0.41544085999178515
100,4,88,M,21,30,150,213,237,25,165,full_trace_mean_square,0.9451939175357592
100,4,88,P,21,30,150,213,237,25,165,full_trace_mean_square,0.9465204913805612
100,4,88,SLTA,21,30,150,213,237,25,165,full_trace_mean_square,0.8479085197159867
100,4,88,Std,21,30,150,213,237,25,165,full_trace_mean_square,0.9595174931460562
100,4,88,S,21,30,150,213,237,25,165,full_trace_mean_square,0.31364997088277335
100,4,88,K,21,30,150,213,237,25,165,full_trace_mean_square,0.32953762702201367
100,4,89,M,21,30,150,213,237,25,146,full_trace_mean_square,0.9446152478677253
100,4,89,P,21,30,150,213,237,25,146,full_trace_mean_square,0.9461780029779617
100,4,89,SLTA,21,30,150,213,237,25,146,full_trace_mean_square,0.8427109253257061
100,4,89,Std,21,30,150,213,237,25,146,full_trace_mean_square,0.9586401377991085
100,4,89,S,21,30,150,213,237,25,146,full_trace_mean_square,0.4361074323617043
100,4,89,K,21,30,150,213,237,25,146,full_trace_mean_square,0.4577365109213513
100,4,90,M,21,30,150,213,237,25,172,full_trace_mean_square,0.9413997285425251
100,4,90,P,21,30,150,213,237,25,172,full_trace_mean_square,0.9462711730257997
100,4,90,SLTA,21,30,150,213,237,25,172,full_trace_mean_square,0.8334969611000835
100,4,90,Std,21,30,150,213,237,25,172,full_trace_mean_square,0.9570856175474545
100,4,90,S,21,30,150,213,237,25,172,full_trace_mean_square,0.3120986973415023
100,4,90,K,21,30,150,213,237,25,172,full_trace_mean_square,0.3514172381505538
100,4,91,M,21,30,150,213,237,25,157,full_trace_mean_square,0.9441294139456159
100,4,91,P,21,30,150,213,237,25,157,full_trace_mean_square,0.9450645597695058
100,4,91,SLTA,21,30,150,213,237,25,157,full_trace_mean_square,0.8413141387672245
100,4,91,Std,21,30,150,213,237,25,157,full_trace_mean_square,0.9582536064285843
100,4,91,S,21,30,150,213,237,25,157,full_trace_mean_square,0.41508781364466224
100,4,91,K,21,30,150,213,237,25,157,full_trace_mean_square,0.42811868626176885
100,4,92,M,21,30,150,213,237,25,145,full_trace_mean_square,0.9416497171710266
100,4,92,P,21,30,150,213,237,25,145,full_trace_mean_square,0.9465152165940626
100,4,92,SLTA,21,30,150,213,237,25,145,full_trace_mean_square,0.8186763616449588
100,4,92,Std,21,30,150,213,237,25,145,full_trace_mean_square,0.9571380690822392
100,4,92,S,21,30,150,213,237,25,145,full_trace_mean_square,0.4211901255006261
100,4,92,K,21,30,150,213,237,25,145,full_trace_mean_square,0.3427202574752155
100,4,93,M,21,30,150,213,237,25,182,full_trace_mean_square,0.9419709583263441
100,4,93,P,21,30,150,213,237,25,182,full_trace_mean_square,0.9454069707798844
100,4,93,SLTA,21,30,150,213,237,25,182,full_trace_mean_square,0.8196508715785678
100,4,93,Std,21,30,150,213,237,25,182,full_trace_mean_square,0.9565647772198246
100,4,93,S,21,30,150,213,237,25,182,full_trace_mean_square,0.39939930584972394
100,4,93,K,21,30,150,213,237,25,182,full_trace_mean_square,0.4410457829342794
100,4,94,M,21,30,150,213,237,25,153,full_trace_mean_square,0.9450630714752233
100,4,94,P,21,30,150,213,237,25,153,full_trace_mean_square,0.9464868860161315
100,4,94,SLTA,21,30,150,213,237,25,153,full_trace_mean_square,0.8319229655756777
100,4,94,Std,21,30,150,213,237,25,153,full_trace_mean_square,0.9579737232135135
100,4,94,S,21,30,150,213,237,25,153,full_trace_mean_square,0.345849331097505
100,4,94,K,21,30,150,213,237,25,153,full_trace_mean_square,0.4404583759511124
100,4,95,M,21,30,150,213,237,25,161,full_trace_mean_square,0.9452549319505542
100,4,95,P,21,30,150,213,237,25,161,full_trace_mean_square,0.9452383111969366
100,4,95,SLTA,21,30,150,213,237,25,161,full_trace_mean_square,0.8306449227386025
100,4,95,Std,21,30,150,213,237,25,161,full_trace_mean_square,0.9592385785873351
100,4,95,S,21,30,150,213,237,25,161,full_trace_mean_square,0.4666490022861281
100,4,95,K,21,30,150,213,237,25,161,full_trace_mean_square,0.42468222122483357
100,4,96,M,21,30,150,213,237,25,193,full_trace_mean_square,0.9439738007564931
100,4,96,P,21,30,150,213,237,25,193,full_trace_mean_square,0.9458478561729384
100,4,96,SLTA,21,30,150,213,237,25,193,full_trace_mean_square,0.8333409416977947
100,4,96,Std,21,30,150,213,237,25,193,full_trace_mean_square,0.9590984796990133
100,4,96,S,21,30,150,213,237,25,193,full_trace_mean_square,0.4033395705641186
100,4,96,K,21,30,150,213,237,25,193,full_trace_mean_square,0.4219863864880552
100,4,97,M,21,30,150,213,237,25,174,full_trace_mean_square,0.9434368966337179
100,4,97,P,21,30,150,213,237,25,174,full_trace_mean_square,0.9459025247717429
100,4,97,SLTA,21,30,150,213,237,25,174,full_trace_mean_square,0.8371246465447073
100,4,97,Std,21,30,150,213,237,25,174,full_trace_mean_square,0.9587683656708268
100,4,97,S,21,30,150,213,237,25,174,full_trace_mean_square,0.42421785667449535
100,4,97,K,21,30,150,213,237,25,174,full_trace_mean_square,0.40680053647974435
100,4,98,M,21,30,150,213,237,25,148,full_trace_mean_square,0.9421232868706321
100,4,98,P,21,30,150,213,237,25,148,full_trace_mean_square,0.9454604442802441
100,4,98,SLTA,21,30,150,213,237,25,148,full_trace_mean_square,0.810356071168021
100,4,98,Std,21,30,150,213,237,25,148,full_trace_mean_square,0.9565027198249209
100,4,98,S,21,30,150,213,237,25,148,full_trace_mean_square,0.4373110854345961
100,4,98,K,21,30,150,213,237,25,148,full_trace_mean_square,0.4593454265368504
100,4,99,M,21,30,150,213,237,25,162,full_trace_mean_square,0.9429893318089214
100,4,99,P,21,30,150,213,237,25,162,full_trace_mean_square,0.9467183118178942
100,4,99,SLTA,21,30,150,213,237,25,162,full_trace_mean_square,0.8074645210716065
100,4,99,Std,21,30,150,213,237,25,162,full_trace_mean_square,0.9561813729347952
100,4,99,S,21,30,150,213,237,25,162,full_trace_mean_square,0.3791672084702672
100,4,99,K,21,30,150,213,237,25,162,full_trace_mean_square,0.42383252848140207
100,4,100,M,21,30,150,213,237,25,173,full_trace_mean_square,0.9385001806157075
100,4,100,P,21,30,150,213,237,25,173,full_trace_mean_square,0.9455855111086438
100,4,100,SLTA,21,30,150,213,237,25,173,full_trace_mean_square,0.8301380958643496
100,4,100,Std,21,30,150,213,237,25,173,full_trace_mean_square,0.9571116087104378
100,4,100,S,21,30,150,213,237,25,173,full_trace_mean_square,0.35967055624605393
100,4,100,K,21,30,150,213,237,25,173,full_trace_mean_square,0.41376181544654317
100,4,101,M,21,30,150,213,237,25,165,full_trace_mean_square,0.9449719306347181
100,4,101,P,21,30,150,213,237,25,165,full_trace_mean_square,0.9454295448580837
100,4,101,SLTA,21,30,150,213,237,25,165,full_trace_mean_square,0.8319657000621828
100,4,101,Std,21,30,150,213,237,25,165,full_trace_mean_square,0.9594891060715062
100,4,101,S,21,30,150,213,237,25,165,full_trace_mean_square,0.4610075491177374
100,4,101,K,21,30,150,213,237,25,165,full_trace_mean_square,0.4726067382388706
100,4,102,M,21,30,150,213,237,25,174,full_trace_mean_square,0.9355303577506003
100,4,102,P,21,30,150,213,237,25,174,full_trace_mean_square,0.9454501316508525
100,4,102,SLTA,21,30,150,213,237,25,174,full_trace_mean_square,0.8046543551090886
100,4,102,Std,21,30,150,213,237,25,174,full_trace_mean_square,0.9523058165620297
100,4,102,S,21,30,150,213,237,25,174,full_trace_mean_square,0.3450114324503133
100,4,102,K,21,30,150,213,237,25,174,full_trace_mean_square,0.3052991921914568
100,4,103,M,21,30,150,213,237,25,160,full_trace_mean_square,0.9445448546454205
100,4,103,P,21,30,150,213,237,25,160,full_trace_mean_square,0.945308392975174
100,4,103,SLTA,21,30,150,213,237,25,160,full_trace_mean_square,0.8315557128092659
100,4,103,Std,21,30,150,213,237,25,160,full_trace_mean_square,0.9595934193041252
100,4,103,S,21,30,150,213,237,25,160,full_trace_mean_square,0.45481640468872053
100,4,103,K,21,30,150,213,237,25,160,full_trace_mean_square,0.45252744431125635
100,4,104,M,21,30,150,213,237,25,149,full_trace_mean_square,0.9398994637439395
100,4,104,P,21,30,150,213,237,25,149,full_trace_mean_square,0.9458734960444782
100,4,104,SLTA,21,30,150,213,237,25,149,full_trace_mean_square,0.81056759161993
100,4,104,Std,21,30,150,213,237,25,149,full_trace_mean_square,0.9562727863194669
100,4,104,S,21,30,150,213,237,25,149,full_trace_mean_square,0.42489728117522624
100,4,104,K,21,30,150,213,237,25,149,full_trace_mean_square,0.44943458422068094
100,4,105,M,21,30,150,213,237,25,165,full_trace_mean_square,0.9446518199435643
100,4,105,P,21,30,150,213,237,25,165,full_trace_mean_square,0.9456137790306399
100,4,105,SLTA,21,30,150,213,237,25,165,full_trace_mean_square,0.8356740994643667
100,4,105,Std,21,30,150,213,237,25,165,full_trace_mean_square,0.9586683548291357
100,4,105,S,21,30,150,213,237,25,165,full_trace_mean_square,0.42551533303511024
100,4,105,K,21,30,150,213,237,25,165,full_trace_mean_square,0.41997071255062485
100,4,106,M,21,30,150,213,237,25,160,full_trace_mean_square,0.9440009372759272
100,4,106,P,21,30,150,213,237,25,160,full_trace_mean_square,0.9453898120469576
100,4,106,SLTA,21,30,150,213,237,25,160,full_trace_mean_square,0.826071902301933
100,4,106,Std,21,30,150,213,237,25,160,full_trace_mean_square,0.9581439835922453
100,4,106,S,21,30,150,213,237,25,160,full_trace_mean_square,0.356014387921016
100,4,106,K,21,30,150,213,237,25,160,full_trace_mean_square,0.4122519107874743
100,4,107,M,21,30,150,213,237,25,174,full_trace_mean_square,0.938348568055608
100,4,107,P,21,30,150,213,237,25,174,full_trace_mean_square,0.9454968020228605
100,4,107,SLTA,21,30,150,213,237,25,174,full_trace_mean_square,0.834910313155245
100,4,107,Std,21,30,150,213,237,25,174,full_trace_mean_square,0.9560674322325872
100,4,107,S,21,30,150,213,237,25,174,full_trace_mean_square,0.4378052304335695
100,4,107,K,21,30,150,213,237,25,174,full_trace_mean_square,0.3475189708776135
100,4,108,M,21,30,150,213,237,25,137,full_trace_mean_square,0.9397356288377998
100,4,108,P,21,30,150,213,237,25,137,full_trace_mean_square,0.9457682877857284
100,4,108,SLTA,21,30,150,213,237,25,137,full_trace_mean_square,0.834554809676978
100,4,108,Std,21,30,150,213,237,25,137,full_trace_mean_square,0.9589010610914119
100,4,108,S,21,30,150,213,237,25,137,full_trace_mean_square,0.3230289757582112
100,4,108,K,21,30,150,213,237,25,137,full_trace_mean_square,0.35578785436698035
100,4,109,M,21,30,150,213,237,25,142,full_trace_mean_square,0.9379720345078126
100,4,109,P,21,30,150,213,237,25,142,full_trace_mean_square,0.9449356793144579
100,4,109,SLTA,21,30,150,213,237,25,142,full_trace_mean_square,0.8200454377412353
100,4,109,Std,21,30,150,213,237,25,142,full_trace_mean_square,0.9558859216193858
100,4,109,S,21,30,150,213,237,25,142,full_trace_mean_square,0.39095168787956125
100,4,109,K,21,30,150,213,237,25,142,full_trace_mean_square,0.3721736636361176
100,4,110,M,21,30,150,213,237,25,148,full_trace_mean_square,0.9431947603614566
100,4,110,P,21,30,150,213,237,25,148,full_trace_mean_square,0.9466729305940059
100,4,110,SLTA,21,30,150,213,237,25,148,full_trace_mean_square,0.8335989435881724
100,4,110,Std,21,30,150,213,237,25,148,full_trace_mean_square,0.9573950211590418
100,4,110,S,21,30,150,213,237,25,148,full_trace_mean_square,0.2535907137347435
100,4,110,K,21,30,150,213,237,25,148,full_trace_mean_square,0.3242217425665634
100,4,111,M,21,30,150,213,237,25,141,full_trace_mean_square,0.9420571460577444
100,4,111,P,21,30,150,213,237,25,141,full_trace_mean_square,0.9466223355559353
100,4,111,SLTA,21,30,150,213,237,25,141,full_trace_mean_square,0.8483795953998535
100,4,111,Std,21,30,150,213,237,25,141,full_trace_mean_square,0.9560135049246955
100,4,111,S,21,30,150,213,237,25,141,full_trace_mean_square,0.2656889954809634
100,4,111,K,21,30,150,213,237,25,141,full_trace_mean_square,0.3715946097961764
100,4,112,M,21,30,150,213,237,25,169,full_trace_mean_square,0.9361410316321663
100,4,112,P,21,30,150,213,237,25,169,full_trace_mean_square,0.9445142337753009
100,4,112,SLTA,21,30,150,213,237,25,169,full_trace_mean_square,0.818831790757411
100,4,112,Std,21,30,150,213,237,25,169,full_trace_mean_square,0.955926976931214
100,4,112,S,21,30,150,213,237,25,169,full_trace_mean_square,0.2998669147346062
100,4,112,K,21,30,150,213,237,25,169,full_trace_mean_square,0.38609675519234626
100,4,113,M,21,30,150,213,237,25,131,full_trace_mean_square,0.9434376509285796
100,4,113,P,21,30,150,213,237,25,131,full_trace_mean_square,0.9467833810937781
100,4,113,SLTA,21,30,150,213,237,25,131,full_trace_mean_square,0.8404391743554912
100,4,113,Std,21,30,150,213,237,25,131,full_trace_mean_square,0.9575736868453274
100,4,113,S,21,30,150,213,237,25,131,full_trace_mean_square,0.2998307331297163
100,4,113,K,21,30,150,213,237,25,131,full_trace_mean_square,0.38539250080972887
100,4,114,M,21,30,150,213,237,25,177,full_trace_mean_square,0.9415745640584733
100,4,114,P,21,30,150,213,237,25,177,full_trace_mean_square,0.9458284135017756
100,4,114,SLTA,21,30,150,213,237,25,177,full_trace_mean_square,0.8313246378286947
100,4,114,Std,21,30,150,213,237,25,177,full_trace_mean_square,0.9569164943793821
100,4,114,S,21,30,150,213,237,25,177,full_trace_mean_square,0.3570145125591928
100,4,114,K,21,30,150,213,237,25,177,full_trace_mean_square,0.4336630107601827
100,4,115,M,21,30,150,213,237,25,173,full_trace_mean_square,0.9438109462638375
100,4,115,P,21,30,150,213,237,25,173,full_trace_mean_square,0.9463700418853228
100,4,115,SLTA,21,30,150,213,237,25,173,full_trace_mean_square,0.8208035199739516
100,4,115,Std,21,30,150,213,237,25,173,full_trace_mean_square,0.9583410336652498
100,4,115,S,21,30,150,213,237,25,173,full_trace_mean_square,0.45598069106367745
100,4,115,K,21,30,150,213,237,25,173,full_trace_mean_square,0.4301601950422166
100,4,116,M,21,30,150,213,237,25,140,full_trace_mean_square,0.9418167747117484
100,4,116,P,21,30,150,213,237,25,140,full_trace_mean_square,0.945751471329554
100,4,116,SLTA,21,30,150,213,237,25,140,full_trace_mean_square,0.8398984193929315
100,4,116,Std,21,30,150,213,237,25,140,full_trace_mean_square,0.9572785897216279
100,4,116,S,21,30,150,213,237,25,140,full_trace_mean_square,0.42475592083639135
100,4,116,K,21,30,150,213,237,25,140,full_trace_mean_square,0.41687745107558677
100,4,117,M,21,30,150,213,237,25,168,full_trace_mean_square,0.9429792513121623
100,4,117,P,21,30,150,213,237,25,168,full_trace_mean_square,0.9462217000479
100,4,117,SLTA,21,30,150,213,237,25,168,full_trace_mean_square,0.8199716872930224
100,4,117,Std,21,30,150,213,237,25,168,full_trace_mean_square,0.9566025878188594
100,4,117,S,21,30,150,213,237,25,168,full_trace_mean_square,0.38084584648601105
100,4,117,K,21,30,150,213,237,25,168,full_trace_mean_square,0.4407722270089822
100,4,118,M,21,30,150,213,237,25,162,full_trace_mean_square,0.9438208757426813
100,4,118,P,21,30,150,213,237,25,162,full_trace_mean_square,0.9456946226416361
100,4,118,SLTA,21,30,150,213,237,25,162,full_trace_mean_square,0.8386024926809391
100,4,118,Std,21,30,150,213,237,25,162,full_trace_mean_square,0.9583840257523754
100,4,118,S,21,30,150,213,237,25,162,full_trace_mean_square,0.4235943748375641
100,4,118,K,21,30,150,213,237,25,162,full_trace_mean_square,0.3613291198185056
100,4,119,M,21,30,150,213,237,25,158,full_trace_mean_square,0.9453890873914222
100,4,119,P,21,30,150,213,237,25,158,full_trace_mean_square,0.9458995283984987
100,4,119,SLTA,21,30,150,213,237,25,158,full_trace_mean_square,0.8395141645539669
100,4,119,Std,21,30,150,213,237,25,158,full_trace_mean_square,0.9593425109564387
100,4,119,S,21,30,150,213,237,25,158,full_trace_mean_square,0.4459574522272731
100,4,119,K,21,30,150,213,237,25,158,full_trace_mean_square,0.4855162082543115
100,4,120,M,21,30,150,213,237,25,165,full_trace_mean_square,0.94149966371006
100,4,120,P,21,30,150,213,237,25,165,full_trace_mean_square,0.9459646683309952
100,4,120,SLTA,21,30,150,213,237,25,165,full_trace_mean_square,0.8337807335082591
100,4,120,Std,21,30,150,213,237,25,165,full_trace_mean_square,0.9585747767950721
100,4,120,S,21,30,150,213,237,25,165,full_trace_mean_square,0.3654611227528069
100,4,120,K,21,30,150,213,237,25,165,full_trace_mean_square,0.3517110591630752
100,4,121,M,21,30,150,213,237,25,154,full_trace_mean_square,0.9371501323848682
100,4,121,P,21,30,150,213,237,25,154,full_trace_mean_square,0.9461075173515685
100,4,121,SLTA,21,30,150,213,237,25,154,full_trace_mean_square,0.7910495466724186
100,4,121,Std,21,30,150,213,237,25,154,full_trace_mean_square,0.954901341701655
100,4,121,S,21,30,150,213,237,25,154,full_trace_mean_square,0.3444676833545439
100,4,121,K,21,30,150,213,237,25,154,full_trace_mean_square,0.30621240680524886
100,4,122,M,21,30,150,213,237,25,160,full_trace_mean_square,0.9464523897133008
100,4,122,P,21,30,150,213,237,25,160,full_trace_mean_square,0.9461941061742057
100,4,122,SLTA,21,30,150,213,237,25,160,full_trace_mean_square,0.8357023213300419
100,4,122,Std,21,30,150,213,237,25,160,full_trace_mean_square,0.959170247538965
100,4,122,S,21,30,150,213,237,25,160,full_trace_mean_square,0.5148584887343636
100,4,122,K,21,30,150,213,237,25,160,full_trace_mean_square,0.34397680248501417
100,4,123,M,21,30,150,213,237,25,167,full_trace_mean_square,0.9399230313965358
100,4,123,P,21,30,150,213,237,25,167,full_trace_mean_square,0.9456385376740764
100,4,123,SLTA,21,30,150,213,237,25,167,full_trace_mean_square,0.8260044118908322
100,4,123,Std,21,30,150,213,237,25,167,full_trace_mean_square,0.9577114241812426
100,4,123,S,21,30,150,213,237,25,167,full_trace_mean_square,0.4121618504165402
100,4,123,K,21,30,150,213,237,25,167,full_trace_mean_square,0.3832359491827505
100,4,124,M,21,30,150,213,237,25,156,full_trace_mean_square,0.9466923889929046
100,4,124,P,21,30,150,213,237,25,156,full_trace_mean_square,0.945936908087136
100,4,124,SLTA,21,30,150,213,237,25,156,full_trace_mean_square,0.8430985190334992
100,4,124,Std,21,30,150,213,237,25,156,full_trace_mean_square,0.9582604442079465
100,4,124,S,21,30,150,213,237,25,156,full_trace_mean_square,0.35946536215217717
100,4,124,K,21,30,150,213,237,25,156,full_trace_mean_square,0.3252468878752857
100,4,125,M,21,30,150,213,237,25,176,full_trace_mean_square,0.943376977285481
100,4,125,P,21,30,150,213,237,25,176,full_trace_mean_square,0.944485254645019
100,4,125,SLTA,21,30,150,213,237,25,176,full_trace_mean_square,0.8414842360538696
100,4,125,Std,21,30,150,213,237,25,176,full_trace_mean_square,0.9586958502313628
100,4,125,S,21,30,150,213,237,25,176,full_trace_mean_square,0.42791170449753196
100,4,125,K,21,30,150,213,237,25,176,full_trace_mean_square,0.41754544645793
100,4,126,M,21,30,150,213,237,25,157,full_trace_mean_square,0.9422055621540889
100,4,126,P,21,30,150,213,237,25,157,full_trace_mean_square,0.9459939789448628
100,4,126,SLTA,21,30,150,213,237,25,157,full_trace_mean_square,0.7999972068279253
100,4,126,Std,21,30,150,213,237,25,157,full_trace_mean_square,0.9560935684714789
100,4,126,S,21,30,150,213,237,25,157,full_trace_mean_square,0.2808574995744235
100,4,126,K,21,30,150,213,237,25,157,full_trace_mean_square,0.3719806388286025
100,4,127,M,21,30,150,213,237,25,156,full_trace_mean_square,0.9368127022823693
100,4,127,P,21,30,150,213,237,25,156,full_trace_mean_square,0.944869712365398
100,4,127,SLTA,21,30,150,213,237,25,156,full_trace_mean_square,0.7587669315655922
100,4,127,Std,21,30,150,213,237,25,156,full_trace_mean_square,0.9530139089522099
100,4,127,S,21,30,150,213,237,25,156,full_trace_mean_square,0.3426479397340639
100,4,127,K,21,30,150,213,237,25,156,full_trace_mean_square,0.4302649580457263
100,4,128,M,21,30,150,213,237,25,144,full_trace_mean_square,0.9377184225366776
100,4,128,P,21,30,150,213,237,25,144,full_trace_mean_square,0.9456604568196789
100,4,128,SLTA,21,30,150,213,237,25,144,full_trace_mean_square,0.7940631073066944
100,4,128,Std,21,30,150,213,237,25,144,full_trace_mean_square,0.9528575119507107
100,4,128,S,21,30,150,213,237,25,144,full_trace_mean_square,0.3251079782611575
100,4,128,K,21,30,150,213,237,25,144,full_trace_mean_square,0.39001823258203955
100,4,129,M,21,30,150,213,237,25,157,full_trace_mean_square,0.9472765617839767
100,4,129,P,21,30,150,213,237,25,157,full_trace_mean_square,0.947018371362586
100,4,129,SLTA,21,30,150,213,237,25,157,full_trace_mean_square,0.8347208277985511
100,4,129,Std,21,30,150,213,237,25,157,full_trace_mean_square,0.95927485386394
100,4,129,S,21,30,150,213,237,25,157,full_trace_mean_square,0.3094507062904006
100,4,129,K,21,30,150,213,237,25,157,full_trace_mean_square,0.3639159529857683
100,4,130,M,21,30,150,213,237,25,161,full_trace_mean_square,0.944445442296086
100,4,130,P,21,30,150,213,237,25,161,full_trace_mean_square,0.9454977538133725
100,4,130,SLTA,21,30,150,213,237,25,161,full_trace_mean_square,0.8374219594297713
100,4,130,Std,21,30,150,213,237,25,161,full_trace_mean_square,0.9578417284149342
100,4,130,S,21,30,150,213,237,25,161,full_trace_mean_square,0.3753278336639877
100,4,130,K,21,30,150,213,237,25,161,full_trace_mean_square,0.37654898495049755
100,4,131,M,21,30,150,213,237,25,151,full_trace_mean_square,0.9394174251135974
100,4,131,P,21,30,150,213,237,25,151,full_trace_mean_square,0.9458108585971545
100,4,131,SLTA,21,30,150,213,237,25,151,full_trace_mean_square,0.8225508760249065
100,4,131,Std,21,30,150,213,237,25,151,full_trace_mean_square,0.956882043544432
100,4,131,S,21,30,150,213,237,25,151,full_trace_mean_square,0.40127638953988043
100,4,131,K,21,30,150,213,237,25,151,full_trace_mean_square,0.37348214113494843
100,4,132,M,21,30,150,213,237,25,145,full_trace_mean_square,0.9417070705514865
100,4,132,P,21,30,150,213,237,25,145,full_trace_mean_square,0.9464764369278541
100,4,132,SLTA,21,30,150,213,237,25,145,full_trace_mean_square,0.8084618990105279
100,4,132,Std,21,30,150,213,237,25,145,full_trace_mean_square,0.9559845685315079
100,4,132,S,21,30,150,213,237,25,145,full_trace_mean_square,0.38014617805964285
100,4,132,K,21,30,150,213,237,25,145,full_trace_mean_square,0.33081394225923716
100,4,133,M,21,30,150,213,237,25,147,full_trace_mean_square,0.9486411214531786
100,4,133,P,21,30,150,213,237,25,147,full_trace_mean_square,0.9452547263269746
100,4,133,SLTA,21,30,150,213,237,25,147,full_trace_mean_square,0.8350284233967714
100,4,133,Std,21,30,150,213,237,25,147,full_trace_mean_square,0.9600118640672364
100,4,133,S,21,30,150,213,237,25,147,full_trace_mean_square,0.5244326384981091
100,4,133,K,21,30,150,213,237,25,147,full_trace_mean_square,0.5659972613547328
100,4,134,M,21,30,150,213,237,25,173,full_trace_mean_square,0.9434366836408671
100,4,134,P,21,30,150,213,237,25,173,full_trace_mean_square,0.9457614862992005
100,4,134,SLTA,21,30,150,213,237,25,173,full_trace_mean_square,0.8351431303507152
100,4,134,Std,21,30,150,213,237,25,173,full_trace_mean_square,0.9584075772804977
100,4,134,S,21,30,150,213,237,25,173,full_trace_mean_square,0.3786141110861247
100,4,134,K,21,30,150,213,237,25,173,full_trace_mean_square,0.4336592296240352
100,4,135,M,21,30,150,213,237,25,156,full_trace_mean_square,0.9427226816464263
100,4,135,P,21,30,150,213,237,25,156,full_trace_mean_square,0.9463211760006648
100,4,135,SLTA,21,30,150,213,237,25,156,full_trace_mean_square,0.8208023489703751
100,4,135,Std,21,30,150,213,237,25,156,full_trace_mean_square,0.9572016252819402
100,4,135,S,21,30,150,213,237,25,156,full_trace_mean_square,0.34108410051141536
100,4,135,K,21,30,150,213,237,25,156,full_trace_mean_square,0.40499556443968787
100,4,136,M,21,30,150,213,237,25,132,full_trace_mean_square,0.9412775473815417
100,4,136,P,21,30,150,213,237,25,132,full_trace_mean_square,0.946805351651996
100,4,136,SLTA,21,30,150,213,237,25,132,full_trace_mean_square,0.8270395839002582
100,4,136,Std,21,30,150,213,237,25,132,full_trace_mean_square,0.957185380497734
100,4,136,S,21,30,150,213,237,25,132,full_trace_mean_square,0.34282761081722046
100,4,136,K,21,30,150,213,237,25,132,full_trace_mean_square,0.37746876131366364
100,4,137,M,21,30,150,213,237,25,163,full_trace_mean_square,0.9451486963809234
100,4,137,P,21,30,150,213,237,25,163,full_trace_mean_square,0.9462245824681138
100,4,137,SLTA,21,30,150,213,237,25,163,full_trace_mean_square,0.8317455645280237
100,4,137,Std,21,30,150,213,237,25,163,full_trace_mean_square,0.958311527095372
100,4,137,S,21,30,150,213,237,25,163,full_trace_mean_square,0.3979610824556934
100,4,137,K,21,30,150,213,237,25,163,full_trace_mean_square,0.3851512861230809
100,4,138,M,21,30,150,213,237,25,164,full_trace_mean_square,0.9413709787118199
100,4,138,P,21,30,150,213,237,25,164,full_trace_mean_square,0.9456334707780695
100,4,138,SLTA,21,30,150,213,237,25,164,full_trace_mean_square,0.8181641966851384
100,4,138,Std,21,30,150,213,237,25,164,full_trace_mean_square,0.9571560204751393
100,4,138,S,21,30,150,213,237,25,164,full_trace_mean_square,0.310949251313867
100,4,138,K,21,30,150,213,237,25,164,full_trace_mean_square,0.2950990908590272
100,4,139,M,21,30,150,213,237,25,138,full_trace_mean_square,0.9387697670188643
100,4,139,P,21,30,150,213,237,25,138,full_trace_mean_square,0.9456029796513031
100,4,139,SLTA,21,30,150,213,237,25,138,full_trace_mean_square,0.7894154531856905
100,4,139,Std,21,30,150,213,237,25,138,full_trace_mean_square,0.9543104990535076
100,4,139,S,21,30,150,213,237,25,138,full_trace_mean_square,0.3014822685111431
100,4,139,K,21,30,150,213,237,25,138,full_trace_mean_square,0.29828076253740726
100,4,140,M,21,30,150,213,237,25,151,full_trace_mean_square,0.9452729173156521
100,4,140,P,21,30,150,213,237,25,151,full_trace_mean_square,0.9462083479329974
100,4,140,SLTA,21,30,150,213,237,25,151,full_trace_mean_square,0.8366800067811553
100,4,140,Std,21,30,150,213,237,25,151,full_trace_mean_square,0.9580409429240239
100,4,140,S,21,30,150,213,237,25,151,full_trace_mean_square,0.3836221021682096
100,4,140,K,21,30,150,213,237,25,151,full_trace_mean_square,0.4067468861291374
100,4,141,M,21,30,150,213,237,25,143,full_trace_mean_square,0.9437655056584834
100,4,141,P,21,30,150,213,237,25,143,full_trace_mean_square,0.9456948961225315
100,4,141,SLTA,21,30,150,213,237,25,143,full_trace_mean_square,0.8418654963777008
100,4,141,Std,21,30,150,213,237,25,143,full_trace_mean_square,0.9581206740476731
100,4,141,S,21,30,150,213,237,25,143,full_trace_mean_square,0.38676711155528715
100,4,141,K,21,30,150,213,237,25,143,full_trace_mean_square,0.39434785371881886
100,4,142,M,21,30,150,213,237,25,141,full_trace_mean_square,0.9409150777630599
100,4,142,P,21,30,150,213,237,25,141,full_trace_mean_square,0.9453598573313745
100,4,142,SLTA,21,30,150,213,237,25,141,full_trace_mean_square,0.8269684483155616
100,4,142,Std,21,30,150,213,237,25,141,full_trace_mean_square,0.9567499096496703
100,4,142,S,21,30,150,213,237,25,141,full_trace_mean_square,0.4158985706757306
100,4,142,K,21,30,150,213,237,25,141,full_trace_mean_square,0.430253776961444
100,4,143,M,21,30,150,213,237,25,153,full_trace_mean_square,0.9423116749811183
100,4,143,P,21,30,150,213,237,25,153,full_trace_mean_square,0.9462619940425735
100,4,143,SLTA,21,30,150,213,237,25,153,full_trace_mean_square,0.8036303660321147
100,4,143,Std,21,30,150,213,237,25,153,full_trace_mean_square,0.9569273097042998
100,4,143,S,21,30,150,213,237,25,153,full_trace_mean_square,0.35823430114562976
100,4,143,K,21,30,150,213,237,25,153,full_trace_mean_square,0.39606804338745033
100,4,144,M,21,30,150,213,237,25,163,full_trace_mean_square,0.9451689406715104
100,4,144,P,21,30,150,213,237,25,163,full_trace_mean_square,0.9447248844589163
100,4,144,SLTA,21,30,150,213,237,25,163,full_trace_mean_square,0.8254944781487004
100,4,144,Std,21,30,150,213,237,25,163,full_trace_mean_square,0.9586131926202193
100,4,144,S,21,30,150,213,237,25,163,full_trace_mean_square,0.40568682710026593
100,4,144,K,21,30,150,213,237,25,163,full_trace_mean_square,0.4284283809033039
100,4,145,M,21,30,150,213,237,25,148,full_trace_mean_square,0.9405699332815735
100,4,145,P,21,30,150,213,237,25,148,full_trace_mean_square,0.9454456725605813
100,4,145,SLTA,21,30,150,213,237,25,148,full_trace_mean_square,0.8253250753815708
100,4,145,Std,21,30,150,213,237,25,148,full_trace_mean_square,0.9572170513359953
100,4,145,S,21,30,150,213,237,25,148,full_trace_mean_square,0.3944963042408545
100,4,145,K,21,30,150,213,237,25,148,full_trace_mean_square,0.42965922540753543
100,4,146,M,21,30,150,213,237,25,148,full_trace_mean_square,0.9419283479164575
100,4,146,P,21,30,150,213,237,25,148,full_trace_mean_square,0.9463066244420134
100,4,146,SLTA,21,30,150,213,237,25,148,full_trace_mean_square,0.8383228224844993
100,4,146,Std,21,30,150,213,237,25,148,full_trace_mean_square,0.956651151467218
100,4,146,S,21,30,150,213,237,25,148,full_trace_mean_square,0.3507915943093975
100,4,146,K,21,30,150,213,237,25,148,full_trace_mean_square,0.2847563024008353
100,4,147,M,21,30,150,213,237,25,177,full_trace_mean_square,0.9452332098811519
100,4,147,P,21,30,150,213,237,25,177,full_trace_mean_square,0.9457468037035638
100,4,147,SLTA,21,30,150,213,237,25,177,full_trace_mean_square,0.8410124083813639
100,4,147,Std,21,30,150,213,237,25,177,full_trace_mean_square,0.9586851820166448
100,4,147,S,21,30,150,213,237,25,177,full_trace_mean_square,0.46392155764134396
100,4,147,K,21,30,150,213,237,25,177,full_trace_mean_square,0.48087595360466506
100,4,148,M,21,30,150,213,237,25,158,full_trace_mean_square,0.9421721947264866
100,4,148,P,21,30,150,213,237,25,158,full_trace_mean_square,0.9452464342162855
100,4,148,SLTA,21,30,150,213,237,25,158,full_trace_mean_square,0.8224916508880422
100,4,148,Std,21,30,150,213,237,25,158,full_trace_mean_square,0.9566450456489569
100,4,148,S,21,30,150,213,237,25,158,full_trace_mean_square,0.41410345483001637
100,4,148,K,21,30,150,213,237,25,158,full_trace_mean_square,0.49214312799227783
100,4,149,M,21,30,150,213,237,25,155,full_trace_mean_square,0.9429910495510303
100,4,149,P,21,30,150,213,237,25,155,full_trace_mean_square,0.9466338644297061
100,4,149,SLTA,21,30,150,213,237,25,155,full_trace_mean_square,0.8154321232686517
100,4,149,Std,21,30,150,213,237,25,155,full_trace_mean_square,0.9574729322194245
100,4,149,S,21,30,150,213,237,25,155,full_trace_mean_square,0.4049905027286675
100,4,149,K,21,30,150,213,237,25,155,full_trace_mean_square,0.28932622500936434
100,4,150,M,21,30,150,213,237,25,159,full_trace_mean_square,0.945580973494959
100,4,150,P,21,30,150,213,237,25,159,full_trace_mean_square,0.946154827867482
100,4,150,SLTA,21,30,150,213,237,25,159,full_trace_mean_square,0.8236041337249876
100,4,150,Std,21,30,150,213,237,25,159,full_trace_mean_square,0.9567206000350282
100,4,150,S,21,30,150,213,237,25,159,full_trace_mean_square,0.3885604618501317
100,4,150,K,21,30,150,213,237,25,159,full_trace_mean_square,0.41366358535633196
100,4,151,M,21,30,150,213,237,25,178,full_trace_mean_square,0.9399916073304918
100,4,151,P,21,30,150,213,237,25,178,full_trace_mean_square,0.9447171546980841
100,4,151,SLTA,21,30,150,213,237,25,178,full_trace_mean_square,0.8315805175490742
100,4,151,Std,21,30,150,213,237,25,178,full_trace_mean_square,0.9547567532656822
100,4,151,S,21,30,150,213,237,25,178,full_trace_mean_square,0.32065074335617477
100,4,151,K,21,30,150,213,237,25,178,full_trace_mean_square,0.3176841235634385
100,4,152,M,21,30,150,213,237,25,169,full_trace_mean_square,0.9377334287672283
100,4,152,P,21,30,150,213,237,25,169,full_trace_mean_square,0.9450213576059107
100,4,152,SLTA,21,30,150,213,237,25,169,full_trace_mean_square,0.8253198957141036
100,4,152,Std,21,30,150,213,237,25,169,full_trace_mean_square,0.9549981816084713
100,4,152,S,21,30,150,213,237,25,169,full_trace_mean_square,0.38160685007127104
100,4,152,K,21,30,150,213,237,25,169,full_trace_mean_square,0.4656198595578326
100,4,153,M,21,30,150,213,237,25,160,full_trace_mean_square,0.9458221534236294
100,4,153,P,21,30,150,213,237,25,160,full_trace_mean_square,0.9459967897398268
100,4,153,SLTA,21,30,150,213,237,25,160,full_trace_mean_square,0.8242802386048913
100,4,153,Std,21,30,150,213,237,25,160,full_trace_mean_square,0.9578645911071041
100,4,153,S,21,30,150,213,237,25,160,full_trace_mean_square,0.40959725849296486
100,4,153,K,21,30,150,213,237,25,160,full_trace_mean_square,0.3954866891256728
100,4,154,M,21,30,150,213,237,25,172,full_trace_mean_square,0.9428389279910745
100,4,154,P,21,30,150,213,237,25,172,full_trace_mean_square,0.9455107535408768
100,4,154,SLTA,21,30,150,213,237,25,172,full_trace_mean_square,0.8300558065821005
100,4,154,Std,21,30,150,213,237,25,172,full_trace_mean_square,0.9580363507446616
100,4,154,S,21,30,150,213,237,25,172,full_trace_mean_square,0.38860281724790446
100,4,154,K,21,30,150,213,237,25,172,full_trace_mean_square,0.4606589221640517
100,4,155,M,21,30,150,213,237,25,159,full_trace_mean_square,0.9428305069121279
100,4,155,P,21,30,150,213,237,25,159,full_trace_mean_square,0.945818281859314
100,4,155,SLTA,21,30,150,213,237,25,159,full_trace_mean_square,0.8433651080805173
100,4,155,Std,21,30,150,213,237,25,159,full_trace_mean_square,0.957760469368058
100,4,155,S,21,30,150,213,237,25,159,full_trace_mean_square,0.3642776348847883
100,4,155,K,21,30,150,213,237,25,159,full_trace_mean_square,0.40390256238409983
100,4,156,M,21,30,150,213,237,25,149,full_trace_mean_square,0.9444338413760434
100,4,156,P,21,30,150,213,237,25,149,full_trace_mean_square,0.9456831951685606
100,4,156,SLTA,21,30,150,213,237,25,149,full_trace_mean_square,0.8375950848027829
100,4,156,Std,21,30,150,213,237,25,149,full_trace_mean_square,0.9574928752706221
100,4,156,S,21,30,150,213,237,25,149,full_trace_mean_square,0.3140938829236182
100,4,156,K,21,30,150,213,237,25,149,full_trace_mean_square,0.38338761910339764
100,4,157,M,21,30,150,213,237,25,159,full_trace_mean_square,0.9407164957215399
100,4,157,P,21,30,150,213,237,25,159,full_trace_mean_square,0.9450199725176945
100,4,157,SLTA,21,30,150,213,237,25,159,full_trace_mean_square,0.8274926075227953
100,4,157,Std,21,30,150,213,237,25,159,full_trace_mean_square,0.95598117758504
100,4,157,S,21,30,150,213,237,25,159,full_trace_mean_square,0.42108802822048313
100,4,157,K,21,30,150,213,237,25,159,full_trace_mean_square,0.43586159691596604
100,4,158,M,21,30,150,213,237,25,161,full_trace_mean_square,0.9411771936259743
100,4,158,P,21,30,150,213,237,25,161,full_trace_mean_square,0.9461031004760345
100,4,158,SLTA,21,30,150,213,237,25,161,full_trace_mean_square,0.8303255342112391
100,4,158,Std,21,30,150,213,237,25,161,full_trace_mean_square,0.9583427904703554
100,4,158,S,21,30,150,213,237,25,161,full_trace_mean_square,0.41714662504774663
100,4,158,K,21,30,150,213,237,25,161,full_trace_mean_square,0.38021479676232445
100,4,159,M,21,30,150,213,237,25,171,full_trace_mean_square,0.9422264208647354
100,4,159,P,21,30,150,213,237,25,171,full_trace_mean_square,0.9455433052673883
100,4,159,SLTA,21,30,150,213,237,25,171,full_trace_mean_square,0.8345911363513915
100,4,159,Std,21,30,150,213,237,25,171,full_trace_mean_square,0.9591075064118709
100,4,159,S,21,30,150,213,237,25,171,full_trace_mean_square,0.3496177116275766
100,4,159,K,21,30,150,213,237,25,171,full_trace_mean_square,0.34366820104514445
100,4,160,M,21,30,150,213,237,25,160,full_trace_mean_square,0.9434151450517634
100,4,160,P,21,30,150,213,237,25,160,full_trace_mean_square,0.9451517561080698
100,4,160,SLTA,21,30,150,213,237,25,160,full_trace_mean_square,0.8445075162514055
100,4,160,Std,21,30,150,213,237,25,160,full_trace_mean_square,0.9582455604132328
100,4,160,S,21,30,150,213,237,25,160,full_trace_mean_square,0.372631740085526
100,4,160,K,21,30,150,213,237,25,160,full_trace_mean_square,0.41187303211772003
100,4,161,M,21,30,150,213,237,25,169,full_trace_mean_square,0.9420361304433276
100,4,161,P,21,30,150,213,237,25,169,full_trace_mean_square,0.9451828948742838
100,4,161,SLTA,21,30,150,213,237,25,169,full_trace_mean_square,0.8306971800652682
100,4,161,Std,21,30,150,213,237,25,169,full_trace_mean_square,0.958994234524645
100,4,161,S,21,30,150,213,237,25,169,full_trace_mean_square,0.42882312794345084
100,4,161,K,21,30,150,213,237,25,169,full_trace_mean_square,0.42198420455378344
100,4,162,M,21,30,150,213,237,25,165,full_trace_mean_square,0.9417480694524141
100,4,162,P,21,30,150,213,237,25,165,full_trace_mean_square,0.9459478947779973
100,4,162,SLTA,21,30,150,213,237,25,165,full_trace_mean_square,0.8324564460133282
100,4,162,Std,21,30,150,213,237,25,165,full_trace_mean_square,0.9565054160069167
100,4,162,S,21,30,150,213,237,25,165,full_trace_mean_square,0.3614664649358766
100,4,162,K,21,30,150,213,237,25,165,full_trace_mean_square,0.3791265970043097
100,4,163,M,21,30,150,213,237,25,184,full_trace_mean_square,0.9389014214577233
100,4,163,P,21,30,150,213,237,25,184,full_trace_mean_square,0.9447126486906404
100,4,163,SLTA,21,30,150,213,237,25,184,full_trace_mean_square,0.8237445725852034
100,4,163,Std,21,30,150,213,237,25,184,full_trace_mean_square,0.9572628649122475
100,4,163,S,21,30,150,213,237,25,184,full_trace_mean_square,0.48940715417345226
100,4,163,K,21,30,150,213,237,25,184,full_trace_mean_square,0.5287466565971934
100,4,164,M,21,30,150,213,237,25,169,full_trace_mean_square,0.9426502803944234
100,4,164,P,21,30,150,213,237,25,169,full_trace_mean_square,0.9449503927498247
100,4,164,SLTA,21,30,150,213,237,25,169,full_trace_mean_square,0.8067308641598135
100,4,164,Std,21,30,150,213,237,25,169,full_trace_mean_square,0.9577178231785803
100,4,164,S,21,30,150,213,237,25,169,full_trace_mean_square,0.4126419507319038
100,4,164,K,21,30,150,213,237,25,169,full_trace_mean_square,0.5241098789832702
100,4,165,M,21,30,150,213,237,25,162,full_trace_mean_square,0.9391999008493014
100,4,165,P,21,30,150,213,237,25,162,full_trace_mean_square,0.9452239402260908
100,4,165,SLTA,21,30,150,213,237,25,162,full_trace_mean_square,0.8314129905925632
100,4,165,Std,21,30,150,213,237,25,162,full_trace_mean_square,0.9560034567942386
100,4,165,S,21,30,150,213,237,25,162,full_trace_mean_square,0.4512704999712625
100,4,165,K,21,30,150,213,237,25,162,full_trace_mean_square,0.4158124571163887
100,4,166,M,21,30,150,213,237,25,165,full_trace_mean_square,0.9418691846078127
100,4,166,P,21,30,150,213,237,25,165,full_trace_mean_square,0.9457929660164088
100,4,166,SLTA,21,30,150,213,237,25,165,full_trace_mean_square,0.8198790965599357
100,4,166,Std,21,30,150,213,237,25,165,full_trace_mean_square,0.9577189902450474
100,4,166,S,21,30,150,213,237,25,165,full_trace_mean_square,0.41745291456973005
100,4,166,K,21,30,150,213,237,25,165,full_trace_mean_square,0.4460149745774889
100,4,167,M,21,30,150,213,237,25,184,full_trace_mean_square,0.9461991778704304
100,4,167,P,21,30,150,213,237,25,184,full_trace_mean_square,0.9463564907334914
100,4,167,SLTA,21,30,150,213,237,25,184,full_trace_mean_square,0.8428467070357266
100,4,167,Std,21,30,150,213,237,25,184,full_trace_mean_square,0.9591642485447148
100,4,167,S,21,30,150,213,237,25,184,full_trace_mean_square,0.37249464812588357
100,4,167,K,21,30,150,213,237,25,184,full_trace_mean_square,0.4343684444150414
100,4,168,M,21,30,150,213,237,25,162,full_trace_mean_square,0.9420360559626534
100,4,168,P,21,30,150,213,237,25,162,full_trace_mean_square,0.9458507287510889
100,4,168,SLTA,21,30,150,213,237,25,162,full_trace_mean_square,0.8443517180466588
100,4,168,Std,21,30,150,213,237,25,162,full_trace_mean_square,0.9586035292306673
100,4,168,S,21,30,150,213,237,25,162,full_trace_mean_square,0.3343532824464406
100,4,168,K,21,30,150,213,237,25,162,full_trace_mean_square,0.43499805690368765
100,4,169,M,21,30,150,213,237,25,157,full_trace_mean_square,0.9454202968053868
100,4,169,P,21,30,150,213,237,25,157,full_trace_mean_square,0.9460643043265987
100,4,169,SLTA,21,30,150,213,237,25,157,full_trace_mean_square,0.8306569274795358
100,4,169,Std,21,30,150,213,237,25,157,full_trace_mean_square,0.9585778684054183
100,4,169,S,21,30,150,213,237,25,157,full_trace_mean_square,0.43300748686889723
100,4,169,K,21,30,150,213,237,25,157,full_trace_mean_square,0.44662812045478967
100,4,170,M,21,30,150,213,237,25,187,full_trace_mean_square,0.9446426308018792
100,4,170,P,21,30,150,213,237,25,187,full_trace_mean_square,0.9451274978678302
100,4,170,SLTA,21,30,150,213,237,25,187,full_trace_mean_square,0.8096615436788868
100,4,170,Std,21,30,150,213,237,25,187,full_trace_mean_square,0.9584270101268424
100,4,170,S,21,30,150,213,237,25,187,full_trace_mean_square,0.509441818921963
100,4,170,K,21,30,150,213,237,25,187,full_trace_mean_square,0.5025105520765064
100,4,171,M,21,30,150,213,237,25,182,full_trace_mean_square,0.9398534296834729
100,4,171,P,21,30,150,213,237,25,182,full_trace_mean_square,0.9461913149647534
100,4,171,SLTA,21,30,150,213,237,25,182,full_trace_mean_square,0.8167176219720601
100,4,171,Std,21,30,150,213,237,25,182,full_trace_mean_square,0.9561774436917457
100,4,171,S,21,30,150,213,237,25,182,full_trace_mean_square,0.47610983086023256
100,4,171,K,21,30,150,213,237,25,182,full_trace_mean_square,0.40153421954120677
100,4,172,M,21,30,150,213,237,25,156,full_trace_mean_square,0.9418641651390937
100,4,172,P,21,30,150,213,237,25,156,full_trace_mean_square,0.9460467510018647
100,4,172,SLTA,21,30,150,213,237,25,156,full_trace_mean_square,0.8300003792301697
100,4,172,Std,21,30,150,213,237,25,156,full_trace_mean_square,0.9574890601179774
100,4,172,S,21,30,150,213,237,25,156,full_trace_mean_square,0.3663757551178303
100,4,172,K,21,30,150,213,237,25,156,full_trace_mean_square,0.3353249257622268
100,4,173,M,21,30,150,213,237,25,187,full_trace_mean_square,0.9421971442285416
100,4,173,P,21,30,150,213,237,25,187,full_trace_mean_square,0.9459005290141679
100,4,173,SLTA,21,30,150,213,237,25,187,full_trace_mean_square,0.8174790976660348
100,4,173,Std,21,30,150,213,237,25,187,full_trace_mean_square,0.9584259335935805
100,4,173,S,21,30,150,213,237,25,187,full_trace_mean_square,0.31854932950577924
100,4,173,K,21,30,150,213,237,25,187,full_trace_mean_square,0.3116291708726011
100,4,174,M,21,30,150,213,237,25,177,full_trace_mean_square,0.9441558461622005
100,4,174,P,21,30,150,213,237,25,177,full_trace_mean_square,0.946106817606999
100,4,174,SLTA,21,30,150,213,237,25,177,full_trace_mean_square,0.8323752782275156
100,4,174,Std,21,30,150,213,237,25,177,full_trace_mean_square,0.9571569994515999
100,4,174,S,21,30,150,213,237,25,177,full_trace_mean_square,0.3275653626396656
100,4,174,K,21,30,150,213,237,25,177,full_trace_mean_square,0.3786380938660225
100,4,175,M,21,30,150,213,237,25,142,full_trace_mean_square,0.9462020858609942
100,4,175,P,21,30,150,213,237,25,142,full_trace_mean_square,0.946396227514536
100,4,175,SLTA,21,30,150,213,237,25,142,full_trace_mean_square,0.8324317601707772
100,4,175,Std,21,30,150,213,237,25,142,full_trace_mean_square,0.9582688821083255
100,4,175,S,21,30,150,213,237,25,142,full_trace_mean_square,0.36401437493368977
100,4,175,K,21,30,150,213,237,25,142,full_trace_mean_square,0.40783607105193165
100,4,176,M,21,30,150,213,237,25,169,full_trace_mean_square,0.9440311433405271
100,4,176,P,21,30,150,213,237,25,169,full_trace_mean_square,0.9454235865435885
100,4,176,SLTA,21,30,150,213,237,25,169,full_trace_mean_square,0.8394360803141141
100,4,176,Std,21,30,150,213,237,25,169,full_trace_mean_square,0.9588547466724784
100,4,176,S,21,30,150,213,237,25,169,full_trace_mean_square,0.36245743087772475
100,4,176,K,21,30,150,213,237,25,169,full_trace_mean_square,0.30488741165555805
100,4,177,M,21,30,150,213,237,25,172,full_trace_mean_square,0.9432221334819504
100,4,177,P,21,30,150,213,237,25,172,full_trace_mean_square,0.9458118354662746
100,4,177,SLTA,21,30,150,213,237,25,172,full_trace_mean_square,0.8428273387759609
100,4,177,Std,21,30,150,213,237,25,172,full_trace_mean_square,0.9580979491145523
100,4,177,S,21,30,150,213,237,25,172,full_trace_mean_square,0.3403652186150744
100,4,177,K,21,30,150,213,237,25,172,full_trace_mean_square,0.3933479846903823
100,4,178,M,21,30,150,213,237,25,160,full_trace_mean_square,0.94246732108922
100,4,178,P,21,30,150,213,237,25,160,full_trace_mean_square,0.9453648761683568
100,4,178,SLTA,21,30,150,213,237,25,160,full_trace_mean_square,0.830767000825932
100,4,178,Std,21,30,150,213,237,25,160,full_trace_mean_square,0.9582534022466308
100,4,178,S,21,30,150,213,237,25,160,full_trace_mean_square,0.3884549096646234
100,4,178,K,21,30,150,213,237,25,160,full_trace_mean_square,0.41952108413758654
100,4,179,M,21,30,150,213,237,25,160,full_trace_mean_square,0.9457134825522502
100,4,179,P,21,30,150,213,237,25,160,full_trace_mean_square,0.9456879086015042
100,4,179,SLTA,21,30,150,213,237,25,160,full_trace_mean_square,0.8442340116655171
100,4,179,Std,21,30,150,213,237,25,160,full_trace_mean_square,0.9588277102632966
100,4,179,S,21,30,150,213,237,25,160,full_trace_mean_square,0.35504448526797056
100,4,179,K,21,30,150,213,237,25,160,full_trace_mean_square,0.42391222529895295
100,4,180,M,21,30,150,213,237,25,163,full_trace_mean_square,0.9449212298034191
100,4,180,P,21,30,150,213,237,25,163,full_trace_mean_square,0.9462366032557263
100,4,180,SLTA,21,30,150,213,237,25,163,full_trace_mean_square,0.8405560786404613
100,4,180,Std,21,30,150,213,237,25,163,full_trace_mean_square,0.9582169133424318
100,4,180,S,21,30,150,213,237,25,163,full_trace_mean_square,0.3292817886150035
100,4,180,K,21,30,150,213,237,25,163,full_trace_mean_square,0.3786901219885879
100,4,181,M,21,30,150,213,237,25,161,full_trace_mean_square,0.9420410750237939
100,4,181,P,21,30,150,213,237,25,161,full_trace_mean_square,0.9457303712455087
100,4,181,SLTA,21,30,150,213,237,25,161,full_trace_mean_square,0.8223753545838958
100,4,181,Std,21,30,150,213,237,25,161,full_trace_mean_square,0.9577867093455239
100,4,181,S,21,30,150,213,237,25,161,full_trace_mean_square,0.3891293555285227
100,4,181,K,21,30,150,213,237,25,161,full_trace_mean_square,0.41523271573195497
100,4,182,M,21,30,150,213,237,25,160,full_trace_mean_square,0.9402042675627044
100,4,182,P,21,30,150,213,237,25,160,full_trace_mean_square,0.9445989052547131
100,4,182,SLTA,21,30,150,213,237,25,160,full_trace_mean_square,0.8122766134529179
100,4,182,Std,21,30,150,213,237,25,160,full_trace_mean_square,0.9565691385419595
100,4,182,S,21,30,150,213,237,25,160,full_trace_mean_square,0.5058360862843597
100,4,182,K,21,30,150,213,237,25,160,full_trace_mean_square,0.490782712290019
100,4,183,M,21,30,150,213,237,25,173,full_trace_mean_square,0.9420255706725721
100,4,183,P,21,30,150,213,237,25,173,full_trace_mean_square,0.9449389126483381
100,4,183,SLTA,21,30,150,213,237,25,173,full_trace_mean_square,0.8226402823933879
100,4,183,Std,21,30,150,213,237,25,173,full_trace_mean_square,0.9579560050331721
100,4,183,S,21,30,150,213,237,25,173,full_trace_mean_square,0.41901244730779785
100,4,183,K,21,30,150,213,237,25,173,full_trace_mean_square,0.4917250803776827
100,4,184,M,21,30,150,213,237,25,146,full_trace_mean_square,0.9461486203810535
100,4,184,P,21,30,150,213,237,25,146,full_trace_mean_square,0.9461587088395583
100,4,184,SLTA,21,30,150,213,237,25,146,full_trace_mean_square,0.835294589930377
100,4,184,Std,21,30,150,213,237,25,146,full_trace_mean_square,0.9587784637957949
100,4,184,S,21,30,150,213,237,25,146,full_trace_mean_square,0.4443000353959516
100,4,184,K,21,30,150,213,237,25,146,full_trace_mean_square,0.3935438931724464
100,4,185,M,21,30,150,213,237,25,163,full_trace_mean_square,0.9398659897507551
100,4,185,P,21,30,150,213,237,25,163,full_trace_mean_square,0.9456330330539003
100,4,185,SLTA,21,30,150,213,237,25,163,full_trace_mean_square,0.8281574968964267
100,4,185,Std,21,30,150,213,237,25,163,full_trace_mean_square,0.9569288360837818
100,4,185,S,21,30,150,213,237,25,163,full_trace_mean_square,0.34883273113200514
100,4,185,K,21,30,150,213,237,25,163,full_trace_mean_square,0.3574787092202285
100,4,186,M,21,30,150,213,237,25,157,full_trace_mean_square,0.9481456978091014
100,4,186,P,21,30,150,213,237,25,157,full_trace_mean_square,0.9470822456845729
100,4,186,SLTA,21,30,150,213,237,25,157,full_trace_mean_square,0.8347829628161091
100,4,186,Std,21,30,150,213,237,25,157,full_trace_mean_square,0.9570989666227695
100,4,186,S,21,30,150,213,237,25,157,full_trace_mean_square,0.36623974761103717
100,4,186,K,21,30,150,213,237,25,157,full_trace_mean_square,0.3870872071684002
100,4,187,M,21,30,150,213,237,25,139,full_trace_mean_square,0.9448656849678103
100,4,187,P,21,30,150,213,237,25,139,full_trace_mean_square,0.9460795302522974
100,4,187,SLTA,21,30,150,213,237,25,139,full_trace_mean_square,0.8386547185845822
100,4,187,Std,21,30,150,213,237,25,139,full_trace_mean_square,0.9585674260840988
100,4,187,S,21,30,150,213,237,25,139,full_trace_mean_square,0.356801110840761
100,4,187,K,21,30,150,213,237,25,139,full_trace_mean_square,0.35157569829664603
100,4,188,M,21,30,150,213,237,25,163,full_trace_mean_square,0.9436794287040419
100,4,188,P,21,30,150,213,237,25,163,full_trace_mean_square,0.9460927238163015
100,4,188,SLTA,21,30,150,213,237,25,163,full_trace_mean_square,0.8297045387519958
100,4,188,Std,21,30,150,213,237,25,163,full_trace_mean_square,0.9573027090158314
100,4,188,S,21,30,150,213,237,25,163,full_trace_mean_square,0.3338290799539736
100,4,188,K,21,30,150,213,237,25,163,full_trace_mean_square,0.38694922099190115
100,4,189,M,21,30,150,213,237,25,156,full_trace_mean_square,0.9447832300813302
100,4,189,P,21,30,150,213,237,25,156,full_trace_mean_square,0.9461222177467916
100,4,189,SLTA,21,30,150,213,237,25,156,full_trace_mean_square,0.833298868429699
100,4,189,Std,21,30,150,213,237,25,156,full_trace_mean_square,0.957978715094833
100,4,189,S,21,30,150,213,237,25,156,full_trace_mean_square,0.3533537563198264
100,4,189,K,21,30,150,213,237,25,156,full_trace_mean_square,0.3513058537649443
100,4,190,M,21,30,150,213,237,25,160,full_trace_mean_square,0.9418146691085134
100,4,190,P,21,30,150,213,237,25,160,full_trace_mean_square,0.9455085423940686
100,4,190,SLTA,21,30,150,213,237,25,160,full_trace_mean_square,0.81925354782635
100,4,190,Std,21,30,150,213,237,25,160,full_trace_mean_square,0.9575341749281598
100,4,190,S,21,30,150,213,237,25,160,full_trace_mean_square,0.4269625608837384
100,4,190,K,21,30,150,213,237,25,160,full_trace_mean_square,0.4090571449110649
100,4,191,M,21,30,150,213,237,25,165,full_trace_mean_square,0.9405310869509855
100,4,191,P,21,30,150,213,237,25,165,full_trace_mean_square,0.945853959034115
100,4,191,SLTA,21,30,150,213,237,25,165,full_trace_mean_square,0.8377240730899265
100,4,191,Std,21,30,150,213,237,25,165,full_trace_mean_square,0.9568819067287282
100,4,191,S,21,30,150,213,237,25,165,full_trace_mean_square,0.39031163718110945
100,4,191,K,21,30,150,213,237,25,165,full_trace_mean_square,0.41319894556683506
100,4,192,M,21,30,150,213,237,25,160,full_trace_mean_square,0.9464843612699702
100,4,192,P,21,30,150,213,237,25,160,full_trace_mean_square,0.9462461431493452
100,4,192,SLTA,21,30,150,213,237,25,160,full_trace_mean_square,0.8442626201697522
100,4,192,Std,21,30,150,213,237,25,160,full_trace_mean_square,0.958789486946087
100,4,192,S,21,30,150,213,237,25,160,full_trace_mean_square,0.34918574987996964
100,4,192,K,21,30,150,213,237,25,160,full_trace_mean_square,0.3206393561193423
100,4,193,M,21,30,150,213,237,25,162,full_trace_mean_square,0.9448316841070947
100,4,193,P,21,30,150,213,237,25,162,full_trace_mean_square,0.9448915021768124
100,4,193,SLTA,21,30,150,213,237,25,162,full_trace_mean_square,0.821988488344368
100,4,193,Std,21,30,150,213,237,25,162,full_trace_mean_square,0.9590179633797609
100,4,193,S,21,30,150,213,237,25,162,full_trace_mean_square,0.4771044660945554
100,4,193,K,21,30,150,213,237,25,162,full_trace_mean_square,0.4407832113521414
100,4,194,M,21,30,150,213,237,25,167,full_trace_mean_square,0.9404442100936593
100,4,194,P,21,30,150,213,237,25,167,full_trace_mean_square,0.9451858507980377
100,4,194,SLTA,21,30,150,213,237,25,167,full_trace_mean_square,0.8140484868674253
100,4,194,Std,21,30,150,213,237,25,167,full_trace_mean_square,0.9564084693201723
100,4,194,S,21,30,150,213,237,25,167,full_trace_mean_square,0.3758696576168794
100,4,194,K,21,30,150,213,237,25,167,full_trace_mean_square,0.4057397700747978
100,4,195,M,21,30,150,213,237,25,180,full_trace_mean_square,0.9435696357863572
100,4,195,P,21,30,150,213,237,25,180,full_trace_mean_square,0.9460336057912334
100,4,195,SLTA,21,30,150,213,237,25,180,full_trace_mean_square,0.845022611354894
100,4,195,Std,21,30,150,213,237,25,180,full_trace_mean_square,0.958488236337321
100,4,195,S,21,30,150,213,237,25,180,full_trace_mean_square,0.3379561122393449
100,4,195,K,21,30,150,213,237,25,180,full_trace_mean_square,0.3615119753009534
100,4,196,M,21,30,150,213,237,25,152,full_trace_mean_square,0.943277390374729
100,4,196,P,21,30,150,213,237,25,152,full_trace_mean_square,0.9462636953236698
100,4,196,SLTA,21,30,150,213,237,25,152,full_trace_mean_square,0.8230314523730954
100,4,196,Std,21,30,150,213,237,25,152,full_trace_mean_square,0.9565136284788026
100,4,196,S,21,30,150,213,237,25,152,full_trace_mean_square,0.40053572556728084
100,4,196,K,21,30,150,213,237,25,152,full_trace_mean_square,0.41959755436507107
100,4,197,M,21,30,150,213,237,25,171,full_trace_mean_square,0.9411060083161894
100,4,197,P,21,30,150,213,237,25,171,full_trace_mean_square,0.9456851290184888
100,4,197,SLTA,21,30,150,213,237,25,171,full_trace_mean_square,0.846826615642676
100,4,197,Std,21,30,150,213,237,25,171,full_trace_mean_square,0.9576482610597146
100,4,197,S,21,30,150,213,237,25,171,full_trace_mean_square,0.4096208956256582
100,4,197,K,21,30,150,213,237,25,171,full_trace_mean_square,0.435634926395053
100,4,198,M,21,30,150,213,237,25,146,full_trace_mean_square,0.9409789205121646
100,4,198,P,21,30,150,213,237,25,146,full_trace_mean_square,0.9464055540221655
100,4,198,SLTA,21,30,150,213,237,25,146,full_trace_mean_square,0.8285022857990975
100,4,198,Std,21,30,150,213,237,25,146,full_trace_mean_square,0.9544376587343425
100,4,198,S,21,30,150,213,237,25,146,full_trace_mean_square,0.370515210404883
100,4,198,K,21,30,150,213,237,25,146,full_trace_mean_square,0.43851745352524024
100,4,199,M,21,30,150,213,237,25,155,full_trace_mean_square,0.9438628351236598
100,4,199,P,21,30,150,213,237,25,155,full_trace_mean_square,0.9454954533605086
100,4,199,SLTA,21,30,150,213,237,25,155,full_trace_mean_square,0.8299396829805218
100,4,199,Std,21,30,150,213,237,25,155,full_trace_mean_square,0.9584635593373375
100,4,199,S,21,30,150,213,237,25,155,full_trace_mean_square,0.3398409480890264
100,4,199,K,21,30,150,213,237,25,155,full_trace_mean_square,0.424891428053909
100,6,0,M,21,30,150,213,237,25,187,full_trace_mean_square,0.9451656450022642
100,6,0,P,21,30,150,213,237,25,187,full_trace_mean_square,0.9454356824595226
100,6,0,SLTA,21,30,150,213,237,25,187,full_trace_mean_square,0.8253921556269577
100,6,0,Std,21,30,150,213,237,25,187,full_trace_mean_square,0.9598161693264455
100,6,0,S,21,30,150,213,237,25,187,full_trace_mean_square,0.43436062295091765
100,6,0,K,21,30,150,213,237,25,187,full_trace_mean_square,0.4549530664186851
100,6,1,M,21,30,150,213,237,25,145,full_trace_mean_square,0.9460913626013592
100,6,1,P,21,30,150,213,237,25,145,full_trace_mean_square,0.9462832844803641
100,6,1,SLTA,21,30,150,213,237,25,145,full_trace_mean_square,0.8281902786583263
100,6,1,Std,21,30,150,213,237,25,145,full_trace_mean_square,0.958212100504848
100,6,1,S,21,30,150,213,237,25,145,full_trace_mean_square,0.35419418199697283
100,6,1,K,21,30,150,213,237,25,145,full_trace_mean_square,0.3688277303315567
100,6,2,M,21,30,150,213,237,25,162,full_trace_mean_square,0.9447293967559675
100,6,2,P,21,30,150,213,237,25,162,full_trace_mean_square,0.9462030116634271
100,6,2,SLTA,21,30,150,213,237,25,162,full_trace_mean_square,0.8304521565373225
100,6,2,Std,21,30,150,213,237,25,162,full_trace_mean_square,0.9590748959483806
100,6,2,S,21,30,150,213,237,25,162,full_trace_mean_square,0.43230252392905116
100,6,2,K,21,30,150,213,237,25,162,full_trace_mean_square,0.4097775514720468
100,6,3,M,21,30,150,213,237,25,157,full_trace_mean_square,0.9464800966785758
100,6,3,P,21,30,150,213,237,25,157,full_trace_mean_square,0.9451538332858124
100,6,3,SLTA,21,30,150,213,237,25,157,full_trace_mean_square,0.8251963791865031
100,6,3,Std,21,30,150,213,237,25,157,full_trace_mean_square,0.9600600753755552
100,6,3,S,21,30,150,213,237,25,157,full_trace_mean_square,0.38891253855241986
100,6,3,K,21,30,150,213,237,25,157,full_trace_mean_square,0.43417220516319
100,6,4,M,21,30,150,213,237,25,168,full_trace_mean_square,0.9445593862958659
100,6,4,P,21,30,150,213,237,25,168,full_trace_mean_square,0.9457148447910063
100,6,4,SLTA,21,30,150,213,237,25,168,full_trace_mean_square,0.8083652090592905
100,6,4,Std,21,30,150,213,237,25,168,full_trace_mean_square,0.958706547938499
100,6,4,S,21,30,150,213,237,25,168,full_trace_mean_square,0.4015669693349167
100,6,4,K,21,30,150,213,237,25,168,full_trace_mean_square,0.43041250179278573
100,6,5,M,21,30,150,213,237,25,161,full_trace_mean_square,0.9430565934178803
100,6,5,P,21,30,150,213,237,25,161,full_trace_mean_square,0.9450214768238391
100,6,5,SLTA,21,30,150,213,237,25,161,full_trace_mean_square,0.8349153725829387
100,6,5,Std,21,30,150,213,237,25,161,full_trace_mean_square,0.9586964941360119
100,6,5,S,21,30,150,213,237,25,161,full_trace_mean_square,0.5056131640011271
100,6,5,K,21,30,150,213,237,25,161,full_trace_mean_square,0.4456824771079657
100,6,6,M,21,30,150,213,237,25,163,full_trace_mean_square,0.9450901649564531
100,6,6,P,21,30,150,213,237,25,163,full_trace_mean_square,0.9457433094690957
100,6,6,SLTA,21,30,150,213,237,25,163,full_trace_mean_square,0.8234926790802644
100,6,6,Std,21,30,150,213,237,25,163,full_trace_mean_square,0.9607721624507437
100,6,6,S,21,30,150,213,237,25,163,full_trace_mean_square,0.33329507084181365
100,6,6,K,21,30,150,213,237,25,163,full_trace_mean_square,0.32600925211354476
100,6,7,M,21,30,150,213,237,25,176,full_trace_mean_square,0.9460083135831384
100,6,7,P,21,30,150,213,237,25,176,full_trace_mean_square,0.9453272633097194
100,6,7,SLTA,21,30,150,213,237,25,176,full_trace_mean_square,0.8408875778439602
100,6,7,Std,21,30,150,213,237,25,176,full_trace_mean_square,0.9598673385104385
100,6,7,S,21,30,150,213,237,25,176,full_trace_mean_square,0.4427272666193251
100,6,7,K,21,30,150,213,237,25,176,full_trace_mean_square,0.4741593192270397
100,6,8,M,21,30,150,213,237,25,163,full_trace_mean_square,0.9450425173480641
100,6,8,P,21,30,150,213,237,25,163,full_trace_mean_square,0.9453201098301748
100,6,8,SLTA,21,30,150,213,237,25,163,full_trace_mean_square,0.8182472012031737
100,6,8,Std,21,30,150,213,237,25,163,full_trace_mean_square,0.9596829722582491
100,6,8,S,21,30,150,213,237,25,163,full_trace_mean_square,0.4370810673851382
100,6,8,K,21,30,150,213,237,25,163,full_trace_mean_square,0.41634730602512093
100,6,9,M,21,30,150,213,237,25,159,full_trace_mean_square,0.9474931955487398
100,6,9,P,21,30,150,213,237,25,159,full_trace_mean_square,0.9454245242692947
100,6,9,SLTA,21,30,150,213,237,25,159,full_trace_mean_square,0.8205365991382183
100,6,9,Std,21,30,150,213,237,25,159,full_trace_mean_square,0.9592781422069563
100,6,9,S,21,30,150,213,237,25,159,full_trace_mean_square,0.5026420776377469
100,6,9,K,21,30,150,213,237,25,159,full_trace_mean_square,0.4060940965523025
100,6,10,M,21,30,150,213,237,25,173,full_trace_mean_square,0.9444525444289243
100,6,10,P,21,30,150,213,237,25,173,full_trace_mean_square,0.9463630479634956
100,6,10,SLTA,21,30,150,213,237,25,173,full_trace_mean_square,0.8083602859741252
100,6,10,Std,21,30,150,213,237,25,173,full_trace_mean_square,0.9571276918230389
100,6,10,S,21,30,150,213,237,25,173,full_trace_mean_square,0.440905679661533
100,6,10,K,21,30,150,213,237,25,173,full_trace_mean_square,0.33557667991363144
100,6,11,M,21,30,150,213,237,25,168,full_trace_mean_square,0.944541722780683
100,6,11,P,21,30,150,213,237,25,168,full_trace_mean_square,0.9465033179636837
100,6,11,SLTA,21,30,150,213,237,25,168,full_trace_mean_square,0.8396436862911671
100,6,11,Std,21,30,150,213,237,25,168,full_trace_mean_square,0.9599874321598696
100,6,11,S,21,30,150,213,237,25,168,full_trace_mean_square,0.36368085692430163
100,6,11,K,21,30,150,213,237,25,168,full_trace_mean_square,0.3254769324930809
100,6,12,M,21,30,150,213,237,25,164,full_trace_mean_square,0.9468148907144859
100,6,12,P,21,30,150,213,237,25,164,full_trace_mean_square,0.9457530207871385
100,6,12,SLTA,21,30,150,213,237,25,164,full_trace_mean_square,0.8344849606444261
100,6,12,Std,21,30,150,213,237,25,164,full_trace_mean_square,0.9596808578469964
100,6,12,S,21,30,150,213,237,25,164,full_trace_mean_square,0.34314742464376735
100,6,12,K,21,30,150,213,237,25,164,full_trace_mean_square,0.43714996229571973
100,6,13,M,21,30,150,213,237,25,176,full_trace_mean_square,0.9442161745167009
100,6,13,P,21,30,150,213,237,25,176,full_trace_mean_square,0.9457436534556644
100,6,13,SLTA,21,30,150,213,237,25,176,full_trace_mean_square,0.8123242771905247
100,6,13,Std,21,30,150,213,237,25,176,full_trace_mean_square,0.9588588296739331
100,6,13,S,21,30,150,213,237,25,176,full_trace_mean_square,0.3560866432133108
100,6,13,K,21,30,150,213,237,25,176,full_trace_mean_square,0.36723407619083487
100,6,14,M,21,30,150,213,237,25,156,full_trace_mean_square,0.9440122061001792
100,6,14,P,21,30,150,213,237,25,156,full_trace_mean_square,0.9463138327072256
100,6,14,SLTA,21,30,150,213,237,25,156,full_trace_mean_square,0.8355935507270956
100,6,14,Std,21,30,150,213,237,25,156,full_trace_mean_square,0.9585579550197438
100,6,14,S,21,30,150,213,237,25,156,full_trace_mean_square,0.4100622323643976
100,6,14,K,21,30,150,213,237,25,156,full_trace_mean_square,0.3607198914865614
100,6,15,M,21,30,150,213,237,25,162,full_trace_mean_square,0.9453508882784072
100,6,15,P,21,30,150,213,237,25,162,full_trace_mean_square,0.9445925603037578
100,6,15,SLTA,21,30,150,213,237,25,162,full_trace_mean_square,0.8446669854712857
100,6,15,Std,21,30,150,213,237,25,162,full_trace_mean_square,0.9594543841926909
100,6,15,S,21,30,150,213,237,25,162,full_trace_mean_square,0.40340157898831813
100,6,15,K,21,30,150,213,237,25,162,full_trace_mean_square,0.41504707144816194
100,6,16,M,21,30,150,213,237,25,159,full_trace_mean_square,0.9456723627897166
100,6,16,P,21,30,150,213,237,25,159,full_trace_mean_square,0.9455405914496339
100,6,16,SLTA,21,30,150,213,237,25,159,full_trace_mean_square,0.8310773399534589
100,6,16,Std,21,30,150,213,237,25,159,full_trace_mean_square,0.9593810490637934
100,6,16,S,21,30,150,213,237,25,159,full_trace_mean_square,0.4473538548167125
100,6,16,K,21,30,150,213,237,25,159,full_trace_mean_square,0.43058595425338575
100,6,17,M,21,30,150,213,237,25,156,full_trace_mean_square,0.9466105610179053
100,6,17,P,21,30,150,213,237,25,156,full_trace_mean_square,0.9456519598332329
100,6,17,SLTA,21,30,150,213,237,25,156,full_trace_mean_square,0.8091027610627761
100,6,17,Std,21,30,150,213,237,25,156,full_trace_mean_square,0.9596604306253097
100,6,17,S,21,30,150,213,237,25,156,full_trace_mean_square,0.5598308884214089
100,6,17,K,21,30,150,213,237,25,156,full_trace_mean_square,0.4885682706614806
100,6,18,M,21,30,150,213,237,25,165,full_trace_mean_square,0.9448666921006277
100,6,18,P,21,30,150,213,237,25,165,full_trace_mean_square,0.9456595837548891
100,6,18,SLTA,21,30,150,213,237,25,165,full_trace_mean_square,0.8393331845860107
100,6,18,Std,21,30,150,213,237,25,165,full_trace_mean_square,0.9597389813369664
100,6,18,S,21,30,150,213,237,25,165,full_trace_mean_square,0.26653752474843845
100,6,18,K,21,30,150,213,237,25,165,full_trace_mean_square,0.3203781978028627
100,6,19,M,21,30,150,213,237,25,168,full_trace_mean_square,0.9445837305552375
100,6,19,P,21,30,150,213,237,25,168,full_trace_mean_square,0.9459887113305475
100,6,19,SLTA,21,30,150,213,237,25,168,full_trace_mean_square,0.8459228237263883
100,6,19,Std,21,30,150,213,237,25,168,full_trace_mean_square,0.9583948576335808
100,6,19,S,21,30,150,213,237,25,168,full_trace_mean_square,0.4101101609121021
100,6,19,K,21,30,150,213,237,25,168,full_trace_mean_square,0.4021325370218677
100,6,20,M,21,30,150,213,237,25,161,full_trace_mean_square,0.9472422507903564
100,6,20,P,21,30,150,213,237,25,161,full_trace_mean_square,0.9458288026311522
100,6,20,SLTA,21,30,150,213,237,25,161,full_trace_mean_square,0.8382539975760387
100,6,20,Std,21,30,150,213,237,25,161,full_trace_mean_square,0.9600157908244171
100,6,20,S,21,30,150,213,237,25,161,full_trace_mean_square,0.39722314119645974
100,6,20,K,21,30,150,213,237,25,161,full_trace_mean_square,0.40592746128155527
100,6,21,M,21,30,150,213,237,25,183,full_trace_mean_square,0.9479929946576641
100,6,21,P,21,30,150,213,237,25,183,full_trace_mean_square,0.9463704692607261
100,6,21,SLTA,21,30,150,213,237,25,183,full_trace_mean_square,0.8282528292187095
100,6,21,Std,21,30,150,213,237,25,183,full_trace_mean_square,0.9601895387713777
100,6,21,S,21,30,150,213,237,25,183,full_trace_mean_square,0.3766326105883964
100,6,21,K,21,30,150,213,237,25,183,full_trace_mean_square,0.41431862936497404
100,6,22,M,21,30,150,213,237,25,170,full_trace_mean_square,0.9453527359068509
100,6,22,P,21,30,150,213,237,25,170,full_trace_mean_square,0.9463118042868573
100,6,22,SLTA,21,30,150,213,237,25,170,full_trace_mean_square,0.8240316086972816
100,6,22,Std,21,30,150,213,237,25,170,full_trace_mean_square,0.9589167631251301
100,6,22,S,21,30,150,213,237,25,170,full_trace_mean_square,0.3732054281838176
100,6,22,K,21,30,150,213,237,25,170,full_trace_mean_square,0.3474277594285509
100,6,23,M,21,30,150,213,237,25,167,full_trace_mean_square,0.9426917741563263
100,6,23,P,21,30,150,213,237,25,167,full_trace_mean_square,0.9451871765683287
100,6,23,SLTA,21,30,150,213,237,25,167,full_trace_mean_square,0.8219454879723012
100,6,23,Std,21,30,150,213,237,25,167,full_trace_mean_square,0.9589167567535101
100,6,23,S,21,30,150,213,237,25,167,full_trace_mean_square,0.3034480359339032
100,6,23,K,21,30,150,213,237,25,167,full_trace_mean_square,0.3621935271366384
100,6,24,M,21,30,150,213,237,25,148,full_trace_mean_square,0.945389443372501
100,6,24,P,21,30,150,213,237,25,148,full_trace_mean_square,0.9464248820419182
100,6,24,SLTA,21,30,150,213,237,25,148,full_trace_mean_square,0.8418566372500029
100,6,24,Std,21,30,150,213,237,25,148,full_trace_mean_square,0.9585874391752153
100,6,24,S,21,30,150,213,237,25,148,full_trace_mean_square,0.2599757594181392
100,6,24,K,21,30,150,213,237,25,148,full_trace_mean_square,0.312905715527215
100,6,25,M,21,30,150,213,237,25,153,full_trace_mean_square,0.9429147346455782
100,6,25,P,21,30,150,213,237,25,153,full_trace_mean_square,0.9455879622334564
100,6,25,SLTA,21,30,150,213,237,25,153,full_trace_mean_square,0.8342993467044341
100,6,25,Std,21,30,150,213,237,25,153,full_trace_mean_square,0.9586953246067232
100,6,25,S,21,30,150,213,237,25,153,full_trace_mean_square,0.38413460120778004
100,6,25,K,21,30,150,213,237,25,153,full_trace_mean_square,0.34081695933037914
100,6,26,M,21,30,150,213,237,25,154,full_trace_mean_square,0.9454539148376567
100,6,26,P,21,30,150,213,237,25,154,full_trace_mean_square,0.9460323294780405
100,6,26,SLTA,21,30,150,213,237,25,154,full_trace_mean_square,0.8301892598153315
100,6,26,Std,21,30,150,213,237,25,154,full_trace_mean_square,0.9584414552296264
100,6,26,S,21,30,150,213,237,25,154,full_trace_mean_square,0.4981234930635861
100,6,26,K,21,30,150,213,237,25,154,full_trace_mean_square,0.3487360410917152
100,6,27,M,21,30,150,213,237,25,182,full_trace_mean_square,0.9430270651730157
100,6,27,P,21,30,150,213,237,25,182,full_trace_mean_square,0.9459170662857206
100,6,27,SLTA,21,30,150,213,237,25,182,full_trace_mean_square,0.8282573397905302
100,6,27,Std,21,30,150,213,237,25,182,full_trace_mean_square,0.959403725836096
100,6,27,S,21,30,150,213,237,25,182,full_trace_mean_square,0.31471361965686145
100,6,27,K,21,30,150,213,237,25,182,full_trace_mean_square,0.36936076963786013
100,6,28,M,21,30,150,213,237,25,156,full_trace_mean_square,0.9473162453175563
100,6,28,P,21,30,150,213,237,25,156,full_trace_mean_square,0.9461446551269771
100,6,28,SLTA,21,30,150,213,237,25,156,full_trace_mean_square,0.8176859480510152
100,6,28,Std,21,30,150,213,237,25,156,full_trace_mean_square,0.959418062352693
100,6,28,S,21,30,150,213,237,25,156,full_trace_mean_square,0.4332490720787182
100,6,28,K,21,30,150,213,237,25,156,full_trace_mean_square,0.3865254317750475
100,6,29,M,21,30,150,213,237,25,152,full_trace_mean_square,0.9457156095920417
100,6,29,P,21,30,150,213,237,25,152,full_trace_mean_square,0.9459610248600214
100,6,29,SLTA,21,30,150,213,237,25,152,full_trace_mean_square,0.8266793257809052
100,6,29,Std,21,30,150,213,237,25,152,full_trace_mean_square,0.9587853796007244
100,6,29,S,21,30,150,213,237,25,152,full_trace_mean_square,0.39687217147865406
100,6,29,K,21,30,150,213,237,25,152,full_trace_mean_square,0.41916407487123425
100,6,30,M,21,30,150,213,237,25,169,full_trace_mean_square,0.9443585916382148
100,6,30,P,21,30,150,213,237,25,169,full_trace_mean_square,0.9463281033909416
100,6,30,SLTA,21,30,150,213,237,25,169,full_trace_mean_square,0.8195586538929053
100,6,30,Std,21,30,150,213,237,25,169,full_trace_mean_square,0.958351525337575
100,6,30,S,21,30,150,213,237,25,169,full_trace_mean_square,0.4413426971257778
100,6,30,K,21,30,150,213,237,25,169,full_trace_mean_square,0.3463577715323304
100,6,31,M,21,30,150,213,237,25,176,full_trace_mean_square,0.947989284873406
100,6,31,P,21,30,150,213,237,25,176,full_trace_mean_square,0.9461753927246063
100,6,31,SLTA,21,30,150,213,237,25,176,full_trace_mean_square,0.8523556532383877
100,6,31,Std,21,30,150,213,237,25,176,full_trace_mean_square,0.9598396024616194
100,6,31,S,21,30,150,213,237,25,176,full_trace_mean_square,0.37632826198133085
100,6,31,K,21,30,150,213,237,25,176,full_trace_mean_square,0.39826574048152696
100,6,32,M,21,30,150,213,237,25,160,full_trace_mean_square,0.9463914892941678
100,6,32,P,21,30,150,213,237,25,160,full_trace_mean_square,0.9462367447003688
100,6,32,SLTA,21,30,150,213,237,25,160,full_trace_mean_square,0.8039124944110748
100,6,32,Std,21,30,150,213,237,25,160,full_trace_mean_square,0.9579038053687682
100,6,32,S,21,30,150,213,237,25,160,full_trace_mean_square,0.3798835098353143
100,6,32,K,21,30,150,213,237,25,160,full_trace_mean_square,0.3102879495075326
100,6,33,M,21,30,150,213,237,25,151,full_trace_mean_square,0.9475870347861916
100,6,33,P,21,30,150,213,237,25,151,full_trace_mean_square,0.9457669631318819
100,6,33,SLTA,21,30,150,213,237,25,151,full_trace_mean_square,0.842107081371034
100,6,33,Std,21,30,150,213,237,25,151,full_trace_mean_square,0.9590215336414678
100,6,33,S,21,30,150,213,237,25,151,full_trace_mean_square,0.2859610685222507
100,6,33,K,21,30,150,213,237,25,151,full_trace_mean_square,0.2811342489857575
100,6,34,M,21,30,150,213,237,25,156,full_trace_mean_square,0.9470074376423697
100,6,34,P,21,30,150,213,237,25,156,full_trace_mean_square,0.9460013813294171
100,6,34,SLTA,21,30,150,213,237,25,156,full_trace_mean_square,0.842807041912568
100,6,34,Std,21,30,150,213,237,25,156,full_trace_mean_square,0.960338124626068
100,6,34,S,21,30,150,213,237,25,156,full_trace_mean_square,0.35764655340540086
100,6,34,K,21,30,150,213,237,25,156,full_trace_mean_square,0.39574369026687933
100,6,35,M,21,30,150,213,237,25,160,full_trace_mean_square,0.946892725666952
100,6,35,P,21,30,150,213,237,25,160,full_trace_mean_square,0.9457762477802664
100,6,35,SLTA,21,30,150,213,237,25,160,full_trace_mean_square,0.8196347436379593
100,6,35,Std,21,30,150,213,237,25,160,full_trace_mean_square,0.9594799790622833
100,6,35,S,21,30,150,213,237,25,160,full_trace_mean_square,0.30975662602677795
100,6,35,K,21,30,150,213,237,25,160,full_trace_mean_square,0.33860987556617733
100,6,36,M,21,30,150,213,237,25,161,full_trace_mean_square,0.9460889537325455
100,6,36,P,21,30,150,213,237,25,161,full_trace_mean_square,0.9461106588650544
100,6,36,SLTA,21,30,150,213,237,25,161,full_trace_mean_square,0.845669073821134
100,6,36,Std,21,30,150,213,237,25,161,full_trace_mean_square,0.9594949060565202
100,6,36,S,21,30,150,213,237,25,161,full_trace_mean_square,0.3551308785760865
100,6,36,K,21,30,150,213,237,25,161,full_trace_mean_square,0.31550886362582603
100,6,37,M,21,30,150,213,237,25,161,full_trace_mean_square,0.9450935530614394
100,6,37,P,21,30,150,213,237,25,161,full_trace_mean_square,0.9462518186680261
100,6,37,SLTA,21,30,150,213,237,25,161,full_trace_mean_square,0.8292419756375984
100,6,37,Std,21,30,150,213,237,25,161,full_trace_mean_square,0.9591154936680729
100,6,37,S,21,30,150,213,237,25,161,full_trace_mean_square,0.3486777680714933
100,6,37,K,21,30,150,213,237,25,161,full_trace_mean_square,0.28687870543205757
100,6,38,M,21,30,150,213,237,25,164,full_trace_mean_square,0.9447573161479665
100,6,38,P,21,30,150,213,237,25,164,full_trace_mean_square,0.9467482320737944
100,6,38,SLTA,21,30,150,213,237,25,164,full_trace_mean_square,0.84188472506785
100,6,38,Std,21,30,150,213,237,25,164,full_trace_mean_square,0.958178286344064
100,6,38,S,21,30,150,213,237,25,164,full_trace_mean_square,0.33891561064455944
100,6,38,K,21,30,150,213,237,25,164,full_trace_mean_square,0.3537156836097198
100,6,39,M,21,30,150,213,237,25,141,full_trace_mean_square,0.9478649426522406
100,6,39,P,21,30,150,213,237,25,141,full_trace_mean_square,0.9458227772371682
100,6,39,SLTA,21,30,150,213,237,25,141,full_trace_mean_square,0.8413438690093741
100,6,39,Std,21,30,150,213,237,25,141,full_trace_mean_square,0.9604563001331182
100,6,39,S,21,30,150,213,237,25,141,full_trace_mean_square,0.39119346320651266
100,6,39,K,21,30,150,213,237,25,141,full_trace_mean_square,0.4388261383340696
100,6,40,M,21,30,150,213,237,25,169,full_trace_mean_square,0.9473945634110139
100,6,40,P,21,30,150,213,237,25,169,full_trace_mean_square,0.9458093003843182
100,6,40,SLTA,21,30,150,213,237,25,169,full_trace_mean_square,0.8380423009459209
100,6,40,Std,21,30,150,213,237,25,169,full_trace_mean_square,0.9601101602431265
100,6,40,S,21,30,150,213,237,25,169,full_trace_mean_square,0.4064941145331215
100,6,40,K,21,30,150,213,237,25,169,full_trace_mean_square,0.410659995126649
100,6,41,M,21,30,150,213,237,25,173,full_trace_mean_square,0.9454182872134104
100,6,41,P,21,30,150,213,237,25,173,full_trace_mean_square,0.9465732816919606
100,6,41,SLTA,21,30,150,213,237,25,173,full_trace_mean_square,0.8183954489746152
100,6,41,Std,21,30,150,213,237,25,173,full_trace_mean_square,0.957401025350579
100,6,41,S,21,30,150,213,237,25,173,full_trace_mean_square,0.29314891589091674
100,6,41,K,21,30,150,213,237,25,173,full_trace_mean_square,0.30222335095427627
100,6,42,M,21,30,150,213,237,25,156,full_trace_mean_square,0.9463110142655237
100,6,42,P,21,30,150,213,237,25,156,full_trace_mean_square,0.9455047015718417
100,6,42,SLTA,21,30,150,213,237,25,156,full_trace_mean_square,0.837912964309121
100,6,42,Std,21,30,150,213,237,25,156,full_trace_mean_square,0.9601790690551738
100,6,42,S,21,30,150,213,237,25,156,full_trace_mean_square,0.3653095848155246
100,6,42,K,21,30,150,213,237,25,156,full_trace_mean_square,0.42873458400318915
100,6,43,M,21,30,150,213,237,25,157,full_trace_mean_square,0.942569055469465
100,6,43,P,21,30,150,213,237,25,157,full_trace_mean_square,0.9456239892610069
100,6,43,SLTA,21,30,150,213,237,25,157,full_trace_mean_square,0.8211232476764748
100,6,43,Std,21,30,150,213,237,25,157,full_trace_mean_square,0.957341170638468
100,6,43,S,21,30,150,213,237,25,157,full_trace_mean_square,0.31999627955814164
100,6,43,K,21,30,150,213,237,25,157,full_trace_mean_square,0.34448359506857373
100,6,44,M,21,30,150,213,237,25,158,full_trace_mean_square,0.9453201668066376
100,6,44,P,21,30,150,213,237,25,158,full_trace_mean_square,0.9459396102354264
100,6,44,SLTA,21,30,150,213,237,25,158,full_trace_mean_square,0.8370553076373927
100,6,44,Std,21,30,150,213,237,25,158,full_trace_mean_square,0.9586895123067993
100,6,44,S,21,30,150,213,237,25,158,full_trace_mean_square,0.4028548546923357
100,6,44,K,21,30,150,213,237,25,158,full_trace_mean_square,0.40308096283131256
100,6,45,M,21,30,150,213,237,25,165,full_trace_mean_square,0.9448668709935603
100,6,45,P,21,30,150,213,237,25,165,full_trace_mean_square,0.945598378474927
100,6,45,SLTA,21,30,150,213,237,25,165,full_trace_mean_square,0.8385916412610817
100,6,45,Std,21,30,150,213,237,25,165,full_trace_mean_square,0.9594696733434978
100,6,45,S,21,30,150,213,237,25,165,full_trace_mean_square,0.3925375638592721
100,6,45,K,21,30,150,213,237,25,165,full_trace_mean_square,0.3961855719810877
100,6,46,M,21,30,150,213,237,25,172,full_trace_mean_square,0.9470423707391648
100,6,46,P,21,30,150,213,237,25,172,full_trace_mean_square,0.9457128809323464
100,6,46,SLTA,21,30,150,213,237,25,172,full_trace_mean_square,0.8426069595107791
100,6,46,Std,21,30,150,213,237,25,172,full_trace_mean_square,0.9594138042198639
100,6,46,S,21,30,150,213,237,25,172,full_trace_mean_square,0.4191290091126658
100,6,46,K,21,30,150,213,237,25,172,full_trace_mean_square,0.47615833512969885
100,6,47,M,21,30,150,213,237,25,179,full_trace_mean_square,0.9453619656403885
100,6,47,P,21,30,150,213,237,25,179,full_trace_mean_square,0.9458824879738725
100,6,47,SLTA,21,30,150,213,237,25,179,full_trace_mean_square,0.8311144386099178
100,6,47,Std,21,30,150,213,237,25,179,full_trace_mean_square,0.9585567643764707
100,6,47,S,21,30,150,213,237,25,179,full_trace_mean_square,0.4499778612597687
100,6,47,K,21,30,150,213,237,25,179,full_trace_mean_square,0.42127521629167175
100,6,48,M,21,30,150,213,237,25,190,full_trace_mean_square,0.9462093625209704
100,6,48,P,21,30,150,213,237,25,190,full_trace_mean_square,0.9461155806136072
100,6,48,SLTA,21,30,150,213,237,25,190,full_trace_mean_square,0.844567793137025
100,6,48,Std,21,30,150,213,237,25,190,full_trace_mean_square,0.9604030707021189
100,6,48,S,21,30,150,213,237,25,190,full_trace_mean_square,0.36855667093860633
100,6,48,K,21,30,150,213,237,25,190,full_trace_mean_square,0.3633896124348523
100,6,49,M,21,30,150,213,237,25,167,full_trace_mean_square,0.9461269536497666
100,6,49,P,21,30,150,213,237,25,167,full_trace_mean_square,0.9459180251250213
100,6,49,SLTA,21,30,150,213,237,25,167,full_trace_mean_square,0.8241622775706419
100,6,49,Std,21,30,150,213,237,25,167,full_trace_mean_square,0.9588931480520058
100,6,49,S,21,30,150,213,237,25,167,full_trace_mean_square,0.35585127775757935
100,6,49,K,21,30,150,213,237,25,167,full_trace_mean_square,0.31763025672464973
100,6,50,M,21,30,150,213,237,25,167,full_trace_mean_square,0.945893332620768
100,6,50,P,21,30,150,213,237,25,167,full_trace_mean_square,0.9456745747721996
100,6,50,SLTA,21,30,150,213,237,25,167,full_trace_mean_square,0.8434766029153704
100,6,50,Std,21,30,150,213,237,25,167,full_trace_mean_square,0.9592001198332134
100,6,50,S,21,30,150,213,237,25,167,full_trace_mean_square,0.3815901786403231
100,6,50,K,21,30,150,213,237,25,167,full_trace_mean_square,0.42761908461615333
100,6,51,M,21,30,150,213,237,25,158,full_trace_mean_square,0.9458329142079421
100,6,51,P,21,30,150,213,237,25,158,full_trace_mean_square,0.9454898099072098
100,6,51,SLTA,21,30,150,213,237,25,158,full_trace_mean_square,0.8219500450317136
100,6,51,Std,21,30,150,213,237,25,158,full_trace_mean_square,0.9595919477075264
100,6,51,S,21,30,150,213,237,25,158,full_trace_mean_square,0.4023545550352825
100,6,51,K,21,30,150,213,237,25,158,full_trace_mean_square,0.3729835703906802
100,6,52,M,21,30,150,213,237,25,148,full_trace_mean_square,0.9470860247318769
100,6,52,P,21,30,150,213,237,25,148,full_trace_mean_square,0.9466908660709692
100,6,52,SLTA,21,30,150,213,237,25,148,full_trace_mean_square,0.8467788088938732
100,6,52,Std,21,30,150,213,237,25,148,full_trace_mean_square,0.9595855036146201
100,6,52,S,21,30,150,213,237,25,148,full_trace_mean_square,0.2811651451683385
100,6,52,K,21,30,150,213,237,25,148,full_trace_mean_square,0.300987017984922
100,6,53,M,21,30,150,213,237,25,159,full_trace_mean_square,0.9468311568088563
100,6,53,P,21,30,150,213,237,25,159,full_trace_mean_square,0.9461523881829454
100,6,53,SLTA,21,30,150,213,237,25,159,full_trace_mean_square,0.8377641540510592
100,6,53,Std,21,30,150,213,237,25,159,full_trace_mean_square,0.9595460798082551
100,6,53,S,21,30,150,213,237,25,159,full_trace_mean_square,0.30551447145613236
100,6,53,K,21,30,150,213,237,25,159,full_trace_mean_square,0.33775558810436856
100,6,54,M,21,30,150,213,237,25,156,full_trace_mean_square,0.944650617767993
100,6,54,P,21,30,150,213,237,25,156,full_trace_mean_square,0.9456110688111936
100,6,54,SLTA,21,30,150,213,237,25,156,full_trace_mean_square,0.7897476331633088
100,6,54,Std,21,30,150,213,237,25,156,full_trace_mean_square,0.9599125721272828
100,6,54,S,21,30,150,213,237,25,156,full_trace_mean_square,0.3799484971691969
100,6,54,K,21,30,150,213,237,25,156,full_trace_mean_square,0.3162437695478652
100,6,55,M,21,30,150,213,237,25,177,full_trace_mean_square,0.9441028410409137
100,6,55,P,21,30,150,213,237,25,177,full_trace_mean_square,0.9462413090379371
100,6,55,SLTA,21,30,150,213,237,25,177,full_trace_mean_square,0.8209013372799707
100,6,55,Std,21,30,150,213,237,25,177,full_trace_mean_square,0.958354209837619
100,6,55,S,21,30,150,213,237,25,177,full_trace_mean_square,0.3391056021869265
100,6,55,K,21,30,150,213,237,25,177,full_trace_mean_square,0.3569538158627117
100,6,56,M,21,30,150,213,237,25,174,full_trace_mean_square,0.945084319937271
100,6,56,P,21,30,150,213,237,25,174,full_trace_mean_square,0.9461133974987623
100,6,56,SLTA,21,30,150,213,237,25,174,full_trace_mean_square,0.8410206017731723
100,6,56,Std,21,30,150,213,237,25,174,full_trace_mean_square,0.9580273448438299
100,6,56,S,21,30,150,213,237,25,174,full_trace_mean_square,0.30349612382545166
100,6,56,K,21,30,150,213,237,25,174,full_trace_mean_square,0.29096083313095017
100,6,57,M,21,30,150,213,237,25,167,full_trace_mean_square,0.9444995503642756
100,6,57,P,21,30,150,213,237,25,167,full_trace_mean_square,0.9461585438896283
100,6,57,SLTA,21,30,150,213,237,25,167,full_trace_mean_square,0.8146358111764764
100,6,57,Std,21,30,150,213,237,25,167,full_trace_mean_square,0.9589719528954076
100,6,57,S,21,30,150,213,237,25,167,full_trace_mean_square,0.31336535784576824
100,6,57,K,21,30,150,213,237,25,167,full_trace_mean_square,0.35125286933066874
100,6,58,M,21,30,150,213,237,25,173,full_trace_mean_square,0.9449176157150596
100,6,58,P,21,30,150,213,237,25,173,full_trace_mean_square,0.9451508028340575
100,6,58,SLTA,21,30,150,213,237,25,173,full_trace_mean_square,0.8092407305670963
100,6,58,Std,21,30,150,213,237,25,173,full_trace_mean_square,0.9577657722906027
100,6,58,S,21,30,150,213,237,25,173,full_trace_mean_square,0.3865230868856871
100,6,58,K,21,30,150,213,237,25,173,full_trace_mean_square,0.3466983219648388
100,6,59,M,21,30,150,213,237,25,147,full_trace_mean_square,0.9459659714229743
100,6,59,P,21,30,150,213,237,25,147,full_trace_mean_square,0.9462652870629178
100,6,59,SLTA,21,30,150,213,237,25,147,full_trace_mean_square,0.8318332509912496
100,6,59,Std,21,30,150,213,237,25,147,full_trace_mean_square,0.9591753371374286
100,6,59,S,21,30,150,213,237,25,147,full_trace_mean_square,0.3754094973795012
100,6,59,K,21,30,150,213,237,25,147,full_trace_mean_square,0.33881364427988203
100,6,60,M,21,30,150,213,237,25,177,full_trace_mean_square,0.9414778789507756
100,6,60,P,21,30,150,213,237,25,177,full_trace_mean_square,0.9455625421383541
100,6,60,SLTA,21,30,150,213,237,25,177,full_trace_mean_square,0.8236290680594087
100,6,60,Std,21,30,150,213,237,25,177,full_trace_mean_square,0.9579370797502145
100,6,60,S,21,30,150,213,237,25,177,full_trace_mean_square,0.38218631502057465
100,6,60,K,21,30,150,213,237,25,177,full_trace_mean_square,0.24832605805037644
100,6,61,M,21,30,150,213,237,25,150,full_trace_mean_square,0.9465642407055564
100,6,61,P,21,30,150,213,237,25,150,full_trace_mean_square,0.9459545851235519
100,6,61,SLTA,21,30,150,213,237,25,150,full_trace_mean_square,0.8332081025495383
100,6,61,Std,21,30,150,213,237,25,150,full_trace_mean_square,0.958864730254342
100,6,61,S,21,30,150,213,237,25,150,full_trace_mean_square,0.36604527777313667
100,6,61,K,21,30,150,213,237,25,150,full_trace_mean_square,0.3831033505904451
100,6,62,M,21,30,150,213,237,25,167,full_trace_mean_square,0.9442926735649518
100,6,62,P,21,30,150,213,237,25,167,full_trace_mean_square,0.9454126947512007
100,6,62,SLTA,21,30,150,213,237,25,167,full_trace_mean_square,0.8415651265818537
100,6,62,Std,21,30,150,213,237,25,167,full_trace_mean_square,0.9591516911029834
100,6,62,S,21,30,150,213,237,25,167,full_trace_mean_square,0.4387807283899248
100,6,62,K,21,30,150,213,237,25,167,full_trace_mean_square,0.39731655821127193
100,6,63,M,21,30,150,213,237,25,167,full_trace_mean_square,0.9427078182146257
100,6,63,P,21,30,150,213,237,25,167,full_trace_mean_square,0.9452436418244715
100,6,63,SLTA,21,30,150,213,237,25,167,full_trace_mean_square,0.824982717716734
100,6,63,Std,21,30,150,213,237,25,167,full_trace_mean_square,0.9578916865856979
100,6,63,S,21,30,150,213,237,25,167,full_trace_mean_square,0.3902419383711517
100,6,63,K,21,30,150,213,237,25,167,full_trace_mean_square,0.3983423925785714
100,6,64,M,21,30,150,213,237,25,172,full_trace_mean_square,0.9457967291865899
100,6,64,P,21,30,150,213,237,25,172,full_trace_mean_square,0.945744675004628
100,6,64,SLTA,21,30,150,213,237,25,172,full_trace_mean_square,0.8418979343422719
100,6,64,Std,21,30,150,213,237,25,172,full_trace_mean_square,0.9598869139506424
100,6,64,S,21,30,150,213,237,25,172,full_trace_mean_square,0.43566612250143033
100,6,64,K,21,30,150,213,237,25,172,full_trace_mean_square,0.3815742264666285
100,6,65,M,21,30,150,213,237,25,163,full_trace_mean_square,0.9441780058423586
100,6,65,P,21,30,150,213,237,25,163,full_trace_mean_square,0.9458311922560876
100,6,65,SLTA,21,30,150,213,237,25,163,full_trace_mean_square,0.8288691730548369
100,6,65,Std,21,30,150,213,237,25,163,full_trace_mean_square,0.9600038358140086
100,6,65,S,21,30,150,213,237,25,163,full_trace_mean_square,0.3906164471504965
100,6,65,K,21,30,150,213,237,25,163,full_trace_mean_square,0.34916118722982653
100,6,66,M,21,30,150,213,237,25,168,full_trace_mean_square,0.9456257067180249
100,6,66,P,21,30,150,213,237,25,168,full_trace_mean_square,0.9456290438864887
100,6,66,SLTA,21,30,150,213,237,25,168,full_trace_mean_square,0.8195627772209194
100,6,66,Std,21,30,150,213,237,25,168,full_trace_mean_square,0.9594708847901966
100,6,66,S,21,30,150,213,237,25,168,full_trace_mean_square,0.4269708473513073
100,6,66,K,21,30,150,213,237,25,168,full_trace_mean_square,0.3951299239085213
100,6,67,M,21,30,150,213,237,25,172,full_trace_mean_square,0.9469439469339392
100,6,67,P,21,30,150,213,237,25,172,full_trace_mean_square,0.945715799923071
100,6,67,SLTA,21,30,150,213,237,25,172,full_trace_mean_square,0.8412945162008623
100,6,67,Std,21,30,150,213,237,25,172,full_trace_mean_square,0.9603969478296577
100,6,67,S,21,30,150,213,237,25,172,full_trace_mean_square,0.30971387777641
100,6,67,K,21,30,150,213,237,25,172,full_trace_mean_square,0.39069181981317
100,6,68,M,21,30,150,213,237,25,168,full_trace_mean_square,0.9440250513580953
100,6,68,P,21,30,150,213,237,25,168,full_trace_mean_square,0.9457796603606907
100,6,68,SLTA,21,30,150,213,237,25,168,full_trace_mean_square,0.8233507478481363
100,6,68,Std,21,30,150,213,237,25,168,full_trace_mean_square,0.9593098027829298
100,6,68,S,21,30,150,213,237,25,168,full_trace_mean_square,0.389268316381717
100,6,68,K,21,30,150,213,237,25,168,full_trace_mean_square,0.3974109012622422
100,6,69,M,21,30,150,213,237,25,161,full_trace_mean_square,0.9468446388556592
100,6,69,P,21,30,150,213,237,25,161,full_trace_mean_square,0.9464903167278054
100,6,69,SLTA,21,30,150,213,237,25,161,full_trace_mean_square,0.8455667854409399
100,6,69,Std,21,30,150,213,237,25,161,full_trace_mean_square,0.9599334813596732
100,6,69,S,21,30,150,213,237,25,161,full_trace_mean_square,0.3145477794832141
100,6,69,K,21,30,150,213,237,25,161,full_trace_mean_square,0.29083025207543234
100,6,70,M,21,30,150,213,237,25,181,full_trace_mean_square,0.9467001566429095
100,6,70,P,21,30,150,213,237,25,181,full_trace_mean_square,0.9451395394872452
100,6,70,SLTA,21,30,150,213,237,25,181,full_trace_mean_square,0.8427488594214453
100,6,70,Std,21,30,150,213,237,25,181,full_trace_mean_square,0.9604178457695359
100,6,70,S,21,30,150,213,237,25,181,full_trace_mean_square,0.4308508754122352
100,6,70,K,21,30,150,213,237,25,181,full_trace_mean_square,0.4139758011695772
100,6,71,M,21,30,150,213,237,25,173,full_trace_mean_square,0.9439227353724003
100,6,71,P,21,30,150,213,237,25,173,full_trace_mean_square,0.9456993939696093
100,6,71,SLTA,21,30,150,213,237,25,173,full_trace_mean_square,0.8318312889372653
100,6,71,Std,21,30,150,213,237,25,173,full_trace_mean_square,0.958262127141198
100,6,71,S,21,30,150,213,237,25,173,full_trace_mean_square,0.4111393092178576
100,6,71,K,21,30,150,213,237,25,173,full_trace_mean_square,0.43525399150555055
100,6,72,M,21,30,150,213,237,25,167,full_trace_mean_square,0.9421389055130899
100,6,72,P,21,30,150,213,237,25,167,full_trace_mean_square,0.9459906932825447
100,6,72,SLTA,21,30,150,213,237,25,167,full_trace_mean_square,0.8407118934995729
100,6,72,Std,21,30,150,213,237,25,167,full_trace_mean_square,0.9576788101164445
100,6,72,S,21,30,150,213,237,25,167,full_trace_mean_square,0.48716889444196676
100,6,72,K,21,30,150,213,237,25,167,full_trace_mean_square,0.37586148965449356
100,6,73,M,21,30,150,213,237,25,151,full_trace_mean_square,0.9432048564102946
100,6,73,P,21,30,150,213,237,25,151,full_trace_mean_square,0.9454906613316021
100,6,73,SLTA,21,30,150,213,237,25,151,full_trace_mean_square,0.8334848745813845
100,6,73,Std,21,30,150,213,237,25,151,full_trace_mean_square,0.9585736453074266
100,6,73,S,21,30,150,213,237,25,151,full_trace_mean_square,0.369564444881517
100,6,73,K,21,30,150,213,237,25,151,full_trace_mean_square,0.4064904842414146
100,6,74,M,21,30,150,213,237,25,166,full_trace_mean_square,0.9476596573180347
100,6,74,P,21,30,150,213,237,25,166,full_trace_mean_square,0.94607981750105
100,6,74,SLTA,21,30,150,213,237,25,166,full_trace_mean_square,0.8274385445521298
100,6,74,Std,21,30,150,213,237,25,166,full_trace_mean_square,0.9597488022154997
100,6,74,S,21,30,150,213,237,25,166,full_trace_mean_square,0.3890705929827924
100,6,74,K,21,30,150,213,237,25,166,full_trace_mean_square,0.3651013825309499
100,6,75,M,21,30,150,213,237,25,153,full_trace_mean_square,0.9449449089930003
100,6,75,P,21,30,150,213,237,25,153,full_trace_mean_square,0.9464176754915345
100,6,75,SLTA,21,30,150,213,237,25,153,full_trace_mean_square,0.831829882230277
100,6,75,Std,21,30,150,213,237,25,153,full_trace_mean_square,0.9576194215871189
100,6,75,S,21,30,150,213,237,25,153,full_trace_mean_square,0.20387060751637215
100,6,75,K,21,30,150,213,237,25,153,full_trace_mean_square,0.2432640076165872
100,6,76,M,21,30,150,213,237,25,160,full_trace_mean_square,0.9423408604505938
100,6,76,P,21,30,150,213,237,25,160,full_trace_mean_square,0.9458040316289631
100,6,76,SLTA,21,30,150,213,237,25,160,full_trace_mean_square,0.8044688578335673
100,6,76,Std,21,30,150,213,237,25,160,full_trace_mean_square,0.9575632403159907
100,6,76,S,21,30,150,213,237,25,160,full_trace_mean_square,0.33140801425841643
100,6,76,K,21,30,150,213,237,25,160,full_trace_mean_square,0.3140105839730295
100,6,77,M,21,30,150,213,237,25,163,full_trace_mean_square,0.9460531768578779
100,6,77,P,21,30,150,213,237,25,163,full_trace_mean_square,0.9462769247658132
100,6,77,SLTA,21,30,150,213,237,25,163,full_trace_mean_square,0.8042722113482328
100,6,77,Std,21,30,150,213,237,25,163,full_trace_mean_square,0.9585788741480313
100,6,77,S,21,30,150,213,237,25,163,full_trace_mean_square,0.24632160066927516
100,6,77,K,21,30,150,213,237,25,163,full_trace_mean_square,0.26840669910851445
100,6,78,M,21,30,150,213,237,25,170,full_trace_mean_square,0.9453690263331149
100,6,78,P,21,30,150,213,237,25,170,full_trace_mean_square,0.945934904449193
100,6,78,SLTA,21,30,150,213,237,25,170,full_trace_mean_square,0.8239073593524503
100,6,78,Std,21,30,150,213,237,25,170,full_trace_mean_square,0.9601610465593546
100,6,78,S,21,30,150,213,237,25,170,full_trace_mean_square,0.38529908861616136
100,6,78,K,21,30,150,213,237,25,170,full_trace_mean_square,0.34343400849547384
100,6,79,M,21,30,150,213,237,25,178,full_trace_mean_square,0.9454915917953137
100,6,79,P,21,30,150,213,237,25,178,full_trace_mean_square,0.9461128779256087
100,6,79,SLTA,21,30,150,213,237,25,178,full_trace_mean_square,0.837834303596274
100,6,79,Std,21,30,150,213,237,25,178,full_trace_mean_square,0.9594493720110139
100,6,79,S,21,30,150,213,237,25,178,full_trace_mean_square,0.4109519715948164
100,6,79,K,21,30,150,213,237,25,178,full_trace_mean_square,0.2949437570792906
100,6,80,M,21,30,150,213,237,25,177,full_trace_mean_square,0.9427328424776461
100,6,80,P,21,30,150,213,237,25,177,full_trace_mean_square,0.9456434664100288
100,6,80,SLTA,21,30,150,213,237,25,177,full_trace_mean_square,0.8182041676183899
100,6,80,Std,21,30,150,213,237,25,177,full_trace_mean_square,0.958390965659621
100,6,80,S,21,30,150,213,237,25,177,full_trace_mean_square,0.366583144238953
100,6,80,K,21,30,150,213,237,25,177,full_trace_mean_square,0.3731280894346267
100,6,81,M,21,30,150,213,237,25,160,full_trace_mean_square,0.9438739729788789
100,6,81,P,21,30,150,213,237,25,160,full_trace_mean_square,0.9455168401412667
100,6,81,SLTA,21,30,150,213,237,25,160,full_trace_mean_square,0.8272657161003459
100,6,81,Std,21,30,150,213,237,25,160,full_trace_mean_square,0.9585403912573107
100,6,81,S,21,30,150,213,237,25,160,full_trace_mean_square,0.5007325428234914
100,6,81,K,21,30,150,213,237,25,160,full_trace_mean_square,0.3474828082152006
100,6,82,M,21,30,150,213,237,25,176,full_trace_mean_square,0.9422079724811968
100,6,82,P,21,30,150,213,237,25,176,full_trace_mean_square,0.9454326320823235
100,6,82,SLTA,21,30,150,213,237,25,176,full_trace_mean_square,0.8252744348837588
100,6,82,Std,21,30,150,213,237,25,176,full_trace_mean_square,0.9571204988966305
100,6,82,S,21,30,150,213,237,25,176,full_trace_mean_square,0.48949451750126166
100,6,82,K,21,30,150,213,237,25,176,full_trace_mean_square,0.47638273609215626
100,6,83,M,21,30,150,213,237,25,169,full_trace_mean_square,0.9466467880524996
100,6,83,P,21,30,150,213,237,25,169,full_trace_mean_square,0.9456287465388769
100,6,83,SLTA,21,30,150,213,237,25,169,full_trace_mean_square,0.8417896840094675
100,6,83,Std,21,30,150,213,237,25,169,full_trace_mean_square,0.9595903923692385
100,6,83,S,21,30,150,213,237,25,169,full_trace_mean_square,0.3631983202563276
100,6,83,K,21,30,150,213,237,25,169,full_trace_mean_square,0.4313625864996823
100,6,84,M,21,30,150,213,237,25,176,full_trace_mean_square,0.9438899095779105
100,6,84,P,21,30,150,213,237,25,176,full_trace_mean_square,0.9459078727916391
100,6,84,SLTA,21,30,150,213,237,25,176,full_trace_mean_square,0.823722431632757
100,6,84,Std,21,30,150,213,237,25,176,full_trace_mean_square,0.9585914666073748
100,6,84,S,21,30,150,213,237,25,176,full_trace_mean_square,0.3853338873880503
100,6,84,K,21,30,150,213,237,25,176,full_trace_mean_square,0.3615363072014096
100,6,85,M,21,30,150,213,237,25,170,full_trace_mean_square,0.9457942808234169
100,6,85,P,21,30,150,213,237,25,170,full_trace_mean_square,0.9453213979138452
100,6,85,SLTA,21,30,150,213,237,25,170,full_trace_mean_square,0.8275307255151417
100,6,85,Std,21,30,150,213,237,25,170,full_trace_mean_square,0.9600653806611915
100,6,85,S,21,30,150,213,237,25,170,full_trace_mean_square,0.34834092915314435
100,6,85,K,21,30,150,213,237,25,170,full_trace_mean_square,0.3861957316507317
100,6,86,M,21,30,150,213,237,25,158,full_trace_mean_square,0.9458037673833366
100,6,86,P,21,30,150,213,237,25,158,full_trace_mean_square,0.9456589710154409
100,6,86,SLTA,21,30,150,213,237,25,158,full_trace_mean_square,0.8445047980097041
100,6,86,Std,21,30,150,213,237,25,158,full_trace_mean_square,0.9596383305850026
100,6,86,S,21,30,150,213,237,25,158,full_trace_mean_square,0.4293863175556276
100,6,86,K,21,30,150,213,237,25,158,full_trace_mean_square,0.3780071250840125
100,6,87,M,21,30,150,213,237,25,176,full_trace_mean_square,0.9432797014855474
100,6,87,P,21,30,150,213,237,25,176,full_trace_mean_square,0.9456971979112663
100,6,87,SLTA,21,30,150,213,237,25,176,full_trace_mean_square,0.8340322723574511
100,6,87,Std,21,30,150,213,237,25,176,full_trace_mean_square,0.9595491179076711
100,6,87,S,21,30,150,213,237,25,176,full_trace_mean_square,0.40367603651628536
100,6,87,K,21,30,150,213,237,25,176,full_trace_mean_square,0.40956634075859066
100,6,88,M,21,30,150,213,237,25,168,full_trace_mean_square,0.9464612826013743
100,6,88,P,21,30,150,213,237,25,168,full_trace_mean_square,0.9453828068003564
100,6,88,SLTA,21,30,150,213,237,25,168,full_trace_mean_square,0.8417961393443331
100,6,88,Std,21,30,150,213,237,25,168,full_trace_mean_square,0.9604471928185999
100,6,88,S,21,30,150,213,237,25,168,full_trace_mean_square,0.32224757142095634
100,6,88,K,21,30,150,213,237,25,168,full_trace_mean_square,0.3197480105615364
100,6,89,M,21,30,150,213,237,25,151,full_trace_mean_square,0.9444203755898744
100,6,89,P,21,30,150,213,237,25,151,full_trace_mean_square,0.9457482954988117
100,6,89,SLTA,21,30,150,213,237,25,151,full_trace_mean_square,0.8321571093585161
100,6,89,Std,21,30,150,213,237,25,151,full_trace_mean_square,0.9594684069666402
100,6,89,S,21,30,150,213,237,25,151,full_trace_mean_square,0.37117690997043074
100,6,89,K,21,30,150,213,237,25,151,full_trace_mean_square,0.3699059758470776
100,6,90,M,21,30,150,213,237,25,171,full_trace_mean_square,0.947095039829665
100,6,90,P,21,30,150,213,237,25,171,full_trace_mean_square,0.9457497663505914
100,6,90,SLTA,21,30,150,213,237,25,171,full_trace_mean_square,0.8506374182006619
100,6,90,Std,21,30,150,213,237,25,171,full_trace_mean_square,0.9598458909870863
100,6,90,S,21,30,150,213,237,25,171,full_trace_mean_square,0.39302878346848835
100,6,90,K,21,30,150,213,237,25,171,full_trace_mean_square,0.38445048630269096
100,6,91,M,21,30,150,213,237,25,182,full_trace_mean_square,0.9465495006379603
100,6,91,P,21,30,150,213,237,25,182,full_trace_mean_square,0.945572486579895
100,6,91,SLTA,21,30,150,213,237,25,182,full_trace_mean_square,0.8068472038909005
100,6,91,Std,21,30,150,213,237,25,182,full_trace_mean_square,0.9597169716407952
100,6,91,S,21,30,150,213,237,25,182,full_trace_mean_square,0.39312004975926845
100,6,91,K,21,30,150,213,237,25,182,full_trace_mean_square,0.4121819012132294
100,6,92,M,21,30,150,213,237,25,177,full_trace_mean_square,0.9451784881650379
100,6,92,P,21,30,150,213,237,25,177,full_trace_mean_square,0.9452786051480415
100,6,92,SLTA,21,30,150,213,237,25,177,full_trace_mean_square,0.8419720404991997
100,6,92,Std,21,30,150,213,237,25,177,full_trace_mean_square,0.960065416373613
100,6,92,S,21,30,150,213,237,25,177,full_trace_mean_square,0.42640475431161246
100,6,92,K,21,30,150,213,237,25,177,full_trace_mean_square,0.40179137136058474
100,6,93,M,21,30,150,213,237,25,176,full_trace_mean_square,0.9469614139623947
100,6,93,P,21,30,150,213,237,25,176,full_trace_mean_square,0.9460203250385172
100,6,93,SLTA,21,30,150,213,237,25,176,full_trace_mean_square,0.8429819555606863
100,6,93,Std,21,30,150,213,237,25,176,full_trace_mean_square,0.9595750260384797
100,6,93,S,21,30,150,213,237,25,176,full_trace_mean_square,0.38984817354722784
100,6,93,K,21,30,150,213,237,25,176,full_trace_mean_square,0.3790854599852699
100,6,94,M,21,30,150,213,237,25,152,full_trace_mean_square,0.9453038050165832
100,6,94,P,21,30,150,213,237,25,152,full_trace_mean_square,0.9457489438515985
100,6,94,SLTA,21,30,150,213,237,25,152,full_trace_mean_square,0.842659028945605
100,6,94,Std,21,30,150,213,237,25,152,full_trace_mean_square,0.9590839340294477
100,6,94,S,21,30,150,213,237,25,152,full_trace_mean_square,0.26421278866878545
100,6,94,K,21,30,150,213,237,25,152,full_trace_mean_square,0.30825918111202616
100,6,95,M,21,30,150,213,237,25,185,full_trace_mean_square,0.9451921404191992
100,6,95,P,21,30,150,213,237,25,185,full_trace_mean_square,0.9455945305482379
100,6,95,SLTA,21,30,150,213,237,25,185,full_trace_mean_square,0.8303491083921064
100,6,95,Std,21,30,150,213,237,25,185,full_trace_mean_square,0.9594526405506614
100,6,95,S,21,30,150,213,237,25,185,full_trace_mean_square,0.4176108625102693
100,6,95,K,21,30,150,213,237,25,185,full_trace_mean_square,0.4031537147999982
100,6,96,M,21,30,150,213,237,25,157,full_trace_mean_square,0.9488536312366811
100,6,96,P,21,30,150,213,237,25,157,full_trace_mean_square,0.9458000042286755
100,6,96,SLTA,21,30,150,213,237,25,157,full_trace_mean_square,0.8390894311678148
100,6,96,Std,21,30,150,213,237,25,157,full_trace_mean_square,0.9602476072244249
100,6,96,S,21,30,150,213,237,25,157,full_trace_mean_square,0.391032431722199
100,6,96,K,21,30,150,213,237,25,157,full_trace_mean_square,0.4224588054300426
100,6,97,M,21,30,150,213,237,25,154,full_trace_mean_square,0.9490601960805913
100,6,97,P,21,30,150,213,237,25,154,full_trace_mean_square,0.9461433551434929
100,6,97,SLTA,21,30,150,213,237,25,154,full_trace_mean_square,0.8377524677912146
100,6,97,Std,21,30,150,213,237,25,154,full_trace_mean_square,0.9602470292773998
100,6,97,S,21,30,150,213,237,25,154,full_trace_mean_square,0.38909515364664354
100,6,97,K,21,30,150,213,237,25,154,full_trace_mean_square,0.47111021436873624
100,6,98,M,21,30,150,213,237,25,167,full_trace_mean_square,0.9441504632421057
100,6,98,P,21,30,150,213,237,25,167,full_trace_mean_square,0.9449537333288696
100,6,98,SLTA,21,30,150,213,237,25,167,full_trace_mean_square,0.8392417359269931
100,6,98,Std,21,30,150,213,237,25,167,full_trace_mean_square,0.9596195861044516
100,6,98,S,21,30,150,213,237,25,167,full_trace_mean_square,0.4475580278768991
100,6,98,K,21,30,150,213,237,25,167,full_trace_mean_square,0.461397846831902
100,6,99,M,21,30,150,213,237,25,150,full_trace_mean_square,0.9456865789195872
100,6,99,P,21,30,150,213,237,25,150,full_trace_mean_square,0.9464065252043742
100,6,99,SLTA,21,30,150,213,237,25,150,full_trace_mean_square,0.8371893127636952
100,6,99,Std,21,30,150,213,237,25,150,full_trace_mean_square,0.959242601994374
100,6,99,S,21,30,150,213,237,25,150,full_trace_mean_square,0.2725823812390722
100,6,99,K,21,30,150,213,237,25,150,full_trace_mean_square,0.2899218519062068
100,6,100,M,21,30,150,213,237,25,175,full_trace_mean_square,0.9479593538613492
100,6,100,P,21,30,150,213,237,25,175,full_trace_mean_square,0.9461508009732279
100,6,100,SLTA,21,30,150,213,237,25,175,full_trace_mean_square,0.8367187172451777
100,6,100,Std,21,30,150,213,237,25,175,full_trace_mean_square,0.9592276130779422
100,6,100,S,21,30,150,213,237,25,175,full_trace_mean_square,0.3522436891154771
100,6,100,K,21,30,150,213,237,25,175,full_trace_mean_square,0.37545330210204725
100,6,101,M,21,30,150,213,237,25,183,full_trace_mean_square,0.9488705150405802
100,6,101,P,21,30,150,213,237,25,183,full_trace_mean_square,0.9462684473788311
100,6,101,SLTA,21,30,150,213,237,25,183,full_trace_mean_square,0.8455437593738477
100,6,101,Std,21,30,150,213,237,25,183,full_trace_mean_square,0.959788419479092
100,6,101,S,21,30,150,213,237,25,183,full_trace_mean_square,0.34214657273039434
100,6,101,K,21,30,150,213,237,25,183,full_trace_mean_square,0.40537622605825585
100,6,102,M,21,30,150,213,237,25,145,full_trace_mean_square,0.9475346484251865
100,6,102,P,21,30,150,213,237,25,145,full_trace_mean_square,0.9464852769962406
100,6,102,SLTA,21,30,150,213,237,25,145,full_trace_mean_square,0.8357444793275354
100,6,102,Std,21,30,150,213,237,25,145,full_trace_mean_square,0.9589153137331631
100,6,102,S,21,30,150,213,237,25,145,full_trace_mean_square,0.3728604819181802
100,6,102,K,21,30,150,213,237,25,145,full_trace_mean_square,0.31288755315088845
100,6,103,M,21,30,150,213,237,25,178,full_trace_mean_square,0.9427084924861954
100,6,103,P,21,30,150,213,237,25,178,full_trace_mean_square,0.9457506759653193
100,6,103,SLTA,21,30,150,213,237,25,178,full_trace_mean_square,0.8228654498483676
100,6,103,Std,21,30,150,213,237,25,178,full_trace_mean_square,0.9590089528445206
100,6,103,S,21,30,150,213,237,25,178,full_trace_mean_square,0.3679834065972091
100,6,103,K,21,30,150,213,237,25,178,full_trace_mean_square,0.30030365693438554
100,6,104,M,21,30,150,213,237,25,169,full_trace_mean_square,0.9459317586670453
100,6,104,P,21,30,150,213,237,25,169,full_trace_mean_square,0.945801933560032
100,6,104,SLTA,21,30,150,213,237,25,169,full_trace_mean_square,0.8449477507664154
100,6,104,Std,21,30,150,213,237,25,169,full_trace_mean_square,0.9600424263442915
100,6,104,S,21,30,150,213,237,25,169,full_trace_mean_square,0.37770493629966617
100,6,104,K,21,30,150,213,237,25,169,full_trace_mean_square,0.35052691467083524
100,6,105,M,21,30,150,213,237,25,165,full_trace_mean_square,0.9442538936312445
100,6,105,P,21,30,150,213,237,25,165,full_trace_mean_square,0.9457306806691371
100,6,105,SLTA,21,30,150,213,237,25,165,full_trace_mean_square,0.8276699572068524
100,6,105,Std,21,30,150,213,237,25,165,full_trace_mean_square,0.9590310479321916
100,6,105,S,21,30,150,213,237,25,165,full_trace_mean_square,0.3242763783252065
100,6,105,K,21,30,150,213,237,25,165,full_trace_mean_square,0.3768790658307341
100,6,106,M,21,30,150,213,237,25,178,full_trace_mean_square,0.9478917314084918
100,6,106,P,21,30,150,213,237,25,178,full_trace_mean_square,0.9459935291074828
100,6,106,SLTA,21,30,150,213,237,25,178,full_trace_mean_square,0.8465623767763528
100,6,106,Std,21,30,150,213,237,25,178,full_trace_mean_square,0.9596032352449084
100,6,106,S,21,30,150,213,237,25,178,full_trace_mean_square,0.31261624163251267
100,6,106,K,21,30,150,213,237,25,178,full_trace_mean_square,0.3402414545292528
100,6,107,M,21,30,150,213,237,25,167,full_trace_mean_square,0.9443600267792075
100,6,107,P,21,30,150,213,237,25,167,full_trace_mean_square,0.9461414376519182
100,6,107,SLTA,21,30,150,213,237,25,167,full_trace_mean_square,0.8235490090916826
100,6,107,Std,21,30,150,213,237,25,167,full_trace_mean_square,0.9593097943948921
100,6,107,S,21,30,150,213,237,25,167,full_trace_mean_square,0.377752288406609
100,6,107,K,21,30,150,213,237,25,167,full_trace_mean_square,0.34005059528371173
100,6,108,M,21,30,150,213,237,25,161,full_trace_mean_square,0.9462240723115083
100,6,108,P,21,30,150,213,237,25,161,full_trace_mean_square,0.9457548569326812
100,6,108,SLTA,21,30,150,213,237,25,161,full_trace_mean_square,0.8466100040255278
100,6,108,Std,21,30,150,213,237,25,161,full_trace_mean_square,0.9599690173532431
100,6,108,S,21,30,150,213,237,25,161,full_trace_mean_square,0.34706724517562193
100,6,108,K,21,30,150,213,237,25,161,full_trace_mean_square,0.3416891094888443
100,6,109,M,21,30,150,213,237,25,170,full_trace_mean_square,0.9458453532408746
100,6,109,P,21,30,150,213,237,25,170,full_trace_mean_square,0.9459982469828296
100,6,109,SLTA,21,30,150,213,237,25,170,full_trace_mean_square,0.8093026213022722
100,6,109,Std,21,30,150,213,237,25,170,full_trace_mean_square,0.9588598515345144
100,6,109,S,21,30,150,213,237,25,170,full_trace_mean_square,0.38553740349936433
100,6,109,K,21,30,150,213,237,25,170,full_trace_mean_square,0.3057368660816896
100,6,110,M,21,30,150,213,237,25,179,full_trace_mean_square,0.9452438413786348
100,6,110,P,21,30,150,213,237,25,179,full_trace_mean_square,0.94590501366407
100,6,110,SLTA,21,30,150,213,237,25,179,full_trace_mean_square,0.8379361229512565
100,6,110,Std,21,30,150,213,237,25,179,full_trace_mean_square,0.959747089617602
100,6,110,S,21,30,150,213,237,25,179,full_trace_mean_square,0.4279627910760107
100,6,110,K,21,30,150,213,237,25,179,full_trace_mean_square,0.3759890074310605
100,6,111,M,21,30,150,213,237,25,155,full_trace_mean_square,0.945378031963124
100,6,111,P,21,30,150,213,237,25,155,full_trace_mean_square,0.9458265507024177
100,6,111,SLTA,21,30,150,213,237,25,155,full_trace_mean_square,0.8252967503813481
100,6,111,Std,21,30,150,213,237,25,155,full_trace_mean_square,0.9585415058642909
100,6,111,S,21,30,150,213,237,25,155,full_trace_mean_square,0.35488934927369226
100,6,111,K,21,30,150,213,237,25,155,full_trace_mean_square,0.3527473887064336
100,6,112,M,21,30,150,213,237,25,145,full_trace_mean_square,0.9461122927563043
100,6,112,P,21,30,150,213,237,25,145,full_trace_mean_square,0.9463656258590634
100,6,112,SLTA,21,30,150,213,237,25,145,full_trace_mean_square,0.8163481279146696
100,6,112,Std,21,30,150,213,237,25,145,full_trace_mean_square,0.9588835686934015
100,6,112,S,21,30,150,213,237,25,145,full_trace_mean_square,0.37104424852588996
100,6,112,K,21,30,150,213,237,25,145,full_trace_mean_square,0.36777059299940873
100,6,113,M,21,30,150,213,237,25,167,full_trace_mean_square,0.9442375350769371
100,6,113,P,21,30,150,213,237,25,167,full_trace_mean_square,0.9453816226353462
100,6,113,SLTA,21,30,150,213,237,25,167,full_trace_mean_square,0.8176795061599402
100,6,113,Std,21,30,150,213,237,25,167,full_trace_mean_square,0.9582270604754181
100,6,113,S,21,30,150,213,237,25,167,full_trace_mean_square,0.4483683556888396
100,6,113,K,21,30,150,213,237,25,167,full_trace_mean_square,0.39568517838933487
100,6,114,M,21,30,150,213,237,25,173,full_trace_mean_square,0.9465302413029083
100,6,114,P,21,30,150,213,237,25,173,full_trace_mean_square,0.9453723116884883
100,6,114,SLTA,21,30,150,213,237,25,173,full_trace_mean_square,0.8298681635220108
100,6,114,Std,21,30,150,213,237,25,173,full_trace_mean_square,0.959292197706237
100,6,114,S,21,30,150,213,237,25,173,full_trace_mean_square,0.3770227592078526
100,6,114,K,21,30,150,213,237,25,173,full_trace_mean_square,0.3983737169615084
100,6,115,M,21,30,150,213,237,25,152,full_trace_mean_square,0.9447436666580941
100,6,115,P,21,30,150,213,237,25,152,full_trace_mean_square,0.9461577335897464
100,6,115,SLTA,21,30,150,213,237,25,152,full_trace_mean_square,0.835348247991894
100,6,115,Std,21,30,150,213,237,25,152,full_trace_mean_square,0.9589495679975419
100,6,115,S,21,30,150,213,237,25,152,full_trace_mean_square,0.36796790153199016
100,6,115,K,21,30,150,213,237,25,152,full_trace_mean_square,0.37398021552329513
100,6,116,M,21,30,150,213,237,25,162,full_trace_mean_square,0.9444976204515169
100,6,116,P,21,30,150,213,237,25,162,full_trace_mean_square,0.9463830014708651
100,6,116,SLTA,21,30,150,213,237,25,162,full_trace_mean_square,0.8240525186811853
100,6,116,Std,21,30,150,213,237,25,162,full_trace_mean_square,0.9588937180365545
100,6,116,S,21,30,150,213,237,25,162,full_trace_mean_square,0.34324660616510705
100,6,116,K,21,30,150,213,237,25,162,full_trace_mean_square,0.3909546168275601
100,6,117,M,21,30,150,213,237,25,156,full_trace_mean_square,0.9470858598115106
100,6,117,P,21,30,150,213,237,25,156,full_trace_mean_square,0.9460197969536902
100,6,117,SLTA,21,30,150,213,237,25,156,full_trace_mean_square,0.8398678075664163
100,6,117,Std,21,30,150,213,237,25,156,full_trace_mean_square,0.9604670201480122
100,6,117,S,21,30,150,213,237,25,156,full_trace_mean_square,0.3834298551470849
100,6,117,K,21,30,150,213,237,25,156,full_trace_mean_square,0.4237118404544645
100,6,118,M,21,30,150,213,237,25,174,full_trace_mean_square,0.9473117611818002
100,6,118,P,21,30,150,213,237,25,174,full_trace_mean_square,0.9460065673345784
100,6,118,SLTA,21,30,150,213,237,25,174,full_trace_mean_square,0.8286557701952183
100,6,118,Std,21,30,150,213,237,25,174,full_trace_mean_square,0.9596176459975221
100,6,118,S,21,30,150,213,237,25,174,full_trace_mean_square,0.3524851714179616
100,6,118,K,21,30,150,213,237,25,174,full_trace_mean_square,0.41923184835385346
100,6,119,M,21,30,150,213,237,25,143,full_trace_mean_square,0.9484625202549819
100,6,119,P,21,30,150,213,237,25,143,full_trace_mean_square,0.946174788593441
100,6,119,SLTA,21,30,150,213,237,25,143,full_trace_mean_square,0.8459679130137426
100,6,119,Std,21,30,150,213,237,25,143,full_trace_mean_square,0.9608613700485461
100,6,119,S,21,30,150,213,237,25,143,full_trace_mean_square,0.3415339795541131
100,6,119,K,21,30,150,213,237,25,143,full_trace_mean_square,0.36184513809275315
100,6,120,M,21,30,150,213,237,25,172,full_trace_mean_square,0.9466869097849356
100,6,120,P,21,30,150,213,237,25,172,full_trace_mean_square,0.9458538109149943
100,6,120,SLTA,21,30,150,213,237,25,172,full_trace_mean_square,0.8395628638875372
100,6,120,Std,21,30,150,213,237,25,172,full_trace_mean_square,0.9592529075133318
100,6,120,S,21,30,150,213,237,25,172,full_trace_mean_square,0.35418336533037154
100,6,120,K,21,30,150,213,237,25,172,full_trace_mean_square,0.37029214373782776
100,6,121,M,21,30,150,213,237,25,155,full_trace_mean_square,0.9484970625408169
100,6,121,P,21,30,150,213,237,25,155,full_trace_mean_square,0.9462761506918982
100,6,121,SLTA,21,30,150,213,237,25,155,full_trace_mean_square,0.8302139958977565
100,6,121,Std,21,30,150,213,237,25,155,full_trace_mean_square,0.9595515972900696
100,6,121,S,21,30,150,213,237,25,155,full_trace_mean_square,0.3249428008783577
100,6,121,K,21,30,150,213,237,25,155,full_trace_mean_square,0.35446992097854146
100,6,122,M,21,30,150,213,237,25,156,full_trace_mean_square,0.9451745914230486
100,6,122,P,21,30,150,213,237,25,156,full_trace_mean_square,0.9461765888865404
100,6,122,SLTA,21,30,150,213,237,25,156,full_trace_mean_square,0.8383591472506735
100,6,122,Std,21,30,150,213,237,25,156,full_trace_mean_square,0.9587787076066083
100,6,122,S,21,30,150,213,237,25,156,full_trace_mean_square,0.29983335102934194
100,6,122,K,21,30,150,213,237,25,156,full_trace_mean_square,0.3465415431980045
100,6,123,M,21,30,150,213,237,25,170,full_trace_mean_square,0.9460911901134464
100,6,123,P,21,30,150,213,237,25,170,full_trace_mean_square,0.9452026914730256
100,6,123,SLTA,21,30,150,213,237,25,170,full_trace_mean_square,0.8394346670807133
100,6,123,Std,21,30,150,213,237,25,170,full_trace_mean_square,0.9586047700991778
100,6,123,S,21,30,150,213,237,25,170,full_trace_mean_square,0.3709283556369582
100,6,123,K,21,30,150,213,237,25,170,full_trace_mean_square,0.4873788384292161
100,6,124,M,21,30,150,213,237,25,169,full_trace_mean_square,0.945919106715492
100,6,124,P,21,30,150,213,237,25,169,full_trace_mean_square,0.9454707055892142
100,6,124,SLTA,21,30,150,213,237,25,169,full_trace_mean_square,0.8331089782042213
100,6,124,Std,21,30,150,213,237,25,169,full_trace_mean_square,0.9602336805910477
100,6,124,S,21,30,150,213,237,25,169,full_trace_mean_square,0.3729745201202014
100,6,124,K,21,30,150,213,237,25,169,full_trace_mean_square,0.4085189106712361
100,6,125,M,21,30,150,213,237,25,179,full_trace_mean_square,0.9464528692090046
100,6,125,P,21,30,150,213,237,25,179,full_trace_mean_square,0.9457556281681185
100,6,125,SLTA,21,30,150,213,237,25,179,full_trace_mean_square,0.8436655173042069
100,6,125,Std,21,30,150,213,237,25,179,full_trace_mean_square,0.9576882429889199
100,6,125,S,21,30,150,213,237,25,179,full_trace_mean_square,0.4369168327511412
100,6,125,K,21,30,150,213,237,25,179,full_trace_mean_square,0.508911007993033
100,6,126,M,21,30,150,213,237,25,163,full_trace_mean_square,0.9460885569609838
100,6,126,P,21,30,150,213,237,25,163,full_trace_mean_square,0.9457631711761084
100,6,126,SLTA,21,30,150,213,237,25,163,full_trace_mean_square,0.838122302580035
100,6,126,Std,21,30,150,213,237,25,163,full_trace_mean_square,0.959215134488474
100,6,126,S,21,30,150,213,237,25,163,full_trace_mean_square,0.423552654632512
100,6,126,K,21,30,150,213,237,25,163,full_trace_mean_square,0.39038161921905246
100,6,127,M,21,30,150,213,237,25,166,full_trace_mean_square,0.9479275391998538
100,6,127,P,21,30,150,213,237,25,166,full_trace_mean_square,0.94625857216984
100,6,127,SLTA,21,30,150,213,237,25,166,full_trace_mean_square,0.846565071877118
100,6,127,Std,21,30,150,213,237,25,166,full_trace_mean_square,0.9603531470635653
100,6,127,S,21,30,150,213,237,25,166,full_trace_mean_square,0.36780441685352594
100,6,127,K,21,30,150,213,237,25,166,full_trace_mean_square,0.3451019142250513
100,6,128,M,21,30,150,213,237,25,169,full_trace_mean_square,0.942432241706454
100,6,128,P,21,30,150,213,237,25,169,full_trace_mean_square,0.9458494008464585
100,6,128,SLTA,21,30,150,213,237,25,169,full_trace_mean_square,0.794604851313093
100,6,128,Std,21,30,150,213,237,25,169,full_trace_mean_square,0.9567055851182821
100,6,128,S,21,30,150,213,237,25,169,full_trace_mean_square,0.3666623748543671
100,6,128,K,21,30,150,213,237,25,169,full_trace_mean_square,0.28465403063077355
100,6,129,M,21,30,150,213,237,25,179,full_trace_mean_square,0.943228911545162
100,6,129,P,21,30,150,213,237,25,179,full_trace_mean_square,0.9452965516974848
100,6,129,SLTA,21,30,150,213,237,25,179,full_trace_mean_square,0.8288079427806444
100,6,129,Std,21,30,150,213,237,25,179,full_trace_mean_square,0.9588064257367284
100,6,129,S,21,30,150,213,237,25,179,full_trace_mean_square,0.3119349784720665
100,6,129,K,21,30,150,213,237,25,179,full_trace_mean_square,0.33814734383990047
100,6,130,M,21,30,150,213,237,25,157,full_trace_mean_square,0.9450760039726497
100,6,130,P,21,30,150,213,237,25,157,full_trace_mean_square,0.9460437352307101
100,6,130,SLTA,21,30,150,213,237,25,157,full_trace_mean_square,0.8361654352346433
100,6,130,Std,21,30,150,213,237,25,157,full_trace_mean_square,0.9579483387499564
100,6,130,S,21,30,150,213,237,25,157,full_trace_mean_square,0.31399845318116804
100,6,130,K,21,30,150,213,237,25,157,full_trace_mean_square,0.3401468248817109
100,6,131,M,21,30,150,213,237,25,156,full_trace_mean_square,0.946560099126416
100,6,131,P,21,30,150,213,237,25,156,full_trace_mean_square,0.9454662777599352
100,6,131,SLTA,21,30,150,213,237,25,156,full_trace_mean_square,0.8182474748229132
100,6,131,Std,21,30,150,213,237,25,156,full_trace_mean_square,0.9591151403672403
100,6,131,S,21,30,150,213,237,25,156,full_trace_mean_square,0.37765170666178616
100,6,131,K,21,30,150,213,237,25,156,full_trace_mean_square,0.3732541446812515
100,6,132,M,21,30,150,213,237,25,165,full_trace_mean_square,0.9432292930878111
100,6,132,P,21,30,150,213,237,25,165,full_trace_mean_square,0.945628460819096
100,6,132,SLTA,21,30,150,213,237,25,165,full_trace_mean_square,0.8299310356202911
100,6,132,Std,21,30,150,213,237,25,165,full_trace_mean_square,0.958555841645423
100,6,132,S,21,30,150,213,237,25,165,full_trace_mean_square,0.4075512175535984
100,6,132,K,21,30,150,213,237,25,165,full_trace_mean_square,0.3817674062319213
100,6,133,M,21,30,150,213,237,25,155,full_trace_mean_square,0.9463614287253429
100,6,133,P,21,30,150,213,237,25,155,full_trace_mean_square,0.9458504975587076
100,6,133,SLTA,21,30,150,213,237,25,155,full_trace_mean_square,0.8303784765422774
100,6,133,Std,21,30,150,213,237,25,155,full_trace_mean_square,0.9596751649094792
100,6,133,S,21,30,150,213,237,25,155,full_trace_mean_square,0.33163362045637695
100,6,133,K,21,30,150,213,237,25,155,full_trace_mean_square,0.3200236514040859
100,6,134,M,21,30,150,213,237,25,158,full_trace_mean_square,0.9474741528790994
100,6,134,P,21,30,150,213,237,25,158,full_trace_mean_square,0.9460376843538811
100,6,134,SLTA,21,30,150,213,237,25,158,full_trace_mean_square,0.8186648010027728
100,6,134,Std,21,30,150,213,237,25,158,full_trace_mean_square,0.9593368472074735
100,6,134,S,21,30,150,213,237,25,158,full_trace_mean_square,0.36914848410984225
100,6,134,K,21,30,150,213,237,25,158,full_trace_mean_square,0.37639362903001344
100,6,135,M,21,30,150,213,237,25,163,full_trace_mean_square,0.9437391742846628
100,6,135,P,21,30,150,213,237,25,163,full_trace_mean_square,0.9457108751891449
100,6,135,SLTA,21,30,150,213,237,25,163,full_trace_mean_square,0.8148756902326976
100,6,135,Std,21,30,150,213,237,25,163,full_trace_mean_square,0.9580314881164979
100,6,135,S,21,30,150,213,237,25,163,full_trace_mean_square,0.3785867220557766
100,6,135,K,21,30,150,213,237,25,163,full_trace_mean_square,0.43566850778137084
100,6,136,M,21,30,150,213,237,25,142,full_trace_mean_square,0.9491084284608029
100,6,136,P,21,30,150,213,237,25,142,full_trace_mean_square,0.9464006862846089
100,6,136,SLTA,21,30,150,213,237,25,142,full_trace_mean_square,0.8240334215421414
100,6,136,Std,21,30,150,213,237,25,142,full_trace_mean_square,0.9601066667290549
100,6,136,S,21,30,150,213,237,25,142,full_trace_mean_square,0.30480224996949334
100,6,136,K,21,30,150,213,237,25,142,full_trace_mean_square,0.39329039371618113
100,6,137,M,21,30,150,213,237,25,145,full_trace_mean_square,0.9458235665804083
100,6,137,P,21,30,150,213,237,25,145,full_trace_mean_square,0.9464598887378924
100,6,137,SLTA,21,30,150,213,237,25,145,full_trace_mean_square,0.8394622018636082
100,6,137,Std,21,30,150,213,237,25,145,full_trace_mean_square,0.959429651344872
100,6,137,S,21,30,150,213,237,25,145,full_trace_mean_square,0.3555538373607197
100,6,137,K,21,30,150,213,237,25,145,full_trace_mean_square,0.36519575440011776
100,6,138,M,21,30,150,213,237,25,145,full_trace_mean_square,0.9455464060577258
100,6,138,P,21,30,150,213,237,25,145,full_trace_mean_square,0.9456733312448296
100,6,138,SLTA,21,30,150,213,237,25,145,full_trace_mean_square,0.8286875321065916
100,6,138,Std,21,30,150,213,237,25,145,full_trace_mean_square,0.9581548060582104
100,6,138,S,21,30,150,213,237,25,145,full_trace_mean_square,0.4917659658723084
100,6,138,K,21,30,150,213,237,25,145,full_trace_mean_square,0.4336577164003218
100,6,139,M,21,30,150,213,237,25,149,full_trace_mean_square,0.947446459716877
100,6,139,P,21,30,150,213,237,25,149,full_trace_mean_square,0.9459747362580434
100,6,139,SLTA,21,30,150,213,237,25,149,full_trace_mean_square,0.8318196022140083
100,6,139,Std,21,30,150,213,237,25,149,full_trace_mean_square,0.959482133699784
100,6,139,S,21,30,150,213,237,25,149,full_trace_mean_square,0.4096333414924173
100,6,139,K,21,30,150,213,237,25,149,full_trace_mean_square,0.40587671796422853
100,6,140,M,21,30,150,213,237,25,155,full_trace_mean_square,0.9474152914428207
100,6,140,P,21,30,150,213,237,25,155,full_trace_mean_square,0.945940637552577
100,6,140,SLTA,21,30,150,213,237,25,155,full_trace_mean_square,0.8431384462437348
100,6,140,Std,21,30,150,213,237,25,155,full_trace_mean_square,0.9601452677045301
100,6,140,S,21,30,150,213,237,25,155,full_trace_mean_square,0.3153072171855989
100,6,140,K,21,30,150,213,237,25,155,full_trace_mean_square,0.3815888178298511
100,6,141,M,21,30,150,213,237,25,161,full_trace_mean_square,0.9438526535305629
100,6,141,P,21,30,150,213,237,25,161,full_trace_mean_square,0.9461874209609652
100,6,141,SLTA,21,30,150,213,237,25,161,full_trace_mean_square,0.8182779307804374
100,6,141,Std,21,30,150,213,237,25,161,full_trace_mean_square,0.9579134610647095
100,6,141,S,21,30,150,213,237,25,161,full_trace_mean_square,0.39848467409776633
100,6,141,K,21,30,150,213,237,25,161,full_trace_mean_square,0.4404911914184434
100,6,142,M,21,30,150,213,237,25,175,full_trace_mean_square,0.9425061331481315
100,6,142,P,21,30,150,213,237,25,175,full_trace_mean_square,0.9461311127389365
100,6,142,SLTA,21,30,150,213,237,25,175,full_trace_mean_square,0.8339567867189415
100,6,142,Std,21,30,150,213,237,25,175,full_trace_mean_square,0.9581172062442476
100,6,142,S,21,30,150,213,237,25,175,full_trace_mean_square,0.3549936949697239
100,6,142,K,21,30,150,213,237,25,175,full_trace_mean_square,0.3421679192545041
100,6,143,M,21,30,150,213,237,25,168,full_trace_mean_square,0.9441539036801113
100,6,143,P,21,30,150,213,237,25,168,full_trace_mean_square,0.9457872807995381
100,6,143,SLTA,21,30,150,213,237,25,168,full_trace_mean_square,0.8318383453619124
100,6,143,Std,21,30,150,213,237,25,168,full_trace_mean_square,0.9576102131557952
100,6,143,S,21,30,150,213,237,25,168,full_trace_mean_square,0.38099537286883683
100,6,143,K,21,30,150,213,237,25,168,full_trace_mean_square,0.33997313336069096
100,6,144,M,21,30,150,213,237,25,163,full_trace_mean_square,0.9454600026934918
100,6,144,P,21,30,150,213,237,25,163,full_trace_mean_square,0.9461036289481706
100,6,144,SLTA,21,30,150,213,237,25,163,full_trace_mean_square,0.8391971105701628
100,6,144,Std,21,30,150,213,237,25,163,full_trace_mean_square,0.9592177224587037
100,6,144,S,21,30,150,213,237,25,163,full_trace_mean_square,0.3596844185600548
100,6,144,K,21,30,150,213,237,25,163,full_trace_mean_square,0.38978689927823407
100,6,145,M,21,30,150,213,237,25,172,full_trace_mean_square,0.9447886552921637
100,6,145,P,21,30,150,213,237,25,172,full_trace_mean_square,0.9457536093606748
100,6,145,SLTA,21,30,150,213,237,25,172,full_trace_mean_square,0.8340836226435443
100,6,145,Std,21,30,150,213,237,25,172,full_trace_mean_square,0.9589671657631823
100,6,145,S,21,30,150,213,237,25,172,full_trace_mean_square,0.4285125032293087
100,6,145,K,21,30,150,213,237,25,172,full_trace_mean_square,0.40788698170214643
100,6,146,M,21,30,150,213,237,25,155,full_trace_mean_square,0.9454668370588899
100,6,146,P,21,30,150,213,237,25,155,full_trace_mean_square,0.9460775320161485
100,6,146,SLTA,21,30,150,213,237,25,155,full_trace_mean_square,0.8258945062998136
100,6,146,Std,21,30,150,213,237,25,155,full_trace_mean_square,0.9590396962974019
100,6,146,S,21,30,150,213,237,25,155,full_trace_mean_square,0.4303485704649188
100,6,146,K,21,30,150,213,237,25,155,full_trace_mean_square,0.44579502999164866
100,6,147,M,21,30,150,213,237,25,170,full_trace_mean_square,0.9471201955703911
100,6,147,P,21,30,150,213,237,25,170,full_trace_mean_square,0.9453067919411619
100,6,147,SLTA,21,30,150,213,237,25,170,full_trace_mean_square,0.8197178624582908
100,6,147,Std,21,30,150,213,237,25,170,full_trace_mean_square,0.9602362041477941
100,6,147,S,21,30,150,213,237,25,170,full_trace_mean_square,0.5088881950146865
100,6,147,K,21,30,150,213,237,25,170,full_trace_mean_square,0.5014982521698684
100,6,148,M,21,30,150,213,237,25,186,full_trace_mean_square,0.944904214411281
100,6,148,P,21,30,150,213,237,25,186,full_trace_mean_square,0.9453162996930549
100,6,148,SLTA,21,30,150,213,237,25,186,full_trace_mean_square,0.8050715504431942
100,6,148,Std,21,30,150,213,237,25,186,full_trace_mean_square,0.9595379057263047
100,6,148,S,21,30,150,213,237,25,186,full_trace_mean_square,0.3606251741393374
100,6,148,K,21,30,150,213,237,25,186,full_trace_mean_square,0.3298844805414551
100,6,149,M,21,30,150,213,237,25,165,full_trace_mean_square,0.9461645162874001
100,6,149,P,21,30,150,213,237,25,165,full_trace_mean_square,0.9459889702218932
100,6,149,SLTA,21,30,150,213,237,25,165,full_trace_mean_square,0.8347325641482461
100,6,149,Std,21,30,150,213,237,25,165,full_trace_mean_square,0.9593386618860433
100,6,149,S,21,30,150,213,237,25,165,full_trace_mean_square,0.4751126868930683
100,6,149,K,21,30,150,213,237,25,165,full_trace_mean_square,0.4444644064411782
100,6,150,M,21,30,150,213,237,25,174,full_trace_mean_square,0.9463549078550725
100,6,150,P,21,30,150,213,237,25,174,full_trace_mean_square,0.9461528092532893
100,6,150,SLTA,21,30,150,213,237,25,174,full_trace_mean_square,0.8351001617984732
100,6,150,Std,21,30,150,213,237,25,174,full_trace_mean_square,0.9600460297222986
100,6,150,S,21,30,150,213,237,25,174,full_trace_mean_square,0.2847881904158656
100,6,150,K,21,30,150,213,237,25,174,full_trace_mean_square,0.2976599830067798
100,6,151,M,21,30,150,213,237,25,184,full_trace_mean_square,0.9474489029054232
100,6,151,P,21,30,150,213,237,25,184,full_trace_mean_square,0.9460587488798681
100,6,151,SLTA,21,30,150,213,237,25,184,full_trace_mean_square,0.8395813106424054
100,6,151,Std,21,30,150,213,237,25,184,full_trace_mean_square,0.9589088353130228
100,6,151,S,21,30,150,213,237,25,184,full_trace_mean_square,0.4284005642386419
100,6,151,K,21,30,150,213,237,25,184,full_trace_mean_square,0.40196318042593604
100,6,152,M,21,30,150,213,237,25,155,full_trace_mean_square,0.9451098935856566
100,6,152,P,21,30,150,213,237,25,155,full_trace_mean_square,0.94499218919482
100,6,152,SLTA,21,30,150,213,237,25,155,full_trace_mean_square,0.8374127500481694
100,6,152,Std,21,30,150,213,237,25,155,full_trace_mean_square,0.9601313723127104
100,6,152,S,21,30,150,213,237,25,155,full_trace_mean_square,0.3614812794238381
100,6,152,K,21,30,150,213,237,25,155,full_trace_mean_square,0.31307258521500525
100,6,153,M,21,30,150,213,237,25,169,full_trace_mean_square,0.9436848749042852
100,6,153,P,21,30,150,213,237,25,169,full_trace_mean_square,0.9457346599131301
100,6,153,SLTA,21,30,150,213,237,25,169,full_trace_mean_square,0.8161667786058108
100,6,153,Std,21,30,150,213,237,25,169,full_trace_mean_square,0.9587295794028146
100,6,153,S,21,30,150,213,237,25,169,full_trace_mean_square,0.3006708458993653
100,6,153,K,21,30,150,213,237,25,169,full_trace_mean_square,0.3224632796586319
100,6,154,M,21,30,150,213,237,25,155,full_trace_mean_square,0.944857329411043
100,6,154,P,21,30,150,213,237,25,155,full_trace_mean_square,0.9460397283222038
100,6,154,SLTA,21,30,150,213,237,25,155,full_trace_mean_square,0.8164462294532675
100,6,154,Std,21,30,150,213,237,25,155,full_trace_mean_square,0.9582852402996195
100,6,154,S,21,30,150,213,237,25,155,full_trace_mean_square,0.41927472622499246
100,6,154,K,21,30,150,213,237,25,155,full_trace_mean_square,0.4447006229037694
100,6,155,M,21,30,150,213,237,25,169,full_trace_mean_square,0.944194794935492
100,6,155,P,21,30,150,213,237,25,169,full_trace_mean_square,0.9444871655378373
100,6,155,SLTA,21,30,150,213,237,25,169,full_trace_mean_square,0.8157719436464943
100,6,155,Std,21,30,150,213,237,25,169,full_trace_mean_square,0.9580975403689956
100,6,155,S,21,30,150,213,237,25,169,full_trace_mean_square,0.4851593096432366
100,6,155,K,21,30,150,213,237,25,169,full_trace_mean_square,0.5484181564840277
100,6,156,M,21,30,150,213,237,25,146,full_trace_mean_square,0.9416915286456702
100,6,156,P,21,30,150,213,237,25,146,full_trace_mean_square,0.9452362929645222
100,6,156,SLTA,21,30,150,213,237,25,146,full_trace_mean_square,0.8067182827044368
100,6,156,Std,21,30,150,213,237,25,146,full_trace_mean_square,0.9573185964144679
100,6,156,S,21,30,150,213,237,25,146,full_trace_mean_square,0.420065495575316
100,6,156,K,21,30,150,213,237,25,146,full_trace_mean_square,0.3713251294196701
100,6,157,M,21,30,150,213,237,25,178,full_trace_mean_square,0.9446153748934961
100,6,157,P,21,30,150,213,237,25,178,full_trace_mean_square,0.9457173767495827
100,6,157,SLTA,21,30,150,213,237,25,178,full_trace_mean_square,0.8086164003482474
100,6,157,Std,21,30,150,213,237,25,178,full_trace_mean_square,0.9592000271170292
100,6,157,S,21,30,150,213,237,25,178,full_trace_mean_square,0.4239038199401527
100,6,157,K,21,30,150,213,237,25,178,full_trace_mean_square,0.36516595763441084
100,6,158,M,21,30,150,213,237,25,183,full_trace_mean_square,0.9461084334162987
100,6,158,P,21,30,150,213,237,25,183,full_trace_mean_square,0.9455070499648073
100,6,158,SLTA,21,30,150,213,237,25,183,full_trace_mean_square,0.8474723543013504
100,6,158,Std,21,30,150,213,237,25,183,full_trace_mean_square,0.9613387650355104
100,6,158,S,21,30,150,213,237,25,183,full_trace_mean_square,0.44181358749685257
100,6,158,K,21,30,150,213,237,25,183,full_trace_mean_square,0.38548338010758243
100,6,159,M,21,30,150,213,237,25,178,full_trace_mean_square,0.9462370411460117
100,6,159,P,21,30,150,213,237,25,178,full_trace_mean_square,0.9459544201143106
100,6,159,SLTA,21,30,150,213,237,25,178,full_trace_mean_square,0.8406546909906667
100,6,159,Std,21,30,150,213,237,25,178,full_trace_mean_square,0.9605436150005404
100,6,159,S,21,30,150,213,237,25,178,full_trace_mean_square,0.37931339517617674
100,6,159,K,21,30,150,213,237,25,178,full_trace_mean_square,0.3840058571366309
100,6,160,M,21,30,150,213,237,25,176,full_trace_mean_square,0.9450023526297721
100,6,160,P,21,30,150,213,237,25,176,full_trace_mean_square,0.9458414191673005
100,6,160,SLTA,21,30,150,213,237,25,176,full_trace_mean_square,0.8260314205894138
100,6,160,Std,21,30,150,213,237,25,176,full_trace_mean_square,0.9586288339917334
100,6,160,S,21,30,150,213,237,25,176,full_trace_mean_square,0.3906086472778003
100,6,160,K,21,30,150,213,237,25,176,full_trace_mean_square,0.3725440812476388
100,6,161,M,21,30,150,213,237,25,171,full_trace_mean_square,0.9452369439876347
100,6,161,P,21,30,150,213,237,25,171,full_trace_mean_square,0.9454153200860664
100,6,161,SLTA,21,30,150,213,237,25,171,full_trace_mean_square,0.8294290923330155
100,6,161,Std,21,30,150,213,237,25,171,full_trace_mean_square,0.9606056791493376
100,6,161,S,21,30,150,213,237,25,171,full_trace_mean_square,0.40274592228348005
100,6,161,K,21,30,150,213,237,25,171,full_trace_mean_square,0.3991653694109821
100,6,162,M,21,30,150,213,237,25,186,full_trace_mean_square,0.944334709229558
100,6,162,P,21,30,150,213,237,25,186,full_trace_mean_square,0.9462114585670749
100,6,162,SLTA,21,30,150,213,237,25,186,full_trace_mean_square,0.8249641239002652
100,6,162,Std,21,30,150,213,237,25,186,full_trace_mean_square,0.9594447360679873
100,6,162,S,21,30,150,213,237,25,186,full_trace_mean_square,0.3503740136621458
100,6,162,K,21,30,150,213,237,25,186,full_trace_mean_square,0.38820912170268906
100,6,163,M,21,30,150,213,237,25,157,full_trace_mean_square,0.947986555161379
100,6,163,P,21,30,150,213,237,25,157,full_trace_mean_square,0.9466623111783402
100,6,163,SLTA,21,30,150,213,237,25,157,full_trace_mean_square,0.8294879927780016
100,6,163,Std,21,30,150,213,237,25,157,full_trace_mean_square,0.9588494544825548
100,6,163,S,21,30,150,213,237,25,157,full_trace_mean_square,0.4035027389126734
100,6,163,K,21,30,150,213,237,25,157,full_trace_mean_square,0.3399238410622388
100,6,164,M,21,30,150,213,237,25,161,full_trace_mean_square,0.9435276204306758
100,6,164,P,21,30,150,213,237,25,161,full_trace_mean_square,0.945049208645798
100,6,164,SLTA,21,30,150,213,237,25,161,full_trace_mean_square,0.8352787529441189
100,6,164,Std,21,30,150,213,237,25,161,full_trace_mean_square,0.9587833285897743
100,6,164,S,21,30,150,213,237,25,161,full_trace_mean_square,0.3499837534020575
100,6,164,K,21,30,150,213,237,25,161,full_trace_mean_square,0.4365748828253994
100,6,165,M,21,30,150,213,237,25,155,full_trace_mean_square,0.9453368627270411
100,6,165,P,21,30,150,213,237,25,155,full_trace_mean_square,0.9462435966804646
100,6,165,SLTA,21,30,150,213,237,25,155,full_trace_mean_square,0.8309446077971225
100,6,165,Std,21,30,150,213,237,25,155,full_trace_mean_square,0.9591685229926866
100,6,165,S,21,30,150,213,237,25,155,full_trace_mean_square,0.35126281551021077
100,6,165,K,21,30,150,213,237,25,155,full_trace_mean_square,0.34014012880361355
100,6,166,M,21,30,150,213,237,25,169,full_trace_mean_square,0.9434223001028906
100,6,166,P,21,30,150,213,237,25,169,full_trace_mean_square,0.945937595787274
100,6,166,SLTA,21,30,150,213,237,25,169,full_trace_mean_square,0.8233161958324757
100,6,166,Std,21,30,150,213,237,25,169,full_trace_mean_square,0.9584055881920774
100,6,166,S,21,30,150,213,237,25,169,full_trace_mean_square,0.3740422895655604
100,6,166,K,21,30,150,213,237,25,169,full_trace_mean_square,0.3641317979553154
100,6,167,M,21,30,150,213,237,25,171,full_trace_mean_square,0.9458283505568605
100,6,167,P,21,30,150,213,237,25,171,full_trace_mean_square,0.9461918944468743
100,6,167,SLTA,21,30,150,213,237,25,171,full_trace_mean_square,0.8328027680745582
100,6,167,Std,21,30,150,213,237,25,171,full_trace_mean_square,0.9592809637219771
100,6,167,S,21,30,150,213,237,25,171,full_trace_mean_square,0.466221584301693
100,6,167,K,21,30,150,213,237,25,171,full_trace_mean_square,0.4327134541504452
100,6,168,M,21,30,150,213,237,25,147,full_trace_mean_square,0.942685806091053
100,6,168,P,21,30,150,213,237,25,147,full_trace_mean_square,0.9460391976225856
100,6,168,SLTA,21,30,150,213,237,25,147,full_trace_mean_square,0.8370621716430714
100,6,168,Std,21,30,150,213,237,25,147,full_trace_mean_square,0.9584295549651262
100,6,168,S,21,30,150,213,237,25,147,full_trace_mean_square,0.3195818629054096
100,6,168,K,21,30,150,213,237,25,147,full_trace_mean_square,0.3640232000893287
100,6,169,M,21,30,150,213,237,25,176,full_trace_mean_square,0.9441613188935659
100,6,169,P,21,30,150,213,237,25,176,full_trace_mean_square,0.9454143794301053
100,6,169,SLTA,21,30,150,213,237,25,176,full_trace_mean_square,0.8466053159874962
100,6,169,Std,21,30,150,213,237,25,176,full_trace_mean_square,0.9587652253178114
100,6,169,S,21,30,150,213,237,25,176,full_trace_mean_square,0.4071497804426728
100,6,169,K,21,30,150,213,237,25,176,full_trace_mean_square,0.46440694000536736
100,6,170,M,21,30,150,213,237,25,155,full_trace_mean_square,0.9468438520817801
100,6,170,P,21,30,150,213,237,25,155,full_trace_mean_square,0.9466158031075379
100,6,170,SLTA,21,30,150,213,237,25,155,full_trace_mean_square,0.8373091284191322
100,6,170,Std,21,30,150,213,237,25,155,full_trace_mean_square,0.9595418499670517
100,6,170,S,21,30,150,213,237,25,155,full_trace_mean_square,0.34808917745821455
100,6,170,K,21,30,150,213,237,25,155,full_trace_mean_square,0.369063755053754
100,6,171,M,21,30,150,213,237,25,148,full_trace_mean_square,0.9433417256468878
100,6,171,P,21,30,150,213,237,25,148,full_trace_mean_square,0.9457374309119458
100,6,171,SLTA,21,30,150,213,237,25,148,full_trace_mean_square,0.7934788343082946
100,6,171,Std,21,30,150,213,237,25,148,full_trace_mean_square,0.9563687013991532
100,6,171,S,21,30,150,213,237,25,148,full_trace_mean_square,0.33040477038785665
100,6,171,K,21,30,150,213,237,25,148,full_trace_mean_square,0.43338221180403325
100,6,172,M,21,30,150,213,237,25,171,full_trace_mean_square,0.9448161409969759
100,6,172,P,21,30,150,213,237,25,171,full_trace_mean_square,0.9458183815014511
100,6,172,SLTA,21,30,150,213,237,25,171,full_trace_mean_square,0.8265853381051403
100,6,172,Std,21,30,150,213,237,25,171,full_trace_mean_square,0.9596366381390615
100,6,172,S,21,30,150,213,237,25,171,full_trace_mean_square,0.3493776593999653
100,6,172,K,21,30,150,213,237,25,171,full_trace_mean_square,0.33810640856514046
100,6,173,M,21,30,150,213,237,25,149,full_trace_mean_square,0.9479477189372736
100,6,173,P,21,30,150,213,237,25,149,full_trace_mean_square,0.9458337038578783
100,6,173,SLTA,21,30,150,213,237,25,149,full_trace_mean_square,0.84028176588063
100,6,173,Std,21,30,150,213,237,25,149,full_trace_mean_square,0.9611833260435514
100,6,173,S,21,30,150,213,237,25,149,full_trace_mean_square,0.3893523682470203
100,6,173,K,21,30,150,213,237,25,149,full_trace_mean_square,0.4366628686713683
100,6,174,M,21,30,150,213,237,25,146,full_trace_mean_square,0.9451661423998962
100,6,174,P,21,30,150,213,237,25,146,full_trace_mean_square,0.9457483439536756
100,6,174,SLTA,21,30,150,213,237,25,146,full_trace_mean_square,0.8372442096376473
100,6,174,Std,21,30,150,213,237,25,146,full_trace_mean_square,0.9597623022780228
100,6,174,S,21,30,150,213,237,25,146,full_trace_mean_square,0.3301496621611413
100,6,174,K,21,30,150,213,237,25,146,full_trace_mean_square,0.37260232769951174
100,6,175,M,21,30,150,213,237,25,150,full_trace_mean_square,0.9430683444693142
100,6,175,P,21,30,150,213,237,25,150,full_trace_mean_square,0.9466450569182471
100,6,175,SLTA,21,30,150,213,237,25,150,full_trace_mean_square,0.8022757698010996
100,6,175,Std,21,30,150,213,237,25,150,full_trace_mean_square,0.9572025739835914
100,6,175,S,21,30,150,213,237,25,150,full_trace_mean_square,0.29192665909703613
100,6,175,K,21,30,150,213,237,25,150,full_trace_mean_square,0.3263136410407881
100,6,176,M,21,30,150,213,237,25,158,full_trace_mean_square,0.947279920461979
100,6,176,P,21,30,150,213,237,25,158,full_trace_mean_square,0.9461183784534325
100,6,176,SLTA,21,30,150,213,237,25,158,full_trace_mean_square,0.8351543457296613
100,6,176,Std,21,30,150,213,237,25,158,full_trace_mean_square,0.960297336367849
100,6,176,S,21,30,150,213,237,25,158,full_trace_mean_square,0.3892573828339454
100,6,176,K,21,30,150,213,237,25,158,full_trace_mean_square,0.42042791980989735
100,6,177,M,21,30,150,213,237,25,164,full_trace_mean_square,0.9486661286401334
100,6,177,P,21,30,150,213,237,25,164,full_trace_mean_square,0.9462151193351281
100,6,177,SLTA,21,30,150,213,237,25,164,full_trace_mean_square,0.8382701578138844
100,6,177,Std,21,30,150,213,237,25,164,full_trace_mean_square,0.9606688977647693
100,6,177,S,21,30,150,213,237,25,164,full_trace_mean_square,0.3172687555300943
100,6,177,K,21,30,150,213,237,25,164,full_trace_mean_square,0.3992757515882926
100,6,178,M,21,30,150,213,237,25,167,full_trace_mean_square,0.9439848892363215
100,6,178,P,21,30,150,213,237,25,167,full_trace_mean_square,0.945514370276932
100,6,178,SLTA,21,30,150,213,237,25,167,full_trace_mean_square,0.8207872877316614
100,6,178,Std,21,30,150,213,237,25,167,full_trace_mean_square,0.9590012479726481
100,6,178,S,21,30,150,213,237,25,167,full_trace_mean_square,0.38045303435557204
100,6,178,K,21,30,150,213,237,25,167,full_trace_mean_square,0.3848693920294884
100,6,179,M,21,30,150,213,237,25,171,full_trace_mean_square,0.9469306658615162
100,6,179,P,21,30,150,213,237,25,171,full_trace_mean_square,0.9460103582624517
100,6,179,SLTA,21,30,150,213,237,25,171,full_trace_mean_square,0.815077135566946
100,6,179,Std,21,30,150,213,237,25,171,full_trace_mean_square,0.9584757768643274
100,6,179,S,21,30,150,213,237,25,171,full_trace_mean_square,0.42640640213992853
100,6,179,K,21,30,150,213,237,25,171,full_trace_mean_square,0.41278717039001794
100,6,180,M,21,30,150,213,237,25,182,full_trace_mean_square,0.9423335092051933
100,6,180,P,21,30,150,213,237,25,182,full_trace_mean_square,0.9456101288812739
100,6,180,SLTA,21,30,150,213,237,25,182,full_trace_mean_square,0.8258720766592442
100,6,180,Std,21,30,150,213,237,25,182,full_trace_mean_square,0.9574149979423057
100,6,180,S,21,30,150,213,237,25,182,full_trace_mean_square,0.3386036985874105
100,6,180,K,21,30,150,213,237,25,182,full_trace_mean_square,0.2887843538344577
100,6,181,M,21,30,150,213,237,25,159,full_trace_mean_square,0.9440185624374828
100,6,181,P,21,30,150,213,237,25,159,full_trace_mean_square,0.9457015345999089
100,6,181,SLTA,21,30,150,213,237,25,159,full_trace_mean_square,0.8316473571161744
100,6,181,Std,21,30,150,213,237,25,159,full_trace_mean_square,0.9587506959279062
100,6,181,S,21,30,150,213,237,25,159,full_trace_mean_square,0.3667198735852743
100,6,181,K,21,30,150,213,237,25,159,full_trace_mean_square,0.3763828824851728
100,6,182,M,21,30,150,213,237,25,170,full_trace_mean_square,0.9455988216210883
100,6,182,P,21,30,150,213,237,25,170,full_trace_mean_square,0.9462726681607976
100,6,182,SLTA,21,30,150,213,237,25,170,full_trace_mean_square,0.8300691805704301
100,6,182,Std,21,30,150,213,237,25,170,full_trace_mean_square,0.9572820181630161
100,6,182,S,21,30,150,213,237,25,170,full_trace_mean_square,0.40845356623898166
100,6,182,K,21,30,150,213,237,25,170,full_trace_mean_square,0.4425245494445633
100,6,183,M,21,30,150,213,237,25,144,full_trace_mean_square,0.9472691477173016
100,6,183,P,21,30,150,213,237,25,144,full_trace_mean_square,0.9461125439525798
100,6,183,SLTA,21,30,150,213,237,25,144,full_trace_mean_square,0.8403409782398271
100,6,183,Std,21,30,150,213,237,25,144,full_trace_mean_square,0.9589562093673729
100,6,183,S,21,30,150,213,237,25,144,full_trace_mean_square,0.41079464461888715
100,6,183,K,21,30,150,213,237,25,144,full_trace_mean_square,0.42990906071516766
100,6,184,M,21,30,150,213,237,25,156,full_trace_mean_square,0.9435850143534095
100,6,184,P,21,30,150,213,237,25,156,full_trace_mean_square,0.9459677653495276
100,6,184,SLTA,21,30,150,213,237,25,156,full_trace_mean_square,0.8010471831862849
100,6,184,Std,21,30,150,213,237,25,156,full_trace_mean_square,0.9589256421454458
100,6,184,S,21,30,150,213,237,25,156,full_trace_mean_square,0.38016545435138954
100,6,184,K,21,30,150,213,237,25,156,full_trace_mean_square,0.3678905419349139
100,6,185,M,21,30,150,213,237,25,179,full_trace_mean_square,0.9447488362077652
100,6,185,P,21,30,150,213,237,25,179,full_trace_mean_square,0.9461415370665477
100,6,185,SLTA,21,30,150,213,237,25,179,full_trace_mean_square,0.8225444740464456
100,6,185,Std,21,30,150,213,237,25,179,full_trace_mean_square,0.9590325910479142
100,6,185,S,21,30,150,213,237,25,179,full_trace_mean_square,0.37630742006088025
100,6,185,K,21,30,150,213,237,25,179,full_trace_mean_square,0.35457813995558674
100,6,186,M,21,30,150,213,237,25,167,full_trace_mean_square,0.9464997126242535
100,6,186,P,21,30,150,213,237,25,167,full_trace_mean_square,0.9456963864995426
100,6,186,SLTA,21,30,150,213,237,25,167,full_trace_mean_square,0.8241926941994249
100,6,186,Std,21,30,150,213,237,25,167,full_trace_mean_square,0.9603545708704255
100,6,186,S,21,30,150,213,237,25,167,full_trace_mean_square,0.34610927445295625
100,6,186,K,21,30,150,213,237,25,167,full_trace_mean_square,0.3482931843714232
100,6,187,M,21,30,150,213,237,25,158,full_trace_mean_square,0.9454030358574155
100,6,187,P,21,30,150,213,237,25,158,full_trace_mean_square,0.9457032163724277
100,6,187,SLTA,21,30,150,213,237,25,158,full_trace_mean_square,0.8427349913230068
100,6,187,Std,21,30,150,213,237,25,158,full_trace_mean_square,0.9601574450125454
100,6,187,S,21,30,150,213,237,25,158,full_trace_mean_square,0.3529428527960422
100,6,187,K,21,30,150,213,237,25,158,full_trace_mean_square,0.35443659568753055
100,6,188,M,21,30,150,213,237,25,173,full_trace_mean_square,0.9443220032958062
100,6,188,P,21,30,150,213,237,25,173,full_trace_mean_square,0.9461002420495062
100,6,188,SLTA,21,30,150,213,237,25,173,full_trace_mean_square,0.8392239979992228
100,6,188,Std,21,30,150,213,237,25,173,full_trace_mean_square,0.9581544340253085
100,6,188,S,21,30,150,213,237,25,173,full_trace_mean_square,0.34502644823806217
100,6,188,K,21,30,150,213,237,25,173,full_trace_mean_square,0.3418895165835024
100,6,189,M,21,30,150,213,237,25,155,full_trace_mean_square,0.9445946380991463
100,6,189,P,21,30,150,213,237,25,155,full_trace_mean_square,0.945383793798579
100,6,189,SLTA,21,30,150,213,237,25,155,full_trace_mean_square,0.7919334731207327
100,6,189,Std,21,30,150,213,237,25,155,full_trace_mean_square,0.959603941650845
100,6,189,S,21,30,150,213,237,25,155,full_trace_mean_square,0.4116557083083974
100,6,189,K,21,30,150,213,237,25,155,full_trace_mean_square,0.3639078890534976
100,6,190,M,21,30,150,213,237,25,147,full_trace_mean_square,0.9480609408009409
100,6,190,P,21,30,150,213,237,25,147,full_trace_mean_square,0.9462320602287717
100,6,190,SLTA,21,30,150,213,237,25,147,full_trace_mean_square,0.8496640882484078
100,6,190,Std,21,30,150,213,237,25,147,full_trace_mean_square,0.9600993989629543
100,6,190,S,21,30,150,213,237,25,147,full_trace_mean_square,0.3580566303431315
100,6,190,K,21,30,150,213,237,25,147,full_trace_mean_square,0.42499728094450584
100,6,191,M,21,30,150,213,237,25,189,full_trace_mean_square,0.9473639444216435
100,6,191,P,21,30,150,213,237,25,189,full_trace_mean_square,0.9460009248020818
100,6,191,SLTA,21,30,150,213,237,25,189,full_trace_mean_square,0.8319031391597284
100,6,191,Std,21,30,150,213,237,25,189,full_trace_mean_square,0.9592772661273626
100,6,191,S,21,30,150,213,237,25,189,full_trace_mean_square,0.3783384651124361
100,6,191,K,21,30,150,213,237,25,189,full_trace_mean_square,0.43996024574044973
100,6,192,M,21,30,150,213,237,25,183,full_trace_mean_square,0.946420355721621
100,6,192,P,21,30,150,213,237,25,183,full_trace_mean_square,0.9462840912322582
100,6,192,SLTA,21,30,150,213,237,25,183,full_trace_mean_square,0.8383725978334928
100,6,192,Std,21,30,150,213,237,25,183,full_trace_mean_square,0.95911278726529
100,6,192,S,21,30,150,213,237,25,183,full_trace_mean_square,0.40551664534239296
100,6,192,K,21,30,150,213,237,25,183,full_trace_mean_square,0.3641088285805175
100,6,193,M,21,30,150,213,237,25,183,full_trace_mean_square,0.9464485775981112
100,6,193,P,21,30,150,213,237,25,183,full_trace_mean_square,0.9458037662247447
100,6,193,SLTA,21,30,150,213,237,25,183,full_trace_mean_square,0.7955679018285012
100,6,193,Std,21,30,150,213,237,25,183,full_trace_mean_square,0.9581389825394618
100,6,193,S,21,30,150,213,237,25,183,full_trace_mean_square,0.3363759026746134
100,6,193,K,21,30,150,213,237,25,183,full_trace_mean_square,0.3787062391202846
100,6,194,M,21,30,150,213,237,25,186,full_trace_mean_square,0.943937710467194
100,6,194,P,21,30,150,213,237,25,186,full_trace_mean_square,0.9457053984341038
100,6,194,SLTA,21,30,150,213,237,25,186,full_trace_mean_square,0.8180185711956709
100,6,194,Std,21,30,150,213,237,25,186,full_trace_mean_square,0.9588113941554177
100,6,194,S,21,30,150,213,237,25,186,full_trace_mean_square,0.3641147940059519
100,6,194,K,21,30,150,213,237,25,186,full_trace_mean_square,0.36758672659451236
100,6,195,M,21,30,150,213,237,25,155,full_trace_mean_square,0.944959730581645
100,6,195,P,21,30,150,213,237,25,155,full_trace_mean_square,0.9458676360632842
100,6,195,SLTA,21,30,150,213,237,25,155,full_trace_mean_square,0.8289582245286576
100,6,195,Std,21,30,150,213,237,25,155,full_trace_mean_square,0.959849955888013
100,6,195,S,21,30,150,213,237,25,155,full_trace_mean_square,0.3582113243490623
100,6,195,K,21,30,150,213,237,25,155,full_trace_mean_square,0.39895410723067176
100,6,196,M,21,30,150,213,237,25,146,full_trace_mean_square,0.9461374752401169
100,6,196,P,21,30,150,213,237,25,146,full_trace_mean_square,0.9464844047260146
100,6,196,SLTA,21,30,150,213,237,25,146,full_trace_mean_square,0.8376992904486388
100,6,196,Std,21,30,150,213,237,25,146,full_trace_mean_square,0.9582494573953785
100,6,196,S,21,30,150,213,237,25,146,full_trace_mean_square,0.3160570045710779
100,6,196,K,21,30,150,213,237,25,146,full_trace_mean_square,0.30599571369643475
100,6,197,M,21,30,150,213,237,25,141,full_trace_mean_square,0.9433326577081721
100,6,197,P,21,30,150,213,237,25,141,full_trace_mean_square,0.9457366234468377
100,6,197,SLTA,21,30,150,213,237,25,141,full_trace_mean_square,0.8167423560572754
100,6,197,Std,21,30,150,213,237,25,141,full_trace_mean_square,0.9582838217334304
100,6,197,S,21,30,150,213,237,25,141,full_trace_mean_square,0.3568620869302921
100,6,197,K,21,30,150,213,237,25,141,full_trace_mean_square,0.3330194246870923
100,6,198,M,21,30,150,213,237,25,169,full_trace_mean_square,0.9470083428897279
100,6,198,P,21,30,150,213,237,25,169,full_trace_mean_square,0.946394816150019
100,6,198,SLTA,21,30,150,213,237,25,169,full_trace_mean_square,0.8436968074878727
100,6,198,Std,21,30,150,213,237,25,169,full_trace_mean_square,0.959852160750783
100,6,198,S,21,30,150,213,237,25,169,full_trace_mean_square,0.31990071039685
100,6,198,K,21,30,150,213,237,25,169,full_trace_mean_square,0.30179405994830877
100,6,199,M,21,30,150,213,237,25,177,full_trace_mean_square,0.9383977461241783
100,6,199,P,21,30,150,213,237,25,177,full_trace_mean_square,0.9461907195428242
100,6,199,SLTA,21,30,150,213,237,25,177,full_trace_mean_square,0.8006820084244981
100,6,199,Std,21,30,150,213,237,25,177,full_trace_mean_square,0.9553801734736007
100,6,199,S,21,30,150,213,237,25,177,full_trace_mean_square,0.2711719499379536
100,6,199,K,21,30,150,213,237,25,177,full_trace_mean_square,0.35042889136803995
